Linux 7.0.0-1013-aws (ip-172-31-2-102) 	09/25/26 	_x86_64_	(4 CPU)

# Time        UID       PID    %usr %system  %guest   %wait    %CPU   CPU  minflt/s  majflt/s     VSZ     RSS   %MEM   cswch/s nvcswch/s  Command
17:06:38        0        11    0.00    0.00    0.00    0.00    0.00     0      0.00      0.00       0       0   0.00      5.94      0.00  kworker/0:1-events
17:06:38        0        12    0.00    0.00    0.00    0.00    0.00     2      0.00      0.00       0       0   0.00      5.94      0.00  kworker/u16:0-events_power_efficient
17:06:38        0        16    0.00    0.00    0.00    0.00    0.00     1      0.00      0.00       0       0   0.00     29.70      0.00  rcu_sched
17:06:38        0        25    0.00    0.00    0.00    0.00    0.00     1      0.00      0.00       0       0   0.00      0.99      0.00  migration/1
17:06:38        0        52    0.00    0.00    0.00    0.00    0.00     3      0.00      0.00       0       0   0.00      1.98      0.00  kcompactd0
17:06:38        0       239    0.00    0.00    0.00    0.00    0.00     1      0.00      0.00  288968   26948   0.34      0.99      0.00  multipathd
17:06:38        0       495    0.00    0.00    0.00    0.00    0.00     3      0.00      0.00       0       0   0.00      0.99      0.00  kworker/3:3-mm_percpu_wq
17:06:38        0      2044    0.00    0.00    0.00    0.00    0.00     2      0.00      0.00       0       0   0.00      5.94      0.00  kworker/2:2-events
17:06:38        0      3261    0.00    0.00    0.00    0.00    0.00     1      0.00      0.00       0       0   0.00      0.99      0.00  kworker/1:0-mm_percpu_wq
17:06:38     1000      3370    0.99    0.99    0.00    0.00    1.98     1    432.67      0.00   32128   21708   0.27     10.89      0.00  python3
17:06:38     1000      3376    0.00    0.00    0.00    0.00    0.00     1      0.00      0.00    9900    3336   0.04      0.99      0.00  vmstat
17:06:38     1000      3377    0.00    0.99    0.00    0.00    0.99     1      0.99      0.00    7580    3632   0.05      0.99      0.00  pidstat
17:06:38     1000      3378    0.00    0.00    0.00    0.00    0.00     0    142.57      0.00    2704    1460   0.02      0.99      1.98  time
17:06:38     1000      3379   84.16    6.93    0.00    0.00   91.09     0   7867.33      0.00   48132   40792   0.52      9.90      5.94  /home/ubuntu/pe
17:06:38     1000      3380    1.98    3.96    0.00    0.00    5.94     2   3248.51      0.00 1742584   18340   0.23      2.97      1.98  hey

# Time        UID       PID    %usr %system  %guest   %wait    %CPU   CPU  minflt/s  majflt/s     VSZ     RSS   %MEM   cswch/s nvcswch/s  Command
17:06:39        0        11    0.00    0.00    0.00    0.00    0.00     0      0.00      0.00       0       0   0.00      1.00      0.00  kworker/0:1-mm_percpu_wq
17:06:39        0        12    0.00    0.00    0.00    0.00    0.00     1      0.00      0.00       0       0   0.00      6.00      0.00  kworker/u16:0-events_power_efficient
17:06:39        0        16    0.00    0.00    0.00    0.00    0.00     1      0.00      0.00       0       0   0.00     18.00      0.00  rcu_sched
17:06:39        0        19    0.00    0.00    0.00    0.00    0.00     0      0.00      0.00       0       0   0.00      1.00      0.00  migration/0
17:06:39        0        25    0.00    0.00    0.00    0.00    0.00     1      0.00      0.00       0       0   0.00      3.00      0.00  migration/1
17:06:39        0        31    0.00    0.00    0.00    0.00    0.00     2      0.00      0.00       0       0   0.00      1.00      0.00  migration/2
17:06:39        0        37    0.00    0.00    0.00    0.00    0.00     3      0.00      0.00       0       0   0.00      1.00      0.00  migration/3
17:06:39        0        52    0.00    0.00    0.00    0.00    0.00     1      0.00      0.00       0       0   0.00      2.00      0.00  kcompactd0
17:06:39        0       239    0.00    0.00    0.00    0.00    0.00     1      0.00      0.00  288968   26948   0.34      1.00      0.00  multipathd
17:06:39        0       495    0.00    0.00    0.00    0.00    0.00     3      0.00      0.00       0       0   0.00      2.00      0.00  kworker/3:3-events
17:06:39        0       592    0.00    0.00    0.00    0.00    0.00     1      0.00      0.00   83064    4616   0.06      1.00      0.00  irqbalance
17:06:39        0      2044    0.00    0.00    0.00    0.00    0.00     2      0.00      0.00       0       0   0.00      8.00      0.00  kworker/2:2-events
17:06:39        0      3261    0.00    0.00    0.00    0.00    0.00     1      0.00      0.00       0       0   0.00      1.00      0.00  kworker/1:0-events
17:06:39     1000      3370    0.00    0.00    0.00    0.00    0.00     1      0.00      0.00   32128   21708   0.27      5.00      0.00  python3
17:06:39     1000      3376    0.00    0.00    0.00    0.00    0.00     1      0.00      0.00    9900    3336   0.04      1.00      0.00  vmstat
17:06:39     1000      3377    0.00    0.00    0.00    0.00    0.00     1      6.00      0.00    7580    3632   0.05      1.00      0.00  pidstat
17:06:39     1000      3379   92.00    7.00    0.00    0.00   99.00     0    546.00      0.00   50256   42968   0.54      2.00      2.00  /home/ubuntu/pe
17:06:39     1000      3387   13.00    9.00    0.00    0.00   22.00     3   9492.00      0.00 1816892   39516   0.50      3.00      2.00  hey
17:06:39     1000      3394    0.00    1.00    0.00    0.00    1.00     2   1653.00      0.00 1750456   12004   0.15      3.00      3.00  hey

# Time        UID       PID    %usr %system  %guest   %wait    %CPU   CPU  minflt/s  majflt/s     VSZ     RSS   %MEM   cswch/s nvcswch/s  Command
17:06:40        0        11    0.00    0.00    0.00    0.00    0.00     0      0.00      0.00       0       0   0.00      5.00      0.00  kworker/0:1-events
17:06:40        0        12    0.00    0.00    0.00    0.00    0.00     1      0.00      0.00       0       0   0.00      4.00      0.00  kworker/u16:0-events_power_efficient
17:06:40        0        49    0.00    0.00    0.00    0.00    0.00     1      0.00      0.00       0       0   0.00      8.00      0.00  kworker/u16:2-events_power_efficient
17:06:40        0        52    0.00    0.00    0.00    0.00    0.00     1      0.00      0.00       0       0   0.00      2.00      0.00  kcompactd0
17:06:40        0       239    0.00    0.00    0.00    0.00    0.00     1      0.00      0.00  288968   26948   0.34      1.00      0.00  multipathd
17:06:40        0       495    0.00    0.00    0.00    0.00    0.00     3      0.00      0.00       0       0   0.00      4.00      0.00  kworker/3:3-events
17:06:40        0      2044    0.00    0.00    0.00    0.00    0.00     2      0.00      0.00       0       0   0.00      1.00      0.00  kworker/2:2-mm_percpu_wq
17:06:40        0      3261    0.00    0.00    0.00    0.00    0.00     1      0.00      0.00       0       0   0.00      3.00      0.00  kworker/1:0-events
17:06:40     1000      3376    0.00    0.00    0.00    0.00    0.00     1      0.00      0.00    9900    3336   0.04      1.00      0.00  vmstat
17:06:40     1000      3377    0.00    0.00    0.00    0.00    0.00     1      5.00      0.00    7580    3760   0.05      1.00      0.00  pidstat
17:06:40     1000      3379   93.00    8.00    0.00    0.00  101.00     0     83.00      0.00   50656   43352   0.55      0.00      5.00  /home/ubuntu/pe
17:06:40     1000      3387   16.00   15.00    0.00    0.00   31.00     3   7682.00      0.00 1817660   67292   0.85      0.00      0.00  hey
17:06:40     1000      3394    0.00    0.00    0.00    0.00    0.00     2    286.00      0.00 1750456   13028   0.16      0.00      0.00  hey

# Time        UID       PID    %usr %system  %guest   %wait    %CPU   CPU  minflt/s  majflt/s     VSZ     RSS   %MEM   cswch/s nvcswch/s  Command
17:06:41        0        11    0.00    0.00    0.00    0.00    0.00     0      0.00      0.00       0       0   0.00      3.00      0.00  kworker/0:1-events
17:06:41        0        12    0.00    0.00    0.00    0.00    0.00     2      0.00      0.00       0       0   0.00      1.00      0.00  kworker/u16:0-events_power_efficient
17:06:41        0        16    0.00    0.00    0.00    0.00    0.00     1      0.00      0.00       0       0   0.00      2.00      0.00  rcu_sched
17:06:41        0        49    0.00    0.00    0.00    0.00    0.00     1      0.00      0.00       0       0   0.00      7.00      0.00  kworker/u16:2-events_power_efficient
17:06:41        0        52    0.00    0.00    0.00    0.00    0.00     1      0.00      0.00       0       0   0.00      2.00      0.00  kcompactd0
17:06:41        0       239    0.00    0.00    0.00    0.00    0.00     1      0.00      0.00  288968   26948   0.34      1.00      0.00  multipathd
17:06:41        0       495    0.00    0.00    0.00    0.00    0.00     3      0.00      0.00       0       0   0.00      1.00      0.00  kworker/3:3-mm_percpu_wq
17:06:41        0      2044    0.00    0.00    0.00    0.00    0.00     2      0.00      0.00       0       0   0.00      1.00      0.00  kworker/2:2-mm_percpu_wq
17:06:41        0      3261    0.00    0.00    0.00    0.00    0.00     1      0.00      0.00       0       0   0.00      6.00      0.00  kworker/1:0-events
17:06:41     1000      3376    0.00    0.00    0.00    0.00    0.00     1      0.00      0.00    9900    3336   0.04      1.00      0.00  vmstat
17:06:41     1000      3377    0.00    1.00    0.00    0.00    1.00     1      0.00      0.00    7580    3760   0.05      1.00      0.00  pidstat
17:06:41     1000      3379   93.00    6.00    0.00    0.00   99.00     0      7.00      0.00   50656   43352   0.55      0.00      3.00  /home/ubuntu/pe
17:06:41     1000      3387   18.00   11.00    0.00    0.00   29.00     3    163.00      0.00 1817852   67804   0.86      0.00      0.00  hey
17:06:41     1000      3394    1.00    1.00    0.00    0.00    2.00     2    215.00      0.00 1750456   13924   0.18      0.00      0.00  hey

# Time        UID       PID    %usr %system  %guest   %wait    %CPU   CPU  minflt/s  majflt/s     VSZ     RSS   %MEM   cswch/s nvcswch/s  Command
17:06:42        0        11    0.00    0.00    0.00    0.00    0.00     0      0.00      0.00       0       0   0.00      6.00      0.00  kworker/0:1-events
17:06:42        0        49    0.00    0.00    0.00    0.00    0.00     3      0.00      0.00       0       0   0.00      6.00      0.00  kworker/u16:2-events_power_efficient
17:06:42        0        52    0.00    0.00    0.00    0.00    0.00     1      0.00      0.00       0       0   0.00      2.00      0.00  kcompactd0
17:06:42        0       161    0.00    0.00    0.00    0.00    0.00     0      0.00      0.00       0       0   0.00      1.00      0.00  kworker/0:1H-kblockd
17:06:42        0       239    0.00    0.00    0.00    0.00    0.00     1      0.00      0.00  288968   26948   0.34      1.00      0.00  multipathd
17:06:42        0       495    0.00    0.00    0.00    0.00    0.00     3      0.00      0.00       0       0   0.00      2.00      0.00  kworker/3:3-events
17:06:42        0      2044    0.00    0.00    0.00    0.00    0.00     2      0.00      0.00       0       0   0.00      1.00      0.00  kworker/2:2-mm_percpu_wq
17:06:42        0      3261    0.00    0.00    0.00    0.00    0.00     1      0.00      0.00       0       0   0.00      5.00      0.00  kworker/1:0-events
17:06:42     1000      3376    0.00    0.00    0.00    0.00    0.00     1      0.00      0.00    9900    3336   0.04      1.00      0.00  vmstat
17:06:42     1000      3377    0.00    0.00    0.00    0.00    0.00     1      0.00      0.00    7580    3760   0.05      1.00      0.00  pidstat
17:06:42     1000      3379   93.00    8.00    0.00    0.00  101.00     0      2.00      0.00   50656   43352   0.55      0.00      7.00  /home/ubuntu/pe
17:06:42     1000      3387   17.00   13.00    0.00    0.00   30.00     3   1211.00      0.00 1818044   72028   0.91      0.00      0.00  hey
17:06:42     1000      3394    0.00    0.00    0.00    0.00    0.00     2    266.00      0.00 1750456   14948   0.19      0.00      0.00  hey

# Time        UID       PID    %usr %system  %guest   %wait    %CPU   CPU  minflt/s  majflt/s     VSZ     RSS   %MEM   cswch/s nvcswch/s  Command
17:06:43        0        11    0.00    0.00    0.00    0.00    0.00     0      0.00      0.00       0       0   0.00      1.00      0.00  kworker/0:1-mm_percpu_wq
17:06:43        0        19    0.00    0.00    0.00    0.00    0.00     0      0.00      0.00       0       0   0.00      1.00      0.00  migration/0
17:06:43        0        25    0.00    0.00    0.00    0.00    0.00     1      0.00      0.00       0       0   0.00      1.00      0.00  migration/1
17:06:43        0        31    0.00    0.00    0.00    0.00    0.00     2      0.00      0.00       0       0   0.00      1.00      0.00  migration/2
17:06:43        0        37    0.00    0.00    0.00    0.00    0.00     3      0.00      0.00       0       0   0.00      1.00      0.00  migration/3
17:06:43        0        49    0.00    0.00    0.00    0.00    0.00     3      0.00      0.00       0       0   0.00      4.00      0.00  kworker/u16:2-events_power_efficient
17:06:43        0        52    0.00    0.00    0.00    0.00    0.00     1      0.00      0.00       0       0   0.00      2.00      0.00  kcompactd0
17:06:43        0       239    0.00    0.00    0.00    0.00    0.00     1      0.00      0.00  288968   26948   0.34      1.00      0.00  multipathd
17:06:43        0       495    0.00    0.00    0.00    0.00    0.00     3      0.00      0.00       0       0   0.00      6.00      0.00  kworker/3:3-events
17:06:43        0      2044    0.00    0.00    0.00    0.00    0.00     2      0.00      0.00       0       0   0.00      2.00      0.00  kworker/2:2-events
17:06:43        0      3261    0.00    0.00    0.00    0.00    0.00     1      0.00      0.00       0       0   0.00      1.00      0.00  kworker/1:0-mm_percpu_wq
17:06:43     1000      3376    0.00    0.00    0.00    0.00    0.00     1      0.00      0.00    9900    3336   0.04      1.00      0.00  vmstat
17:06:43     1000      3377    0.00    1.00    0.00    0.00    1.00     1      0.00      0.00    7580    3760   0.05      1.00      0.00  pidstat
17:06:43     1000      3379   93.00    6.00    0.00    0.00   99.00     0      0.00      0.00   50656   43352   0.55      0.00      2.00  /home/ubuntu/pe
17:06:43     1000      3387   16.00   13.00    0.00    0.00   29.00     3    190.00      0.00 1818172   72540   0.92      0.00      0.00  hey
17:06:43     1000      3394    0.00    1.00    0.00    0.00    1.00     2    243.00      0.00 1750456   15844   0.20      0.00      0.00  hey

# Time        UID       PID    %usr %system  %guest   %wait    %CPU   CPU  minflt/s  majflt/s     VSZ     RSS   %MEM   cswch/s nvcswch/s  Command
17:06:44        0        11    0.00    0.00    0.00    0.00    0.00     0      0.00      0.00       0       0   0.00      6.00      0.00  kworker/0:1-events
17:06:44        0        49    0.00    0.00    0.00    0.00    0.00     1      0.00      0.00       0       0   0.00      6.00      0.00  kworker/u16:2-events_power_efficient
17:06:44        0        52    0.00    0.00    0.00    0.00    0.00     1      0.00      0.00       0       0   0.00      2.00      0.00  kcompactd0
17:06:44        0       239    0.00    0.00    0.00    0.00    0.00     1      0.00      0.00  288968   26948   0.34      1.00      0.00  multipathd
17:06:44        0       495    0.00    0.00    0.00    0.00    0.00     3      0.00      0.00       0       0   0.00      1.00      0.00  kworker/3:3-mm_percpu_wq
17:06:44        0      2044    0.00    0.00    0.00    0.00    0.00     2      0.00      0.00       0       0   0.00      1.00      0.00  kworker/2:2-mm_percpu_wq
17:06:44        0      3261    0.00    0.00    0.00    0.00    0.00     1      0.00      0.00       0       0   0.00      6.00      0.00  kworker/1:0-events
17:06:44     1000      3376    0.00    0.00    0.00    0.00    0.00     1      0.00      0.00    9900    3336   0.04      1.00      0.00  vmstat
17:06:44     1000      3377    0.00    0.00    0.00    0.00    0.00     1      0.00      0.00    7580    3760   0.05      1.00      0.00  pidstat
17:06:44     1000      3379   92.00    8.00    0.00    0.00  100.00     0      0.00      0.00   50656   43352   0.55      0.00      6.00  /home/ubuntu/pe
17:06:44     1000      3387   16.00   13.00    0.00    0.00   29.00     3    113.00      0.00 1818236   72924   0.92      0.00      0.00  hey
17:06:44     1000      3394    0.00    0.00    0.00    0.00    0.00     2    239.00      0.00 1750456   16868   0.21      0.00      0.00  hey

# Time        UID       PID    %usr %system  %guest   %wait    %CPU   CPU  minflt/s  majflt/s     VSZ     RSS   %MEM   cswch/s nvcswch/s  Command
17:06:45        0        11    0.00    0.00    0.00    0.00    0.00     0      0.00      0.00       0       0   0.00      1.00      0.00  kworker/0:1-mm_percpu_wq
17:06:45        0        12    0.00    0.00    0.00    0.00    0.00     2      0.00      0.00       0       0   0.00      4.00      0.00  kworker/u16:0-events_power_efficient
17:06:45        0        16    0.00    0.00    0.00    0.00    0.00     1      0.00      0.00       0       0   0.00      2.00      0.00  rcu_sched
17:06:45        0        49    0.00    0.00    0.00    0.00    0.00     1      0.00      0.00       0       0   0.00      3.00      0.00  kworker/u16:2-events_power_efficient
17:06:45        0        52    0.00    0.00    0.00    0.00    0.00     1      0.00      0.00       0       0   0.00      2.00      0.00  kcompactd0
17:06:45        0       239    0.00    0.00    0.00    0.00    0.00     1      0.00      0.00  288968   26948   0.34      1.00      0.00  multipathd
17:06:45        0       495    0.00    0.00    0.00    0.00    0.00     3      0.00      0.00       0       0   0.00      1.00      0.00  kworker/3:3-mm_percpu_wq
17:06:45        0      2044    0.00    0.00    0.00    0.00    0.00     2      0.00      0.00       0       0   0.00      4.00      0.00  kworker/2:2-events
17:06:45        0      3261    0.00    0.00    0.00    0.00    0.00     1      0.00      0.00       0       0   0.00      3.00      0.00  kworker/1:0-mm_percpu_wq
17:06:45     1000      3376    0.00    0.00    0.00    0.00    0.00     1      0.00      0.00    9900    3336   0.04      1.00      0.00  vmstat
17:06:45     1000      3377    1.00    1.00    0.00    0.00    2.00     1      0.00      0.00    7580    3760   0.05      1.00      0.00  pidstat
17:06:45     1000      3379   92.00    8.00    0.00    0.00  100.00     0      0.00      0.00   50656   43352   0.55      0.00      1.00  /home/ubuntu/pe
17:06:45     1000      3387   16.00   13.00    0.00    0.00   29.00     3    317.00      0.00 1818300   74076   0.94      0.00      0.00  hey
17:06:45     1000      3394    1.00    1.00    0.00    0.00    2.00     2    244.00      0.00 1750712   17764   0.22      0.00      0.00  hey

# Time        UID       PID    %usr %system  %guest   %wait    %CPU   CPU  minflt/s  majflt/s     VSZ     RSS   %MEM   cswch/s nvcswch/s  Command
17:06:46        0        11    0.00    0.00    0.00    0.00    0.00     0      0.00      0.00       0       0   0.00      6.00      0.00  kworker/0:1-events
17:06:46        0        12    0.00    0.00    0.00    0.00    0.00     2      0.00      0.00       0       0   0.00      3.00      0.00  kworker/u16:0-flush-259:0
17:06:46        0        49    0.00    0.00    0.00    0.00    0.00     1      0.00      0.00       0       0   0.00      6.00      0.00  kworker/u16:2-events_power_efficient
17:06:46        0        52    0.00    0.00    0.00    0.00    0.00     1      0.00      0.00       0       0   0.00      2.00      0.00  kcompactd0
17:06:46        0       239    0.00    0.00    0.00    0.00    0.00     1      0.00      0.00  288968   26948   0.34      1.00      0.00  multipathd
17:06:46        0       495    0.00    0.00    0.00    0.00    0.00     3      0.00      0.00       0       0   0.00      1.00      0.00  kworker/3:3-mm_percpu_wq
17:06:46        0      2044    0.00    0.00    0.00    0.00    0.00     2      0.00      0.00       0       0   0.00      3.00      0.00  kworker/2:2-mm_percpu_wq
17:06:46     1000      2732    0.00    0.00    0.00    0.00    0.00     1      0.00      0.00   15004    7244   0.09      1.00      0.00  sshd
17:06:46        0      3261    0.00    0.00    0.00    0.00    0.00     1      0.00      0.00       0       0   0.00      3.00      0.00  kworker/1:0-events
17:06:46     1000      3376    0.00    0.00    0.00    0.00    0.00     1      0.00      0.00    9900    3336   0.04      1.00      0.00  vmstat
17:06:46     1000      3377    0.00    0.00    0.00    0.00    0.00     1      0.00      0.00    7580    3760   0.05      1.00      0.00  pidstat
17:06:46     1000      3379   93.00    7.00    0.00    0.00  100.00     0      0.00      0.00   50656   43352   0.55      0.00      6.00  /home/ubuntu/pe
17:06:46     1000      3387   16.00   14.00    0.00    0.00   30.00     3    148.00      0.00 1818300   74716   0.94      0.00      0.00  hey
17:06:46     1000      3394    0.00    1.00    0.00    0.00    1.00     2    260.00      0.00 1816316   18788   0.24      0.00      0.00  hey

# Time        UID       PID    %usr %system  %guest   %wait    %CPU   CPU  minflt/s  majflt/s     VSZ     RSS   %MEM   cswch/s nvcswch/s  Command
17:06:47        0        11    0.00    0.00    0.00    0.00    0.00     0      0.00      0.00       0       0   0.00      1.00      0.00  kworker/0:1-mm_percpu_wq
17:06:47        0        19    0.00    0.00    0.00    0.00    0.00     0      0.00      0.00       0       0   0.00      1.00      0.00  migration/0
17:06:47        0        25    0.00    0.00    0.00    0.00    0.00     1      0.00      0.00       0       0   0.00      1.00      0.00  migration/1
17:06:47        0        31    0.00    0.00    0.00    0.00    0.00     2      0.00      0.00       0       0   0.00      1.00      0.00  migration/2
17:06:47        0        37    0.00    0.00    0.00    0.00    0.00     3      0.00      0.00       0       0   0.00      1.00      0.00  migration/3
17:06:47        0        49    0.00    0.00    0.00    0.00    0.00     1      0.00      0.00       0       0   0.00      5.00      0.00  kworker/u16:2-events_power_efficient
17:06:47        0        52    0.00    0.00    0.00    0.00    0.00     1      0.00      0.00       0       0   0.00      2.00      0.00  kcompactd0
17:06:47        0       239    0.00    0.00    0.00    0.00    0.00     1      0.00      0.00  288968   26948   0.34      1.00      0.00  multipathd
17:06:47        0       495    0.00    0.00    0.00    0.00    0.00     3      0.00      0.00       0       0   0.00      2.00      0.00  kworker/3:3-events
17:06:47        0      2044    0.00    0.00    0.00    0.00    0.00     2      0.00      0.00       0       0   0.00      2.00      0.00  kworker/2:2-events
17:06:47        0      3261    0.00    0.00    0.00    0.00    0.00     1      0.00      0.00       0       0   0.00      6.00      0.00  kworker/1:0-events
17:06:47     1000      3376    0.00    0.00    0.00    0.00    0.00     1      0.00      0.00    9900    3336   0.04      1.00      0.00  vmstat
17:06:47     1000      3377    0.00    0.00    0.00    0.00    0.00     1      0.00      0.00    7580    3760   0.05      1.00      0.00  pidstat
17:06:47     1000      3379   92.00    8.00    0.00    0.00  100.00     0      1.00      0.00   50656   43352   0.55      0.00      2.00  /home/ubuntu/pe
17:06:47     1000      3387   17.00   12.00    0.00    0.00   29.00     3    118.00      0.00 1818300   75228   0.95      0.00      0.00  hey
17:06:47     1000      3394    0.00    0.00    0.00    0.00    0.00     2    230.00      0.00 1816316   19684   0.25      0.00      0.00  hey

# Time        UID       PID    %usr %system  %guest   %wait    %CPU   CPU  minflt/s  majflt/s     VSZ     RSS   %MEM   cswch/s nvcswch/s  Command
17:06:48        0        11    0.00    0.00    0.00    0.00    0.00     0      0.00      0.00       0       0   0.00      4.00      0.00  kworker/0:1-events
17:06:48        0        49    0.00    0.00    0.00    0.00    0.00     1      0.00      0.00       0       0   0.00      5.00      0.00  kworker/u16:2-events_power_efficient
17:06:48        0        52    0.00    0.00    0.00    0.00    0.00     1      0.00      0.00       0       0   0.00      2.00      0.00  kcompactd0
17:06:48        0       239    0.00    0.00    0.00    0.00    0.00     1      0.00      0.00  288968   26948   0.34      1.00      0.00  multipathd
17:06:48        0       495    0.00    0.00    0.00    0.00    0.00     3      0.00      0.00       0       0   0.00      1.00      0.00  kworker/3:3-mm_percpu_wq
17:06:48        0      2044    0.00    0.00    0.00    0.00    0.00     2      0.00      0.00       0       0   0.00      1.00      0.00  kworker/2:2-mm_percpu_wq
17:06:48        0      3261    1.00    0.00    0.00    0.00    1.00     1      0.00      0.00       0       0   0.00      5.00      0.00  kworker/1:0-events
17:06:48     1000      3376    0.00    0.00    0.00    0.00    0.00     1      0.00      0.00    9900    3336   0.04      1.00      0.00  vmstat
17:06:48     1000      3377    0.00    1.00    0.00    0.00    1.00     1      0.00      0.00    7580    3760   0.05      1.00      0.00  pidstat
17:06:48     1000      3379   93.00    7.00    0.00    0.00  100.00     0      0.00      0.00   50656   43352   0.55      0.00      4.00  /home/ubuntu/pe
17:06:48     1000      3387   16.00   12.00    0.00    0.00   28.00     3    128.00      0.00 1818300   75740   0.96      0.00      0.00  hey
17:06:48     1000      3394    0.00    1.00    0.00    0.00    1.00     2    245.00      0.00 1816316   20708   0.26      0.00      0.00  hey

# Time        UID       PID    %usr %system  %guest   %wait    %CPU   CPU  minflt/s  majflt/s     VSZ     RSS   %MEM   cswch/s nvcswch/s  Command
17:06:49        0        11    0.00    0.00    0.00    0.00    0.00     0      0.00      0.00       0       0   0.00      1.00      0.00  kworker/0:1-mm_percpu_wq
17:06:49        0        16    0.00    0.00    0.00    0.00    0.00     1      0.00      0.00       0       0   0.00      4.00      0.00  rcu_sched
17:06:49        0        49    0.00    0.00    0.00    0.00    0.00     1      0.00      0.00       0       0   0.00      6.00      0.00  kworker/u16:2-events_power_efficient
17:06:49        0        52    0.00    0.00    0.00    0.00    0.00     1      0.00      0.00       0       0   0.00      2.00      0.00  kcompactd0
17:06:49        0       239    0.00    0.00    0.00    0.00    0.00     1      0.00      0.00  288968   26948   0.34      1.00      0.00  multipathd
17:06:49        0       495    0.00    0.00    0.00    0.00    0.00     3      0.00      0.00       0       0   0.00      1.00      0.00  kworker/3:3-mm_percpu_wq
17:06:49        0       592    0.00    0.00    0.00    0.00    0.00     1      0.00      0.00   83064    4616   0.06      1.00      0.00  irqbalance
17:06:49        0      2044    0.00    0.00    0.00    0.00    0.00     2      0.00      0.00       0       0   0.00      1.00      0.00  kworker/2:2-mm_percpu_wq
17:06:49        0      3261    0.00    0.00    0.00    0.00    0.00     1      0.00      0.00       0       0   0.00      6.00      0.00  kworker/1:0-events
17:06:49     1000      3376    0.00    0.00    0.00    0.00    0.00     1      0.00      0.00    9900    3336   0.04      1.00      0.00  vmstat
17:06:49     1000      3377    0.00    0.00    0.00    0.00    0.00     1      0.00      0.00    7580    3760   0.05      1.00      0.00  pidstat
17:06:49     1000      3379   91.00    9.00    0.00    0.00  100.00     0      0.00      0.00   50656   43352   0.55      0.00      1.00  /home/ubuntu/pe
17:06:49     1000      3387   17.00   13.00    0.00    0.00   30.00     3    255.00      0.00 1818300   76508   0.97      0.00      0.00  hey
17:06:49     1000      3394    1.00    1.00    0.00    0.00    2.00     2    240.00      0.00 1816316   21604   0.27      0.00      0.00  hey

# Time        UID       PID    %usr %system  %guest   %wait    %CPU   CPU  minflt/s  majflt/s     VSZ     RSS   %MEM   cswch/s nvcswch/s  Command
17:06:50        0        11    0.00    0.00    0.00    0.00    0.00     0      0.00      0.00       0       0   0.00      5.00      0.00  kworker/0:1-events
17:06:50        0        12    0.00    0.00    0.00    0.00    0.00     2      0.00      0.00       0       0   0.00      1.00      0.00  kworker/u16:0-events_power_efficient
17:06:50        0        16    0.00    0.00    0.00    0.00    0.00     3      0.00      0.00       0       0   0.00      8.00      0.00  rcu_sched
17:06:50        0        26    0.00    0.00    0.00    0.00    0.00     1      0.00      0.00       0       0   0.00      2.00      0.00  ksoftirqd/1
17:06:50        0        32    0.00    0.00    0.00    0.00    0.00     2      0.00      0.00       0       0   0.00      1.00      0.00  ksoftirqd/2
17:06:50        0        49    0.00    0.00    0.00    0.00    0.00     1      0.00      0.00       0       0   0.00     10.00      0.00  kworker/u16:2-events_power_efficient
17:06:50        0        52    0.00    0.00    0.00    0.00    0.00     1      0.00      0.00       0       0   0.00      2.00      0.00  kcompactd0
17:06:50        0       239    0.00    0.00    0.00    0.00    0.00     1      0.00      0.00  288968   26948   0.34      1.00      0.00  multipathd
17:06:50        0       382    0.00    0.00    0.00    0.00    0.00     3      0.00      0.00       0       0   0.00      1.00      0.00  kworker/u16:4-events_power_efficient
17:06:50        0       495    0.00    0.00    0.00    0.00    0.00     3      0.00      0.00       0       0   0.00      1.00      0.00  kworker/3:3-mm_percpu_wq
17:06:50        0      2044    0.00    0.00    0.00    0.00    0.00     2      0.00      0.00       0       0   0.00      3.00      0.00  kworker/2:2-events
17:06:50        0      3261    0.00    0.00    0.00    0.00    0.00     1      0.00      0.00       0       0   0.00      6.00      0.00  kworker/1:0-events
17:06:50     1000      3370    0.00    0.00    0.00    0.00    0.00     1      0.00      0.00   32128   21708   0.27     12.00      0.00  python3
17:06:50     1000      3376    0.00    0.00    0.00    0.00    0.00     1      0.00      0.00    9900    3336   0.04      1.00      0.00  vmstat
17:06:50     1000      3377    0.00    1.00    0.00    0.00    1.00     1      0.00      0.00    7580    3760   0.05      1.00      0.00  pidstat
17:06:50     1000      3379   94.00    6.00    0.00    0.00  100.00     0      5.00      0.00   50656   43352   0.55      0.00      5.00  /home/ubuntu/pe
17:06:50     1000      3387   17.00   14.00    0.00    0.00   31.00     3    111.00      0.00 1818300   76892   0.97      0.00      0.00  hey

# Time        UID       PID    %usr %system  %guest   %wait    %CPU   CPU  minflt/s  majflt/s     VSZ     RSS   %MEM   cswch/s nvcswch/s  Command
17:06:51        0         1    0.00    0.00    0.00    0.00    0.00     2      0.00      0.00   22048   13048   0.16      1.00      0.00  systemd
17:06:51        0        11    0.00    0.00    0.00    0.00    0.00     0      0.00      0.00       0       0   0.00      3.00      0.00  kworker/0:1-events
17:06:51        0        16    0.00    0.00    0.00    0.00    0.00     1      0.00      0.00       0       0   0.00     55.00      0.00  rcu_sched
17:06:51        0        19    0.00    0.00    0.00    0.00    0.00     0      0.00      0.00       0       0   0.00      1.00      0.00  migration/0
17:06:51        0        25    0.00    0.00    0.00    0.00    0.00     1      0.00      0.00       0       0   0.00      3.00      0.00  migration/1
17:06:51        0        31    0.00    0.00    0.00    0.00    0.00     2      0.00      0.00       0       0   0.00      1.00      0.00  migration/2
17:06:51        0        37    0.00    0.00    0.00    0.00    0.00     3      0.00      0.00       0       0   0.00      1.00      0.00  migration/3
17:06:51        0        38    0.00    0.00    0.00    0.00    0.00     3      0.00      0.00       0       0   0.00      1.00      0.00  ksoftirqd/3
17:06:51        0        49    0.00    0.00    0.00    0.00    0.00     1      0.00      0.00       0       0   0.00      3.00      0.00  kworker/u16:2-flush-259:0
17:06:51        0        52    0.00    0.00    0.00    0.00    0.00     1      0.00      0.00       0       0   0.00      2.00      0.00  kcompactd0
17:06:51        0       239    0.00    0.00    0.00    0.00    0.00     1      0.00      0.00  288968   26948   0.34      1.00      0.00  multipathd
17:06:51        0       382    0.00    0.00    0.00    0.00    0.00     3      0.00      0.00       0       0   0.00      6.00      0.00  kworker/u16:4-ext4-rsv-conversion
17:06:51        0       495    0.00    0.00    0.00    0.00    0.00     3      0.00      0.00       0       0   0.00      8.00      0.00  kworker/3:3-events
17:06:51      998       542    0.00    0.00    0.00    0.00    0.00     1      0.00      0.00   22432    9968   0.13      1.00      0.00  systemd-network
17:06:51        0      2044    0.00    0.00    0.00    0.00    0.00     2      0.00      0.00       0       0   0.00      2.00      0.00  kworker/2:2-mm_percpu_wq
17:06:51        0      3261    0.00    0.00    0.00    0.00    0.00     1      0.00      0.00       0       0   0.00      5.00      0.00  kworker/1:0-events
17:06:51     1000      3370    0.00    0.00    0.00    0.00    0.00     1      0.00      0.00   32128   21708   0.27     22.00      0.00  python3
17:06:51     1000      3376    0.00    0.00    0.00    0.00    0.00     1      0.00      0.00    9900    3336   0.04      1.00      0.00  vmstat
17:06:51     1000      3377    1.00    0.00    0.00    0.00    1.00     1      0.00      0.00    7580    3760   0.05      1.00      1.00  pidstat
17:06:51     1000      3403    0.00    0.00    0.00    0.00    0.00     0    144.00      0.00    2704    1464   0.02      1.00      1.00  time
17:06:51     1000      3404   14.00    2.00    0.00    0.00   16.00     0   8176.00      0.00   49120   42012   0.53     11.00      1.00  /home/ubuntu/pa
17:06:51     1000      3405    0.00    1.00    0.00    0.00    1.00     2   1664.00      0.00 1750456   11868   0.15      3.00      3.00  hey

# Time        UID       PID    %usr %system  %guest   %wait    %CPU   CPU  minflt/s  majflt/s     VSZ     RSS   %MEM   cswch/s nvcswch/s  Command
17:06:52        0        11    0.00    0.00    0.00    0.00    0.00     0      0.00      0.00       0       0   0.00      7.00      0.00  kworker/0:1-events
17:06:52        0        16    0.00    0.00    0.00    0.00    0.00     1      0.00      0.00       0       0   0.00      3.00      0.00  rcu_sched
17:06:52        0        52    0.00    0.00    0.00    0.00    0.00     1      0.00      0.00       0       0   0.00      2.00      0.00  kcompactd0
17:06:52        0       239    0.00    0.00    0.00    0.00    0.00     1      0.00      0.00  288968   26948   0.34      1.00      0.00  multipathd
17:06:52        0       382    0.00    0.00    0.00    0.00    0.00     3      0.00      0.00       0       0   0.00      7.00      0.00  kworker/u16:4-events_unbound
17:06:52        0       495    0.00    0.00    0.00    0.00    0.00     3      0.00      0.00       0       0   0.00      6.00      0.00  kworker/3:3-events
17:06:52        0      3261    0.00    0.00    0.00    0.00    0.00     1      0.00      0.00       0       0   0.00      1.00      0.00  kworker/1:0-mm_percpu_wq
17:06:52     1000      3376    0.00    0.00    0.00    0.00    0.00     1      0.00      0.00    9900    3336   0.04      1.00      0.00  vmstat
17:06:52     1000      3377    0.00    0.00    0.00    0.00    0.00     1      2.00      0.00    7712    3760   0.05      1.00      0.00  pidstat
17:06:52     1000      3404   91.00   10.00    0.00    0.00  101.00     0     33.00      0.00   49256   42140   0.53      0.00      7.00  /home/ubuntu/pa
17:06:52     1000      3405    2.00    4.00    0.00    0.00    6.00     2   2094.00      0.00 1816060   20188   0.25      0.00      0.00  hey

# Time        UID       PID    %usr %system  %guest   %wait    %CPU   CPU  minflt/s  majflt/s     VSZ     RSS   %MEM   cswch/s nvcswch/s  Command
17:06:53        0        11    0.00    0.00    0.00    0.00    0.00     0      0.00      0.00       0       0   0.00      4.00      0.00  kworker/0:1-events
17:06:53        0        16    0.00    0.00    0.00    0.00    0.00     1      0.00      0.00       0       0   0.00     21.00      0.00  rcu_sched
17:06:53        0        25    0.00    0.00    0.00    0.00    0.00     1      0.00      0.00       0       0   0.00      2.00      0.00  migration/1
17:06:53        0        52    0.00    0.00    0.00    0.00    0.00     1      0.00      0.00       0       0   0.00      2.00      0.00  kcompactd0
17:06:53        0       239    0.00    0.00    0.00    0.00    0.00     1      0.00      0.00  288968   26948   0.34      1.00      0.00  multipathd
17:06:53        0       382    0.00    0.00    0.00    0.00    0.00     3      0.00      0.00       0       0   0.00      4.00      0.00  kworker/u16:4-events_power_efficient
17:06:53        0       495    0.00    0.00    0.00    0.00    0.00     3      0.00      0.00       0       0   0.00      6.00      0.00  kworker/3:3-events
17:06:53      110       670    0.00    0.00    0.00    0.00    0.00     1      0.00      0.00   19416    3768   0.05      2.00      0.00  chronyd
17:06:53        0      2044    0.00    0.00    0.00    0.00    0.00     2      0.00      0.00       0       0   0.00      1.00      0.00  kworker/2:2-mm_percpu_wq
17:06:53        0      3261    0.00    0.00    0.00    0.00    0.00     1      0.00      0.00       0       0   0.00      1.00      0.00  kworker/1:0-mm_percpu_wq
17:06:53     1000      3370    0.00    0.00    0.00    0.00    0.00     1      0.00      0.00   32128   21708   0.27      5.00      0.00  python3
17:06:53     1000      3376    0.00    0.00    0.00    0.00    0.00     1      0.00      0.00    9900    3336   0.04      1.00      0.00  vmstat
17:06:53     1000      3377    0.00    1.00    0.00    0.00    1.00     1      0.00      0.00    7712    3760   0.05      1.00      1.00  pidstat
17:06:53     1000      3404   93.00    6.00    0.00    0.00   99.00     0    710.00      0.00   52036   44956   0.57      3.00      4.00  /home/ubuntu/pa
17:06:53     1000      3413   12.00    8.00    0.00    0.00   20.00     3  12219.00      0.00 1817020   48944   0.62      3.00      3.00  hey
17:06:53     1000      3421    0.00    1.00    0.00    0.00    1.00     3   1664.00      0.00 1750456   11828   0.15      3.00     19.00  hey

# Time        UID       PID    %usr %system  %guest   %wait    %CPU   CPU  minflt/s  majflt/s     VSZ     RSS   %MEM   cswch/s nvcswch/s  Command
17:06:54        0        11    0.00    0.00    0.00    0.00    0.00     0      0.00      0.00       0       0   0.00      6.00      0.00  kworker/0:1-events
17:06:54        0        52    0.00    0.00    0.00    0.00    0.00     1      0.00      0.00       0       0   0.00      1.00      0.00  kcompactd0
17:06:54        0       239    0.00    0.00    0.00    0.00    0.00     1      0.00      0.00  288968   26948   0.34      1.00      0.00  multipathd
17:06:54        0       382    0.00    0.00    0.00    0.00    0.00     3      0.00      0.00       0       0   0.00      5.00      0.00  kworker/u16:4-events_power_efficient
17:06:54        0       495    0.00    0.00    0.00    0.00    0.00     3      0.00      0.00       0       0   0.00      6.00      0.00  kworker/3:3-events
17:06:54        0      2044    0.00    0.00    0.00    0.00    0.00     2      0.00      0.00       0       0   0.00      1.00      0.00  kworker/2:2-mm_percpu_wq
17:06:54        0      3261    0.00    0.00    0.00    0.00    0.00     1      0.00      0.00       0       0   0.00      1.00      0.00  kworker/1:0-mm_percpu_wq
17:06:54     1000      3376    0.00    0.00    0.00    0.00    0.00     1      0.00      0.00    9900    3336   0.04      1.00      0.00  vmstat
17:06:54     1000      3377    0.00    0.00    0.00    0.00    0.00     1      0.00      0.00    7712    3760   0.05      1.00      1.00  pidstat
17:06:54     1000      3404   94.00    6.00    0.00    0.00  100.00     0      2.00      0.00   52036   44956   0.57      0.00      6.00  /home/ubuntu/pa
17:06:54     1000      3413   13.00    7.00    0.00    0.00   20.00     3   5360.00      0.00 1817660   68016   0.86      0.00      0.00  hey
17:06:54     1000      3421    0.00    0.00    0.00    0.00    0.00     3    271.00      0.00 1750456   12980   0.16      0.00      0.00  hey

# Time        UID       PID    %usr %system  %guest   %wait    %CPU   CPU  minflt/s  majflt/s     VSZ     RSS   %MEM   cswch/s nvcswch/s  Command
17:06:55        0        11    0.00    0.00    0.00    0.00    0.00     0      0.00      0.00       0       0   0.00      3.00      0.00  kworker/0:1-events
17:06:55        0        19    0.00    0.00    0.00    0.00    0.00     0      0.00      0.00       0       0   0.00      1.00      0.00  migration/0
17:06:55        0        25    0.00    0.00    0.00    0.00    0.00     1      0.00      0.00       0       0   0.00      1.00      0.00  migration/1
17:06:55        0        31    0.00    0.00    0.00    0.00    0.00     2      0.00      0.00       0       0   0.00      1.00      0.00  migration/2
17:06:55        0        37    0.00    0.00    0.00    0.00    0.00     3      0.00      0.00       0       0   0.00      1.00      0.00  migration/3
17:06:55        0        49    0.00    0.00    0.00    0.00    0.00     1      0.00      0.00       0       0   0.00      2.00      0.00  kworker/u16:2-events_power_efficient
17:06:55        0        52    0.00    0.00    0.00    0.00    0.00     1      0.00      0.00       0       0   0.00      2.00      0.00  kcompactd0
17:06:55        0       239    0.00    0.00    0.00    0.00    0.00     1      0.00      0.00  288968   26948   0.34      1.00      0.00  multipathd
17:06:55        0       382    0.00    0.00    0.00    0.00    0.00     3      0.00      0.00       0       0   0.00     10.00      0.00  kworker/u16:4-events_power_efficient
17:06:55        0       495    0.00    0.00    0.00    0.00    0.00     3      0.00      0.00       0       0   0.00      3.00      0.00  kworker/3:3-events
17:06:55        0      2044    0.00    0.00    0.00    0.00    0.00     2      0.00      0.00       0       0   0.00      4.00      0.00  kworker/2:2-events
17:06:55     1000      3376    0.00    0.00    0.00    0.00    0.00     1      0.00      0.00    9900    3336   0.04      1.00      0.00  vmstat
17:06:55     1000      3377    0.00    1.00    0.00    0.00    1.00     1      0.00      0.00    7712    3760   0.05      1.00      1.00  pidstat
17:06:55     1000      3404   93.00    6.00    0.00    0.00   99.00     0      8.00      0.00   52168   45084   0.57      0.00      4.00  /home/ubuntu/pa
17:06:55     1000      3413   11.00    7.00    0.00    0.00   18.00     3    166.00      0.00 1817852   68528   0.87      0.00      0.00  hey
17:06:55     1000      3421    0.00    1.00    0.00    0.00    1.00     3    233.00      0.00 1750456   13876   0.18      0.00      0.00  hey

# Time        UID       PID    %usr %system  %guest   %wait    %CPU   CPU  minflt/s  majflt/s     VSZ     RSS   %MEM   cswch/s nvcswch/s  Command
17:06:56        0        11    0.00    0.00    0.00    0.00    0.00     0      0.00      0.00       0       0   0.00      7.00      0.00  kworker/0:1-events
17:06:56        0        49    0.00    0.00    0.00    0.00    0.00     1      0.00      0.00       0       0   0.00      3.00      0.00  kworker/u16:2-events_power_efficient
17:06:56        0        52    0.00    0.00    0.00    0.00    0.00     1      0.00      0.00       0       0   0.00      2.00      0.00  kcompactd0
17:06:56        0       161    0.00    0.00    0.00    0.00    0.00     0      0.00      0.00       0       0   0.00      1.00      0.00  kworker/0:1H-kblockd
17:06:56        0       239    0.00    0.00    0.00    0.00    0.00     1      0.00      0.00  288968   26948   0.34      1.00      0.00  multipathd
17:06:56        0       382    0.00    0.00    0.00    0.00    0.00     3      0.00      0.00       0       0   0.00      4.00      0.00  kworker/u16:4-flush-259:0
17:06:56        0       495    0.00    0.00    0.00    0.00    0.00     3      0.00      0.00       0       0   0.00      4.00      0.00  kworker/3:3-events
17:06:56        0      2044    0.00    0.00    0.00    0.00    0.00     2      0.00      0.00       0       0   0.00      1.00      0.00  kworker/2:2-mm_percpu_wq
17:06:56     1000      2732    0.00    0.00    0.00    0.00    0.00     1      0.00      0.00   15004    7244   0.09      1.00      0.00  sshd
17:06:56        0      3261    0.00    0.00    0.00    0.00    0.00     1      0.00      0.00       0       0   0.00      3.00      0.00  kworker/1:0-events
17:06:56     1000      3376    0.00    0.00    0.00    0.00    0.00     1      0.00      0.00    9900    3336   0.04      1.00      0.00  vmstat
17:06:56     1000      3377    0.00    0.00    0.00    0.00    0.00     1      0.00      0.00    7712    3760   0.05      1.00      1.00  pidstat
17:06:56     1000      3404   94.00    7.00    0.00    0.00  101.00     0      0.00      0.00   52168   45084   0.57      0.00      7.00  /home/ubuntu/pa
17:06:56     1000      3413   12.00    8.00    0.00    0.00   20.00     3   1187.00      0.00 1818364   72624   0.92      0.00      0.00  hey
17:06:56     1000      3421    0.00    0.00    0.00    0.00    0.00     3    249.00      0.00 1750456   14900   0.19      0.00      0.00  hey

# Time        UID       PID    %usr %system  %guest   %wait    %CPU   CPU  minflt/s  majflt/s     VSZ     RSS   %MEM   cswch/s nvcswch/s  Command
17:06:57        0        11    0.00    0.00    0.00    0.00    0.00     0      0.00      0.00       0       0   0.00      1.00      0.00  kworker/0:1-events
17:06:57        0        16    0.00    0.00    0.00    0.00    0.00     1      0.00      0.00       0       0   0.00      5.00      0.00  rcu_sched
17:06:57        0        26    0.00    0.00    0.00    0.00    0.00     1      0.00      0.00       0       0   0.00      1.00      0.00  ksoftirqd/1
17:06:57        0        49    0.00    0.00    0.00    0.00    0.00     1      0.00      0.00       0       0   0.00      7.00      0.00  kworker/u16:2-events_power_efficient
17:06:57        0        52    0.00    0.00    0.00    0.00    0.00     1      0.00      0.00       0       0   0.00      2.00      0.00  kcompactd0
17:06:57        0       239    0.00    0.00    0.00    0.00    0.00     1      0.00      0.00  288968   26948   0.34      1.00      0.00  multipathd
17:06:57        0       495    0.00    0.00    0.00    0.00    0.00     3      0.00      0.00       0       0   0.00      1.00      0.00  kworker/3:3-mm_percpu_wq
17:06:57        0      2044    0.00    0.00    0.00    0.00    0.00     2      0.00      0.00       0       0   0.00      1.00      0.00  kworker/2:2-mm_percpu_wq
17:06:57        0      3261    0.00    0.00    0.00    0.00    0.00     1      0.00      0.00       0       0   0.00      6.00      0.00  kworker/1:0-events
17:06:57     1000      3376    0.00    0.00    0.00    0.00    0.00     1      0.00      0.00    9900    3336   0.04      1.00      0.00  vmstat
17:06:57     1000      3377    0.00    1.00    0.00    0.00    1.00     1      0.00      0.00    7712    3760   0.05      1.00      1.00  pidstat
17:06:57     1000      3404   91.00    8.00    0.00    0.00   99.00     0      0.00      0.00   52168   45084   0.57      0.00      1.00  /home/ubuntu/pa
17:06:57     1000      3413   12.00    6.00    0.00    0.00   18.00     3    172.00      0.00 1818428   73264   0.93      0.00      0.00  hey
17:06:57     1000      3421    0.00    1.00    0.00    0.00    1.00     3    241.00      0.00 1750456   15796   0.20      0.00      0.00  hey

# Time        UID       PID    %usr %system  %guest   %wait    %CPU   CPU  minflt/s  majflt/s     VSZ     RSS   %MEM   cswch/s nvcswch/s  Command
17:06:58        0        11    0.00    0.00    0.00    0.00    0.00     0      0.00      0.00       0       0   0.00      6.00      0.00  kworker/0:1-events
17:06:58        0        49    0.00    0.00    0.00    0.00    0.00     1      0.00      0.00       0       0   0.00      4.00      0.00  kworker/u16:2-events_power_efficient
17:06:58        0        52    0.00    0.00    0.00    0.00    0.00     1      0.00      0.00       0       0   0.00      2.00      0.00  kcompactd0
17:06:58        0       239    0.00    0.00    0.00    0.00    0.00     1      0.00      0.00  288968   26948   0.34      1.00      0.00  multipathd
17:06:58        0       495    0.00    0.00    0.00    0.00    0.00     3      0.00      0.00       0       0   0.00      1.00      0.00  kworker/3:3-mm_percpu_wq
17:06:58        0      2044    0.00    0.00    0.00    0.00    0.00     2      0.00      0.00       0       0   0.00      1.00      0.00  kworker/2:2-mm_percpu_wq
17:06:58        0      3261    0.00    0.00    0.00    0.00    0.00     1      0.00      0.00       0       0   0.00      4.00      0.00  kworker/1:0-events
17:06:58     1000      3376    0.00    0.00    0.00    0.00    0.00     1      0.00      0.00    9900    3336   0.04      1.00      0.00  vmstat
17:06:58     1000      3377    0.00    0.00    0.00    0.00    0.00     1      0.00      0.00    7712    3760   0.05      1.00      1.00  pidstat
17:06:58     1000      3404   95.00    6.00    0.00    0.00  101.00     0      5.00      0.00   52168   45084   0.57      0.00      6.00  /home/ubuntu/pa
17:06:58     1000      3413   11.00    7.00    0.00    0.00   18.00     3    115.00      0.00 1818492   73648   0.93      0.00      0.00  hey
17:06:58     1000      3421    1.00    0.00    0.00    0.00    1.00     3    239.00      0.00 1750456   16820   0.21      0.00      0.00  hey

# Time        UID       PID    %usr %system  %guest   %wait    %CPU   CPU  minflt/s  majflt/s     VSZ     RSS   %MEM   cswch/s nvcswch/s  Command
17:06:59        0        11    0.00    0.00    0.00    0.00    0.00     0      0.00      0.00       0       0   0.00      2.00      0.00  kworker/0:1-events
17:06:59        0        19    0.00    0.00    0.00    0.00    0.00     0      0.00      0.00       0       0   0.00      1.00      0.00  migration/0
17:06:59        0        25    0.00    0.00    0.00    0.00    0.00     1      0.00      0.00       0       0   0.00      1.00      0.00  migration/1
17:06:59        0        31    0.00    0.00    0.00    0.00    0.00     2      0.00      0.00       0       0   0.00      1.00      0.00  migration/2
17:06:59        0        37    0.00    0.00    0.00    0.00    0.00     3      0.00      0.00       0       0   0.00      1.00      0.00  migration/3
17:06:59        0        49    0.00    0.00    0.00    0.00    0.00     1      0.00      0.00       0       0   0.00      6.00      0.00  kworker/u16:2-events_power_efficient
17:06:59        0        52    0.00    0.00    0.00    0.00    0.00     1      0.00      0.00       0       0   0.00      2.00      0.00  kcompactd0
17:06:59        0       239    0.00    0.00    0.00    0.00    0.00     1      0.00      0.00  288968   26948   0.34      1.00      0.00  multipathd
17:06:59        0       495    0.00    0.00    0.00    0.00    0.00     3      0.00      0.00       0       0   0.00      1.00      0.00  kworker/3:3-mm_percpu_wq
17:06:59        0       592    0.00    0.00    0.00    0.00    0.00     1      0.00      0.00   83064    4616   0.06      1.00      0.00  irqbalance
17:06:59        0      2044    0.00    0.00    0.00    0.00    0.00     2      0.00      0.00       0       0   0.00      2.00      0.00  kworker/2:2-events
17:06:59        0      3261    0.00    0.00    0.00    0.00    0.00     1      0.00      0.00       0       0   0.00      6.00      0.00  kworker/1:0-events
17:06:59     1000      3376    0.00    0.00    0.00    0.00    0.00     1      0.00      0.00    9900    3336   0.04      1.00      0.00  vmstat
17:06:59     1000      3377    0.00    1.00    0.00    0.00    1.00     1      0.00      0.00    7712    3760   0.05      1.00      1.00  pidstat
17:06:59     1000      3404   94.00    6.00    0.00    0.00  100.00     0      2.00      0.00   52168   45084   0.57      0.00      3.00  /home/ubuntu/pa
17:06:59     1000      3413   12.00    6.00    0.00    0.00   18.00     3    164.00      0.00 1818556   74160   0.94      0.00      0.00  hey
17:06:59     1000      3421    0.00    1.00    0.00    0.00    1.00     3    247.00      0.00 1750712   17716   0.22      0.00      0.00  hey

# Time        UID       PID    %usr %system  %guest   %wait    %CPU   CPU  minflt/s  majflt/s     VSZ     RSS   %MEM   cswch/s nvcswch/s  Command
17:07:00        0        11    0.00    0.00    0.00    0.00    0.00     0      0.00      0.00       0       0   0.00      7.00      0.00  kworker/0:1-events
17:07:00        0        49    0.00    0.00    0.00    0.00    0.00     1      0.00      0.00       0       0   0.00      9.00      0.00  kworker/u16:2-events_power_efficient
17:07:00        0        52    0.00    0.00    0.00    0.00    0.00     1      0.00      0.00       0       0   0.00      2.00      0.00  kcompactd0
17:07:00        0       239    0.00    0.00    0.00    0.00    0.00     1      0.00      0.00  288968   26948   0.34      1.00      0.00  multipathd
17:07:00        0       382    0.00    0.00    0.00    0.00    0.00     3      0.00      0.00       0       0   0.00      1.00      0.00  kworker/u16:4-flush-259:0
17:07:00        0       495    0.00    0.00    0.00    0.00    0.00     3      0.00      0.00       0       0   0.00      1.00      0.00  kworker/3:3-mm_percpu_wq
17:07:00        0      2044    0.00    0.00    0.00    0.00    0.00     2      0.00      0.00       0       0   0.00      1.00      0.00  kworker/2:2-mm_percpu_wq
17:07:00        0      3261    0.00    0.00    0.00    0.00    0.00     1      0.00      0.00       0       0   0.00      6.00      0.00  kworker/1:0-events
17:07:00     1000      3376    0.00    0.00    0.00    0.00    0.00     1      0.00      0.00    9900    3336   0.04      1.00      0.00  vmstat
17:07:00     1000      3377    0.00    0.00    0.00    0.00    0.00     1      0.00      0.00    7712    3760   0.05      1.00      1.00  pidstat
17:07:00     1000      3404   93.00    7.00    0.00    0.00  100.00     0      0.00      0.00   52168   45084   0.57      0.00      7.00  /home/ubuntu/pa
17:07:00     1000      3413   11.00    6.00    0.00    0.00   17.00     3    131.00      0.00 1818556   74800   0.94      0.00      0.00  hey
17:07:00     1000      3421    0.00    0.00    0.00    0.00    0.00     3    251.00      0.00 1816316   18612   0.24      0.00      0.00  hey

# Time        UID       PID    %usr %system  %guest   %wait    %CPU   CPU  minflt/s  majflt/s     VSZ     RSS   %MEM   cswch/s nvcswch/s  Command
17:07:01        0        11    0.00    0.00    0.00    0.00    0.00     0      0.00      0.00       0       0   0.00      2.00      0.00  kworker/0:1-events
17:07:01        0        16    0.00    0.00    0.00    0.00    0.00     1      0.00      0.00       0       0   0.00      2.00      0.00  rcu_sched
17:07:01        0        26    0.00    0.00    0.00    0.00    0.00     1      0.00      0.00       0       0   0.00      1.00      0.00  ksoftirqd/1
17:07:01        0        49    0.00    0.00    0.00    0.00    0.00     1      0.00      0.00       0       0   0.00      8.00      0.00  kworker/u16:2-events_power_efficient
17:07:01        0        52    0.00    0.00    0.00    0.00    0.00     1      0.00      0.00       0       0   0.00      2.00      0.00  kcompactd0
17:07:01        0       239    0.00    0.00    0.00    0.00    0.00     1      0.00      0.00  288968   26948   0.34      1.00      0.00  multipathd
17:07:01        0       382    0.00    0.00    0.00    0.00    0.00     3      0.00      0.00       0       0   0.00     11.00      0.00  kworker/u16:4-writeback
17:07:01        0       495    0.00    0.00    0.00    0.00    0.00     3      0.00      0.00       0       0   0.00      2.00      0.00  kworker/3:3-events
17:07:01        0       843    0.00    0.00    0.00    0.00    0.00     3      0.00      0.00       0       0   0.00      8.00      0.00  kworker/3:1H-kblockd
17:07:01        0      2044    0.00    0.00    0.00    0.00    0.00     2      0.00      0.00       0       0   0.00      1.00      0.00  kworker/2:2-mm_percpu_wq
17:07:01        0      3261    0.00    0.00    0.00    0.00    0.00     1      0.00      0.00       0       0   0.00      5.00      0.00  kworker/1:0-events
17:07:01     1000      3376    0.00    0.00    0.00    0.00    0.00     1      0.00      0.00    9900    3336   0.04      1.00      0.00  vmstat
17:07:01     1000      3377    1.00    1.00    0.00    0.00    2.00     1      0.00      0.00    7712    3760   0.05      1.00      1.00  pidstat
17:07:01     1000      3404   94.00    5.00    0.00    0.00   99.00     0      0.00      0.00   52168   45084   0.57      0.00      2.00  /home/ubuntu/pa
17:07:01     1000      3413   11.00    8.00    0.00    0.00   19.00     3    120.00      0.00 1818556   75184   0.95      0.00      0.00  hey
17:07:01     1000      3421    1.00    1.00    0.00    0.00    2.00     3    241.00      0.00 1816316   19636   0.25      0.00      0.00  hey

# Time        UID       PID    %usr %system  %guest   %wait    %CPU   CPU  minflt/s  majflt/s     VSZ     RSS   %MEM   cswch/s nvcswch/s  Command
17:07:02        0        11    0.00    0.00    0.00    0.00    0.00     0      0.00      0.00       0       0   0.00      7.00      0.00  kworker/0:1-events
17:07:02        0        49    0.00    0.00    0.00    0.00    0.00     1      0.00      0.00       0       0   0.00     11.00      0.00  kworker/u16:2-events_power_efficient
17:07:02        0        52    0.00    0.00    0.00    0.00    0.00     1      0.00      0.00       0       0   0.00      2.00      0.00  kcompactd0
17:07:02        0       239    0.00    0.00    0.00    0.00    0.00     1      0.00      0.00  288968   26948   0.34      1.00      0.00  multipathd
17:07:02        0       495    0.00    0.00    0.00    0.00    0.00     3      0.00      0.00       0       0   0.00      1.00      0.00  kworker/3:3-mm_percpu_wq
17:07:02        0       585    0.00    0.00    0.00    0.00    0.00     3      0.00      0.00    7236    2784   0.04      1.00      0.00  cron
17:07:02        0      2044    0.00    0.00    0.00    0.00    0.00     2      0.00      0.00       0       0   0.00      1.00      0.00  kworker/2:2-mm_percpu_wq
17:07:02        0      3261    0.00    0.00    0.00    0.00    0.00     1      0.00      0.00       0       0   0.00      6.00      0.00  kworker/1:0-events
17:07:02     1000      3376    0.00    0.00    0.00    0.00    0.00     1      0.00      0.00    9900    3336   0.04      1.00      0.00  vmstat
17:07:02     1000      3377    0.00    0.00    0.00    0.00    0.00     1      0.00      0.00    7712    3760   0.05      1.00      1.00  pidstat
17:07:02     1000      3404   94.00    6.00    0.00    0.00  100.00     0      0.00      0.00   52168   45084   0.57      0.00      7.00  /home/ubuntu/pa
17:07:02     1000      3413   11.00    6.00    0.00    0.00   17.00     3    284.00      0.00 1818556   76336   0.96      0.00      0.00  hey
17:07:02     1000      3421    0.00    0.00    0.00    0.00    0.00     3    241.00      0.00 1816316   20532   0.26      0.00      0.00  hey

# Time        UID       PID    %usr %system  %guest   %wait    %CPU   CPU  minflt/s  majflt/s     VSZ     RSS   %MEM   cswch/s nvcswch/s  Command
17:07:03        0        11    0.00    0.00    0.00    0.00    0.00     0      0.00      0.00       0       0   0.00      2.00      0.00  kworker/0:1-events
17:07:03        0        19    0.00    0.00    0.00    0.00    0.00     0      0.00      0.00       0       0   0.00      1.00      0.00  migration/0
17:07:03        0        25    0.00    0.00    0.00    0.00    0.00     1      0.00      0.00       0       0   0.00      1.00      0.00  migration/1
17:07:03        0        31    0.00    0.00    0.00    0.00    0.00     2      0.00      0.00       0       0   0.00      1.00      0.00  migration/2
17:07:03        0        37    0.00    0.00    0.00    0.00    0.00     3      0.00      0.00       0       0   0.00      1.00      0.00  migration/3
17:07:03        0        49    0.00    0.00    0.00    0.00    0.00     1      0.00      0.00       0       0   0.00      5.00      0.00  kworker/u16:2-events_power_efficient
17:07:03        0        52    0.00    0.00    0.00    0.00    0.00     1      0.00      0.00       0       0   0.00      2.00      0.00  kcompactd0
17:07:03        0       239    0.00    0.00    0.00    0.00    0.00     1      0.00      0.00  288968   26948   0.34      1.00      0.00  multipathd
17:07:03        0       495    0.00    0.00    0.00    0.00    0.00     3      0.00      0.00       0       0   0.00      1.00      0.00  kworker/3:3-mm_percpu_wq
17:07:03        0      2044    0.00    0.00    0.00    0.00    0.00     2      0.00      0.00       0       0   0.00      1.00      0.00  kworker/2:2-mm_percpu_wq
17:07:03        0      3261    0.00    0.00    0.00    0.00    0.00     1      0.00      0.00       0       0   0.00      4.00      0.00  kworker/1:0-events
17:07:03     1000      3376    0.00    0.00    0.00    0.00    0.00     1      0.00      0.00    9900    3336   0.04      1.00      0.00  vmstat
17:07:03     1000      3377    0.00    1.00    0.00    0.00    1.00     1      0.00      0.00    7712    3760   0.05      1.00      1.00  pidstat
17:07:03     1000      3404   94.00    7.00    0.00    0.00  101.00     0      0.00      0.00   52168   45084   0.57      0.00      3.00  /home/ubuntu/pa
17:07:03     1000      3413   13.00    5.00    0.00    0.00   18.00     3    100.00      0.00 1818556   76720   0.97      0.00      0.00  hey
17:07:03     1000      3421    0.00    1.00    0.00    0.00    1.00     3    241.00      0.00 1816316   21428   0.27      0.00      0.00  hey

# Time        UID       PID    %usr %system  %guest   %wait    %CPU   CPU  minflt/s  majflt/s     VSZ     RSS   %MEM   cswch/s nvcswch/s  Command
17:07:04        0        11    0.00    0.00    0.00    0.00    0.00     0      0.00      0.00       0       0   0.00      6.00      0.00  kworker/0:1-events
17:07:04        0        16    0.00    0.00    0.00    0.00    0.00     1      0.00      0.00       0       0   0.00      9.00      0.00  rcu_sched
17:07:04        0        32    0.00    0.00    0.00    0.00    0.00     2      0.00      0.00       0       0   0.00      1.00      0.00  ksoftirqd/2
17:07:04        0        38    0.00    0.00    0.00    0.00    0.00     3      0.00      0.00       0       0   0.00      1.00      0.00  ksoftirqd/3
17:07:04        0        49    0.00    0.00    0.00    0.00    0.00     1      0.00      0.00       0       0   0.00      5.00      0.00  kworker/u16:2-events_power_efficient
17:07:04        0        52    0.00    0.00    0.00    0.00    0.00     1      0.00      0.00       0       0   0.00      2.00      0.00  kcompactd0
17:07:04        0       239    0.00    0.00    0.00    0.00    0.00     1      0.00      0.00  288968   26948   0.34      1.00      0.00  multipathd
17:07:04        0       495    0.00    0.00    0.00    0.00    0.00     3      0.00      0.00       0       0   0.00      1.00      0.00  kworker/3:3-mm_percpu_wq
17:07:04        0      2044    0.00    0.00    0.00    0.00    0.00     2      0.00      0.00       0       0   0.00      3.00      0.00  kworker/2:2-events
17:07:04        0      3261    0.00    0.00    0.00    0.00    0.00     1      0.00      0.00       0       0   0.00      6.00      0.00  kworker/1:0-events
17:07:04     1000      3370    0.00    0.00    0.00    0.00    0.00     1      0.00      0.00   32128   21708   0.27     17.00      0.00  python3
17:07:04     1000      3376    0.00    0.00    0.00    0.00    0.00     1      0.00      0.00    9900    3336   0.04      1.00      0.00  vmstat
17:07:04     1000      3377    0.00    0.00    0.00    0.00    0.00     1      0.00      0.00    7712    3760   0.05      1.00      1.00  pidstat
17:07:04     1000      3404   92.00    7.00    0.00    0.00   99.00     0      0.00      0.00   52168   45084   0.57      0.00      6.00  /home/ubuntu/pa
17:07:04     1000      3413   12.00    7.00    0.00    0.00   19.00     3    108.00      0.00 1818556   77104   0.97      0.00      0.00  hey

# Time        UID       PID    %usr %system  %guest   %wait    %CPU   CPU  minflt/s  majflt/s     VSZ     RSS   %MEM   cswch/s nvcswch/s  Command
17:07:05        0        11    0.00    0.00    0.00    0.00    0.00     0      0.00      0.00       0       0   0.00      2.00      0.00  kworker/0:1-mm_percpu_wq
17:07:05        0        16    0.00    0.00    0.00    0.00    0.00     1      0.00      0.00       0       0   0.00     56.00      0.00  rcu_sched
17:07:05        0        25    0.00    0.00    0.00    0.00    0.00     1      0.00      0.00       0       0   0.00      2.00      0.00  migration/1
17:07:05        0        38    0.00    0.00    0.00    0.00    0.00     3      0.00      0.00       0       0   0.00      1.00      0.00  ksoftirqd/3
17:07:05        0        49    0.00    0.00    0.00    0.00    0.00     1      0.00      0.00       0       0   0.00      8.00      0.00  kworker/u16:2-events_power_efficient
17:07:05        0        52    0.00    0.00    0.00    0.00    0.00     1      0.00      0.00       0       0   0.00      2.00      0.00  kcompactd0
17:07:05        0       239    0.00    0.00    0.00    0.00    0.00     1      0.00      0.00  288968   26948   0.34      1.00      0.00  multipathd
17:07:05        0       382    0.00    0.00    0.00    0.00    0.00     3      0.00      0.00       0       0   0.00      3.00      0.00  kworker/u16:4-writeback
17:07:05        0       495    0.00    0.00    0.00    0.00    0.00     3      0.00      0.00       0       0   0.00      5.00      0.00  kworker/3:3-events
17:07:05        0      2044    0.00    0.00    0.00    0.00    0.00     2      0.00      0.00       0       0   0.00      2.00      0.00  kworker/2:2-mm_percpu_wq
17:07:05        0      3261    0.00    0.00    0.00    0.00    0.00     1      0.00      0.00       0       0   0.00      5.00      0.00  kworker/1:0-events
17:07:05     1000      3370    1.00    0.00    0.00    0.00    1.00     1      0.00      0.00   32128   21708   0.27     17.00      0.00  python3
17:07:05     1000      3376    0.00    0.00    0.00    0.00    0.00     1      0.00      0.00    9900    3336   0.04      1.00      0.00  vmstat
17:07:05     1000      3377    0.00    1.00    0.00    0.00    1.00     1      0.00      0.00    7712    3760   0.05      1.00      1.00  pidstat
17:07:05     1000      3429    0.00    0.00    0.00    0.00    0.00     0    143.00      0.00    2704    1464   0.02      1.00      1.00  time
17:07:05     1000      3430   35.00    8.00    0.00    0.00   43.00     0   9157.00      0.00   52616   45392   0.57     10.00      0.00  /home/ubuntu/pa
17:07:05     1000      3431    2.00    6.00    0.00    0.00    8.00     2   4135.00      0.00 1816316   21732   0.27      4.00      3.00  hey

# Time        UID       PID    %usr %system  %guest   %wait    %CPU   CPU  minflt/s  majflt/s     VSZ     RSS   %MEM   cswch/s nvcswch/s  Command
17:07:06        0        11    0.00    0.00    0.00    0.00    0.00     0      0.00      0.00       0       0   0.00      6.00      0.00  kworker/0:1-events
17:07:06        0        16    0.00    0.00    0.00    0.00    0.00     1      0.00      0.00       0       0   0.00     11.00      0.00  rcu_sched
17:07:06        0        25    0.00    0.00    0.00    0.00    0.00     1      0.00      0.00       0       0   0.00      1.00      0.00  migration/1
17:07:06        0        52    0.00    0.00    0.00    0.00    0.00     1      0.00      0.00       0       0   0.00      2.00      0.00  kcompactd0
17:07:06        0       136    0.00    0.00    0.00    0.00    0.00     2      0.00      0.00       0       0   0.00      3.00      0.00  jbd2/nvme0n1p1-8
17:07:06        0       161    0.00    0.00    0.00    0.00    0.00     0      0.00      0.00       0       0   0.00      1.00      0.00  kworker/0:1H-kblockd
17:07:06        0       239    0.00    0.00    0.00    0.00    0.00     1      0.00      0.00  288968   26948   0.34      1.00      0.00  multipathd
17:07:06        0       382    0.00    0.00    0.00    0.00    0.00     2      0.00      0.00       0       0   0.00      6.00      0.00  kworker/u16:4-events_power_efficient
17:07:06        0       495    0.00    0.00    0.00    0.00    0.00     3      0.00      0.00       0       0   0.00      1.00      0.00  kworker/3:3-events
17:07:06        0      2044    0.00    0.00    0.00    0.00    0.00     2      0.00      0.00       0       0   0.00      6.00      0.00  kworker/2:2-events
17:07:06     1000      2732    0.00    0.00    0.00    0.00    0.00     1      0.00      0.00   15004    7244   0.09      1.00      0.00  sshd
17:07:06        0      3261    0.00    0.00    0.00    0.00    0.00     1      0.00      0.00       0       0   0.00      1.00      0.00  kworker/1:0-mm_percpu_wq
17:07:06     1000      3370    0.00    0.00    0.00    0.00    0.00     1      0.00      0.00   32128   21708   0.27      3.00      0.00  python3
17:07:06     1000      3376    0.00    0.00    0.00    0.00    0.00     1      0.00      0.00    9900    3336   0.04      1.00      0.00  vmstat
17:07:06     1000      3377    0.00    0.00    0.00    0.00    0.00     1      0.00      0.00    7712    3760   0.05      2.00      1.00  pidstat
17:07:06     1000      3430   86.00   13.00    0.00    0.00   99.00     0    219.00      0.00   53408   46288   0.58      3.00      6.00  /home/ubuntu/pa
17:07:06     1000      3439    3.00    3.00    0.00    0.00    6.00     3   5458.00      0.00 1816316   24756   0.31      4.00      2.00  hey

# Time        UID       PID    %usr %system  %guest   %wait    %CPU   CPU  minflt/s  majflt/s     VSZ     RSS   %MEM   cswch/s nvcswch/s  Command
17:07:07        0        11    0.00    0.00    0.00    0.00    0.00     0      0.00      0.00       0       0   0.00      1.00      0.00  kworker/0:1-events
17:07:07        0        16    0.00    0.00    0.00    0.00    0.00     1      0.00      0.00       0       0   0.00      9.00      0.00  rcu_sched
17:07:07        0        19    0.00    0.00    0.00    0.00    0.00     0      0.00      0.00       0       0   0.00      1.00      0.00  migration/0
17:07:07        0        25    0.00    0.00    0.00    0.00    0.00     1      0.00      0.00       0       0   0.00      2.00      0.00  migration/1
17:07:07        0        31    0.00    0.00    0.00    0.00    0.00     2      0.00      0.00       0       0   0.00      1.00      0.00  migration/2
17:07:07        0        37    0.00    0.00    0.00    0.00    0.00     3      0.00      0.00       0       0   0.00      1.00      0.00  migration/3
17:07:07        0        52    0.00    0.00    0.00    0.00    0.00     1      0.00      0.00       0       0   0.00      2.00      0.00  kcompactd0
17:07:07        0       239    0.00    0.00    0.00    0.00    0.00     1      0.00      0.00  288968   26948   0.34      1.00      0.00  multipathd
17:07:07        0       382    0.00    0.00    0.00    0.00    0.00     2      0.00      0.00       0       0   0.00      9.00      0.00  kworker/u16:4-events_power_efficient
17:07:07        0       495    0.00    0.00    0.00    0.00    0.00     3      0.00      0.00       0       0   0.00      2.00      0.00  kworker/3:3-events
17:07:07        0      2044    0.00    0.00    0.00    0.00    0.00     2      0.00      0.00       0       0   0.00      7.00      0.00  kworker/2:2-events
17:07:07        0      3261    0.00    0.00    0.00    0.00    0.00     1      0.00      0.00       0       0   0.00      1.00      0.00  kworker/1:0-mm_percpu_wq
17:07:07     1000      3370    0.00    0.00    0.00    0.00    0.00     1      0.00      0.00   32128   21708   0.27      2.00      0.00  python3
17:07:07     1000      3376    0.00    0.00    0.00    0.00    0.00     1      0.00      0.00    9900    3336   0.04      1.00      0.00  vmstat
17:07:07     1000      3377    0.00    1.00    0.00    0.00    1.00     1      0.00      0.00    7712    3760   0.05      1.00      1.00  pidstat
17:07:07     1000      3430   92.00    8.00    0.00    0.00  100.00     0   1274.00      0.00   58536   51408   0.65      0.00      2.00  /home/ubuntu/pa
17:07:07     1000      3439   12.00    8.00    0.00    0.00   20.00     3  10320.00      0.00 1817532   61364   0.78      0.00      0.00  hey
17:07:07     1000      3447    1.00    2.00    0.00    0.00    3.00     3   2675.00      0.00 1750776   15968   0.20      4.00      3.00  hey

# Time        UID       PID    %usr %system  %guest   %wait    %CPU   CPU  minflt/s  majflt/s     VSZ     RSS   %MEM   cswch/s nvcswch/s  Command
17:07:08        0        11    0.00    0.00    0.00    0.00    0.00     0      0.00      0.00       0       0   0.00      6.00      0.00  kworker/0:1-events
17:07:08        0        52    0.00    0.00    0.00    0.00    0.00     1      0.00      0.00       0       0   0.00      2.00      0.00  kcompactd0
17:07:08        0       239    0.00    0.00    0.00    0.00    0.00     1      0.00      0.00  288968   26948   0.34      1.00      0.00  multipathd
17:07:08        0       382    0.00    0.00    0.00    0.00    0.00     1      0.00      0.00       0       0   0.00      5.00      0.00  kworker/u16:4-events_power_efficient
17:07:08        0       495    0.00    0.00    0.00    0.00    0.00     3      0.00      0.00       0       0   0.00      1.00      0.00  kworker/3:3-mm_percpu_wq
17:07:08        0      2044    0.00    0.00    0.00    0.00    0.00     2      0.00      0.00       0       0   0.00      1.00      0.00  kworker/2:2-mm_percpu_wq
17:07:08        0      3261    0.00    0.00    0.00    0.00    0.00     1      0.00      0.00       0       0   0.00      6.00      0.00  kworker/1:0-events
17:07:08     1000      3376    0.00    0.00    0.00    0.00    0.00     1      0.00      0.00    9900    3336   0.04      1.00      0.00  vmstat
17:07:08     1000      3377    1.00    0.00    0.00    0.00    1.00     1      0.00      0.00    7712    3760   0.05      1.00      1.00  pidstat
17:07:08     1000      3430   91.00    9.00    0.00    0.00  100.00     0      0.00      0.00   58536   51408   0.65      0.00      6.00  /home/ubuntu/pa
17:07:08     1000      3439   12.00    7.00    0.00    0.00   19.00     3   1899.00      0.00 1817724   68020   0.86      0.00      0.00  hey
17:07:08     1000      3447    2.00    3.00    0.00    0.00    5.00     3   1570.00      0.00 1816380   22112   0.28      0.00      0.00  hey

# Time        UID       PID    %usr %system  %guest   %wait    %CPU   CPU  minflt/s  majflt/s     VSZ     RSS   %MEM   cswch/s nvcswch/s  Command
17:07:09        0         1    0.00    1.00    0.00    0.00    1.00     3    116.00      0.00   22048   13048   0.16      5.00      1.00  systemd
17:07:09        0        11    0.00    0.00    0.00    0.00    0.00     0      0.00      0.00       0       0   0.00      4.00      0.00  kworker/0:1-rcu_gp
17:07:09        0        16    0.00    0.00    0.00    0.00    0.00     1      0.00      0.00       0       0   0.00     28.00      0.00  rcu_sched
17:07:09        0        18    0.00    0.00    0.00    0.00    0.00     3      0.00      0.00       0       0   0.00      6.00      0.00  rcu_exp_gp_kthread_worker
17:07:09        0        26    0.00    0.00    0.00    0.00    0.00     1      0.00      0.00       0       0   0.00      1.00      0.00  ksoftirqd/1
17:07:09        0        32    0.00    0.00    0.00    0.00    0.00     2      0.00      0.00       0       0   0.00      1.00      0.00  ksoftirqd/2
17:07:09        0        38    0.00    0.00    0.00    0.00    0.00     3      0.00      0.00       0       0   0.00      1.00      0.00  ksoftirqd/3
17:07:09        0        49    0.00    0.00    0.00    0.00    0.00     2      0.00      0.00       0       0   0.00      1.00      0.00  kworker/u16:2-events_power_efficient
17:07:09        0        52    0.00    0.00    0.00    0.00    0.00     3      0.00      0.00       0       0   0.00      2.00      0.00  kcompactd0
17:07:09        0       177    0.00    0.00    0.00    0.00    0.00     2     31.00      0.00   66836   17496   0.22      4.00      1.00  systemd-journal
17:07:09        0       239    0.00    0.00    0.00    0.00    0.00     1      0.00      0.00  288968   26948   0.34      1.00      0.00  multipathd
17:07:09        0       382    0.00    0.00    0.00    0.00    0.00     3      0.00      0.00       0       0   0.00     17.00      0.00  kworker/u16:4-writeback
17:07:09        0       495    0.00    0.00    0.00    0.00    0.00     3      0.00      0.00       0       0   0.00      5.00      0.00  kworker/3:3+events
17:07:09      101       586    0.00    0.00    0.00    0.00    0.00     1      0.00      0.00    9896    5192   0.07      4.00      0.00  dbus-daemon
17:07:09        0       592    0.00    0.00    0.00    0.00    0.00     1      0.00      0.00   83064    4616   0.06      1.00      0.00  irqbalance
17:07:09        0       601    0.00    0.00    0.00    0.00    0.00     1      4.00      0.00 1924772   35988   0.45      0.00      0.00  snapd
17:07:09        0       604    0.00    0.00    0.00    0.00    0.00     1      0.00      0.00   18172    8804   0.11      9.00      0.00  systemd-logind
17:07:09      110       670    0.00    0.00    0.00    0.00    0.00     1      0.00      0.00   19416    3768   0.05      2.00      0.00  chronyd
17:07:09        0       935    0.00    0.00    0.00    0.00    0.00     1     22.00      0.00   12032    8080   0.10      2.00      0.00  sshd
17:07:09        0      2044    0.00    0.00    0.00    0.00    0.00     2      0.00      0.00       0       0   0.00      6.00      0.00  kworker/2:2-cgwb_release
17:07:09        0      2897    0.00    0.00    0.00    0.00    0.00     3      0.00      0.00       0       0   0.00      1.00      0.00  kworker/3:0-cgroup_free
17:07:09        0      3261    0.00    0.00    0.00    0.00    0.00     1      0.00      0.00       0       0   0.00     10.00      0.00  kworker/1:0-memcg
17:07:09     1000      3376    0.00    0.00    0.00    1.00    0.00     1      0.00      0.00    9900    3336   0.04      1.00      0.00  vmstat
17:07:09     1000      3377    0.00    0.00    0.00    1.00    0.00     1      0.00      0.00    7712    3760   0.05      1.00      2.00  pidstat
17:07:09     1000      3430   93.00    7.00    0.00    0.00  100.00     0      0.00      0.00   58536   51408   0.65      0.00      4.00  /home/ubuntu/pa
17:07:09     1000      3439   11.00    6.00    0.00    0.00   17.00     3   1109.00      0.00 1817980   71732   0.91      0.00      0.00  hey
17:07:09     1000      3447    1.00    3.00    0.00    0.00    4.00     3   1506.00      0.00 1816380   28000   0.35      0.00      0.00  hey
17:07:09        0      3455    0.00    0.00    0.00    0.00    0.00     2    516.00      0.00   12160    8324   0.11      2.00      0.00  sshd
17:07:09      105      3456    0.00    0.00    0.00    0.00    0.00     2    166.00      0.00   12160    6048   0.08      4.00      2.00  sshd

# Time        UID       PID    %usr %system  %guest   %wait    %CPU   CPU  minflt/s  majflt/s     VSZ     RSS   %MEM   cswch/s nvcswch/s  Command
17:07:10        0         1    0.00    0.00    0.00    0.00    0.00     3     95.00      0.00   22048   13048   0.16     47.00      0.00  systemd
17:07:10        0        11    0.00    0.00    0.00    0.00    0.00     0      0.00      0.00       0       0   0.00      6.00      0.00  kworker/0:1-events
17:07:10        0        16    0.00    0.00    0.00    0.00    0.00     1      0.00      0.00       0       0   0.00    109.00      0.00  rcu_sched
17:07:10        0        25    0.00    0.00    0.00    0.00    0.00     1      0.00      0.00       0       0   0.00      2.00      0.00  migration/1
17:07:10        0        26    0.00    0.00    0.00    0.00    0.00     1      0.00      0.00       0       0   0.00      1.00      0.00  ksoftirqd/1
17:07:10        0        31    0.00    0.00    0.00    0.00    0.00     2      0.00      0.00       0       0   0.00      2.00      0.00  migration/2
17:07:10        0        32    0.00    0.00    0.00    0.00    0.00     2      0.00      0.00       0       0   0.00      2.00      0.00  ksoftirqd/2
17:07:10        0        38    0.00    0.00    0.00    0.00    0.00     3      0.00      0.00       0       0   0.00      1.00      0.00  ksoftirqd/3
17:07:10        0        49    0.00    0.00    0.00    0.00    0.00     3      0.00      0.00       0       0   0.00      3.00      0.00  kworker/u16:2-writeback
17:07:10        0        52    0.00    0.00    0.00    0.00    0.00     1      0.00      0.00       0       0   0.00      2.00      0.00  kcompactd0
17:07:10        0       177    0.00    0.00    0.00    0.00    0.00     2     24.00      0.00   66836   17496   0.22      7.00      1.00  systemd-journal
17:07:10        0       239    0.00    0.00    0.00    0.00    0.00     1      0.00      0.00  288968   26948   0.34      1.00      0.00  multipathd
17:07:10        0       382    0.00    0.00    0.00    0.00    0.00     3      0.00      0.00       0       0   0.00      9.00      0.00  kworker/u16:4-events_power_efficient
17:07:10        0       495    0.00    0.00    0.00    0.00    0.00     3      0.00      0.00       0       0   0.00     14.00      0.00  kworker/3:3-events
17:07:10      101       586    0.00    0.00    0.00    1.00    0.00     2      0.00      0.00    9896    5192   0.07     14.00      4.00  dbus-daemon
17:07:10      989       596    0.00    0.00    0.00    0.00    0.00     2      0.00      0.00  383684    9576   0.12      5.00      1.00  polkitd
17:07:10        0       604    0.00    0.00    0.00    0.00    0.00     1      0.00      0.00   18172    8804   0.11      7.00      1.00  systemd-logind
17:07:10        0       608    0.00    0.00    0.00    0.00    0.00     3      0.00      0.00  468960   13704   0.17      3.00      0.00  udisksd
17:07:10        0       739    0.00    0.00    0.00    0.00    0.00     2      0.00      0.00  318164   12408   0.16      8.00      0.00  ModemManager
17:07:10        0       935    0.00    0.00    0.00    0.00    0.00     1      1.00      0.00   12032    8080   0.10      1.00      0.00  sshd
17:07:10        0      2044    0.00    0.00    0.00    0.00    0.00     2      0.00      0.00       0       0   0.00      7.00      0.00  kworker/2:2-events
17:07:10        0      3261    0.00    0.00    0.00    0.00    0.00     1      0.00      0.00       0       0   0.00     10.00      0.00  kworker/1:0-events
17:07:10     1000      3377    0.00    1.00    0.00    0.00    1.00     1      0.00      0.00    7712    3760   0.05      1.00      0.00  pidstat
17:07:10     1000      3430   92.00    9.00    0.00    0.00  101.00     0      0.00      0.00   58536   51408   0.65      0.00      6.00  /home/ubuntu/pa
17:07:10     1000      3439   11.00    6.00    0.00    0.00   17.00     3    125.00      0.00 1818108   72116   0.91      0.00      0.00  hey
17:07:10     1000      3447    1.00    4.00    0.00    0.00    5.00     3   1611.00      0.00 1816380   34400   0.43      0.00      0.00  hey
17:07:10        0      3455    0.00    0.00    0.00    0.00    0.00     2    348.00      0.00   14876   10544   0.13     27.00      1.00  sshd
17:07:10     1000      3528    0.00    0.00    0.00    0.00    0.00     1    351.00      0.00   15008    7208   0.09      6.00      0.00  sshd
17:07:10     1000      3529    0.00    0.00    0.00    0.00    0.00     3    363.00      0.00    7752    3532   0.04      3.00      0.00  bash

# Time        UID       PID    %usr %system  %guest   %wait    %CPU   CPU  minflt/s  majflt/s     VSZ     RSS   %MEM   cswch/s nvcswch/s  Command
17:07:11        0         1    0.00    0.00    0.00    0.00    0.00     1      1.00      0.00   22048   13048   0.16      4.00      0.00  systemd
17:07:11        0        11    0.00    0.00    0.00    0.00    0.00     0      0.00      0.00       0       0   0.00      4.00      0.00  kworker/0:1-events
17:07:11        0        16    0.00    0.00    0.00    0.00    0.00     1      0.00      0.00       0       0   0.00     31.00      0.00  rcu_sched
17:07:11        0        19    0.00    0.00    0.00    0.00    0.00     0      0.00      0.00       0       0   0.00      1.00      0.00  migration/0
17:07:11        0        25    0.00    0.00    0.00    0.00    0.00     1      0.00      0.00       0       0   0.00      1.00      0.00  migration/1
17:07:11        0        26    0.00    0.00    0.00    0.00    0.00     1      0.00      0.00       0       0   0.00      1.00      0.00  ksoftirqd/1
17:07:11        0        31    0.00    0.00    0.00    0.00    0.00     2      0.00      0.00       0       0   0.00      1.00      0.00  migration/2
17:07:11        0        37    0.00    0.00    0.00    0.00    0.00     3      0.00      0.00       0       0   0.00      1.00      0.00  migration/3
17:07:11        0        38    0.00    0.00    0.00    0.00    0.00     3      0.00      0.00       0       0   0.00      1.00      0.00  ksoftirqd/3
17:07:11        0        49    0.00    0.00    0.00    0.00    0.00     3      0.00      0.00       0       0   0.00     12.00      0.00  kworker/u16:2-events_unbound
17:07:11        0        52    0.00    0.00    0.00    0.00    0.00     3      0.00      0.00       0       0   0.00      2.00      0.00  kcompactd0
17:07:11        0       177    0.00    0.00    0.00    0.00    0.00     3     32.00      0.00   66836   17496   0.22      6.00      1.00  systemd-journal
17:07:11        0       239    0.00    0.00    0.00    0.00    0.00     1      0.00      0.00  288968   26948   0.34      1.00      0.00  multipathd
17:07:11        0       244    0.00    0.00    0.00    0.00    0.00     3      0.00      0.00   29240    7992   0.10      1.00      0.00  systemd-udevd
17:07:11        0       495    0.00    0.00    0.00    0.00    0.00     3      0.00      0.00       0       0   0.00      9.00      0.00  kworker/3:3-events
17:07:11      101       586    0.00    0.00    0.00    0.00    0.00     2      0.00      0.00    9896    5192   0.07     13.00      3.00  dbus-daemon
17:07:11      989       596    0.00    0.00    0.00    0.00    0.00     1      0.00      0.00  383684    9576   0.12      6.00      1.00  polkitd
17:07:11        0       604    0.00    0.00    0.00    0.00    0.00     2      0.00      0.00   18172    8804   0.11     11.00      1.00  systemd-logind
17:07:11        0       608    0.00    0.00    0.00    0.00    0.00     2      0.00      0.00  468960   13704   0.17      3.00      0.00  udisksd
17:07:11        0       739    0.00    0.00    0.00    0.00    0.00     3      0.00      0.00  318164   12408   0.16      5.00      0.00  ModemManager
17:07:11        0       935    0.00    0.00    0.00    0.00    0.00     1      0.00      0.00   12032    8080   0.10      1.00      0.00  sshd
17:07:11        0      2044    0.00    0.00    0.00    0.00    0.00     2      0.00      0.00       0       0   0.00      5.00      0.00  kworker/2:2-events
17:07:11        0      2897    0.00    0.00    0.00    0.00    0.00     3      0.00      0.00       0       0   0.00      1.00      0.00  kworker/3:0-cgroup_free
17:07:11        0      3261    0.00    0.00    0.00    0.00    0.00     1      0.00      0.00       0       0   0.00     12.00      0.00  kworker/1:0-events
17:07:11     1000      3376    0.00    0.00    0.00    0.00    0.00     1      0.00      0.00    9900    3336   0.04      1.00      0.00  vmstat
17:07:11     1000      3377    0.00    0.00    0.00    0.00    0.00     1      6.00      0.00    7712    3760   0.05      1.00      0.00  pidstat
17:07:11     1000      3430   93.00    6.00    0.00    0.00   99.00     0      0.00      0.00   58536   51408   0.65      0.00      5.00  /home/ubuntu/pa
17:07:11     1000      3439   12.00    6.00    0.00    0.00   18.00     3    334.00      0.00 1818172   73268   0.93      0.00      0.00  hey
17:07:11     1000      3447    1.00    3.00    0.00    0.00    4.00     3   1399.00      0.00 1816380   39904   0.50      0.00      0.00  hey

# Time        UID       PID    %usr %system  %guest   %wait    %CPU   CPU  minflt/s  majflt/s     VSZ     RSS   %MEM   cswch/s nvcswch/s  Command
17:07:12        0        11    0.00    0.00    0.00    0.00    0.00     0      0.00      0.00       0       0   0.00     10.00      0.00  kworker/0:1-events
17:07:12        0        49    0.00    0.00    0.00    0.00    0.00     1      0.00      0.00       0       0   0.00     10.00      0.00  kworker/u16:2-events_power_efficient
17:07:12        0        52    0.00    0.00    0.00    0.00    0.00     3      0.00      0.00       0       0   0.00      2.00      0.00  kcompactd0
17:07:12        0       239    0.00    0.00    0.00    0.00    0.00     1      0.00      0.00  288968   26948   0.34      1.00      0.00  multipathd
17:07:12        0       495    0.00    0.00    0.00    0.00    0.00     3      0.00      0.00       0       0   0.00      3.00      0.00  kworker/3:3-mm_percpu_wq
17:07:12        0      2044    0.00    0.00    0.00    0.00    0.00     2      0.00      0.00       0       0   0.00      1.00      0.00  kworker/2:2-mm_percpu_wq
17:07:12        0      3261    0.00    0.00    0.00    0.00    0.00     1      0.00      0.00       0       0   0.00      4.00      0.00  kworker/1:0-events
17:07:12     1000      3376    0.00    0.00    0.00    0.00    0.00     1      0.00      0.00    9900    3336   0.04      1.00      0.00  vmstat
17:07:12     1000      3377    0.00    1.00    0.00    0.00    1.00     1      0.00      0.00    7712    3760   0.05      1.00      0.00  pidstat
17:07:12     1000      3430   91.00    9.00    0.00    0.00  100.00     0      0.00      0.00   58536   51408   0.65      0.00     10.00  /home/ubuntu/pa
17:07:12     1000      3439   11.00    7.00    0.00    0.00   18.00     3     98.00      0.00 1818236   73524   0.93      0.00      0.00  hey
17:07:12     1000      3447    2.00    4.00    0.00    0.00    6.00     3   1506.00      0.00 1816380   45792   0.58      0.00      0.00  hey

# Time        UID       PID    %usr %system  %guest   %wait    %CPU   CPU  minflt/s  majflt/s     VSZ     RSS   %MEM   cswch/s nvcswch/s  Command
17:07:13        0        11    0.00    0.00    0.00    0.00    0.00     0      0.00      0.00       0       0   0.00      3.00      0.00  kworker/0:1-events
17:07:13        0        16    0.00    0.00    0.00    0.00    0.00     1      0.00      0.00       0       0   0.00      2.00      0.00  rcu_sched
17:07:13        0        49    0.00    0.00    0.00    0.00    0.00     1      0.00      0.00       0       0   0.00      5.00      0.00  kworker/u16:2-events_power_efficient
17:07:13        0        52    0.00    0.00    0.00    0.00    0.00     3      0.00      0.00       0       0   0.00      2.00      0.00  kcompactd0
17:07:13        0       239    0.00    0.00    0.00    0.00    0.00     1      0.00      0.00  288968   26948   0.34      1.00      0.00  multipathd
17:07:13        0       248    0.00    0.00    0.00    0.00    0.00     2      0.00      0.00       0       0   0.00      1.00      0.00  kworker/2:1H-kblockd
17:07:13        0       495    0.00    0.00    0.00    0.00    0.00     3      0.00      0.00       0       0   0.00      2.00      0.00  kworker/3:3-events
17:07:13        0       608    1.00    0.00    0.00    0.00    1.00     2      0.00      0.00  468960   13704   0.17      0.00      0.00  udisksd
17:07:13        0      2044    0.00    0.00    0.00    0.00    0.00     2      0.00      0.00       0       0   0.00      1.00      0.00  kworker/2:2-mm_percpu_wq
17:07:13        0      3261    0.00    0.00    0.00    0.00    0.00     1      0.00      0.00       0       0   0.00      6.00      0.00  kworker/1:0-events
17:07:13     1000      3376    0.00    0.00    0.00    0.00    0.00     1      0.00      0.00    9900    3336   0.04      1.00      0.00  vmstat
17:07:13     1000      3377    1.00    0.00    0.00    0.00    1.00     1      0.00      0.00    7712    3760   0.05      1.00      0.00  pidstat
17:07:13     1000      3430   93.00    7.00    0.00    0.00  100.00     0      0.00      0.00   58536   51408   0.65      0.00      3.00  /home/ubuntu/pa
17:07:13     1000      3439   13.00    7.00    0.00    0.00   20.00     3    162.00      0.00 1818300   74036   0.94      0.00      0.00  hey
17:07:13     1000      3447    1.00    3.00    0.00    0.00    4.00     3   1533.00      0.00 1816380   51936   0.66      0.00      0.00  hey

# Time        UID       PID    %usr %system  %guest   %wait    %CPU   CPU  minflt/s  majflt/s     VSZ     RSS   %MEM   cswch/s nvcswch/s  Command
17:07:14        0        11    0.00    0.00    0.00    0.00    0.00     0      0.00      0.00       0       0   0.00      8.00      0.00  kworker/0:1-events
17:07:14        0        49    0.00    0.00    0.00    0.00    0.00     1      0.00      0.00       0       0   0.00      5.00      0.00  kworker/u16:2-events_power_efficient
17:07:14        0        52    0.00    0.00    0.00    0.00    0.00     3      0.00      0.00       0       0   0.00      2.00      0.00  kcompactd0
17:07:14        0       239    0.00    0.00    0.00    0.00    0.00     1      0.00      0.00  288968   26948   0.34      1.00      0.00  multipathd
17:07:14        0       495    0.00    0.00    0.00    0.00    0.00     3      0.00      0.00       0       0   0.00      1.00      0.00  kworker/3:3-mm_percpu_wq
17:07:14        0      2044    0.00    0.00    0.00    0.00    0.00     2      0.00      0.00       0       0   0.00      1.00      0.00  kworker/2:2-mm_percpu_wq
17:07:14        0      3261    0.00    0.00    0.00    0.00    0.00     1      0.00      0.00       0       0   0.00      4.00      0.00  kworker/1:0-events
17:07:14     1000      3376    0.00    0.00    0.00    0.00    0.00     1      0.00      0.00    9900    3336   0.04      1.00      0.00  vmstat
17:07:14     1000      3377    0.00    0.00    0.00    0.00    0.00     1      0.00      0.00    7712    3760   0.05      1.00      0.00  pidstat
17:07:14     1000      3430   92.00    8.00    0.00    0.00  100.00     0      0.00      0.00   58536   51408   0.65      0.00      8.00  /home/ubuntu/pa
17:07:14     1000      3439   10.00    8.00    0.00    0.00   18.00     3     97.00      0.00 1818300   74548   0.94      0.00      0.00  hey
17:07:14     1000      3447    1.00    3.00    0.00    0.00    4.00     3   1492.00      0.00 1816380   57696   0.73      0.00      0.00  hey

# Time        UID       PID    %usr %system  %guest   %wait    %CPU   CPU  minflt/s  majflt/s     VSZ     RSS   %MEM   cswch/s nvcswch/s  Command
17:07:15        0        11    0.00    0.00    0.00    0.00    0.00     0      0.00      0.00       0       0   0.00      1.00      0.00  kworker/0:1-events
17:07:15        0        19    0.00    0.00    0.00    0.00    0.00     0      0.00      0.00       0       0   0.00      1.00      0.00  migration/0
17:07:15        0        25    0.00    0.00    0.00    0.00    0.00     1      0.00      0.00       0       0   0.00      1.00      0.00  migration/1
17:07:15        0        31    0.00    0.00    0.00    0.00    0.00     2      0.00      0.00       0       0   0.00      1.00      0.00  migration/2
17:07:15        0        37    0.00    0.00    0.00    0.00    0.00     3      0.00      0.00       0       0   0.00      1.00      0.00  migration/3
17:07:15        0        49    0.00    0.00    0.00    0.00    0.00     3      0.00      0.00       0       0   0.00      1.00      0.00  kworker/u16:2-flush-259:0
17:07:15        0        52    0.00    0.00    0.00    0.00    0.00     1      0.00      0.00       0       0   0.00      2.00      0.00  kcompactd0
17:07:15        0       239    0.00    0.00    0.00    0.00    0.00     1      0.00      0.00  288968   26948   0.34      1.00      0.00  multipathd
17:07:15        0       382    0.00    0.00    0.00    0.00    0.00     3      0.00      0.00       0       0   0.00      6.00      0.00  kworker/u16:4-events_power_efficient
17:07:15        0       495    0.00    0.00    0.00    0.00    0.00     3      0.00      0.00       0       0   0.00      4.00      0.00  kworker/3:3-events
17:07:15        0      2044    0.00    0.00    0.00    0.00    0.00     2      0.00      0.00       0       0   0.00      5.00      0.00  kworker/2:2-events
17:07:15        0      3261    0.00    0.00    0.00    0.00    0.00     1      0.00      0.00       0       0   0.00      1.00      0.00  kworker/1:0-mm_percpu_wq
17:07:15     1000      3376    0.00    0.00    0.00    0.00    0.00     1      0.00      0.00    9900    3336   0.04      1.00      0.00  vmstat
17:07:15     1000      3377    0.00    1.00    0.00    0.00    1.00     1      0.00      0.00    7712    3760   0.05      1.00      0.00  pidstat
17:07:15     1000      3430   91.00    9.00    0.00    0.00  100.00     0      0.00      0.00   58536   51408   0.65      0.00      2.00  /home/ubuntu/pa
17:07:15     1000      3439   12.00    7.00    0.00    0.00   19.00     3    145.00      0.00 1818300   75224   0.95      0.00      0.00  hey
17:07:15     1000      3447    1.00    4.00    0.00    0.00    5.00     3   1518.00      0.00 1816636   63840   0.81      0.00      0.00  hey

# Time        UID       PID    %usr %system  %guest   %wait    %CPU   CPU  minflt/s  majflt/s     VSZ     RSS   %MEM   cswch/s nvcswch/s  Command
17:07:16        0        11    0.00    0.00    0.00    0.00    0.00     0      0.00      0.00       0       0   0.00      6.00      0.00  kworker/0:1-events
17:07:16        0        49    0.00    0.00    0.00    0.00    0.00     1      0.00      0.00       0       0   0.00      8.00      0.00  kworker/u16:2-events_power_efficient
17:07:16        0        52    0.00    0.00    0.00    0.00    0.00     1      0.00      0.00       0       0   0.00      2.00      0.00  kcompactd0
17:07:16        0       239    0.00    0.00    0.00    0.00    0.00     1      0.00      0.00  288968   26948   0.34      1.00      0.00  multipathd
17:07:16        0       382    0.00    0.00    0.00    0.00    0.00     3      0.00      0.00       0       0   0.00      2.00      0.00  kworker/u16:4-events_power_efficient
17:07:16        0       495    0.00    0.00    0.00    0.00    0.00     3      0.00      0.00       0       0   0.00      1.00      0.00  kworker/3:3-mm_percpu_wq
17:07:16        0      2044    0.00    0.00    0.00    0.00    0.00     2      0.00      0.00       0       0   0.00      1.00      0.00  kworker/2:2-mm_percpu_wq
17:07:16     1000      2732    0.00    0.00    0.00    0.00    0.00     1      0.00      0.00   15004    7244   0.09      1.00      0.00  sshd
17:07:16        0      3261    0.00    0.00    0.00    0.00    0.00     1      0.00      0.00       0       0   0.00      5.00      0.00  kworker/1:0-events
17:07:16     1000      3376    0.00    0.00    0.00    0.00    0.00     1      0.00      0.00    9900    3336   0.04      1.00      0.00  vmstat
17:07:16     1000      3377    0.00    0.00    0.00    0.00    0.00     1      0.00      0.00    7712    3760   0.05      1.00      0.00  pidstat
17:07:16     1000      3430   92.00    8.00    0.00    0.00  100.00     0      0.00      0.00   58536   51408   0.65      0.00      6.00  /home/ubuntu/pa
17:07:16     1000      3439   12.00    8.00    0.00    0.00   20.00     3    279.00      0.00 1818300   76248   0.96      0.00      0.00  hey
17:07:16     1000      3447    3.00    1.00    0.00    0.00    4.00     3    384.00      0.00 1816892   65248   0.82      0.00      0.00  hey

# Time        UID       PID    %usr %system  %guest   %wait    %CPU   CPU  minflt/s  majflt/s     VSZ     RSS   %MEM   cswch/s nvcswch/s  Command
17:07:17        0        11    0.00    0.00    0.00    0.00    0.00     0      0.00      0.00       0       0   0.00      1.00      0.00  kworker/0:1-mm_percpu_wq
17:07:17        0        16    0.00    0.00    0.00    0.00    0.00     1      0.00      0.00       0       0   0.00     10.00      0.00  rcu_sched
17:07:17        0        26    0.00    0.00    0.00    0.00    0.00     1      0.00      0.00       0       0   0.00      2.00      0.00  ksoftirqd/1
17:07:17        0        32    0.00    0.00    0.00    0.00    0.00     2      0.00      0.00       0       0   0.00      1.00      0.00  ksoftirqd/2
17:07:17        0        49    0.00    0.00    0.00    0.00    0.00     1      0.00      0.00       0       0   0.00      6.00      0.00  kworker/u16:2-events_power_efficient
17:07:17        0        52    0.00    0.00    0.00    0.00    0.00     1      0.00      0.00       0       0   0.00      2.00      0.00  kcompactd0
17:07:17        0       161    0.00    0.00    0.00    0.00    0.00     0      0.00      0.00       0       0   0.00      1.00      0.00  kworker/0:1H-kblockd
17:07:17        0       239    0.00    0.00    0.00    0.00    0.00     1      0.00      0.00  288968   26948   0.34      1.00      0.00  multipathd
17:07:17        0       495    0.00    0.00    0.00    0.00    0.00     3      0.00      0.00       0       0   0.00      2.00      0.00  kworker/3:3-events
17:07:17        0      2044    0.00    0.00    0.00    0.00    0.00     2      0.00      0.00       0       0   0.00      4.00      0.00  kworker/2:2-mm_percpu_wq
17:07:17        0      3261    0.00    0.00    0.00    0.00    0.00     1      0.00      0.00       0       0   0.00      6.00      0.00  kworker/1:0-events
17:07:17     1000      3370    0.00    0.00    0.00    0.00    0.00     1      0.00      0.00   32128   21708   0.27     18.00      0.00  python3
17:07:17     1000      3376    0.00    0.00    0.00    0.00    0.00     1      0.00      0.00    9900    3336   0.04      1.00      0.00  vmstat
17:07:17     1000      3377    0.00    1.00    0.00    0.00    1.00     1      0.00      0.00    7712    3760   0.05      1.00      0.00  pidstat
17:07:17     1000      3430   93.00    7.00    0.00    0.00  100.00     0      0.00      0.00   58536   51408   0.65      0.00      2.00  /home/ubuntu/pa
17:07:17     1000      3439   14.00    8.00    0.00    0.00   22.00     3    105.00      0.00 1818300   76760   0.97      0.00      0.00  hey

# Time        UID       PID    %usr %system  %guest   %wait    %CPU   CPU  minflt/s  majflt/s     VSZ     RSS   %MEM   cswch/s nvcswch/s  Command
17:07:18        0        11    0.00    0.00    0.00    0.00    0.00     0      0.00      0.00       0       0   0.00      7.00      0.00  kworker/0:1-events
17:07:18        0        16    0.00    0.00    0.00    0.00    0.00     2      0.00      0.00       0       0   0.00     25.00      0.00  rcu_sched
17:07:18        0        38    0.00    0.00    0.00    0.00    0.00     3      0.00      0.00       0       0   0.00      1.00      0.00  ksoftirqd/3
17:07:18        0        49    0.00    0.00    0.00    0.00    0.00     1      0.00      0.00       0       0   0.00      6.00      0.00  kworker/u16:2-events_power_efficient
17:07:18        0        52    0.00    0.00    0.00    0.00    0.00     1      0.00      0.00       0       0   0.00      2.00      0.00  kcompactd0
17:07:18        0       239    0.00    0.00    0.00    0.00    0.00     1      0.00      0.00  288968   26948   0.34      1.00      0.00  multipathd
17:07:18        0       495    0.00    0.00    0.00    0.00    0.00     3      0.00      0.00       0       0   0.00      3.00      0.00  kworker/3:3-events
17:07:18      110       670    0.00    0.00    0.00    0.00    0.00     1      0.00      0.00   19416    3768   0.05      1.00      0.00  chronyd
17:07:18        0      2044    0.00    0.00    0.00    0.00    0.00     2      0.00      0.00       0       0   0.00      2.00      0.00  kworker/2:2-events
17:07:18        0      3261    0.00    0.00    0.00    0.00    0.00     1      0.00      0.00       0       0   0.00      6.00      0.00  kworker/1:0-events
17:07:18     1000      3370    0.00    0.00    0.00    0.00    0.00     1      0.00      0.00   32128   21708   0.27     18.00      0.00  python3
17:07:18     1000      3376    0.00    0.00    0.00    0.00    0.00     1      0.00      0.00    9900    3336   0.04      1.00      0.00  vmstat
17:07:18     1000      3377    0.00    0.00    0.00    0.00    0.00     1      0.00      0.00    7712    3760   0.05      1.00      0.00  pidstat

# Time        UID       PID    %usr %system  %guest   %wait    %CPU   CPU  minflt/s  majflt/s     VSZ     RSS   %MEM   cswch/s nvcswch/s  Command
17:07:19        0        11    0.00    0.00    0.00    0.00    0.00     0      0.00      0.00       0       0   0.00      1.00      0.00  kworker/0:1-mm_percpu_wq
17:07:19        0        16    0.00    0.00    0.00    0.00    0.00     1      0.00      0.00       0       0   0.00     36.00      0.00  rcu_sched
17:07:19        0        19    0.00    0.00    0.00    0.00    0.00     0      0.00      0.00       0       0   0.00      1.00      0.00  migration/0
17:07:19        0        25    0.00    0.00    0.00    0.00    0.00     1      0.00      0.00       0       0   0.00      3.00      0.00  migration/1
17:07:19        0        26    0.00    0.00    0.00    0.00    0.00     1      0.00      0.00       0       0   0.00      1.00      0.00  ksoftirqd/1
17:07:19        0        31    0.00    0.00    0.00    0.00    0.00     2      0.00      0.00       0       0   0.00      1.00      0.00  migration/2
17:07:19        0        37    0.00    0.00    0.00    0.00    0.00     3      0.00      0.00       0       0   0.00      1.00      0.00  migration/3
17:07:19        0        49    0.00    0.00    0.00    0.00    0.00     1      0.00      0.00       0       0   0.00      5.00      0.00  kworker/u16:2-events_power_efficient
17:07:19        0        52    0.00    0.00    0.00    0.00    0.00     1      0.00      0.00       0       0   0.00      2.00      0.00  kcompactd0
17:07:19        0       239    0.00    0.00    0.00    0.00    0.00     1      0.00      0.00  288968   26948   0.34      1.00      0.00  multipathd
17:07:19        0       382    0.00    0.00    0.00    0.00    0.00     2      0.00      0.00       0       0   0.00      1.00      0.00  kworker/u16:4-events_power_efficient
17:07:19        0       495    0.00    0.00    0.00    1.00    0.00     3      0.00      0.00       0       0   0.00      2.00      0.00  kworker/3:3-events
17:07:19        0       592    0.00    0.00    0.00    0.00    0.00     1      0.00      0.00   83064    4616   0.06      1.00      0.00  irqbalance
17:07:19      110       670    0.00    0.00    0.00    0.00    0.00     1      0.00      0.00   19416    3768   0.05      1.00      0.00  chronyd
17:07:19        0      2044    0.00    0.00    0.00    0.00    0.00     2      0.00      0.00       0       0   0.00      2.00      0.00  kworker/2:2-events
17:07:19        0      3261    0.00    0.00    0.00    0.00    0.00     1      0.00      0.00       0       0   0.00      5.00      0.00  kworker/1:0-events
17:07:19     1000      3370    1.00    1.00    0.00    0.00    2.00     1      1.00      0.00   32128   21708   0.27     13.00      0.00  python3
17:07:19     1000      3376    0.00    0.00    0.00    0.00    0.00     1      0.00      0.00    9900    3336   0.04      1.00      0.00  vmstat
17:07:19     1000      3377    0.00    0.00    0.00    0.00    0.00     1      0.00      0.00    7712    3760   0.05      1.00      0.00  pidstat
17:07:19     1000      3533    0.00    0.00    0.00    0.00    0.00     0    144.00      0.00    2704    1464   0.02      1.00      1.00  time
17:07:19     1000      3534   62.00   13.00    0.00    0.00   75.00     0   9315.00      0.00   52448   45380   0.57     10.00      2.00  /home/ubuntu/pa
17:07:19     1000      3535    6.00   11.00    0.00    0.00   17.00     2   6910.00      0.00 1742584   32544   0.41      4.00      4.00  hey

# Time        UID       PID    %usr %system  %guest   %wait    %CPU   CPU  minflt/s  majflt/s     VSZ     RSS   %MEM   cswch/s nvcswch/s  Command
17:07:20        0        11    0.00    0.00    0.00    0.00    0.00     0      0.00      0.00       0       0   0.00      5.00      0.00  kworker/0:1-events
17:07:20        0        16    0.00    0.00    0.00    0.00    0.00     2      0.00      0.00       0       0   0.00     18.00      0.00  rcu_sched
17:07:20        0        25    0.00    0.00    0.00    0.00    0.00     1      0.00      0.00       0       0   0.00      2.00      0.00  migration/1
17:07:20        0        38    0.00    0.00    0.00    0.00    0.00     3      0.00      0.00       0       0   0.00      1.00      0.00  ksoftirqd/3
17:07:20        0        49    0.00    0.00    0.00    0.00    0.00     1      0.00      0.00       0       0   0.00      2.00      0.00  kworker/u16:2-flush-259:0
17:07:20        0        52    0.00    0.00    0.00    0.00    0.00     1      0.00      0.00       0       0   0.00      2.00      0.00  kcompactd0
17:07:20        0       239    0.00    0.00    0.00    0.00    0.00     1      0.00      0.00  288968   26948   0.34      1.00      0.00  multipathd
17:07:20        0       382    0.00    0.00    0.00    0.00    0.00     1      0.00      0.00       0       0   0.00      6.00      0.00  kworker/u16:4-events_power_efficient
17:07:20        0       495    0.00    0.00    0.00    0.00    0.00     3      0.00      0.00       0       0   0.00      1.00      0.00  kworker/3:3-mm_percpu_wq
17:07:20        0      2044    0.00    0.00    0.00    0.00    0.00     2      0.00      0.00       0       0   0.00      3.00      0.00  kworker/2:2-events
17:07:20        0      3261    0.00    0.00    0.00    0.00    0.00     1      0.00      0.00       0       0   0.00      6.00      0.00  kworker/1:0-events
17:07:20     1000      3370    0.00    0.00    0.00    0.00    0.00     1      0.00      0.00   32128   21708   0.27      5.00      0.00  python3
17:07:20     1000      3376    0.00    0.00    0.00    0.00    0.00     1      0.00      0.00    9900    3336   0.04      1.00      0.00  vmstat
17:07:20     1000      3377    1.00    1.00    0.00    0.00    2.00     1      0.00      0.00    7712    3760   0.05      1.00      0.00  pidstat
17:07:20     1000      3534   87.00   11.00    0.00    0.00   98.00     0   1456.00      0.00   57812   50616   0.64      4.00      5.00  /home/ubuntu/pa
17:07:20     1000      3542    7.00    5.00    0.00    0.00   12.00     3   9106.00      0.00 1816892   37300   0.47      3.00      2.00  hey
17:07:20     1000      3550    0.00    1.00    0.00    0.00    1.00     2   1648.00      0.00 1750456   11816   0.15      3.00      4.00  hey

# Time        UID       PID    %usr %system  %guest   %wait    %CPU   CPU  minflt/s  majflt/s     VSZ     RSS   %MEM   cswch/s nvcswch/s  Command
17:07:21        0        11    0.00    0.00    0.00    0.00    0.00     0      0.00      0.00       0       0   0.00      3.00      0.00  kworker/0:1-events
17:07:21        0        12    0.00    0.00    0.00    0.00    0.00     1      0.00      0.00       0       0   0.00      7.00      0.00  kworker/u16:0-events_power_efficient
17:07:21        0        16    0.00    0.00    0.00    0.00    0.00     1      0.00      0.00       0       0   0.00      4.00      0.00  rcu_sched
17:07:21        0        49    0.00    0.00    0.00    0.00    0.00     3      0.00      0.00       0       0   0.00      1.00      0.00  kworker/u16:2-flush-259:0
17:07:21        0        52    0.00    0.00    0.00    0.00    0.00     1      0.00      0.00       0       0   0.00      2.00      0.00  kcompactd0
17:07:21        0       239    0.00    0.00    0.00    0.00    0.00     1      0.00      0.00  288968   26948   0.34      1.00      0.00  multipathd
17:07:21        0       382    0.00    0.00    0.00    0.00    0.00     1      0.00      0.00       0       0   0.00      2.00      0.00  kworker/u16:4-events_power_efficient
17:07:21        0       495    0.00    0.00    0.00    0.00    0.00     3      0.00      0.00       0       0   0.00      1.00      0.00  kworker/3:3-mm_percpu_wq
17:07:21      110       670    0.00    0.00    0.00    0.00    0.00     1      0.00      0.00   19416    3768   0.05      2.00      0.00  chronyd
17:07:21        0      2044    0.00    0.00    0.00    0.00    0.00     2      0.00      0.00       0       0   0.00      2.00      0.00  kworker/2:2-mm_percpu_wq
17:07:21        0      3261    0.00    0.00    0.00    0.00    0.00     1      0.00      0.00       0       0   0.00      5.00      0.00  kworker/1:0-events
17:07:21     1000      3376    0.00    0.00    0.00    0.00    0.00     1      0.00      0.00    9900    3336   0.04      1.00      0.00  vmstat
17:07:21     1000      3377    0.00    0.00    0.00    0.00    0.00     1      0.00      0.00    7712    3760   0.05      1.00      0.00  pidstat
17:07:21     1000      3534   92.00    9.00    0.00    0.00  101.00     0    854.00      0.00   57972   50940   0.64      0.00      3.00  /home/ubuntu/pa
17:07:21     1000      3542    9.00    9.00    0.00    0.00   18.00     3   8513.00      0.00 1817852   67252   0.85      0.00      0.00  hey
17:07:21     1000      3550    1.00    3.00    0.00    0.00    4.00     2   1473.00      0.00 1750712   17576   0.22      0.00      0.00  hey

# Time        UID       PID    %usr %system  %guest   %wait    %CPU   CPU  minflt/s  majflt/s     VSZ     RSS   %MEM   cswch/s nvcswch/s  Command
17:07:22        0        11    0.00    0.00    0.00    0.00    0.00     0      0.00      0.00       0       0   0.00      6.00      0.00  kworker/0:1-events
17:07:22        0        12    0.00    0.00    0.00    0.00    0.00     1      0.00      0.00       0       0   0.00      9.00      0.00  kworker/u16:0-events_power_efficient
17:07:22        0        16    0.00    0.00    0.00    0.00    0.00     1      0.00      0.00       0       0   0.00      7.00      0.00  rcu_sched
17:07:22        0        26    0.00    0.00    0.00    0.00    0.00     1      0.00      0.00       0       0   0.00      1.00      0.00  ksoftirqd/1
17:07:22        0        52    0.00    0.00    0.00    0.00    0.00     3      0.00      0.00       0       0   0.00      2.00      0.00  kcompactd0
17:07:22        0       239    0.00    0.00    0.00    0.00    0.00     1      0.00      0.00  288968   26948   0.34      1.00      0.00  multipathd
17:07:22        0       495    0.00    0.00    0.00    0.00    0.00     3      0.00      0.00       0       0   0.00      1.00      0.00  kworker/3:3-mm_percpu_wq
17:07:22      110       670    0.00    0.00    0.00    0.00    0.00     1      0.00      0.00   19416    3768   0.05      4.00      0.00  chronyd
17:07:22        0      2044    0.00    0.00    0.00    0.00    0.00     2      0.00      0.00       0       0   0.00      1.00      0.00  kworker/2:2-mm_percpu_wq
17:07:22        0      3261    0.00    0.00    0.00    0.00    0.00     1      0.00      0.00       0       0   0.00      5.00      0.00  kworker/1:0-events
17:07:22     1000      3376    0.00    0.00    0.00    0.00    0.00     1      0.00      0.00    9900    3336   0.04      1.00      0.00  vmstat
17:07:22     1000      3377    0.00    1.00    0.00    0.00    1.00     1      0.00      0.00    7712    3760   0.05      1.00      0.00  pidstat
17:07:22     1000      3534   91.00    8.00    0.00    0.00   99.00     0    255.00      0.00   58316   51196   0.65      0.00      6.00  /home/ubuntu/pa
17:07:22     1000      3542   11.00    4.00    0.00    0.00   15.00     3    237.00      0.00 1817980   68020   0.86      0.00      0.00  hey
17:07:22     1000      3550    1.00    3.00    0.00    0.00    4.00     2   1412.00      0.00 1816316   23208   0.29      0.00      0.00  hey

# Time        UID       PID    %usr %system  %guest   %wait    %CPU   CPU  minflt/s  majflt/s     VSZ     RSS   %MEM   cswch/s nvcswch/s  Command
17:07:23        0        11    0.00    0.00    0.00    0.00    0.00     0      0.00      0.00       0       0   0.00      2.00      0.00  kworker/0:1-events
17:07:23        0        12    0.00    0.00    0.00    0.00    0.00     1      0.00      0.00       0       0   0.00      5.00      0.00  kworker/u16:0-events_power_efficient
17:07:23        0        16    0.00    0.00    0.00    0.00    0.00     1      0.00      0.00       0       0   0.00      6.00      0.00  rcu_sched
17:07:23        0        19    0.00    0.00    0.00    0.00    0.00     0      0.00      0.00       0       0   0.00      1.00      0.00  migration/0
17:07:23        0        25    0.00    0.00    0.00    0.00    0.00     1      0.00      0.00       0       0   0.00      1.00      0.00  migration/1
17:07:23        0        26    0.00    0.00    0.00    0.00    0.00     1      0.00      0.00       0       0   0.00      1.00      0.00  ksoftirqd/1
17:07:23        0        31    0.00    0.00    0.00    0.00    0.00     2      0.00      0.00       0       0   0.00      1.00      0.00  migration/2
17:07:23        0        37    0.00    0.00    0.00    0.00    0.00     3      0.00      0.00       0       0   0.00      1.00      0.00  migration/3
17:07:23        0        52    0.00    0.00    0.00    0.00    0.00     3      0.00      0.00       0       0   0.00      2.00      0.00  kcompactd0
17:07:23        0       239    0.00    0.00    0.00    0.00    0.00     1      0.00      0.00  288968   26948   0.34      1.00      0.00  multipathd
17:07:23        0       495    0.00    0.00    0.00    0.00    0.00     3      0.00      0.00       0       0   0.00      1.00      0.00  kworker/3:3-mm_percpu_wq
17:07:23      110       670    0.00    0.00    0.00    0.00    0.00     1      0.00      0.00   19416    3768   0.05      4.00      0.00  chronyd
17:07:23        0      2044    0.00    0.00    0.00    0.00    0.00     2      0.00      0.00       0       0   0.00      1.00      0.00  kworker/2:2-mm_percpu_wq
17:07:23        0      3261    0.00    0.00    0.00    0.00    0.00     1      0.00      0.00       0       0   0.00      6.00      0.00  kworker/1:0-events
17:07:23     1000      3376    0.00    0.00    0.00    0.00    0.00     1      0.00      0.00    9900    3336   0.04      1.00      0.00  vmstat
17:07:23     1000      3377    0.00    0.00    0.00    0.00    0.00     1      0.00      0.00    7712    3760   0.05      1.00      0.00  pidstat
17:07:23     1000      3534   94.00    6.00    0.00    0.00  100.00     0      0.00      0.00   58316   51196   0.65      0.00      3.00  /home/ubuntu/pa
17:07:23     1000      3542   11.00    6.00    0.00    0.00   17.00     3   1190.00      0.00 1818236   72116   0.91      0.00      0.00  hey
17:07:23     1000      3550    2.00    3.00    0.00    0.00    5.00     2   1405.00      0.00 1816316   28712   0.36      0.00      0.00  hey

# Time        UID       PID    %usr %system  %guest   %wait    %CPU   CPU  minflt/s  majflt/s     VSZ     RSS   %MEM   cswch/s nvcswch/s  Command
17:07:24        0        11    0.00    0.00    0.00    0.00    0.00     0      0.00      0.00       0       0   0.00      7.00      0.00  kworker/0:1-events
17:07:24        0        12    0.00    0.00    0.00    0.00    0.00     1      0.00      0.00       0       0   0.00      5.00      0.00  kworker/u16:0-events_power_efficient
17:07:24        0        16    0.00    0.00    0.00    0.00    0.00     3      0.00      0.00       0       0   0.00      4.00      0.00  rcu_sched
17:07:24        0        52    0.00    0.00    0.00    0.00    0.00     3      0.00      0.00       0       0   0.00      2.00      0.00  kcompactd0
17:07:24        0       239    0.00    0.00    0.00    0.00    0.00     1      0.00      0.00  288968   26948   0.34      1.00      0.00  multipathd
17:07:24        0       495    0.00    0.00    0.00    0.00    0.00     3      0.00      0.00       0       0   0.00      1.00      0.00  kworker/3:3-mm_percpu_wq
17:07:24      110       670    0.00    0.00    0.00    0.00    0.00     1      0.00      0.00   19416    3768   0.05      4.00      0.00  chronyd
17:07:24        0      2044    0.00    0.00    0.00    0.00    0.00     2      0.00      0.00       0       0   0.00      1.00      0.00  kworker/2:2-mm_percpu_wq
17:07:24        0      3261    0.00    0.00    0.00    0.00    0.00     1      0.00      0.00       0       0   0.00      5.00      0.00  kworker/1:0-events
17:07:24     1000      3376    0.00    0.00    0.00    0.00    0.00     1      0.00      0.00    9900    3336   0.04      1.00      0.00  vmstat
17:07:24     1000      3377    0.00    1.00    0.00    0.00    1.00     1      0.00      0.00    7712    3760   0.05      1.00      0.00  pidstat
17:07:24     1000      3534   93.00    8.00    0.00    0.00  101.00     0    151.00      0.00   58072   50876   0.64      0.00      7.00  /home/ubuntu/pa
17:07:24     1000      3542   10.00    6.00    0.00    0.00   16.00     3    123.00      0.00 1818364   72628   0.92      0.00      0.00  hey
17:07:24     1000      3550    1.00    3.00    0.00    0.00    4.00     2   1363.00      0.00 1816316   34088   0.43      0.00      0.00  hey

# Time        UID       PID    %usr %system  %guest   %wait    %CPU   CPU  minflt/s  majflt/s     VSZ     RSS   %MEM   cswch/s nvcswch/s  Command
17:07:25        0        11    0.00    0.00    0.00    0.00    0.00     0      0.00      0.00       0       0   0.00      1.00      0.00  kworker/0:1-mm_percpu_wq
17:07:25        0        12    0.00    0.00    0.00    0.00    0.00     1      0.00      0.00       0       0   0.00      7.00      0.00  kworker/u16:0-events_power_efficient
17:07:25        0        16    0.00    0.00    0.00    0.00    0.00     3      0.00      0.00       0       0   0.00      4.00      0.00  rcu_sched
17:07:25        0        38    0.00    0.00    0.00    0.00    0.00     3      0.00      0.00       0       0   0.00      1.00      0.00  ksoftirqd/3
17:07:25        0        49    0.00    0.00    0.00    0.00    0.00     2      0.00      0.00       0       0   0.00      1.00      0.00  kworker/u16:2-flush-259:0
17:07:25        0        52    0.00    0.00    0.00    0.00    0.00     3      0.00      0.00       0       0   0.00      2.00      0.00  kcompactd0
17:07:25        0       161    0.00    0.00    0.00    0.00    0.00     0      0.00      0.00       0       0   0.00      1.00      0.00  kworker/0:1H-kblockd
17:07:25        0       239    1.00    0.00    0.00    0.00    1.00     1      0.00      0.00  288968   26948   0.34      1.00      0.00  multipathd
17:07:25        0       495    0.00    0.00    0.00    0.00    0.00     3      0.00      0.00       0       0   0.00      1.00      0.00  kworker/3:3-mm_percpu_wq
17:07:25      110       670    0.00    0.00    0.00    0.00    0.00     1      0.00      0.00   19416    3768   0.05      2.00      0.00  chronyd
17:07:25        0      2044    0.00    0.00    0.00    0.00    0.00     2      0.00      0.00       0       0   0.00      1.00      0.00  kworker/2:2-mm_percpu_wq
17:07:25        0      3261    0.00    0.00    0.00    0.00    0.00     1      0.00      0.00       0       0   0.00      5.00      0.00  kworker/1:0-events
17:07:25     1000      3376    0.00    0.00    0.00    0.00    0.00     1      0.00      0.00    9900    3336   0.04      1.00      0.00  vmstat
17:07:25     1000      3377    0.00    0.00    0.00    0.00    0.00     1      0.00      0.00    7712    3760   0.05      1.00      0.00  pidstat
17:07:25     1000      3534   92.00    8.00    0.00    0.00  100.00     0     61.00      0.00   58260   51132   0.65      0.00      2.00  /home/ubuntu/pa
17:07:25     1000      3542   11.00    6.00    0.00    0.00   17.00     3    170.00      0.00 1818428   73012   0.92      0.00      0.00  hey
17:07:25     1000      3550    2.00    4.00    0.00    0.00    6.00     2   1606.00      0.00 1816316   40616   0.51      0.00      0.00  hey

# Time        UID       PID    %usr %system  %guest   %wait    %CPU   CPU  minflt/s  majflt/s     VSZ     RSS   %MEM   cswch/s nvcswch/s  Command
17:07:26        0        11    0.00    0.00    0.00    0.00    0.00     0      0.00      0.00       0       0   0.00      6.00      0.00  kworker/0:1-events
17:07:26        0        12    0.00    0.00    0.00    0.00    0.00     1      0.00      0.00       0       0   0.00      9.00      0.00  kworker/u16:0-events_power_efficient
17:07:26        0        49    0.00    0.00    0.00    0.00    0.00     2      0.00      0.00       0       0   0.00      2.00      0.00  kworker/u16:2-events_power_efficient
17:07:26        0        52    0.00    0.00    0.00    0.00    0.00     1      0.00      0.00       0       0   0.00      2.00      0.00  kcompactd0
17:07:26        0       239    0.00    0.00    0.00    0.00    0.00     1      0.00      0.00  288968   26948   0.34      1.00      0.00  multipathd
17:07:26        0       495    0.00    0.00    0.00    0.00    0.00     3      0.00      0.00       0       0   0.00      1.00      0.00  kworker/3:3-mm_percpu_wq
17:07:26        0      2044    0.00    0.00    0.00    0.00    0.00     2      0.00      0.00       0       0   0.00      1.00      0.00  kworker/2:2-mm_percpu_wq
17:07:26     1000      2732    0.00    0.00    0.00    0.00    0.00     1      0.00      0.00   15004    7244   0.09      1.00      0.00  sshd
17:07:26        0      3261    0.00    0.00    0.00    0.00    0.00     1      0.00      0.00       0       0   0.00      6.00      0.00  kworker/1:0-events
17:07:26     1000      3376    0.00    0.00    0.00    0.00    0.00     1      0.00      0.00    9900    3336   0.04      1.00      0.00  vmstat
17:07:26     1000      3377    0.00    1.00    0.00    0.00    1.00     1      0.00      0.00    7712    3760   0.05      1.00      0.00  pidstat
17:07:26     1000      3534   92.00    7.00    0.00    0.00   99.00     0      0.00      0.00   58260   51132   0.65      0.00      6.00  /home/ubuntu/pa
17:07:26     1000      3542   10.00    5.00    0.00    0.00   15.00     3     96.00      0.00 1818492   73396   0.93      0.00      0.00  hey
17:07:26     1000      3550    1.00    4.00    0.00    0.00    5.00     2   1553.00      0.00 1816316   46632   0.59      0.00      0.00  hey

# Time        UID       PID    %usr %system  %guest   %wait    %CPU   CPU  minflt/s  majflt/s     VSZ     RSS   %MEM   cswch/s nvcswch/s  Command
17:07:27        0        11    0.00    0.00    0.00    0.00    0.00     0      0.00      0.00       0       0   0.00      2.00      0.00  kworker/0:1-events
17:07:27        0        12    0.00    0.00    0.00    0.00    0.00     1      0.00      0.00       0       0   0.00      7.00      0.00  kworker/u16:0-events_power_efficient
17:07:27        0        19    0.00    0.00    0.00    0.00    0.00     0      0.00      0.00       0       0   0.00      1.00      0.00  migration/0
17:07:27        0        25    0.00    0.00    0.00    0.00    0.00     1      0.00      0.00       0       0   0.00      1.00      0.00  migration/1
17:07:27        0        31    0.00    0.00    0.00    0.00    0.00     2      0.00      0.00       0       0   0.00      1.00      0.00  migration/2
17:07:27        0        37    0.00    0.00    0.00    0.00    0.00     3      0.00      0.00       0       0   0.00      1.00      0.00  migration/3
17:07:27        0        52    0.00    0.00    0.00    0.00    0.00     1      0.00      0.00       0       0   0.00      2.00      0.00  kcompactd0
17:07:27        0       239    0.00    0.00    0.00    0.00    0.00     1      0.00      0.00  288968   26948   0.34      1.00      0.00  multipathd
17:07:27        0       495    0.00    0.00    0.00    0.00    0.00     3      0.00      0.00       0       0   0.00      1.00      0.00  kworker/3:3-mm_percpu_wq
17:07:27        0      2044    0.00    0.00    0.00    0.00    0.00     2      0.00      0.00       0       0   0.00      1.00      0.00  kworker/2:2-mm_percpu_wq
17:07:27        0      3261    0.00    0.00    0.00    0.00    0.00     1      0.00      0.00       0       0   0.00      6.00      0.00  kworker/1:0-events
17:07:27     1000      3376    0.00    0.00    0.00    0.00    0.00     1      0.00      0.00    9900    3336   0.04      1.00      0.00  vmstat
17:07:27     1000      3377    1.00    0.00    0.00    0.00    1.00     1      0.00      0.00    7712    3760   0.05      1.00      0.00  pidstat
17:07:27     1000      3534   92.00    8.00    0.00    0.00  100.00     0    206.00      0.00   58044   50876   0.64      0.00      3.00  /home/ubuntu/pa
17:07:27     1000      3542   11.00    6.00    0.00    0.00   17.00     3    338.00      0.00 1818556   74548   0.94      0.00      0.00  hey
17:07:27     1000      3550    2.00    3.00    0.00    0.00    5.00     2   1468.00      0.00 1816316   52392   0.66      0.00      0.00  hey

# Time        UID       PID    %usr %system  %guest   %wait    %CPU   CPU  minflt/s  majflt/s     VSZ     RSS   %MEM   cswch/s nvcswch/s  Command
17:07:28        0        11    0.00    0.00    0.00    0.00    0.00     0      0.00      0.00       0       0   0.00      8.00      0.00  kworker/0:1-events
17:07:28        0        12    0.00    0.00    0.00    0.00    0.00     1      0.00      0.00       0       0   0.00      7.00      0.00  kworker/u16:0-events_power_efficient
17:07:28        0        16    0.00    0.00    0.00    0.00    0.00     3      0.00      0.00       0       0   0.00      2.00      0.00  rcu_sched
17:07:28        0        52    0.00    0.00    0.00    0.00    0.00     1      0.00      0.00       0       0   0.00      2.00      0.00  kcompactd0
17:07:28        0       239    0.00    0.00    0.00    0.00    0.00     1      0.00      0.00  288968   26948   0.34      1.00      0.00  multipathd
17:07:28        0       495    0.00    0.00    0.00    0.00    0.00     3      0.00      0.00       0       0   0.00      1.00      0.00  kworker/3:3-mm_percpu_wq
17:07:28        0      2044    0.00    0.00    0.00    0.00    0.00     2      0.00      0.00       0       0   0.00      1.00      0.00  kworker/2:2-mm_percpu_wq
17:07:28        0      3261    0.00    0.00    0.00    0.00    0.00     1      0.00      0.00       0       0   0.00      6.00      0.00  kworker/1:0-events
17:07:28     1000      3376    0.00    0.00    0.00    0.00    0.00     1      0.00      0.00    9900    3336   0.04      1.00      0.00  vmstat
17:07:28     1000      3377    0.00    0.00    0.00    0.00    0.00     1      0.00      0.00    7712    3760   0.05      1.00      0.00  pidstat
17:07:28     1000      3534   91.00   10.00    0.00    0.00  101.00     0     76.00      0.00   58384   51132   0.65      0.00      8.00  /home/ubuntu/pa
17:07:28     1000      3542   11.00    5.00    0.00    0.00   16.00     3     97.00      0.00 1818556   75060   0.95      0.00      0.00  hey
17:07:28     1000      3550    2.00    3.00    0.00    0.00    5.00     2   1590.00      0.00 1816316   58664   0.74      0.00      0.00  hey

# Time        UID       PID    %usr %system  %guest   %wait    %CPU   CPU  minflt/s  majflt/s     VSZ     RSS   %MEM   cswch/s nvcswch/s  Command
17:07:29        0        11    0.00    0.00    0.00    0.00    0.00     0      0.00      0.00       0       0   0.00      1.00      0.00  kworker/0:1-mm_percpu_wq
17:07:29        0        12    0.00    0.00    0.00    0.00    0.00     1      0.00      0.00       0       0   0.00      4.00      0.00  kworker/u16:0-events_power_efficient
17:07:29        0        16    0.00    0.00    0.00    0.00    0.00     3      0.00      0.00       0       0   0.00      2.00      0.00  rcu_sched
17:07:29        0        52    0.00    0.00    0.00    0.00    0.00     1      0.00      0.00       0       0   0.00      2.00      0.00  kcompactd0
17:07:29        0       239    0.00    0.00    0.00    0.00    0.00     1      0.00      0.00  288968   26948   0.34      1.00      0.00  multipathd
17:07:29        0       495    0.00    0.00    0.00    0.00    0.00     3      0.00      0.00       0       0   0.00      1.00      0.00  kworker/3:3-mm_percpu_wq
17:07:29        0       592    0.00    0.00    0.00    0.00    0.00     1      0.00      0.00   83064    4616   0.06      1.00      0.00  irqbalance
17:07:29        0      2044    0.00    0.00    0.00    0.00    0.00     2      0.00      0.00       0       0   0.00      2.00      0.00  kworker/2:2-events
17:07:29        0      3261    0.00    0.00    0.00    0.00    0.00     1      0.00      0.00       0       0   0.00      5.00      0.00  kworker/1:0-events
17:07:29     1000      3376    0.00    0.00    0.00    0.00    0.00     1      0.00      0.00    9900    3336   0.04      1.00      0.00  vmstat
17:07:29     1000      3377    0.00    1.00    0.00    0.00    1.00     1      0.00      0.00    7712    3760   0.05      1.00      0.00  pidstat
17:07:29     1000      3534   92.00    8.00    0.00    0.00  100.00     0      0.00      0.00   58384   51132   0.65      0.00      1.00  /home/ubuntu/pa
17:07:29     1000      3542   11.00    6.00    0.00    0.00   17.00     3    137.00      0.00 1818556   75572   0.95      0.00      0.00  hey
17:07:29     1000      3550    2.00    3.00    0.00    0.00    5.00     2   1555.00      0.00 1816572   64936   0.82      0.00      0.00  hey

# Time        UID       PID    %usr %system  %guest   %wait    %CPU   CPU  minflt/s  majflt/s     VSZ     RSS   %MEM   cswch/s nvcswch/s  Command
17:07:30        0        11    0.00    0.00    0.00    0.00    0.00     0      0.00      0.00       0       0   0.00      6.00      0.00  kworker/0:1-events
17:07:30        0        12    0.00    0.00    0.00    0.00    0.00     1      0.00      0.00       0       0   0.00      7.00      0.00  kworker/u16:0-events_unbound
17:07:30        0        49    0.00    0.00    0.00    0.00    0.00     3      0.00      0.00       0       0   0.00      1.00      0.00  kworker/u16:2-flush-259:0
17:07:30        0        52    0.00    0.00    0.00    0.00    0.00     1      0.00      0.00       0       0   0.00      2.00      0.00  kcompactd0
17:07:30        0       239    0.00    0.00    0.00    0.00    0.00     1      0.00      0.00  288968   26948   0.34      1.00      0.00  multipathd
17:07:30        0       382    0.00    0.00    0.00    0.00    0.00     1      0.00      0.00       0       0   0.00      1.00      0.00  kworker/u16:4-events_power_efficient
17:07:30        0       495    0.00    0.00    0.00    0.00    0.00     3      0.00      0.00       0       0   0.00      1.00      0.00  kworker/3:3-mm_percpu_wq
17:07:30        0      2044    0.00    0.00    0.00    0.00    0.00     2      0.00      0.00       0       0   0.00      3.00      0.00  kworker/2:2-mm_percpu_wq
17:07:30        0      3261    0.00    0.00    0.00    0.00    0.00     1      0.00      0.00       0       0   0.00      2.00      0.00  kworker/1:0-events
17:07:30     1000      3376    0.00    0.00    0.00    0.00    0.00     1      0.00      0.00    9900    3336   0.04      1.00      0.00  vmstat
17:07:30     1000      3377    0.00    0.00    0.00    0.00    0.00     1      0.00      0.00    7712    3760   0.05      1.00      0.00  pidstat
17:07:30     1000      3534   91.00    8.00    0.00    0.00   99.00     0     13.00      0.00   58384   51260   0.65      0.00      6.00  /home/ubuntu/pa
17:07:30     1000      3542   11.00    6.00    0.00    0.00   17.00     3    282.00      0.00 1818556   76596   0.97      0.00      0.00  hey
17:07:30     1000      3550    1.00    3.00    0.00    0.00    4.00     2     84.00      0.00 1816572   65192   0.82      0.00      0.00  hey

# Time        UID       PID    %usr %system  %guest   %wait    %CPU   CPU  minflt/s  majflt/s     VSZ     RSS   %MEM   cswch/s nvcswch/s  Command
17:07:31        0        11    0.00    0.00    0.00    0.00    0.00     0      0.00      0.00       0       0   0.00      2.00      0.00  kworker/0:1-events
17:07:31        0        12    0.00    0.00    0.00    0.00    0.00     1      0.00      0.00       0       0   0.00      8.00      0.00  kworker/u16:0-events_power_efficient
17:07:31        0        16    0.00    0.00    0.00    0.00    0.00     1      0.00      0.00       0       0   0.00      8.00      0.00  rcu_sched
17:07:31        0        19    0.00    0.00    0.00    0.00    0.00     0      0.00      0.00       0       0   0.00      1.00      0.00  migration/0
17:07:31        0        25    0.00    0.00    0.00    0.00    0.00     1      0.00      0.00       0       0   0.00      1.00      0.00  migration/1
17:07:31        0        31    0.00    0.00    0.00    0.00    0.00     2      0.00      0.00       0       0   0.00      1.00      0.00  migration/2
17:07:31        0        32    0.00    0.00    0.00    0.00    0.00     2      0.00      0.00       0       0   0.00      1.00      0.00  ksoftirqd/2
17:07:31        0        37    0.00    0.00    0.00    0.00    0.00     3      0.00      0.00       0       0   0.00      1.00      0.00  migration/3
17:07:31        0        52    0.00    0.00    0.00    0.00    0.00     1      0.00      0.00       0       0   0.00      2.00      0.00  kcompactd0
17:07:31        0       239    0.00    0.00    0.00    0.00    0.00     1      0.00      0.00  288968   26948   0.34      1.00      0.00  multipathd
17:07:31        0       382    0.00    0.00    0.00    0.00    0.00     1      0.00      0.00       0       0   0.00      2.00      0.00  kworker/u16:4-events_power_efficient
17:07:31        0       495    0.00    0.00    0.00    0.00    0.00     3      0.00      0.00       0       0   0.00      3.00      0.00  kworker/3:3-events
17:07:31        0      2044    0.00    0.00    0.00    0.00    0.00     2      0.00      0.00       0       0   0.00      5.00      0.00  kworker/2:2-events
17:07:31        0      3261    0.00    0.00    0.00    0.00    0.00     1      0.00      0.00       0       0   0.00      6.00      0.00  kworker/1:0-events
17:07:31     1000      3370    0.00    0.00    0.00    0.00    0.00     1      0.00      0.00   32128   21708   0.27     25.00      0.00  python3
17:07:31     1000      3376    0.00    0.00    0.00    0.00    0.00     1      0.00      0.00    9900    3336   0.04      1.00      0.00  vmstat
17:07:31     1000      3377    0.00    1.00    0.00    0.00    1.00     1      0.00      0.00    7712    3760   0.05      1.00      0.00  pidstat
17:07:31     1000      3534   94.00    6.00    0.00    0.00  100.00     0      0.00      0.00   58384   51260   0.65      0.00      3.00  /home/ubuntu/pa
17:07:31     1000      3542   12.00    6.00    0.00    0.00   18.00     3    119.00      0.00 1818556   76980   0.97      0.00      0.00  hey

# Time        UID       PID    %usr %system  %guest   %wait    %CPU   CPU  minflt/s  majflt/s     VSZ     RSS   %MEM   cswch/s nvcswch/s  Command
17:07:32        0        11    0.00    0.00    0.00    0.00    0.00     0      0.00      0.00       0       0   0.00      5.00      0.00  kworker/0:1-events
17:07:32        0        16    0.00    0.00    0.00    0.00    0.00     3      0.00      0.00       0       0   0.00     47.00      0.00  rcu_sched
17:07:32        0        25    0.00    0.00    0.00    0.00    0.00     1      0.00      0.00       0       0   0.00      1.00      0.00  migration/1
17:07:32        0        26    0.00    0.00    0.00    0.00    0.00     1      0.00      0.00       0       0   0.00      1.00      0.00  ksoftirqd/1
17:07:32        0        32    0.00    0.00    0.00    0.00    0.00     2      0.00      0.00       0       0   0.00      1.00      0.00  ksoftirqd/2
17:07:32        0        52    0.00    0.00    0.00    0.00    0.00     1      0.00      0.00       0       0   0.00      2.00      0.00  kcompactd0
17:07:32        0       239    0.00    0.00    0.00    0.00    0.00     1      0.00      0.00  288968   26948   0.34      1.00      0.00  multipathd
17:07:32        0       382    0.00    0.00    0.00    0.00    0.00     1      0.00      0.00       0       0   0.00      7.00      0.00  kworker/u16:4-flush-259:0
17:07:32        0       495    0.00    0.00    0.00    0.00    0.00     3      0.00      0.00       0       0   0.00      3.00      0.00  kworker/3:3-events
17:07:32        0      2044    0.00    0.00    0.00    0.00    0.00     2      0.00      0.00       0       0   0.00      5.00      0.00  kworker/2:2-events
17:07:32        0      3261    0.00    0.00    0.00    0.00    0.00     1      0.00      0.00       0       0   0.00      7.00      0.00  kworker/1:0-events
17:07:32     1000      3370    1.00    0.00    0.00    0.00    1.00     1      0.00      0.00   32128   21708   0.27     14.00      0.00  python3
17:07:32     1000      3376    0.00    0.00    0.00    0.00    0.00     1      0.00      0.00    9900    3336   0.04      1.00      0.00  vmstat
17:07:32     1000      3377    0.00    0.00    0.00    0.00    0.00     1      0.00      0.00    7712    3760   0.05      1.00      0.00  pidstat
17:07:32     1000      3558    0.00    0.00    0.00    0.00    0.00     0    145.00      0.00    2704    1464   0.02      1.00      1.00  time
17:07:32     1000      3559   12.00    2.00    0.00    0.00   14.00     0   7888.00      0.00   47984   40812   0.52      1.00      1.00  /home/ubuntu/pa

# Time        UID       PID    %usr %system  %guest   %wait    %CPU   CPU  minflt/s  majflt/s     VSZ     RSS   %MEM   cswch/s nvcswch/s  Command
17:07:33        0        11    0.00    0.00    0.00    0.00    0.00     0      0.00      0.00       0       0   0.00      1.00      0.00  kworker/0:1-mm_percpu_wq
17:07:33        0        16    0.00    0.00    0.00    0.00    0.00     1      0.00      0.00       0       0   0.00     21.00      0.00  rcu_sched
17:07:33        0        25    0.00    0.00    0.00    0.00    0.00     1      0.00      0.00       0       0   0.00      1.00      0.00  migration/1
17:07:33        0        52    0.00    0.00    0.00    0.00    0.00     1      0.00      0.00       0       0   0.00      2.00      0.00  kcompactd0
17:07:33        0       136    0.00    0.00    0.00    0.00    0.00     1      0.00      0.00       0       0   0.00      6.00      0.00  jbd2/nvme0n1p1-8
17:07:33        0       161    0.00    0.00    0.00    0.00    0.00     0      0.00      0.00       0       0   0.00      1.00      0.00  kworker/0:1H-kblockd
17:07:33        0       177    0.00    0.00    0.00    0.00    0.00     3      2.00      0.00   66836   17496   0.22      1.00      0.00  systemd-journal
17:07:33        0       239    0.00    0.00    0.00    0.00    0.00     1      0.00      0.00  288968   26948   0.34      1.00      0.00  multipathd
17:07:33        0       382    0.00    0.00    0.00    0.00    0.00     3      0.00      0.00       0       0   0.00     10.00      0.00  kworker/u16:4-events_power_efficient
17:07:33        0       495    0.00    0.00    0.00    0.00    0.00     3      0.00      0.00       0       0   0.00      4.00      0.00  kworker/3:3-events
17:07:33        0      2044    0.00    0.00    0.00    0.00    0.00     2      0.00      0.00       0       0   0.00      1.00      0.00  kworker/2:2-mm_percpu_wq
17:07:33        0      3261    0.00    0.00    0.00    0.00    0.00     1      0.00      0.00       0       0   0.00      3.00      0.00  kworker/1:0-mm_percpu_wq
17:07:33     1000      3370    0.00    0.00    0.00    0.00    0.00     1      1.00      0.00   32128   21708   0.27     10.00      0.00  python3
17:07:33     1000      3376    0.00    0.00    0.00    0.00    0.00     1      0.00      0.00    9900    3336   0.04      1.00      0.00  vmstat
17:07:33     1000      3377    0.00    1.00    0.00    0.00    1.00     1      0.00      0.00    7712    3760   0.05      1.00      0.00  pidstat
17:07:33     1000      3559   78.00   17.00    0.00    0.00   95.00     0   1615.00      0.00   53932   46752   0.59      9.00      2.00  /home/ubuntu/pa
17:07:33     1000      3560    8.00   18.00    0.00    0.00   26.00     2  10002.00      0.00 1816316   44724   0.56      4.00      2.00  hey

# Time        UID       PID    %usr %system  %guest   %wait    %CPU   CPU  minflt/s  majflt/s     VSZ     RSS   %MEM   cswch/s nvcswch/s  Command
17:07:34        0        11    0.00    0.00    0.00    0.00    0.00     0      0.00      0.00       0       0   0.00      4.00      0.00  kworker/0:1-events
17:07:34        0        16    0.00    0.00    0.00    0.00    0.00     1      0.00      0.00       0       0   0.00     15.00      0.00  rcu_sched
17:07:34        0        25    0.00    0.00    0.00    0.00    0.00     1      0.00      0.00       0       0   0.00      2.00      0.00  migration/1
17:07:34        0        31    0.00    0.00    0.00    0.00    0.00     2      0.00      0.00       0       0   0.00      1.00      0.00  migration/2
17:07:34        0        32    0.00    0.00    0.00    0.00    0.00     2      0.00      0.00       0       0   0.00      1.00      0.00  ksoftirqd/2
17:07:34        0        37    0.00    0.00    0.00    0.00    0.00     3      0.00      0.00       0       0   0.00      1.00      0.00  migration/3
17:07:34        0        52    0.00    0.00    0.00    0.00    0.00     1      0.00      0.00       0       0   0.00      2.00      0.00  kcompactd0
17:07:34        0       239    0.00    0.00    0.00    0.00    0.00     1      0.00      0.00  288968   26948   0.34      1.00      0.00  multipathd
17:07:34        0       382    0.00    0.00    0.00    0.00    0.00     3      0.00      0.00       0       0   0.00      6.00      0.00  kworker/u16:4-events_unbound
17:07:34        0       495    0.00    0.00    0.00    0.00    0.00     3      0.00      0.00       0       0   0.00      7.00      0.00  kworker/3:3-events
17:07:34        0      2044    0.00    0.00    0.00    0.00    0.00     2      0.00      0.00       0       0   0.00      3.00      0.00  kworker/2:2-events
17:07:34        0      3261    0.00    0.00    0.00    0.00    0.00     1      0.00      0.00       0       0   0.00      2.00      0.00  kworker/1:0-events
17:07:34     1000      3370    0.00    0.00    0.00    0.00    0.00     1      0.00      0.00   32128   21708   0.27      5.00      0.00  python3
17:07:34     1000      3376    0.00    0.00    0.00    0.00    0.00     1      0.00      0.00    9900    3336   0.04      1.00      0.00  vmstat
17:07:34     1000      3377    1.00    0.00    0.00    0.00    1.00     1      0.00      0.00    7712    3760   0.05      1.00      0.00  pidstat
17:07:34     1000      3559   91.00    7.00    0.00    0.00   98.00     0   1487.00      0.00   59504   52272   0.66      3.00      4.00  /home/ubuntu/pa
17:07:34     1000      3570   11.00   10.00    0.00    0.00   21.00     2  12192.00      0.00 1743224   48924   0.62      3.00      3.00  hey
17:07:34     1000      3577    0.00    1.00    0.00    0.00    1.00     3   2179.00      0.00 1750456   13880   0.18      3.00      4.00  hey

# Time        UID       PID    %usr %system  %guest   %wait    %CPU   CPU  minflt/s  majflt/s     VSZ     RSS   %MEM   cswch/s nvcswch/s  Command
17:07:35        0        11    0.00    0.00    0.00    0.00    0.00     0      0.00      0.00       0       0   0.00      2.00      0.00  kworker/0:1-events
17:07:35        0        12    0.00    0.00    0.00    0.00    0.00     1      0.00      0.00       0       0   0.00      3.00      0.00  kworker/u16:0-events_power_efficient
17:07:35        0        16    0.00    0.00    0.00    0.00    0.00     1      0.00      0.00       0       0   0.00      6.00      0.00  rcu_sched
17:07:35        0        19    0.00    0.00    0.00    0.00    0.00     0      0.00      0.00       0       0   0.00      1.00      0.00  migration/0
17:07:35        0        25    0.00    0.00    0.00    0.00    0.00     1      0.00      0.00       0       0   0.00      1.00      0.00  migration/1
17:07:35        0        31    0.00    0.00    0.00    0.00    0.00     2      0.00      0.00       0       0   0.00      1.00      0.00  migration/2
17:07:35        0        37    0.00    0.00    0.00    0.00    0.00     3      0.00      0.00       0       0   0.00      1.00      0.00  migration/3
17:07:35        0        52    0.00    0.00    0.00    0.00    0.00     3      0.00      0.00       0       0   0.00      2.00      0.00  kcompactd0
17:07:35        0       239    0.00    0.00    0.00    0.00    0.00     1      0.00      0.00  288968   26948   0.34      1.00      0.00  multipathd
17:07:35        0       382    0.00    0.00    0.00    0.00    0.00     3      0.00      0.00       0       0   0.00      3.00      0.00  kworker/u16:4-flush-259:0
17:07:35        0       495    0.00    0.00    0.00    0.00    0.00     3      0.00      0.00       0       0   0.00      4.00      0.00  kworker/3:3-events
17:07:35        0      2044    0.00    0.00    0.00    0.00    0.00     2      0.00      0.00       0       0   0.00      2.00      0.00  kworker/2:2-events
17:07:35        0      3261    0.00    0.00    0.00    0.00    0.00     1      0.00      0.00       0       0   0.00      3.00      0.00  kworker/1:0-events
17:07:35     1000      3376    0.00    0.00    0.00    0.00    0.00     1      0.00      0.00    9900    3336   0.04      1.00      0.00  vmstat
17:07:35     1000      3377    0.00    0.00    0.00    0.00    0.00     1      0.00      0.00    7712    3760   0.05      1.00      0.00  pidstat
17:07:35     1000      3559   93.00    8.00    0.00    0.00  101.00     0    488.00      0.00   59800   52696   0.67      0.00      3.00  /home/ubuntu/pa
17:07:35     1000      3570   11.00    9.00    0.00    0.00   20.00     2   5277.00      0.00 1743928   67868   0.86      0.00      0.00  hey
17:07:35     1000      3577    2.00    3.00    0.00    0.00    5.00     3   1479.00      0.00 1816316   19768   0.25      0.00      0.00  hey

# Time        UID       PID    %usr %system  %guest   %wait    %CPU   CPU  minflt/s  majflt/s     VSZ     RSS   %MEM   cswch/s nvcswch/s  Command
17:07:36        0        11    0.00    0.00    0.00    0.00    0.00     0      0.00      0.00       0       0   0.00      5.00      0.00  kworker/0:1-events
17:07:36        0        12    0.00    0.00    0.00    0.00    0.00     1      0.00      0.00       0       0   0.00      4.00      0.00  kworker/u16:0-flush-259:0
17:07:36        0        52    0.00    0.00    0.00    0.00    0.00     3      0.00      0.00       0       0   0.00      2.00      0.00  kcompactd0
17:07:36        0       239    0.00    0.00    0.00    0.00    0.00     1      0.00      0.00  288968   26948   0.34      1.00      0.00  multipathd
17:07:36        0       382    0.00    0.00    0.00    0.00    0.00     1      0.00      0.00       0       0   0.00      4.00      0.00  kworker/u16:4-events_power_efficient
17:07:36        0       495    0.00    0.00    0.00    0.00    0.00     3      0.00      0.00       0       0   0.00      2.00      0.00  kworker/3:3-events
17:07:36        0      2044    0.00    0.00    0.00    0.00    0.00     2      0.00      0.00       0       0   0.00      2.00      0.00  kworker/2:2-events
17:07:36     1000      2732    0.00    0.00    0.00    0.00    0.00     1      0.00      0.00   15004    7244   0.09      1.00      0.00  sshd
17:07:36        0      3261    0.00    0.00    0.00    0.00    0.00     1      0.00      0.00       0       0   0.00      6.00      0.00  kworker/1:0-events
17:07:36     1000      3376    0.00    0.00    0.00    0.00    0.00     1      0.00      0.00    9900    3336   0.04      1.00      0.00  vmstat
17:07:36     1000      3377    0.00    1.00    0.00    0.00    1.00     1      0.00      0.00    7712    3760   0.05      1.00      0.00  pidstat
17:07:36     1000      3559   91.00    9.00    0.00    0.00  100.00     0      0.00      0.00   59800   52696   0.67      0.00      5.00  /home/ubuntu/pa
17:07:36     1000      3570   12.00    6.00    0.00    0.00   18.00     2    141.00      0.00 1744056   68252   0.86      0.00      0.00  hey
17:07:36     1000      3577    2.00    3.00    0.00    0.00    5.00     3   1595.00      0.00 1816316   26040   0.33      0.00      0.00  hey

# Time        UID       PID    %usr %system  %guest   %wait    %CPU   CPU  minflt/s  majflt/s     VSZ     RSS   %MEM   cswch/s nvcswch/s  Command
17:07:37        0        11    0.00    0.00    0.00    0.00    0.00     0      0.00      0.00       0       0   0.00      1.00      0.00  kworker/0:1-mm_percpu_wq
17:07:37        0        12    0.00    0.00    0.00    0.00    0.00     2      0.00      0.00       0       0   0.00      1.00      0.00  kworker/u16:0-events_power_efficient
17:07:37        0        16    0.00    0.00    0.00    0.00    0.00     1      0.00      0.00       0       0   0.00      2.00      0.00  rcu_sched
17:07:37        0        26    0.00    0.00    0.00    0.00    0.00     1      0.00      0.00       0       0   0.00      1.00      0.00  ksoftirqd/1
17:07:37        0        49    0.00    0.00    0.00    0.00    0.00     3      0.00      0.00       0       0   0.00      1.00      0.00  kworker/u16:2-flush-259:0
17:07:37        0        52    0.00    0.00    0.00    0.00    0.00     3      0.00      0.00       0       0   0.00      2.00      0.00  kcompactd0
17:07:37        0       161    0.00    0.00    0.00    0.00    0.00     0      0.00      0.00       0       0   0.00      1.00      0.00  kworker/0:1H-kblockd
17:07:37        0       239    0.00    0.00    0.00    0.00    0.00     1      0.00      0.00  288968   26948   0.34      1.00      0.00  multipathd
17:07:37        0       382    0.00    0.00    0.00    0.00    0.00     1      0.00      0.00       0       0   0.00      9.00      0.00  kworker/u16:4-events_power_efficient
17:07:37        0       495    0.00    0.00    0.00    0.00    0.00     3      0.00      0.00       0       0   0.00      1.00      0.00  kworker/3:3-mm_percpu_wq
17:07:37        0      2044    0.00    0.00    0.00    0.00    0.00     2      0.00      0.00       0       0   0.00      1.00      0.00  kworker/2:2-mm_percpu_wq
17:07:37        0      3261    0.00    0.00    0.00    0.00    0.00     1      0.00      0.00       0       0   0.00      6.00      0.00  kworker/1:0-events
17:07:37     1000      3376    0.00    0.00    0.00    0.00    0.00     1      0.00      0.00    9900    3336   0.04      1.00      0.00  vmstat
17:07:37     1000      3377    0.00    0.00    0.00    0.00    0.00     1      0.00      0.00    7712    3760   0.05      1.00      0.00  pidstat
17:07:37     1000      3559   92.00    8.00    0.00    0.00  100.00     0      0.00      0.00   59800   52696   0.67      0.00      2.00  /home/ubuntu/pa
17:07:37     1000      3570   11.00    8.00    0.00    0.00   19.00     2   1194.00      0.00 1818044   72660   0.92      0.00      0.00  hey
17:07:37     1000      3577    1.00    4.00    0.00    0.00    5.00     3   1547.00      0.00 1816316   32056   0.40      0.00      0.00  hey

# Time        UID       PID    %usr %system  %guest   %wait    %CPU   CPU  minflt/s  majflt/s     VSZ     RSS   %MEM   cswch/s nvcswch/s  Command
17:07:38        0        11    0.00    0.00    0.00    0.00    0.00     0      0.00      0.00       0       0   0.00      4.00      0.00  kworker/0:1-events
17:07:38        0        16    0.00    0.00    0.00    0.00    0.00     1      0.00      0.00       0       0   0.00      4.00      0.00  rcu_sched
17:07:38        0        52    0.00    0.00    0.00    0.00    0.00     1      0.00      0.00       0       0   0.00      2.00      0.00  kcompactd0
17:07:38        0       239    0.00    0.00    0.00    0.00    0.00     1      0.00      0.00  288968   26948   0.34      1.00      0.00  multipathd
17:07:38        0       382    0.00    0.00    0.00    0.00    0.00     1      0.00      0.00       0       0   0.00      8.00      0.00  kworker/u16:4-events_power_efficient
17:07:38        0       495    0.00    0.00    0.00    0.00    0.00     3      0.00      0.00       0       0   0.00      1.00      0.00  kworker/3:3-mm_percpu_wq
17:07:38        0      2044    0.00    0.00    0.00    0.00    0.00     2      0.00      0.00       0       0   0.00      2.00      0.00  kworker/2:2-events
17:07:38        0      3261    0.00    0.00    0.00    0.00    0.00     1      0.00      0.00       0       0   0.00      7.00      0.00  kworker/1:0-events
17:07:38     1000      3376    0.00    0.00    0.00    0.00    0.00     1      0.00      0.00    9900    3336   0.04      1.00      0.00  vmstat
17:07:38     1000      3377    0.00    1.00    0.00    0.00    1.00     1      0.00      0.00    7712    3760   0.05      1.00      0.00  pidstat
17:07:38     1000      3559   91.00    9.00    0.00    0.00  100.00     0      0.00      0.00   59800   52696   0.67      0.00      4.00  /home/ubuntu/pa
17:07:38     1000      3570   12.00    7.00    0.00    0.00   19.00     2    175.00      0.00 1818172   73172   0.92      0.00      0.00  hey
17:07:38     1000      3577    2.00    3.00    0.00    0.00    5.00     3   1542.00      0.00 1816316   38200   0.48      0.00      0.00  hey

# Time        UID       PID    %usr %system  %guest   %wait    %CPU   CPU  minflt/s  majflt/s     VSZ     RSS   %MEM   cswch/s nvcswch/s  Command
17:07:39        0        11    0.00    0.00    0.00    0.00    0.00     0      0.00      0.00       0       0   0.00      2.00      0.00  kworker/0:1-events
17:07:39        0        19    0.00    0.00    0.00    0.00    0.00     0      0.00      0.00       0       0   0.00      1.00      0.00  migration/0
17:07:39        0        25    0.00    0.00    0.00    0.00    0.00     1      0.00      0.00       0       0   0.00      1.00      0.00  migration/1
17:07:39        0        31    0.00    0.00    0.00    0.00    0.00     2      0.00      0.00       0       0   0.00      1.00      0.00  migration/2
17:07:39        0        37    0.00    0.00    0.00    0.00    0.00     3      0.00      0.00       0       0   0.00      1.00      0.00  migration/3
17:07:39        0        49    0.00    0.00    0.00    0.00    0.00     3      0.00      0.00       0       0   0.00      5.00      0.00  kworker/u16:2-events_power_efficient
17:07:39        0        52    0.00    0.00    0.00    0.00    0.00     1      0.00      0.00       0       0   0.00      2.00      0.00  kcompactd0
17:07:39        0       239    0.00    0.00    0.00    0.00    0.00     1      0.00      0.00  288968   26948   0.34      1.00      0.00  multipathd
17:07:39        0       382    0.00    0.00    0.00    0.00    0.00     1      0.00      0.00       0       0   0.00      1.00      0.00  kworker/u16:4-events_power_efficient
17:07:39        0       495    0.00    0.00    0.00    0.00    0.00     3      0.00      0.00       0       0   0.00      5.00      0.00  kworker/3:3-events
17:07:39        0       592    0.00    0.00    0.00    0.00    0.00     1      0.00      0.00   83064    4616   0.06      1.00      0.00  irqbalance
17:07:39        0      2044    0.00    0.00    0.00    0.00    0.00     2      0.00      0.00       0       0   0.00      2.00      0.00  kworker/2:2-events
17:07:39        0      3261    0.00    0.00    0.00    0.00    0.00     1      0.00      0.00       0       0   0.00      2.00      0.00  kworker/1:0-mm_percpu_wq
17:07:39     1000      3376    0.00    0.00    0.00    0.00    0.00     1      0.00      0.00    9900    3336   0.04      1.00      0.00  vmstat
17:07:39     1000      3377    0.00    0.00    0.00    0.00    0.00     1      0.00      0.00    7712    3760   0.05      1.00      0.00  pidstat
17:07:39     1000      3559   91.00    8.00    0.00    0.00   99.00     0      0.00      0.00   59800   52696   0.67      0.00      3.00  /home/ubuntu/pa
17:07:39     1000      3570   12.00    7.00    0.00    0.00   19.00     2    101.00      0.00 1818172   73556   0.93      0.00      0.00  hey
17:07:39     1000      3577    1.00    3.00    0.00    0.00    4.00     3   1530.00      0.00 1816316   44216   0.56      0.00      0.00  hey

# Time        UID       PID    %usr %system  %guest   %wait    %CPU   CPU  minflt/s  majflt/s     VSZ     RSS   %MEM   cswch/s nvcswch/s  Command
17:07:40        0        11    0.00    0.00    0.00    0.00    0.00     0      0.00      0.00       0       0   0.00      5.00      0.00  kworker/0:1-events
17:07:40        0        26    0.00    0.00    0.00    0.00    0.00     1      0.00      0.00       0       0   0.00      2.00      0.00  ksoftirqd/1
17:07:40        0        49    0.00    0.00    0.00    0.00    0.00     1      0.00      0.00       0       0   0.00      3.00      0.00  kworker/u16:2-flush-259:0
17:07:40        0        52    0.00    0.00    0.00    0.00    0.00     1      0.00      0.00       0       0   0.00      2.00      0.00  kcompactd0
17:07:40        0       239    0.00    0.00    0.00    0.00    0.00     1      0.00      0.00  288968   26948   0.34      1.00      0.00  multipathd
17:07:40        0       382    0.00    0.00    0.00    0.00    0.00     3      0.00      0.00       0       0   0.00      4.00      0.00  kworker/u16:4-events_power_efficient
17:07:40        0       495    0.00    0.00    0.00    0.00    0.00     3      0.00      0.00       0       0   0.00      3.00      0.00  kworker/3:3-events
17:07:40        0      2044    0.00    0.00    0.00    0.00    0.00     2      0.00      0.00       0       0   0.00      2.00      0.00  kworker/2:2-events
17:07:40        0      3261    0.00    0.00    0.00    0.00    0.00     1      0.00      0.00       0       0   0.00      3.00      0.00  kworker/1:0-mm_percpu_wq
17:07:40     1000      3376    0.00    0.00    0.00    0.00    0.00     1      0.00      0.00    9900    3336   0.04      1.00      0.00  vmstat
17:07:40     1000      3377    0.00    1.00    0.00    0.00    1.00     1      0.00      0.00    7712    3760   0.05      1.00      0.00  pidstat
17:07:40     1000      3559   93.00    8.00    0.00    0.00  101.00     0      0.00      0.00   59800   52696   0.67      0.00      5.00  /home/ubuntu/pa
17:07:40     1000      3570   11.00    8.00    0.00    0.00   19.00     2    327.00      0.00 1818300   74580   0.94      0.00      0.00  hey
17:07:40     1000      3577    2.00    3.00    0.00    0.00    5.00     3   1545.00      0.00 1816572   50360   0.64      0.00      0.00  hey

# Time        UID       PID    %usr %system  %guest   %wait    %CPU   CPU  minflt/s  majflt/s     VSZ     RSS   %MEM   cswch/s nvcswch/s  Command
17:07:41        0        11    0.00    0.00    0.00    0.00    0.00     0      0.00      0.00       0       0   0.00      2.00      0.00  kworker/0:1-events
17:07:41        0        16    0.00    0.00    0.00    0.00    0.00     1      0.00      0.00       0       0   0.00      4.00      0.00  rcu_sched
17:07:41        0        49    0.00    0.00    0.00    0.00    0.00     3      0.00      0.00       0       0   0.00      1.00      0.00  kworker/u16:2-flush-259:0
17:07:41        0        52    0.00    0.00    0.00    0.00    0.00     1      0.00      0.00       0       0   0.00      2.00      0.00  kcompactd0
17:07:41        0       239    0.00    0.00    0.00    0.00    0.00     1      0.00      0.00  288968   26948   0.34      1.00      0.00  multipathd
17:07:41        0       382    0.00    0.00    0.00    0.00    0.00     1      0.00      0.00       0       0   0.00     10.00      0.00  kworker/u16:4-events_power_efficient
17:07:41        0       495    0.00    0.00    0.00    0.00    0.00     3      0.00      0.00       0       0   0.00      1.00      0.00  kworker/3:3-mm_percpu_wq
17:07:41      110       670    0.00    0.00    0.00    0.00    0.00     1      0.00      0.00   19416    3768   0.05      2.00      0.00  chronyd
17:07:41        0      2044    0.00    0.00    0.00    0.00    0.00     2      0.00      0.00       0       0   0.00      1.00      0.00  kworker/2:2-mm_percpu_wq
17:07:41        0      3261    0.00    0.00    0.00    0.00    0.00     1      0.00      0.00       0       0   0.00      6.00      0.00  kworker/1:0-events
17:07:41     1000      3376    0.00    0.00    0.00    0.00    0.00     1      0.00      0.00    9900    3336   0.04      1.00      0.00  vmstat
17:07:41     1000      3377    0.00    0.00    0.00    0.00    0.00     1      0.00      0.00    7712    3760   0.05      1.00      0.00  pidstat
17:07:41     1000      3559   92.00    7.00    0.00    0.00   99.00     0      0.00      0.00   59800   52696   0.67      0.00      2.00  /home/ubuntu/pa
17:07:41     1000      3570   12.00    6.00    0.00    0.00   18.00     2    106.00      0.00 1818300   75092   0.95      0.00      0.00  hey
17:07:41     1000      3577    1.00    4.00    0.00    0.00    5.00     3   1587.00      0.00 1816572   56760   0.72      0.00      0.00  hey

# Time        UID       PID    %usr %system  %guest   %wait    %CPU   CPU  minflt/s  majflt/s     VSZ     RSS   %MEM   cswch/s nvcswch/s  Command
17:07:42        0        11    0.00    0.00    0.00    0.00    0.00     0      0.00      0.00       0       0   0.00      5.00      0.00  kworker/0:1-events
17:07:42        0        16    0.00    0.00    0.00    0.00    0.00     1      0.00      0.00       0       0   0.00      2.00      0.00  rcu_sched
17:07:42        0        49    0.00    0.00    0.00    0.00    0.00     3      0.00      0.00       0       0   0.00      5.00      0.00  kworker/u16:2-events_power_efficient
17:07:42        0        52    0.00    0.00    0.00    0.00    0.00     1      0.00      0.00       0       0   0.00      2.00      0.00  kcompactd0
17:07:42        0       239    0.00    0.00    0.00    0.00    0.00     1      0.00      0.00  288968   26948   0.34      1.00      0.00  multipathd
17:07:42        0       382    0.00    0.00    0.00    0.00    0.00     1      0.00      0.00       0       0   0.00      2.00      0.00  kworker/u16:4-events_power_efficient
17:07:42        0       495    0.00    0.00    0.00    0.00    0.00     3      0.00      0.00       0       0   0.00      5.00      0.00  kworker/3:3-events
17:07:42        0      2044    0.00    0.00    0.00    0.00    0.00     2      0.00      0.00       0       0   0.00      1.00      0.00  kworker/2:2-mm_percpu_wq
17:07:42        0      3261    0.00    0.00    0.00    0.00    0.00     1      0.00      0.00       0       0   0.00      2.00      0.00  kworker/1:0-mm_percpu_wq
17:07:42     1000      3376    0.00    0.00    0.00    0.00    0.00     1      0.00      0.00    9900    3336   0.04      1.00      0.00  vmstat
17:07:42     1000      3377    1.00    1.00    0.00    0.00    2.00     1      0.00      0.00    7712    3760   0.05      1.00      0.00  pidstat
17:07:42     1000      3559   91.00    9.00    0.00    0.00  100.00     0      0.00      0.00   59800   52696   0.67      0.00      5.00  /home/ubuntu/pa
17:07:42     1000      3570   11.00    7.00    0.00    0.00   18.00     2    127.00      0.00 1818300   75604   0.95      0.00      0.00  hey
17:07:42     1000      3577    2.00    3.00    0.00    0.00    5.00     3   1549.00      0.00 1816572   62776   0.79      0.00      0.00  hey

# Time        UID       PID    %usr %system  %guest   %wait    %CPU   CPU  minflt/s  majflt/s     VSZ     RSS   %MEM   cswch/s nvcswch/s  Command
17:07:43        0        11    0.00    0.00    0.00    0.00    0.00     0      0.00      0.00       0       0   0.00      2.00      0.00  kworker/0:1-events
17:07:43        0        19    0.00    0.00    0.00    0.00    0.00     0      0.00      0.00       0       0   0.00      1.00      0.00  migration/0
17:07:43        0        25    0.00    0.00    0.00    0.00    0.00     1      0.00      0.00       0       0   0.00      1.00      0.00  migration/1
17:07:43        0        31    0.00    0.00    0.00    0.00    0.00     2      0.00      0.00       0       0   0.00      1.00      0.00  migration/2
17:07:43        0        37    0.00    0.00    0.00    0.00    0.00     3      0.00      0.00       0       0   0.00      1.00      0.00  migration/3
17:07:43        0        49    0.00    0.00    0.00    0.00    0.00     1      0.00      0.00       0       0   0.00     10.00      0.00  kworker/u16:2-events_power_efficient
17:07:43        0        52    0.00    0.00    0.00    0.00    0.00     1      0.00      0.00       0       0   0.00      2.00      0.00  kcompactd0
17:07:43        0       161    0.00    0.00    0.00    0.00    0.00     0      0.00      0.00       0       0   0.00      1.00      0.00  kworker/0:1H-kblockd
17:07:43        0       239    0.00    0.00    0.00    0.00    0.00     1      0.00      0.00  288968   26948   0.34      1.00      0.00  multipathd
17:07:43        0       495    0.00    0.00    0.00    0.00    0.00     3      0.00      0.00       0       0   0.00      4.00      0.00  kworker/3:3-events
17:07:43        0      2044    0.00    0.00    0.00    0.00    0.00     2      0.00      0.00       0       0   0.00      1.00      0.00  kworker/2:2-mm_percpu_wq
17:07:43        0      3261    0.00    0.00    0.00    0.00    0.00     1      0.00      0.00       0       0   0.00      3.00      0.00  kworker/1:0-events
17:07:43     1000      3376    0.00    0.00    0.00    0.00    0.00     1      0.00      0.00    9900    3336   0.04      1.00      0.00  vmstat
17:07:43     1000      3377    0.00    0.00    0.00    0.00    0.00     1      0.00      0.00    7712    3760   0.05      1.00      0.00  pidstat
17:07:43     1000      3559   93.00    7.00    0.00    0.00  100.00     0      0.00      0.00   59800   52696   0.67      0.00      4.00  /home/ubuntu/pa
17:07:43     1000      3570   11.00    7.00    0.00    0.00   18.00     2    112.00      0.00 1818300   75988   0.96      0.00      0.00  hey
17:07:43     1000      3577    2.00    3.00    0.00    0.00    5.00     3    560.00      0.00 1816572   64952   0.82      0.00      0.00  hey

# Time        UID       PID    %usr %system  %guest   %wait    %CPU   CPU  minflt/s  majflt/s     VSZ     RSS   %MEM   cswch/s nvcswch/s  Command
17:07:44        0        11    0.00    0.00    0.00    0.00    0.00     0      0.00      0.00       0       0   0.00      7.00      0.00  kworker/0:1-events
17:07:44        0        16    0.00    0.00    0.00    0.00    0.00     1      0.00      0.00       0       0   0.00     10.00      0.00  rcu_sched
17:07:44        0        26    0.00    0.00    0.00    0.00    0.00     1      0.00      0.00       0       0   0.00      1.00      0.00  ksoftirqd/1
17:07:44        0        32    0.00    0.00    0.00    0.00    0.00     2      0.00      0.00       0       0   0.00      1.00      0.00  ksoftirqd/2
17:07:44        0        49    0.00    0.00    0.00    0.00    0.00     1      0.00      0.00       0       0   0.00      5.00      0.00  kworker/u16:2-events_power_efficient
17:07:44        0        52    0.00    0.00    0.00    0.00    0.00     1      0.00      0.00       0       0   0.00      2.00      0.00  kcompactd0
17:07:44        0       239    0.00    0.00    0.00    0.00    0.00     1      0.00      0.00  288968   26948   0.34      1.00      0.00  multipathd
17:07:44        0       495    0.00    0.00    0.00    0.00    0.00     3      0.00      0.00       0       0   0.00      1.00      0.00  kworker/3:3-mm_percpu_wq
17:07:44        0      2044    0.00    0.00    0.00    0.00    0.00     2      0.00      0.00       0       0   0.00      4.00      0.00  kworker/2:2-events
17:07:44        0      3261    0.00    0.00    0.00    0.00    0.00     1      0.00      0.00       0       0   0.00      6.00      0.00  kworker/1:0-events
17:07:44     1000      3370    0.00    0.00    0.00    0.00    0.00     1      0.00      0.00   32128   21708   0.27     12.00      0.00  python3
17:07:44     1000      3376    0.00    0.00    0.00    0.00    0.00     1      0.00      0.00    9900    3336   0.04      1.00      0.00  vmstat
17:07:44     1000      3377    0.00    1.00    0.00    0.00    1.00     1      0.00      0.00    7712    3760   0.05      1.00      0.00  pidstat
17:07:44     1000      3559   94.00    6.00    0.00    0.00  100.00     0      0.00      0.00   59800   52696   0.67      0.00      7.00  /home/ubuntu/pa
17:07:44     1000      3570   12.00    8.00    0.00    0.00   20.00     2    111.00      0.00 1818300   76500   0.97      0.00      0.00  hey

# Time        UID       PID    %usr %system  %guest   %wait    %CPU   CPU  minflt/s  majflt/s     VSZ     RSS   %MEM   cswch/s nvcswch/s  Command
17:07:45        0        11    0.00    0.00    0.00    1.00    0.00     0      0.00      0.00       0       0   0.00      1.00      0.00  kworker/0:1-mm_percpu_wq
17:07:45        0        16    0.00    0.00    0.00    0.00    0.00     1      0.00      0.00       0       0   0.00      2.00      0.00  rcu_sched
17:07:45        0        49    0.00    0.00    0.00    0.00    0.00     1      0.00      0.00       0       0   0.00      6.00      0.00  kworker/u16:2-events_power_efficient
17:07:45        0        52    0.00    0.00    0.00    0.00    0.00     1      0.00      0.00       0       0   0.00      2.00      0.00  kcompactd0
17:07:45        0       239    0.00    0.00    0.00    0.00    0.00     1      0.00      0.00  288968   26948   0.34      1.00      0.00  multipathd
17:07:45        0       495    0.00    0.00    0.00    0.00    0.00     3      0.00      0.00       0       0   0.00      1.00      0.00  kworker/3:3-mm_percpu_wq
17:07:45        0      2044    0.00    0.00    0.00    0.00    0.00     2      0.00      0.00       0       0   0.00      1.00      0.00  kworker/2:2-mm_percpu_wq
17:07:45        0      3261    0.00    0.00    0.00    0.00    0.00     1      0.00      0.00       0       0   0.00      5.00      0.00  kworker/1:0-events
17:07:45     1000      3370    0.00    0.00    0.00    0.00    0.00     1      0.00      0.00   32128   21708   0.27     20.00      0.00  python3
17:07:45     1000      3376    0.00    0.00    0.00    0.00    0.00     1      0.00      0.00    9900    3336   0.04      1.00      0.00  vmstat
17:07:45     1000      3377    0.00    0.00    0.00    0.00    0.00     1      0.00      0.00    7712    3760   0.05      1.00      0.00  pidstat
17:07:45     1000      3559   92.00    8.00    0.00    0.00  100.00     0      0.00      0.00   59800   52696   0.67      0.00      1.00  /home/ubuntu/pa
17:07:45     1000      3570   15.00    7.00    0.00    0.00   22.00     2    122.00      0.00 1818300   77012   0.97      0.00      0.00  hey

# Time        UID       PID    %usr %system  %guest   %wait    %CPU   CPU  minflt/s  majflt/s     VSZ     RSS   %MEM   cswch/s nvcswch/s  Command
17:07:46        0        11    0.00    0.00    0.00    0.00    0.00     0      0.00      0.00       0       0   0.00      5.00      0.00  kworker/0:1-events
17:07:46        0        14    0.00    0.00    0.00    0.00    0.00     0      0.00      0.00       0       0   0.00      1.00      0.00  ksoftirqd/0
17:07:46        0        16    0.00    0.00    0.00    0.00    0.00     1      0.00      0.00       0       0   0.00     57.00      0.00  rcu_sched
17:07:46        0        25    0.00    0.00    0.00    0.00    0.00     1      0.00      0.00       0       0   0.00      2.00      0.00  migration/1
17:07:46        0        26    0.00    0.00    0.00    0.00    0.00     1      0.00      0.00       0       0   0.00      1.00      0.00  ksoftirqd/1
17:07:46        0        38    0.00    0.00    0.00    0.00    0.00     3      0.00      0.00       0       0   0.00      1.00      0.00  ksoftirqd/3
17:07:46        0        49    0.00    0.00    0.00    0.00    0.00     1      0.00      0.00       0       0   0.00      8.00      0.00  kworker/u16:2-writeback
17:07:46        0        52    0.00    0.00    0.00    0.00    0.00     1      0.00      0.00       0       0   0.00      2.00      0.00  kcompactd0
17:07:46        0       239    0.00    0.00    0.00    0.00    0.00     1      0.00      0.00  288968   26948   0.34      1.00      0.00  multipathd
17:07:46        0       495    0.00    0.00    0.00    0.00    0.00     3      0.00      0.00       0       0   0.00      4.00      0.00  kworker/3:3-mm_percpu_wq
17:07:46        0      2044    0.00    0.00    0.00    0.00    0.00     2      0.00      0.00       0       0   0.00      3.00      0.00  kworker/2:2-events
17:07:46     1000      2732    0.00    0.00    0.00    0.00    0.00     1      0.00      0.00   15004    7244   0.09      1.00      0.00  sshd
17:07:46        0      3261    0.00    0.00    0.00    0.00    0.00     1      0.00      0.00       0       0   0.00      7.00      0.00  kworker/1:0-events
17:07:46     1000      3370    1.00    0.00    0.00    0.00    1.00     1      2.00      0.00   32128   21708   0.27     17.00      0.00  python3
17:07:46     1000      3376    0.00    0.00    0.00    0.00    0.00     1      0.00      0.00    9900    3336   0.04      1.00      0.00  vmstat
17:07:46     1000      3377    0.00    1.00    0.00    0.00    1.00     1      0.00      0.00    7712    3760   0.05      1.00      0.00  pidstat
17:07:46     1000      3586    0.00    0.00    0.00    0.00    0.00     0    144.00      0.00    2704    1464   0.02      1.00      1.00  time
17:07:46     1000      3587   37.00    7.00    0.00    0.00   44.00     0   9243.00      0.00   52508   45400   0.57     10.00      4.00  /home/ubuntu/pa
17:07:46     1000      3588    2.00    6.00    0.00    0.00    8.00     2   4229.00      0.00 1816316   21988   0.28      4.00      2.00  hey

# Time        UID       PID    %usr %system  %guest   %wait    %CPU   CPU  minflt/s  majflt/s     VSZ     RSS   %MEM   cswch/s nvcswch/s  Command
17:07:47        0        11    0.00    0.00    0.00    0.00    0.00     0      0.00      0.00       0       0   0.00      1.00      0.00  kworker/0:1-events
17:07:47        0        16    0.00    0.00    0.00    0.00    0.00     1      0.00      0.00       0       0   0.00     14.00      0.00  rcu_sched
17:07:47        0        19    0.00    0.00    0.00    0.00    0.00     0      0.00      0.00       0       0   0.00      1.00      0.00  migration/0
17:07:47        0        25    0.00    0.00    0.00    0.00    0.00     1      0.00      0.00       0       0   0.00      2.00      0.00  migration/1
17:07:47        0        26    0.00    0.00    0.00    0.00    0.00     1      0.00      0.00       0       0   0.00      2.00      0.00  ksoftirqd/1
17:07:47        0        31    0.00    0.00    0.00    0.00    0.00     2      0.00      0.00       0       0   0.00      1.00      0.00  migration/2
17:07:47        0        37    0.00    0.00    0.00    0.00    0.00     3      0.00      0.00       0       0   0.00      1.00      0.00  migration/3
17:07:47        0        49    0.00    0.00    0.00    0.00    0.00     1      0.00      0.00       0       0   0.00      6.00      0.00  kworker/u16:2-events_power_efficient
17:07:47        0        52    0.00    0.00    0.00    0.00    0.00     1      0.00      0.00       0       0   0.00      2.00      0.00  kcompactd0
17:07:47        0       239    0.00    0.00    0.00    0.00    0.00     1      0.00      0.00  288968   26948   0.34      1.00      0.00  multipathd
17:07:47        0       382    0.00    0.00    0.00    0.00    0.00     2      0.00      0.00       0       0   0.00      2.00      0.00  kworker/u16:4-events_power_efficient
17:07:47        0      2044    0.00    0.00    0.00    0.00    0.00     2      0.00      0.00       0       0   0.00      4.00      0.00  kworker/2:2-events
17:07:47        0      3261    0.00    0.00    0.00    0.00    0.00     1      0.00      0.00       0       0   0.00      6.00      0.00  kworker/1:0-events
17:07:47     1000      3370    0.00    0.00    0.00    0.00    0.00     1      0.00      0.00   32128   21708   0.27      3.00      0.00  python3
17:07:47     1000      3376    0.00    0.00    0.00    0.00    0.00     1      0.00      0.00    9900    3336   0.04      1.00      0.00  vmstat
17:07:47     1000      3377    0.00    0.00    0.00    0.00    0.00     1      0.00      0.00    7712    3760   0.05      1.00      0.00  pidstat
17:07:47     1000      3587   83.00   15.00    0.00    0.00   98.00     0    333.00      0.00   53388   46264   0.58      3.00      2.00  /home/ubuntu/pa
17:07:47     1000      3596    3.00    3.00    0.00    0.00    6.00     3   5333.00      0.00 1816316   24160   0.31      3.00      3.00  hey

# Time        UID       PID    %usr %system  %guest   %wait    %CPU   CPU  minflt/s  majflt/s     VSZ     RSS   %MEM   cswch/s nvcswch/s  Command
17:07:48        0        11    0.00    0.00    0.00    0.00    0.00     0      0.00      0.00       0       0   0.00      4.00      0.00  kworker/0:1-events
17:07:48        0        16    0.00    0.00    0.00    0.00    0.00     1      0.00      0.00       0       0   0.00      8.00      0.00  rcu_sched
17:07:48        0        25    0.00    0.00    0.00    0.00    0.00     1      0.00      0.00       0       0   0.00      1.00      0.00  migration/1
17:07:48        0        26    0.00    0.00    0.00    0.00    0.00     1      0.00      0.00       0       0   0.00      1.00      0.00  ksoftirqd/1
17:07:48        0        49    0.00    0.00    0.00    0.00    0.00     3      0.00      0.00       0       0   0.00      6.00      0.00  kworker/u16:2-events_power_efficient
17:07:48        0        52    0.00    0.00    0.00    0.00    0.00     1      0.00      0.00       0       0   0.00      2.00      0.00  kcompactd0
17:07:48        0       239    0.00    0.00    0.00    0.00    0.00     1      0.00      0.00  288968   26948   0.34      1.00      0.00  multipathd
17:07:48        0       495    0.00    0.00    0.00    0.00    0.00     3      0.00      0.00       0       0   0.00      5.00      0.00  kworker/3:3-events
17:07:48        0      2044    0.00    0.00    0.00    1.00    0.00     2      0.00      0.00       0       0   0.00      1.00      0.00  kworker/2:2-mm_percpu_wq
17:07:48        0      3261    0.00    0.00    0.00    0.00    0.00     1      0.00      0.00       0       0   0.00      4.00      0.00  kworker/1:0-mm_percpu_wq
17:07:48     1000      3370    0.00    0.00    0.00    0.00    0.00     1      0.00      0.00   32128   21708   0.27      2.00      0.00  python3
17:07:48     1000      3376    0.00    0.00    0.00    0.00    0.00     1      0.00      0.00    9900    3336   0.04      1.00      0.00  vmstat
17:07:48     1000      3377    0.00    1.00    0.00    0.00    1.00     1      0.00      0.00    7712    3760   0.05      1.00      0.00  pidstat
17:07:48     1000      3587   92.00    8.00    0.00    0.00  100.00     0   1284.00      0.00   58588   51384   0.65      0.00      4.00  /home/ubuntu/pa
17:07:48     1000      3596   10.00    8.00    0.00    0.00   18.00     3  10297.00      0.00 1817276   60256   0.76      0.00      0.00  hey
17:07:48     1000      3604    1.00    3.00    0.00    0.00    4.00     2   2660.00      0.00 1676724   15776   0.20      3.00      3.00  hey

# Time        UID       PID    %usr %system  %guest   %wait    %CPU   CPU  minflt/s  majflt/s     VSZ     RSS   %MEM   cswch/s nvcswch/s  Command
17:07:49        0        11    0.00    0.00    0.00    0.00    0.00     0      0.00      0.00       0       0   0.00      1.00      0.00  kworker/0:1-events
17:07:49        0        16    0.00    0.00    0.00    0.00    0.00     1      0.00      0.00       0       0   0.00      2.00      0.00  rcu_sched
17:07:49        0        26    0.00    0.00    0.00    0.00    0.00     1      0.00      0.00       0       0   0.00      1.00      0.00  ksoftirqd/1
17:07:49        0        49    0.00    0.00    0.00    0.00    0.00     3      0.00      0.00       0       0   0.00      6.00      0.00  kworker/u16:2-events_power_efficient
17:07:49        0        52    0.00    0.00    0.00    0.00    0.00     1      0.00      0.00       0       0   0.00      2.00      0.00  kcompactd0
17:07:49        0       239    0.00    0.00    0.00    0.00    0.00     1      0.00      0.00  288968   26948   0.34      1.00      0.00  multipathd
17:07:49        0       495    0.00    0.00    0.00    0.00    0.00     3      0.00      0.00       0       0   0.00      6.00      0.00  kworker/3:3-events
17:07:49        0       592    0.00    0.00    0.00    0.00    0.00     1      0.00      0.00   83064    4616   0.06      1.00      0.00  irqbalance
17:07:49        0       843    0.00    0.00    0.00    0.00    0.00     3      0.00      0.00       0       0   0.00      1.00      0.00  kworker/3:1H-kblockd
17:07:49        0      2044    0.00    0.00    0.00    0.00    0.00     2      0.00      0.00       0       0   0.00      1.00      0.00  kworker/2:2-mm_percpu_wq
17:07:49        0      3261    0.00    0.00    0.00    0.00    0.00     1      0.00      0.00       0       0   0.00      1.00      0.00  kworker/1:0-mm_percpu_wq
17:07:49     1000      3376    0.00    0.00    0.00    0.00    0.00     1      0.00      0.00    9900    3336   0.04      1.00      0.00  vmstat
17:07:49     1000      3377    0.00    0.00    0.00    0.00    0.00     1      0.00      0.00    7712    3760   0.05      1.00      0.00  pidstat
17:07:49     1000      3587   92.00    8.00    0.00    0.00  100.00     0      0.00      0.00   58588   51384   0.65      0.00      1.00  /home/ubuntu/pa
17:07:49     1000      3596   11.00    6.00    0.00    0.00   17.00     3   2266.00      0.00 1817980   68064   0.86      0.00      0.00  hey
17:07:49     1000      3604    1.00    3.00    0.00    0.00    4.00     2   1446.00      0.00 1742584   21536   0.27      0.00      0.00  hey

# Time        UID       PID    %usr %system  %guest   %wait    %CPU   CPU  minflt/s  majflt/s     VSZ     RSS   %MEM   cswch/s nvcswch/s  Command
17:07:50        0        11    0.00    0.00    0.00    0.00    0.00     0      0.00      0.00       0       0   0.00      5.00      0.00  kworker/0:1-events
17:07:50        0        16    0.00    0.00    0.00    0.00    0.00     1      0.00      0.00       0       0   0.00      2.00      0.00  rcu_sched
17:07:50        0        49    0.00    0.00    0.00    0.00    0.00     1      0.00      0.00       0       0   0.00      5.00      0.00  kworker/u16:2-events_unbound
17:07:50        0        52    0.00    0.00    0.00    0.00    0.00     1      0.00      0.00       0       0   0.00      2.00      0.00  kcompactd0
17:07:50        0       239    0.00    0.00    0.00    0.00    0.00     1      0.00      0.00  288968   26948   0.34      1.00      0.00  multipathd
17:07:50        0       495    0.00    0.00    0.00    0.00    0.00     3      0.00      0.00       0       0   0.00      5.00      0.00  kworker/3:3-events
17:07:50        0      2044    0.00    0.00    0.00    0.00    0.00     2      0.00      0.00       0       0   0.00      1.00      0.00  kworker/2:2-mm_percpu_wq
17:07:50        0      3261    0.00    0.00    0.00    0.00    0.00     1      0.00      0.00       0       0   0.00      1.00      0.00  kworker/1:0-mm_percpu_wq
17:07:50     1000      3376    0.00    0.00    0.00    0.00    0.00     1      0.00      0.00    9900    3336   0.04      1.00      0.00  vmstat
17:07:50     1000      3377    0.00    1.00    0.00    0.00    1.00     1      0.00      0.00    7712    3760   0.05      1.00      0.00  pidstat
17:07:50     1000      3587   93.00    7.00    0.00    0.00  100.00     0      0.00      0.00   58588   51384   0.65      0.00      5.00  /home/ubuntu/pa
17:07:50     1000      3596   11.00    5.00    0.00    0.00   16.00     3    872.00      0.00 1818108   71136   0.90      0.00      0.00  hey
17:07:50     1000      3604    1.00    3.00    0.00    0.00    4.00     2   1524.00      0.00 1742584   27424   0.35      0.00      0.00  hey

# Time        UID       PID    %usr %system  %guest   %wait    %CPU   CPU  minflt/s  majflt/s     VSZ     RSS   %MEM   cswch/s nvcswch/s  Command
17:07:51        0        11    0.00    0.00    0.00    0.00    0.00     0      0.00      0.00       0       0   0.00      2.00      0.00  kworker/0:1-events
17:07:51        0        19    0.00    0.00    0.00    0.00    0.00     0      0.00      0.00       0       0   0.00      1.00      0.00  migration/0
17:07:51        0        25    0.00    0.00    0.00    0.00    0.00     1      0.00      0.00       0       0   0.00      1.00      0.00  migration/1
17:07:51        0        31    0.00    0.00    0.00    0.00    0.00     2      0.00      0.00       0       0   0.00      1.00      0.00  migration/2
17:07:51        0        37    0.00    0.00    0.00    0.00    0.00     3      0.00      0.00       0       0   0.00      1.00      0.00  migration/3
17:07:51        0        49    0.00    0.00    0.00    0.00    0.00     1      0.00      0.00       0       0   0.00      7.00      0.00  kworker/u16:2-events_power_efficient
17:07:51        0        52    0.00    0.00    0.00    0.00    0.00     1      0.00      0.00       0       0   0.00      2.00      0.00  kcompactd0
17:07:51        0       239    0.00    0.00    0.00    0.00    0.00     1      0.00      0.00  288968   26948   0.34      1.00      0.00  multipathd
17:07:51        0       382    0.00    0.00    0.00    0.00    0.00     1      0.00      0.00       0       0   0.00      1.00      0.00  kworker/u16:4-events_power_efficient
17:07:51        0       495    0.00    0.00    0.00    0.00    0.00     3      0.00      0.00       0       0   0.00      1.00      0.00  kworker/3:3-mm_percpu_wq
17:07:51        0      2044    0.00    0.00    0.00    0.00    0.00     2      0.00      0.00       0       0   0.00      1.00      0.00  kworker/2:2-mm_percpu_wq
17:07:51        0      3261    0.00    0.00    0.00    0.00    0.00     1      0.00      0.00       0       0   0.00      5.00      0.00  kworker/1:0-events
17:07:51     1000      3376    0.00    0.00    0.00    0.00    0.00     1      0.00      0.00    9900    3336   0.04      1.00      0.00  vmstat
17:07:51     1000      3377    0.00    0.00    0.00    0.00    0.00     1      0.00      0.00    7712    3760   0.05      1.00      0.00  pidstat
17:07:51     1000      3587   90.00   10.00    0.00    0.00  100.00     0      0.00      0.00   58588   51384   0.65      0.00      3.00  /home/ubuntu/pa
17:07:51     1000      3596   11.00    5.00    0.00    0.00   16.00     3    466.00      0.00 1818300   72672   0.92      0.00      0.00  hey
17:07:51     1000      3604    2.00    3.00    0.00    0.00    5.00     2   1334.00      0.00 1742584   32800   0.41      0.00      0.00  hey

# Time        UID       PID    %usr %system  %guest   %wait    %CPU   CPU  minflt/s  majflt/s     VSZ     RSS   %MEM   cswch/s nvcswch/s  Command
17:07:52        0        11    0.00    0.00    0.00    0.00    0.00     0      0.00      0.00       0       0   0.00      7.00      0.00  kworker/0:1-events
17:07:52        0        49    0.00    0.00    0.00    0.00    0.00     3      0.00      0.00       0       0   0.00      4.00      0.00  kworker/u16:2-events_power_efficient
17:07:52        0        52    0.00    0.00    0.00    0.00    0.00     1      0.00      0.00       0       0   0.00      2.00      0.00  kcompactd0
17:07:52        0       239    0.00    0.00    0.00    0.00    0.00     1      0.00      0.00  288968   26948   0.34      1.00      0.00  multipathd
17:07:52        0       382    0.00    0.00    0.00    0.00    0.00     1      0.00      0.00       0       0   0.00      3.00      0.00  kworker/u16:4-events_power_efficient
17:07:52        0       495    0.00    0.00    0.00    0.00    0.00     3      0.00      0.00       0       0   0.00      4.00      0.00  kworker/3:3-events
17:07:52        0      2044    0.00    0.00    0.00    0.00    0.00     2      0.00      0.00       0       0   0.00      1.00      0.00  kworker/2:2-mm_percpu_wq
17:07:52        0      3261    0.00    0.00    0.00    0.00    0.00     1      0.00      0.00       0       0   0.00      3.00      0.00  kworker/1:0-mm_percpu_wq
17:07:52     1000      3376    0.00    0.00    0.00    0.00    0.00     1      0.00      0.00    9900    3336   0.04      1.00      0.00  vmstat
17:07:52     1000      3377    0.00    1.00    0.00    0.00    1.00     1      0.00      0.00    7712    3760   0.05      1.00      0.00  pidstat
17:07:52     1000      3587   91.00    9.00    0.00    0.00  100.00     0      0.00      0.00   58588   51384   0.65      0.00      7.00  /home/ubuntu/pa
17:07:52     1000      3596   11.00    5.00    0.00    0.00   16.00     3    179.00      0.00 1818428   73184   0.92      0.00      0.00  hey
17:07:52     1000      3604    2.00    3.00    0.00    0.00    5.00     2   1456.00      0.00 1742840   38560   0.49      0.00      0.00  hey

# Time        UID       PID    %usr %system  %guest   %wait    %CPU   CPU  minflt/s  majflt/s     VSZ     RSS   %MEM   cswch/s nvcswch/s  Command
17:07:53        0        11    0.00    0.00    0.00    0.00    0.00     0      0.00      0.00       0       0   0.00      1.00      0.00  kworker/0:1-mm_percpu_wq
17:07:53        0        16    0.00    0.00    0.00    0.00    0.00     1      0.00      0.00       0       0   0.00      3.00      0.00  rcu_sched
17:07:53        0        49    0.00    0.00    0.00    0.00    0.00     3      0.00      0.00       0       0   0.00      9.00      0.00  kworker/u16:2-events_power_efficient
17:07:53        0        52    0.00    0.00    0.00    0.00    0.00     1      0.00      0.00       0       0   0.00      2.00      0.00  kcompactd0
17:07:53        0       239    0.00    0.00    0.00    0.00    0.00     1      0.00      0.00  288968   26948   0.34      1.00      0.00  multipathd
17:07:53        0       495    0.00    0.00    0.00    0.00    0.00     3      0.00      0.00       0       0   0.00      6.00      0.00  kworker/3:3-events
17:07:53        0      2044    0.00    0.00    0.00    0.00    0.00     2      0.00      0.00       0       0   0.00      1.00      0.00  kworker/2:2-mm_percpu_wq
17:07:53        0      3261    0.00    0.00    0.00    0.00    0.00     1      0.00      0.00       0       0   0.00      1.00      0.00  kworker/1:0-mm_percpu_wq
17:07:53     1000      3376    0.00    0.00    0.00    0.00    0.00     1      0.00      0.00    9900    3336   0.04      1.00      0.00  vmstat
17:07:53     1000      3377    0.00    0.00    0.00    0.00    0.00     1      0.00      0.00    7712    3760   0.05      1.00      0.00  pidstat
17:07:53     1000      3587   91.00    9.00    0.00    0.00  100.00     0      0.00      0.00   58588   51384   0.65      0.00      1.00  /home/ubuntu/pa
17:07:53     1000      3596   10.00    7.00    0.00    0.00   17.00     3     86.00      0.00 1818492   73568   0.93      0.00      0.00  hey
17:07:53     1000      3604    1.00    4.00    0.00    0.00    5.00     2   1449.00      0.00 1742840   44192   0.56      0.00      0.00  hey

# Time        UID       PID    %usr %system  %guest   %wait    %CPU   CPU  minflt/s  majflt/s     VSZ     RSS   %MEM   cswch/s nvcswch/s  Command
17:07:54        0        11    0.00    0.00    0.00    0.00    0.00     0      0.00      0.00       0       0   0.00      6.00      0.00  kworker/0:1-events
17:07:54        0        16    0.00    0.00    0.00    0.00    0.00     1      0.00      0.00       0       0   0.00      2.00      0.00  rcu_sched
17:07:54        0        49    0.00    1.00    0.00    0.00    1.00     3      0.00      0.00       0       0   0.00      5.00      0.00  kworker/u16:2-events_power_efficient
17:07:54        0        52    0.00    0.00    0.00    0.00    0.00     1      0.00      0.00       0       0   0.00      2.00      0.00  kcompactd0
17:07:54        0       239    0.00    0.00    0.00    0.00    0.00     1      0.00      0.00  288968   26948   0.34      1.00      0.00  multipathd
17:07:54        0       495    0.00    0.00    0.00    0.00    0.00     3      0.00      0.00       0       0   0.00      6.00      0.00  kworker/3:3-events
17:07:54        0      2044    0.00    0.00    0.00    0.00    0.00     2      0.00      0.00       0       0   0.00      1.00      0.00  kworker/2:2-mm_percpu_wq
17:07:54     1000      3376    0.00    0.00    0.00    0.00    0.00     1      0.00      0.00    9900    3336   0.04      1.00      0.00  vmstat
17:07:54     1000      3377    1.00    0.00    0.00    0.00    1.00     1      0.00      0.00    7712    3760   0.05      1.00      0.00  pidstat
17:07:54     1000      3587   92.00    8.00    0.00    0.00  100.00     0      0.00      0.00   58588   51384   0.65      0.00      6.00  /home/ubuntu/pa
17:07:54     1000      3596   12.00    5.00    0.00    0.00   17.00     3    148.00      0.00 1818620   74080   0.94      0.00      0.00  hey
17:07:54     1000      3604    1.00    3.00    0.00    0.00    4.00     2   1370.00      0.00 1742840   49568   0.63      0.00      0.00  hey

# Time        UID       PID    %usr %system  %guest   %wait    %CPU   CPU  minflt/s  majflt/s     VSZ     RSS   %MEM   cswch/s nvcswch/s  Command
17:07:55        0        11    0.00    0.00    0.00    0.00    0.00     0      0.00      0.00       0       0   0.00      1.00      0.00  kworker/0:1-mm_percpu_wq
17:07:55        0        19    0.00    0.00    0.00    0.00    0.00     0      0.00      0.00       0       0   0.00      1.00      0.00  migration/0
17:07:55        0        25    0.00    0.00    0.00    0.00    0.00     1      0.00      0.00       0       0   0.00      1.00      0.00  migration/1
17:07:55        0        31    0.00    0.00    0.00    0.00    0.00     2      0.00      0.00       0       0   0.00      1.00      0.00  migration/2
17:07:55        0        37    0.00    0.00    0.00    0.00    0.00     3      0.00      0.00       0       0   0.00      1.00      0.00  migration/3
17:07:55        0        49    0.00    0.00    0.00    0.00    0.00     1      0.00      0.00       0       0   0.00      5.00      0.00  kworker/u16:2-events_unbound
17:07:55        0        52    0.00    0.00    0.00    0.00    0.00     1      0.00      0.00       0       0   0.00      2.00      0.00  kcompactd0
17:07:55        0       239    0.00    0.00    0.00    0.00    0.00     1      0.00      0.00  288968   26948   0.34      1.00      0.00  multipathd
17:07:55        0       495    0.00    0.00    0.00    0.00    0.00     3      0.00      0.00       0       0   0.00      3.00      0.00  kworker/3:3-events
17:07:55        0      2044    0.00    0.00    0.00    0.00    0.00     2      0.00      0.00       0       0   0.00      1.00      0.00  kworker/2:2-mm_percpu_wq
17:07:55        0      3261    0.00    0.00    0.00    0.00    0.00     1      0.00      0.00       0       0   0.00      6.00      0.00  kworker/1:0-events
17:07:55     1000      3376    0.00    0.00    0.00    0.00    0.00     1      0.00      0.00    9900    3336   0.04      1.00      0.00  vmstat
17:07:55     1000      3377    0.00    1.00    0.00    0.00    1.00     1      0.00      0.00    7712    3760   0.05      1.00      0.00  pidstat
17:07:55     1000      3587   92.00    8.00    0.00    0.00  100.00     0      0.00      0.00   58588   51384   0.65      0.00      2.00  /home/ubuntu/pa
17:07:55     1000      3596    9.00    7.00    0.00    0.00   16.00     3    113.00      0.00 1818620   74464   0.94      0.00      0.00  hey
17:07:55     1000      3604    1.00    3.00    0.00    0.00    4.00     2   1502.00      0.00 1742840   55584   0.70      0.00      0.00  hey

# Time        UID       PID    %usr %system  %guest   %wait    %CPU   CPU  minflt/s  majflt/s     VSZ     RSS   %MEM   cswch/s nvcswch/s  Command
17:07:56        0        11    0.00    0.00    0.00    0.00    0.00     0      0.00      0.00       0       0   0.00      5.00      0.00  kworker/0:1-events
17:07:56        0        49    0.00    0.00    0.00    0.00    0.00     1      0.00      0.00       0       0   0.00      7.00      0.00  kworker/u16:2-flush-259:0
17:07:56        0        52    0.00    0.00    0.00    0.00    0.00     1      0.00      0.00       0       0   0.00      2.00      0.00  kcompactd0
17:07:56        0       239    0.00    0.00    0.00    0.00    0.00     1      0.00      0.00  288968   26948   0.34      1.00      0.00  multipathd
17:07:56        0       495    0.00    0.00    0.00    0.00    0.00     3      0.00      0.00       0       0   0.00      4.00      0.00  kworker/3:3-events
17:07:56        0      2044    0.00    0.00    0.00    0.00    0.00     2      0.00      0.00       0       0   0.00      1.00      0.00  kworker/2:2-mm_percpu_wq
17:07:56     1000      2732    0.00    0.00    0.00    0.00    0.00     1      0.00      0.00   15004    7244   0.09      1.00      0.00  sshd
17:07:56        0      3261    0.00    0.00    0.00    0.00    0.00     1      0.00      0.00       0       0   0.00      2.00      0.00  kworker/1:0-events
17:07:56     1000      3376    0.00    0.00    0.00    0.00    0.00     1      0.00      0.00    9900    3336   0.04      1.00      0.00  vmstat
17:07:56     1000      3377    0.00    0.00    0.00    0.00    0.00     1      0.00      0.00    7712    3760   0.05      1.00      0.00  pidstat
17:07:56     1000      3587   92.00    8.00    0.00    0.00  100.00     0      0.00      0.00   58588   51384   0.65      0.00      5.00  /home/ubuntu/pa
17:07:56     1000      3596   11.00    5.00    0.00    0.00   16.00     3    119.00      0.00 1818620   74976   0.95      0.00      0.00  hey
17:07:56     1000      3604    3.00    3.00    0.00    0.00    6.00     2   1483.00      0.00 1742840   61344   0.77      0.00      0.00  hey

# Time        UID       PID    %usr %system  %guest   %wait    %CPU   CPU  minflt/s  majflt/s     VSZ     RSS   %MEM   cswch/s nvcswch/s  Command
17:07:57        0        11    0.00    0.00    0.00    0.00    0.00     0      0.00      0.00       0       0   0.00      1.00      0.00  kworker/0:1-mm_percpu_wq
17:07:57        0        16    0.00    0.00    0.00    0.00    0.00     3      0.00      0.00       0       0   0.00      7.00      0.00  rcu_sched
17:07:57        0        49    0.00    0.00    0.00    0.00    0.00     3      0.00      0.00       0       0   0.00      4.00      0.00  kworker/u16:2-events_power_efficient
17:07:57        0        52    0.00    0.00    0.00    0.00    0.00     1      0.00      0.00       0       0   0.00      1.00      0.00  kcompactd0
17:07:57        0       239    0.00    0.00    0.00    0.00    0.00     1      0.00      0.00  288968   26948   0.34      1.00      0.00  multipathd
17:07:57        0       382    0.00    0.00    0.00    0.00    0.00     2      0.00      0.00       0       0   0.00      4.00      0.00  kworker/u16:4-events_unbound
17:07:57        0       495    0.00    0.00    0.00    0.00    0.00     3      0.00      0.00       0       0   0.00      1.00      0.00  kworker/3:3-mm_percpu_wq
17:07:57      110       670    0.00    0.00    0.00    0.00    0.00     3      0.00      0.00   19416    3768   0.05      2.00      0.00  chronyd
17:07:57        0      2044    0.00    0.00    0.00    0.00    0.00     2      0.00      0.00       0       0   0.00      1.00      0.00  kworker/2:2-mm_percpu_wq
17:07:57        0      3261    0.00    0.00    0.00    0.00    0.00     1      0.00      0.00       0       0   0.00      6.00      0.00  kworker/1:0-events
17:07:57     1000      3376    0.00    0.00    0.00    0.00    0.00     1      0.00      0.00    9900    3336   0.04      1.00      0.00  vmstat
17:07:57     1000      3377    0.00    1.00    0.00    0.00    1.00     1      0.00      0.00    7712    3760   0.05      1.00      1.00  pidstat
17:07:57     1000      3587   92.00    8.00    0.00    0.00  100.00     0      0.00      0.00   58588   51384   0.65      0.00      1.00  /home/ubuntu/pa
17:07:57     1000      3596    9.00    7.00    0.00    0.00   16.00     3    108.00      0.00 1818620   75360   0.95      0.00      0.00  hey
17:07:57     1000      3604    1.00    4.00    0.00    0.00    5.00     2    973.00      0.00 1816572   65496   0.83      0.00      0.00  hey

# Time        UID       PID    %usr %system  %guest   %wait    %CPU   CPU  minflt/s  majflt/s     VSZ     RSS   %MEM   cswch/s nvcswch/s  Command
17:07:58        0        11    0.00    0.00    0.00    0.00    0.00     0      0.00      0.00       0       0   0.00      5.00      0.00  kworker/0:1-events
17:07:58        0        16    0.00    0.00    0.00    0.00    0.00     1      0.00      0.00       0       0   0.00     10.00      0.00  rcu_sched
17:07:58        0        32    0.00    0.00    0.00    0.00    0.00     2      0.00      0.00       0       0   0.00      1.00      0.00  ksoftirqd/2
17:07:58        0        52    0.00    0.00    0.00    0.00    0.00     1      0.00      0.00       0       0   0.00      2.00      0.00  kcompactd0
17:07:58        0       239    0.00    0.00    0.00    0.00    0.00     1      0.00      0.00  288968   26948   0.34      1.00      0.00  multipathd
17:07:58        0       382    0.00    0.00    0.00    0.00    0.00     2      0.00      0.00       0       0   0.00      6.00      0.00  kworker/u16:4-events_power_efficient
17:07:58        0       495    0.00    0.00    0.00    0.00    0.00     3      0.00      0.00       0       0   0.00      2.00      0.00  kworker/3:3-mm_percpu_wq
17:07:58        0      2044    0.00    0.00    0.00    0.00    0.00     2      0.00      0.00       0       0   0.00      8.00      0.00  kworker/2:2-events
17:07:58        0      3261    0.00    0.00    0.00    0.00    0.00     1      0.00      0.00       0       0   0.00      1.00      0.00  kworker/1:0-mm_percpu_wq
17:07:58     1000      3370    0.00    0.00    0.00    0.00    0.00     1      0.00      0.00   32128   21708   0.27     19.00      0.00  python3
17:07:58     1000      3376    0.00    0.00    0.00    0.00    0.00     1      0.00      0.00    9900    3336   0.04      1.00      0.00  vmstat
17:07:58     1000      3377    0.00    0.00    0.00    0.00    0.00     1      0.00      0.00    7712    3760   0.05      1.00      0.00  pidstat
17:07:58     1000      3587   94.00    7.00    0.00    0.00  101.00     0      0.00      0.00   58588   51384   0.65      0.00      5.00  /home/ubuntu/pa
17:07:58     1000      3596   14.00    6.00    0.00    0.00   20.00     3    294.00      0.00 1818620   76512   0.97      0.00      0.00  hey

# Time        UID       PID    %usr %system  %guest   %wait    %CPU   CPU  minflt/s  majflt/s     VSZ     RSS   %MEM   cswch/s nvcswch/s  Command
17:07:59        0        11    0.00    0.00    0.00    0.00    0.00     0      0.00      0.00       0       0   0.00      2.00      0.00  kworker/0:1-events
17:07:59        0        16    0.00    0.00    0.00    0.00    0.00     1      0.00      0.00       0       0   0.00     31.00      0.00  rcu_sched
17:07:59        0        19    0.00    0.00    0.00    0.00    0.00     0      0.00      0.00       0       0   0.00      1.00      0.00  migration/0
17:07:59        0        25    0.00    0.00    0.00    0.00    0.00     1      0.00      0.00       0       0   0.00      1.00      0.00  migration/1
17:07:59        0        26    0.00    0.00    0.00    0.00    0.00     1      0.00      0.00       0       0   0.00      1.00      0.00  ksoftirqd/1
17:07:59        0        31    0.00    0.00    0.00    0.00    0.00     2      0.00      0.00       0       0   0.00      1.00      0.00  migration/2
17:07:59        0        37    0.00    0.00    0.00    0.00    0.00     3      0.00      0.00       0       0   0.00      1.00      0.00  migration/3
17:07:59        0        38    0.00    0.00    0.00    0.00    0.00     3      0.00      0.00       0       0   0.00      3.00      0.00  ksoftirqd/3
17:07:59        0        52    0.00    0.00    0.00    0.00    0.00     1      0.00      0.00       0       0   0.00      2.00      0.00  kcompactd0
17:07:59        0       239    0.00    0.00    0.00    0.00    0.00     1      0.00      0.00  288968   26948   0.34      2.00      0.00  multipathd
17:07:59        0       382    0.00    0.00    0.00    0.00    0.00     1      0.00      0.00       0       0   0.00      7.00      0.00  kworker/u16:4-events_power_efficient
17:07:59        0       495    0.00    0.00    0.00    0.00    0.00     3      0.00      0.00       0       0   0.00      6.00      0.00  kworker/3:3-events
17:07:59        0       592    0.00    0.00    0.00    0.00    0.00     2      0.00      0.00   83064    4616   0.06      1.00      0.00  irqbalance
17:07:59        0       843    0.00    0.00    0.00    0.00    0.00     3      0.00      0.00       0       0   0.00      1.00      0.00  kworker/3:1H-kblockd
17:07:59        0      2044    0.00    0.00    0.00    0.00    0.00     2      0.00      0.00       0       0   0.00      5.00      0.00  kworker/2:2-events
17:07:59        0      3261    0.00    0.00    0.00    0.00    0.00     1      0.00      0.00       0       0   0.00      4.00      0.00  kworker/1:0-events
17:07:59     1000      3370    0.00    0.00    0.00    0.00    0.00     1      0.00      0.00   32128   21708   0.27     17.00      0.00  python3
17:07:59     1000      3376    0.00    0.00    0.00    0.00    0.00     1      0.00      0.00    9900    3336   0.04      1.00      0.00  vmstat
17:07:59     1000      3377    1.00    0.00    0.00    0.00    1.00     1      0.00      0.00    7712    3760   0.05      1.00      0.00  pidstat

# Time        UID       PID    %usr %system  %guest   %wait    %CPU   CPU  minflt/s  majflt/s     VSZ     RSS   %MEM   cswch/s nvcswch/s  Command
17:08:00        0        11    0.00    0.00    0.00    0.00    0.00     0      0.00      0.00       0       0   0.00      6.00      0.00  kworker/0:1-events
17:08:00        0        16    0.00    0.00    0.00    0.00    0.00     1      0.00      0.00       0       0   0.00     32.00      0.00  rcu_sched
17:08:00        0        25    0.00    0.00    0.00    0.00    0.00     1      0.00      0.00       0       0   0.00      2.00      0.00  migration/1
17:08:00        0        26    0.00    0.00    0.00    0.00    0.00     1      0.00      0.00       0       0   0.00      1.00      0.00  ksoftirqd/1
17:08:00        0        52    0.00    0.00    0.00    0.00    0.00     1      0.00      0.00       0       0   0.00      2.00      0.00  kcompactd0
17:08:00        0       239    0.00    0.00    0.00    0.00    0.00     1      0.00      0.00  288968   26948   0.34      1.00      0.00  multipathd
17:08:00        0       382    0.00    0.00    0.00    0.00    0.00     1      0.00      0.00       0       0   0.00      8.00      0.00  kworker/u16:4-events_power_efficient
17:08:00        0       495    0.00    0.00    0.00    0.00    0.00     3      0.00      0.00       0       0   0.00      1.00      0.00  kworker/3:3-mm_percpu_wq
17:08:00        0      2044    0.00    0.00    0.00    0.00    0.00     2      0.00      0.00       0       0   0.00      1.00      0.00  kworker/2:2-mm_percpu_wq
17:08:00        0      3261    0.00    0.00    0.00    0.00    0.00     1      0.00      0.00       0       0   0.00      8.00      0.00  kworker/1:0-events
17:08:00     1000      3370    1.00    1.00    0.00    0.00    2.00     1      1.00      0.00   32128   21708   0.27     13.00      0.00  python3
17:08:00     1000      3376    0.00    0.00    0.00    0.00    0.00     1      0.00      0.00    9900    3336   0.04      1.00      0.00  vmstat
17:08:00     1000      3377    0.00    1.00    0.00    0.00    1.00     1      0.00      0.00    7700    3760   0.05      1.00      0.00  pidstat
17:08:00     1000      3612    0.00    0.00    0.00    0.00    0.00     0    144.00      0.00    2704    1528   0.02      1.00      1.00  time
17:08:00     1000      3613   72.00    5.00    0.00    0.00   77.00     0   8185.00      0.00   49176   41888   0.53     11.00      5.00  /home/ubuntu/pa
17:08:00     1000      3614    1.00    3.00    0.00    0.00    4.00     2   2897.00      0.00 1750456   16876   0.21      3.00      3.00  hey

# Time        UID       PID    %usr %system  %guest   %wait    %CPU   CPU  minflt/s  majflt/s     VSZ     RSS   %MEM   cswch/s nvcswch/s  Command
17:08:01        0        11    0.00    0.00    0.00    0.00    0.00     0      0.00      0.00       0       0   0.00      1.00      0.00  kworker/0:1-events
17:08:01        0        16    0.00    0.00    0.00    0.00    0.00     1      0.00      0.00       0       0   0.00     17.00      0.00  rcu_sched
17:08:01        0        25    0.00    0.00    0.00    0.00    0.00     1      0.00      0.00       0       0   0.00      2.00      0.00  migration/1
17:08:01        0        32    0.00    0.00    0.00    0.00    0.00     2      0.00      0.00       0       0   0.00      1.00      0.00  ksoftirqd/2
17:08:01        0        52    0.00    0.00    0.00    0.00    0.00     1      0.00      0.00       0       0   0.00      2.00      0.00  kcompactd0
17:08:01        0       239    0.00    0.00    0.00    0.00    0.00     1      0.00      0.00  288968   26948   0.34      1.00      0.00  multipathd
17:08:01        0       382    0.00    0.00    0.00    0.00    0.00     1      0.00      0.00       0       0   0.00      4.00      0.00  kworker/u16:4-events_power_efficient
17:08:01        0       495    0.00    0.00    0.00    0.00    0.00     3      0.00      0.00       0       0   0.00      1.00      0.00  kworker/3:3-mm_percpu_wq
17:08:01        0      2044    0.00    0.00    0.00    0.00    0.00     2      0.00      0.00       0       0   0.00      3.00      0.00  kworker/2:2-events
17:08:01        0      3261    0.00    0.00    0.00    0.00    0.00     1      0.00      0.00       0       0   0.00      5.00      0.00  kworker/1:0-events
17:08:01     1000      3370    0.00    0.00    0.00    0.00    0.00     1      0.00      0.00   32128   21708   0.27      5.00      0.00  python3
17:08:01     1000      3376    0.00    0.00    0.00    0.00    0.00     1      0.00      0.00    9900    3336   0.04      1.00      0.00  vmstat
17:08:01     1000      3377    0.00    0.00    0.00    0.00    0.00     1      0.00      0.00    7700    3760   0.05      1.00      0.00  pidstat
17:08:01     1000      3613   91.00    8.00    0.00    0.00   99.00     0    620.00      0.00   51564   44320   0.56      2.00      1.00  /home/ubuntu/pa
17:08:01     1000      3622    6.00    5.00    0.00    0.00   11.00     3   8068.00      0.00 1816636   34356   0.43      3.00      5.00  hey
17:08:01     1000      3630    0.00    0.00    0.00    0.00    0.00     2   1665.00      0.00 1750456   11892   0.15      2.00     16.00  hey

# Time        UID       PID    %usr %system  %guest   %wait    %CPU   CPU  minflt/s  majflt/s     VSZ     RSS   %MEM   cswch/s nvcswch/s  Command
17:08:02        0        11    0.00    0.00    0.00    0.00    0.00     0      0.00      0.00       0       0   0.00      6.00      0.00  kworker/0:1-events
17:08:02        0        16    0.00    0.00    0.00    0.00    0.00     2      0.00      0.00       0       0   0.00      2.00      0.00  rcu_sched
17:08:02        0        32    0.00    0.00    0.00    0.00    0.00     2      0.00      0.00       0       0   0.00      1.00      0.00  ksoftirqd/2
17:08:02        0        49    0.00    0.00    0.00    0.00    0.00     1      0.00      0.00       0       0   0.00      3.00      0.00  kworker/u16:2-events_power_efficient
17:08:02        0        52    0.00    0.00    0.00    0.00    0.00     2      0.00      0.00       0       0   0.00      2.00      0.00  kcompactd0
17:08:02        0       239    0.00    0.00    0.00    0.00    0.00     1      0.00      0.00  288968   26948   0.34      1.00      0.00  multipathd
17:08:02        0       382    0.00    0.00    0.00    0.00    0.00     1      0.00      0.00       0       0   0.00      6.00      0.00  kworker/u16:4-events_power_efficient
17:08:02        0       495    0.00    0.00    0.00    0.00    0.00     3      0.00      0.00       0       0   0.00      1.00      0.00  kworker/3:3-mm_percpu_wq
17:08:02        0       585    0.00    0.00    0.00    0.00    0.00     3      0.00      0.00    7236    2784   0.04      1.00      0.00  cron
17:08:02        0      2044    0.00    0.00    0.00    0.00    0.00     2      0.00      0.00       0       0   0.00      1.00      0.00  kworker/2:2-mm_percpu_wq
17:08:02        0      3261    0.00    0.00    0.00    0.00    0.00     1      0.00      0.00       0       0   0.00      6.00      0.00  kworker/1:0-events
17:08:02     1000      3376    0.00    0.00    0.00    0.00    0.00     1      0.00      0.00    9900    3336   0.04      1.00      0.00  vmstat
17:08:02     1000      3377    0.00    1.00    0.00    0.00    1.00     1      0.00      0.00    7700    3760   0.05      1.00      0.00  pidstat
17:08:02     1000      3613   93.00    7.00    0.00    0.00  100.00     0     93.00      0.00   51960   44704   0.56      0.00      6.00  /home/ubuntu/pa
17:08:02     1000      3622   11.00   10.00    0.00    0.00   21.00     3   9243.00      0.00 1817852   67124   0.85      0.00      0.00  hey
17:08:02     1000      3630    0.00    0.00    0.00    0.00    0.00     2      4.00      0.00 1750456   11892   0.15      0.00      0.00  hey

# Time        UID       PID    %usr %system  %guest   %wait    %CPU   CPU  minflt/s  majflt/s     VSZ     RSS   %MEM   cswch/s nvcswch/s  Command
17:08:03        0        11    0.00    0.00    0.00    0.00    0.00     0      0.00      0.00       0       0   0.00      2.00      0.00  kworker/0:1-events
17:08:03        0        19    0.00    0.00    0.00    0.00    0.00     0      0.00      0.00       0       0   0.00      1.00      0.00  migration/0
17:08:03        0        25    0.00    0.00    0.00    0.00    0.00     1      0.00      0.00       0       0   0.00      1.00      0.00  migration/1
17:08:03        0        31    0.00    0.00    0.00    0.00    0.00     2      0.00      0.00       0       0   0.00      1.00      0.00  migration/2
17:08:03        0        37    0.00    0.00    0.00    0.00    0.00     3      0.00      0.00       0       0   0.00      1.00      0.00  migration/3
17:08:03        0        49    0.00    0.00    0.00    0.00    0.00     1      0.00      0.00       0       0   0.00     10.00      0.00  kworker/u16:2-events_power_efficient
17:08:03        0        52    0.00    0.00    0.00    0.00    0.00     1      0.00      0.00       0       0   0.00      2.00      0.00  kcompactd0
17:08:03        0       239    0.00    0.00    0.00    0.00    0.00     1      0.00      0.00  288968   26948   0.34      1.00      0.00  multipathd
17:08:03        0       495    0.00    0.00    0.00    0.00    0.00     3      0.00      0.00       0       0   0.00      2.00      0.00  kworker/3:3-events
17:08:03        0      2044    0.00    0.00    0.00    0.00    0.00     2      0.00      0.00       0       0   0.00      1.00      0.00  kworker/2:2-mm_percpu_wq
17:08:03        0      3261    0.00    0.00    0.00    0.00    0.00     1      0.00      0.00       0       0   0.00      5.00      0.00  kworker/1:0-events
17:08:03     1000      3376    0.00    0.00    0.00    0.00    0.00     1      0.00      0.00    9900    3336   0.04      1.00      0.00  vmstat
17:08:03     1000      3377    0.00    0.00    0.00    0.00    0.00     1      0.00      0.00    7700    3760   0.05      1.00      0.00  pidstat
17:08:03     1000      3613   94.00    6.00    0.00    0.00  100.00     0     26.00      0.00   52092   44832   0.57      0.00      3.00  /home/ubuntu/pa
17:08:03     1000      3622   11.00    7.00    0.00    0.00   18.00     3    182.00      0.00 1818044   67764   0.86      0.00      0.00  hey
17:08:03     1000      3630    1.00    1.00    0.00    0.00    2.00     2    508.00      0.00 1750712   13940   0.18      0.00      0.00  hey

# Time        UID       PID    %usr %system  %guest   %wait    %CPU   CPU  minflt/s  majflt/s     VSZ     RSS   %MEM   cswch/s nvcswch/s  Command
17:08:04        0        11    0.00    0.00    0.00    0.00    0.00     0      0.00      0.00       0       0   0.00      5.00      0.00  kworker/0:1-events
17:08:04        0        49    0.00    0.00    0.00    0.00    0.00     1      0.00      0.00       0       0   0.00      7.00      0.00  kworker/u16:2-events_power_efficient
17:08:04        0        52    0.00    0.00    0.00    0.00    0.00     1      0.00      0.00       0       0   0.00      2.00      0.00  kcompactd0
17:08:04        0       136    0.00    0.00    0.00    0.00    0.00     2      0.00      0.00       0       0   0.00      3.00      0.00  jbd2/nvme0n1p1-8
17:08:04        0       239    0.00    0.00    0.00    0.00    0.00     1      0.00      0.00  288968   26948   0.34      1.00      0.00  multipathd
17:08:04        0       495    0.00    0.00    0.00    0.00    0.00     3      0.00      0.00       0       0   0.00      1.00      0.00  kworker/3:3-mm_percpu_wq
17:08:04        0      2044    0.00    0.00    0.00    0.00    0.00     2      0.00      0.00       0       0   0.00      1.00      0.00  kworker/2:2-mm_percpu_wq
17:08:04        0      3261    0.00    0.00    0.00    0.00    0.00     1      0.00      0.00       0       0   0.00      6.00      0.00  kworker/1:0-events
17:08:04     1000      3376    0.00    0.00    0.00    0.00    0.00     1      0.00      0.00    9900    3336   0.04      1.00      0.00  vmstat
17:08:04     1000      3377    0.00    1.00    0.00    0.00    1.00     1      0.00      0.00    7700    3760   0.05      1.00      0.00  pidstat
17:08:04     1000      3613   95.00    5.00    0.00    0.00  100.00     0      0.00      0.00   52092   44832   0.57      0.00      5.00  /home/ubuntu/pa
17:08:04     1000      3622   10.00    7.00    0.00    0.00   17.00     3   1202.00      0.00 1818300   71860   0.91      0.00      0.00  hey
17:08:04     1000      3630    0.00    1.00    0.00    0.00    1.00     2    244.00      0.00 1750712   14836   0.19      0.00      0.00  hey

# Time        UID       PID    %usr %system  %guest   %wait    %CPU   CPU  minflt/s  majflt/s     VSZ     RSS   %MEM   cswch/s nvcswch/s  Command
17:08:05        0        11    0.00    0.00    0.00    0.00    0.00     0      0.00      0.00       0       0   0.00      1.00      0.00  kworker/0:1-events
17:08:05        0        16    0.00    0.00    0.00    0.00    0.00     3      0.00      0.00       0       0   0.00      2.00      0.00  rcu_sched
17:08:05        0        32    0.00    0.00    0.00    0.00    0.00     2      0.00      0.00       0       0   0.00      1.00      0.00  ksoftirqd/2
17:08:05        0        49    0.00    0.00    0.00    0.00    0.00     1      0.00      0.00       0       0   0.00      5.00      0.00  kworker/u16:2-events_power_efficient
17:08:05        0        52    0.00    0.00    0.00    0.00    0.00     1      0.00      0.00       0       0   0.00      2.00      0.00  kcompactd0
17:08:05        0       239    0.00    0.00    0.00    0.00    0.00     1      0.00      0.00  288968   26948   0.34      1.00      0.00  multipathd
17:08:05        0       495    0.00    0.00    0.00    0.00    0.00     3      0.00      0.00       0       0   0.00      1.00      0.00  kworker/3:3-mm_percpu_wq
17:08:05        0      2044    0.00    0.00    0.00    0.00    0.00     2      0.00      0.00       0       0   0.00      1.00      0.00  kworker/2:2-mm_percpu_wq
17:08:05        0      3261    0.00    0.00    0.00    0.00    0.00     1      0.00      0.00       0       0   0.00      6.00      0.00  kworker/1:0-events
17:08:05     1000      3376    0.00    0.00    0.00    0.00    0.00     1      0.00      0.00    9900    3336   0.04      1.00      0.00  vmstat
17:08:05     1000      3377    0.00    0.00    0.00    0.00    0.00     1      0.00      0.00    7700    3760   0.05      1.00      0.00  pidstat
17:08:05     1000      3613   94.00    6.00    0.00    0.00  100.00     0      0.00      0.00   52092   44832   0.57      0.00      1.00  /home/ubuntu/pa
17:08:05     1000      3622   11.00    7.00    0.00    0.00   18.00     3    144.00      0.00 1818428   72372   0.91      0.00      0.00  hey
17:08:05     1000      3630    0.00    0.00    0.00    0.00    0.00     2    247.00      0.00 1750712   15860   0.20      0.00      0.00  hey

# Time        UID       PID    %usr %system  %guest   %wait    %CPU   CPU  minflt/s  majflt/s     VSZ     RSS   %MEM   cswch/s nvcswch/s  Command
17:08:06        0        11    0.00    0.00    0.00    0.00    0.00     0      0.00      0.00       0       0   0.00      6.00      0.00  kworker/0:1-events
17:08:06        0        49    0.00    0.00    0.00    0.00    0.00     1      0.00      0.00       0       0   0.00      5.00      0.00  kworker/u16:2-events_power_efficient
17:08:06        0        52    0.00    0.00    0.00    0.00    0.00     1      0.00      0.00       0       0   0.00      2.00      0.00  kcompactd0
17:08:06        0       239    0.00    0.00    0.00    0.00    0.00     1      0.00      0.00  288968   26948   0.34      1.00      0.00  multipathd
17:08:06        0       495    0.00    0.00    0.00    0.00    0.00     3      0.00      0.00       0       0   0.00      1.00      0.00  kworker/3:3-mm_percpu_wq
17:08:06        0       502    0.00    0.00    0.00    0.00    0.00     1      0.00      0.00       0       0   0.00      1.00      0.00  kworker/1:1H-kblockd
17:08:06        0      2044    0.00    0.00    0.00    0.00    0.00     2      0.00      0.00       0       0   0.00      1.00      0.00  kworker/2:2-mm_percpu_wq
17:08:06     1000      2732    0.00    0.00    0.00    0.00    0.00     1      0.00      0.00   15004    7244   0.09      1.00      0.00  sshd
17:08:06        0      3261    0.00    0.00    0.00    0.00    0.00     1      0.00      0.00       0       0   0.00      4.00      0.00  kworker/1:0-events
17:08:06     1000      3376    0.00    0.00    0.00    0.00    0.00     1      0.00      0.00    9900    3336   0.04      1.00      0.00  vmstat
17:08:06     1000      3377    0.00    1.00    0.00    0.00    1.00     1      0.00      0.00    7700    3760   0.05      1.00      0.00  pidstat
17:08:06     1000      3613   93.00    7.00    0.00    0.00  100.00     0      0.00      0.00   52092   44832   0.57      0.00      6.00  /home/ubuntu/pa
17:08:06     1000      3622   11.00    7.00    0.00    0.00   18.00     3    156.00      0.00 1818492   72884   0.92      0.00      0.00  hey
17:08:06     1000      3630    0.00    1.00    0.00    0.00    1.00     2    236.00      0.00 1750712   16884   0.21      0.00      0.00  hey

# Time        UID       PID    %usr %system  %guest   %wait    %CPU   CPU  minflt/s  majflt/s     VSZ     RSS   %MEM   cswch/s nvcswch/s  Command
17:08:07        0        11    0.00    0.00    0.00    0.00    0.00     0      0.00      0.00       0       0   0.00      2.00      0.00  kworker/0:1-events
17:08:07        0        16    0.00    0.00    0.00    0.00    0.00     3      0.00      0.00       0       0   0.00      3.00      0.00  rcu_sched
17:08:07        0        19    0.00    0.00    0.00    0.00    0.00     0      0.00      0.00       0       0   0.00      1.00      0.00  migration/0
17:08:07        0        25    0.00    0.00    0.00    0.00    0.00     1      0.00      0.00       0       0   0.00      1.00      0.00  migration/1
17:08:07        0        31    0.00    0.00    0.00    0.00    0.00     2      0.00      0.00       0       0   0.00      1.00      0.00  migration/2
17:08:07        0        37    0.00    0.00    0.00    0.00    0.00     3      0.00      0.00       0       0   0.00      1.00      0.00  migration/3
17:08:07        0        49    0.00    0.00    0.00    0.00    0.00     1      0.00      0.00       0       0   0.00      7.00      0.00  kworker/u16:2-events_power_efficient
17:08:07        0        52    0.00    0.00    0.00    0.00    0.00     1      0.00      0.00       0       0   0.00      2.00      0.00  kcompactd0
17:08:07        0       239    0.00    0.00    0.00    0.00    0.00     1      0.00      0.00  288968   26948   0.34      1.00      0.00  multipathd
17:08:07        0       382    0.00    0.00    0.00    0.00    0.00     1      0.00      0.00       0       0   0.00      2.00      0.00  kworker/u16:4-events_power_efficient
17:08:07        0       495    0.00    0.00    0.00    0.00    0.00     3      0.00      0.00       0       0   0.00      1.00      0.00  kworker/3:3-mm_percpu_wq
17:08:07        0      2044    0.00    0.00    0.00    0.00    0.00     2      0.00      0.00       0       0   0.00      2.00      0.00  kworker/2:2-mm_percpu_wq
17:08:07        0      3261    0.00    0.00    0.00    0.00    0.00     1      0.00      0.00       0       0   0.00      6.00      0.00  kworker/1:0-events
17:08:07     1000      3376    0.00    0.00    0.00    0.00    0.00     1      0.00      0.00    9900    3336   0.04      1.00      0.00  vmstat
17:08:07     1000      3377    0.00    0.00    0.00    0.00    0.00     1      0.00      0.00    7700    3760   0.05      1.00      0.00  pidstat
17:08:07     1000      3613   92.00    8.00    0.00    0.00  100.00     0      0.00      0.00   52092   44832   0.57      0.00      3.00  /home/ubuntu/pa
17:08:07     1000      3622   12.00    7.00    0.00    0.00   19.00     3    328.00      0.00 1818556   74164   0.94      0.00      0.00  hey
17:08:07     1000      3630    0.00    0.00    0.00    0.00    0.00     2    247.00      0.00 1750712   17780   0.22      0.00      0.00  hey

# Time        UID       PID    %usr %system  %guest   %wait    %CPU   CPU  minflt/s  majflt/s     VSZ     RSS   %MEM   cswch/s nvcswch/s  Command
17:08:08        0        11    0.00    0.00    0.00    0.00    0.00     0      0.00      0.00       0       0   0.00      7.00      0.00  kworker/0:1-events
17:08:08        0        26    0.00    0.00    0.00    0.00    0.00     1      0.00      0.00       0       0   0.00      1.00      0.00  ksoftirqd/1
17:08:08        0        32    0.00    0.00    0.00    0.00    0.00     2      0.00      0.00       0       0   0.00      1.00      0.00  ksoftirqd/2
17:08:08        0        52    0.00    0.00    0.00    0.00    0.00     1      0.00      0.00       0       0   0.00      2.00      0.00  kcompactd0
17:08:08        0       239    0.00    0.00    0.00    0.00    0.00     1      0.00      0.00  288968   26948   0.34      1.00      0.00  multipathd
17:08:08        0       382    0.00    0.00    0.00    0.00    0.00     2      0.00      0.00       0       0   0.00      9.00      0.00  kworker/u16:4-writeback
17:08:08        0       495    0.00    0.00    0.00    0.00    0.00     3      0.00      0.00       0       0   0.00      1.00      0.00  kworker/3:3-mm_percpu_wq
17:08:08        0      2044    0.00    0.00    0.00    0.00    0.00     2      0.00      0.00       0       0   0.00      3.00      0.00  kworker/2:2-events
17:08:08        0      3261    0.00    0.00    0.00    0.00    0.00     1      0.00      0.00       0       0   0.00      4.00      0.00  kworker/1:0-mm_percpu_wq
17:08:08     1000      3376    0.00    0.00    0.00    0.00    0.00     1      0.00      0.00    9900    3336   0.04      1.00      0.00  vmstat
17:08:08     1000      3377    0.00    1.00    0.00    0.00    1.00     1      0.00      0.00    7700    3760   0.05      1.00      0.00  pidstat
17:08:08     1000      3613   96.00    4.00    0.00    0.00  100.00     0      0.00      0.00   52092   44832   0.57      0.00      7.00  /home/ubuntu/pa
17:08:08     1000      3622   12.00    6.00    0.00    0.00   18.00     3    113.00      0.00 1818556   74420   0.94      0.00      0.00  hey
17:08:08     1000      3630    1.00    1.00    0.00    0.00    2.00     2    253.00      0.00 1816316   18804   0.24      0.00      0.00  hey

# Time        UID       PID    %usr %system  %guest   %wait    %CPU   CPU  minflt/s  majflt/s     VSZ     RSS   %MEM   cswch/s nvcswch/s  Command
17:08:09        0        11    0.00    0.00    0.00    0.00    0.00     0      0.00      0.00       0       0   0.00      1.00      0.00  kworker/0:1-mm_percpu_wq
17:08:09        0        16    0.00    0.00    0.00    0.00    0.00     3      0.00      0.00       0       0   0.00      2.00      0.00  rcu_sched
17:08:09        0        52    0.00    0.00    0.00    0.00    0.00     1      0.00      0.00       0       0   0.00      2.00      0.00  kcompactd0
17:08:09        0       239    0.00    0.00    0.00    0.00    0.00     1      0.00      0.00  288968   26948   0.34      1.00      0.00  multipathd
17:08:09        0       382    0.00    0.00    0.00    0.00    0.00     2      0.00      0.00       0       0   0.00      6.00      0.00  kworker/u16:4-events_power_efficient
17:08:09        0       495    0.00    0.00    0.00    0.00    0.00     3      0.00      0.00       0       0   0.00      1.00      0.00  kworker/3:3-mm_percpu_wq
17:08:09        0       592    0.00    0.00    0.00    0.00    0.00     2      0.00      0.00   83064    4616   0.06      1.00      0.00  irqbalance
17:08:09        0      2044    0.00    0.00    0.00    0.00    0.00     2      0.00      0.00       0       0   0.00      6.00      0.00  kworker/2:2-events
17:08:09        0      3261    0.00    0.00    0.00    0.00    0.00     1      0.00      0.00       0       0   0.00      1.00      0.00  kworker/1:0-mm_percpu_wq
17:08:09     1000      3376    0.00    0.00    0.00    0.00    0.00     1      0.00      0.00    9900    3336   0.04      1.00      0.00  vmstat
17:08:09     1000      3377    1.00    0.00    0.00    0.00    1.00     1      0.00      0.00    7700    3760   0.05      1.00      0.00  pidstat
17:08:09     1000      3613   94.00    6.00    0.00    0.00  100.00     0      0.00      0.00   52092   44832   0.57      0.00      1.00  /home/ubuntu/pa
17:08:09     1000      3622   12.00    7.00    0.00    0.00   19.00     3    150.00      0.00 1818556   75060   0.95      0.00      0.00  hey
17:08:09     1000      3630    0.00    0.00    0.00    0.00    0.00     2    237.00      0.00 1816316   19700   0.25      0.00      0.00  hey

# Time        UID       PID    %usr %system  %guest   %wait    %CPU   CPU  minflt/s  majflt/s     VSZ     RSS   %MEM   cswch/s nvcswch/s  Command
17:08:10        0        11    0.00    0.00    0.00    0.00    0.00     0      0.00      0.00       0       0   0.00      6.00      0.00  kworker/0:1-events
17:08:10        0        26    0.00    0.00    0.00    0.00    0.00     1      0.00      0.00       0       0   0.00      1.00      0.00  ksoftirqd/1
17:08:10        0        52    0.00    0.00    0.00    0.00    0.00     1      0.00      0.00       0       0   0.00      2.00      0.00  kcompactd0
17:08:10        0       239    0.00    0.00    0.00    0.00    0.00     1      0.00      0.00  288968   26948   0.34      1.00      0.00  multipathd
17:08:10        0       382    0.00    0.00    0.00    0.00    0.00     2      0.00      0.00       0       0   0.00      6.00      0.00  kworker/u16:4-events_power_efficient
17:08:10        0       495    0.00    0.00    0.00    0.00    0.00     3      0.00      0.00       0       0   0.00      1.00      0.00  kworker/3:3-mm_percpu_wq
17:08:10        0      2044    0.00    0.00    0.00    0.00    0.00     2      0.00      0.00       0       0   0.00      6.00      0.00  kworker/2:2-events
17:08:10        0      3261    0.00    0.00    0.00    0.00    0.00     1      0.00      0.00       0       0   0.00      1.00      0.00  kworker/1:0-mm_percpu_wq
17:08:10     1000      3376    0.00    0.00    0.00    0.00    0.00     1      0.00      0.00    9900    3336   0.04      1.00      0.00  vmstat
17:08:10     1000      3377    0.00    1.00    0.00    0.00    1.00     1      0.00      0.00    7700    3760   0.05      1.00      0.00  pidstat
17:08:10     1000      3613   95.00    5.00    0.00    0.00  100.00     0      0.00      0.00   52092   44832   0.57      0.00      6.00  /home/ubuntu/pa
17:08:10     1000      3622   12.00    7.00    0.00    0.00   19.00     3    275.00      0.00 1818556   76084   0.96      0.00      0.00  hey
17:08:10     1000      3630    0.00    1.00    0.00    0.00    1.00     2    234.00      0.00 1816316   20724   0.26      0.00      0.00  hey

# Time        UID       PID    %usr %system  %guest   %wait    %CPU   CPU  minflt/s  majflt/s     VSZ     RSS   %MEM   cswch/s nvcswch/s  Command
17:08:11        0         1    0.00    0.00    0.00    0.00    0.00     1      1.00      0.00   22048   13048   0.16      1.00      0.00  systemd
17:08:11        0        11    0.00    0.00    0.00    0.00    0.00     0      0.00      0.00       0       0   0.00      2.00      0.00  kworker/0:1-events
17:08:11        0        16    0.00    0.00    0.00    0.00    0.00     3      0.00      0.00       0       0   0.00      2.00      0.00  rcu_sched
17:08:11        0        19    0.00    0.00    0.00    0.00    0.00     0      0.00      0.00       0       0   0.00      1.00      0.00  migration/0
17:08:11        0        25    0.00    0.00    0.00    0.00    0.00     1      0.00      0.00       0       0   0.00      1.00      0.00  migration/1
17:08:11        0        31    0.00    0.00    0.00    0.00    0.00     2      0.00      0.00       0       0   0.00      1.00      0.00  migration/2
17:08:11        0        37    0.00    0.00    0.00    0.00    0.00     3      0.00      0.00       0       0   0.00      1.00      0.00  migration/3
17:08:11        0        52    0.00    0.00    0.00    0.00    0.00     1      0.00      0.00       0       0   0.00      2.00      0.00  kcompactd0
17:08:11        0       239    0.00    0.00    0.00    0.00    0.00     1      0.00      0.00  288968   26948   0.34      1.00      0.00  multipathd
17:08:11        0       382    0.00    0.00    0.00    0.00    0.00     2      0.00      0.00       0       0   0.00      5.00      0.00  kworker/u16:4-events_power_efficient
17:08:11      991       394    0.00    0.00    0.00    0.00    0.00     3      0.00      0.00   21480   12544   0.16      1.00      0.00  systemd-resolve
17:08:11        0       495    0.00    0.00    0.00    0.00    0.00     3      0.00      0.00       0       0   0.00      2.00      0.00  kworker/3:3-events
17:08:11        0       604    0.00    0.00    0.00    0.00    0.00     2      0.00      0.00   18172    8804   0.11      1.00      0.00  systemd-logind
17:08:11        0      2044    0.00    0.00    0.00    0.00    0.00     2      0.00      0.00       0       0   0.00      5.00      0.00  kworker/2:2-events
17:08:11        0      3261    0.00    0.00    0.00    0.00    0.00     1      0.00      0.00       0       0   0.00      2.00      0.00  kworker/1:0-events
17:08:11     1000      3376    0.00    0.00    0.00    0.00    0.00     1      0.00      0.00    9900    3336   0.04      1.00      0.00  vmstat
17:08:11     1000      3377    0.00    0.00    0.00    0.00    0.00     1      0.00      0.00    7700    3760   0.05      1.00      0.00  pidstat
17:08:11     1000      3613   94.00    6.00    0.00    0.00  100.00     0      0.00      0.00   52092   44832   0.57      0.00      3.00  /home/ubuntu/pa
17:08:11     1000      3622   11.00    8.00    0.00    0.00   19.00     3     98.00      0.00 1818556   76468   0.97      0.00      0.00  hey
17:08:11     1000      3630    0.00    0.00    0.00    0.00    0.00     2    239.00      0.00 1816316   21620   0.27      0.00      0.00  hey

# Time        UID       PID    %usr %system  %guest   %wait    %CPU   CPU  minflt/s  majflt/s     VSZ     RSS   %MEM   cswch/s nvcswch/s  Command
17:08:12        0        11    0.00    0.00    0.00    0.00    0.00     0      0.00      0.00       0       0   0.00      5.00      0.00  kworker/0:1-events
17:08:12        0        16    0.00    0.00    0.00    0.00    0.00     1      0.00      0.00       0       0   0.00      8.00      0.00  rcu_sched
17:08:12        0        32    0.00    0.00    0.00    0.00    0.00     2      0.00      0.00       0       0   0.00      1.00      0.00  ksoftirqd/2
17:08:12        0        52    0.00    0.00    0.00    0.00    0.00     1      0.00      0.00       0       0   0.00      2.00      0.00  kcompactd0
17:08:12        0       239    0.00    0.00    0.00    0.00    0.00     1      0.00      0.00  288968   26948   0.34      1.00      0.00  multipathd
17:08:12        0       382    0.00    0.00    0.00    0.00    0.00     1      0.00      0.00       0       0   0.00      7.00      0.00  kworker/u16:4-events_power_efficient
17:08:12        0       495    0.00    0.00    0.00    0.00    0.00     3      0.00      0.00       0       0   0.00      2.00      0.00  kworker/3:3-events
17:08:12        0      2044    0.00    0.00    0.00    0.00    0.00     2      0.00      0.00       0       0   0.00      5.00      0.00  kworker/2:2-events
17:08:12        0      3261    0.00    0.00    0.00    0.00    0.00     1      0.00      0.00       0       0   0.00      4.00      0.00  kworker/1:0-events
17:08:12     1000      3370    0.00    0.00    0.00    0.00    0.00     1      0.00      0.00   32128   21708   0.27      8.00      0.00  python3
17:08:12     1000      3376    0.00    0.00    0.00    0.00    0.00     1      0.00      0.00    9900    3336   0.04      1.00      0.00  vmstat
17:08:12     1000      3377    0.00    1.00    0.00    0.00    1.00     1      0.00      0.00    7700    3760   0.05      1.00      0.00  pidstat
17:08:12     1000      3613   94.00    6.00    0.00    0.00  100.00     0      0.00      0.00   52092   44832   0.57      0.00      5.00  /home/ubuntu/pa
17:08:12     1000      3622   12.00    7.00    0.00    0.00   19.00     3     98.00      0.00 1818556   76852   0.97      0.00      0.00  hey

# Time        UID       PID    %usr %system  %guest   %wait    %CPU   CPU  minflt/s  majflt/s     VSZ     RSS   %MEM   cswch/s nvcswch/s  Command
17:08:13        0        11    0.00    0.00    0.00    0.00    0.00     0      0.00      0.00       0       0   0.00      2.00      0.00  kworker/0:1-events
17:08:13        0        16    0.00    0.00    0.00    0.00    0.00     3      0.00      0.00       0       0   0.00     41.00      0.00  rcu_sched
17:08:13        0        25    0.00    0.00    0.00    0.00    0.00     1      0.00      0.00       0       0   0.00      1.00      0.00  migration/1
17:08:13        0        38    0.00    0.00    0.00    0.00    0.00     3      0.00      0.00       0       0   0.00      1.00      0.00  ksoftirqd/3
17:08:13        0        49    0.00    0.00    0.00    0.00    0.00     3      0.00      0.00       0       0   0.00      4.00      0.00  kworker/u16:2-events_power_efficient
17:08:13        0        52    0.00    0.00    0.00    0.00    0.00     1      0.00      0.00       0       0   0.00      2.00      0.00  kcompactd0
17:08:13        0       239    0.00    0.00    0.00    0.00    0.00     1      0.00      0.00  288968   26948   0.34      1.00      0.00  multipathd
17:08:13        0       382    0.00    0.00    0.00    0.00    0.00     1      0.00      0.00       0       0   0.00      4.00      0.00  kworker/u16:4-events_power_efficient
17:08:13        0       495    0.00    1.00    0.00    0.00    1.00     3      0.00      0.00       0       0   0.00      7.00      0.00  kworker/3:3-events
17:08:13        0      2044    0.00    0.00    0.00    0.00    0.00     2      0.00      0.00       0       0   0.00      3.00      0.00  kworker/2:2-events
17:08:13        0      3261    0.00    0.00    0.00    0.00    0.00     1      0.00      0.00       0       0   0.00      4.00      0.00  kworker/1:0-events
17:08:13     1000      3370    0.00    0.00    0.00    0.00    0.00     1      0.00      0.00   32128   21708   0.27     15.00      0.00  python3
17:08:13     1000      3376    0.00    0.00    0.00    0.00    0.00     1      0.00      0.00    9900    3336   0.04      1.00      0.00  vmstat
17:08:13     1000      3377    0.00    0.00    0.00    0.00    0.00     1      0.00      0.00    7700    3760   0.05      1.00      0.00  pidstat
17:08:13     1000      3638    0.00    0.00    0.00    0.00    0.00     0    146.00      0.00    2704    1464   0.02      1.00      1.00  time
17:08:13     1000      3639    8.00    1.00    0.00    0.00    9.00     0   6140.00      0.00   41432   31632   0.40      0.00      0.00  /home/ubuntu/pe

# Time        UID       PID    %usr %system  %guest   %wait    %CPU   CPU  minflt/s  majflt/s     VSZ     RSS   %MEM   cswch/s nvcswch/s  Command
17:08:14        0        11    0.00    0.00    0.00    0.00    0.00     0      0.00      0.00       0       0   0.00      7.00      0.00  kworker/0:1-events
17:08:14        0        16    0.00    0.00    0.00    0.00    0.00     1      0.00      0.00       0       0   0.00     17.00      0.00  rcu_sched
17:08:14        0        25    0.00    0.00    0.00    0.00    0.00     1      0.00      0.00       0       0   0.00      1.00      0.00  migration/1
17:08:14        0        49    0.00    0.00    0.00    0.00    0.00     3      0.00      0.00       0       0   0.00      9.00      0.00  kworker/u16:2-events_unbound
17:08:14        0        52    0.00    0.00    0.00    0.00    0.00     1      0.00      0.00       0       0   0.00      2.00      0.00  kcompactd0
17:08:14        0       161    0.00    0.00    0.00    0.00    0.00     0      0.00      0.00       0       0   0.00      1.00      0.00  kworker/0:1H-kblockd
17:08:14        0       239    0.00    0.00    0.00    0.00    0.00     1      0.00      0.00  288968   26948   0.34      1.00      0.00  multipathd
17:08:14        0       495    0.00    0.00    0.00    0.00    0.00     3      0.00      0.00       0       0   0.00      6.00      0.00  kworker/3:3-events
17:08:14      110       670    0.00    0.00    0.00    0.00    0.00     3      0.00      0.00   19416    3768   0.05      2.00      0.00  chronyd
17:08:14        0      2044    0.00    0.00    0.00    0.00    0.00     2      0.00      0.00       0       0   0.00      1.00      0.00  kworker/2:2-mm_percpu_wq
17:08:14        0      3261    0.00    0.00    0.00    0.00    0.00     1      0.00      0.00       0       0   0.00      2.00      0.00  kworker/1:0-mm_percpu_wq
17:08:14     1000      3370    0.00    0.00    0.00    0.00    0.00     1      1.00      0.00   32128   21708   0.27     10.00      0.00  python3
17:08:14     1000      3376    0.00    0.00    0.00    0.00    0.00     1      0.00      0.00    9900    3336   0.04      1.00      0.00  vmstat
17:08:14     1000      3377    0.00    1.00    0.00    0.00    1.00     1      0.00      0.00    7700    3760   0.05      1.00      0.00  pidstat
17:08:14     1000      3639   87.00    6.00    0.00    0.00   93.00     0   1773.00      0.00   47988   40896   0.52     10.00      7.00  /home/ubuntu/pe
17:08:14     1000      3640    2.00    4.00    0.00    0.00    6.00     2   3516.00      0.00 1816316   19256   0.24      3.00      2.00  hey

# Time        UID       PID    %usr %system  %guest   %wait    %CPU   CPU  minflt/s  majflt/s     VSZ     RSS   %MEM   cswch/s nvcswch/s  Command
17:08:15        0        11    0.00    0.00    0.00    0.00    0.00     0      0.00      0.00       0       0   0.00      1.00      0.00  kworker/0:1-events
17:08:15        0        16    0.00    0.00    0.00    0.00    0.00     1      0.00      0.00       0       0   0.00     30.00      0.00  rcu_sched
17:08:15        0        19    0.00    0.00    0.00    0.00    0.00     0      0.00      0.00       0       0   0.00      1.00      0.00  migration/0
17:08:15        0        25    0.00    0.00    0.00    0.00    0.00     1      0.00      0.00       0       0   0.00      3.00      0.00  migration/1
17:08:15        0        26    0.00    0.00    0.00    0.00    0.00     1      0.00      0.00       0       0   0.00      1.00      0.00  ksoftirqd/1
17:08:15        0        31    0.00    0.00    0.00    0.00    0.00     2      0.00      0.00       0       0   0.00      1.00      0.00  migration/2
17:08:15        0        37    0.00    0.00    0.00    0.00    0.00     3      0.00      0.00       0       0   0.00      1.00      0.00  migration/3
17:08:15        0        38    0.00    0.00    0.00    0.00    0.00     3      0.00      0.00       0       0   0.00      1.00      0.00  ksoftirqd/3
17:08:15        0        49    0.00    0.00    0.00    0.00    0.00     1      0.00      0.00       0       0   0.00      5.00      0.00  kworker/u16:2-events_power_efficient
17:08:15        0        52    0.00    0.00    0.00    0.00    0.00     1      0.00      0.00       0       0   0.00      2.00      0.00  kcompactd0
17:08:15        0       239    0.00    0.00    0.00    0.00    0.00     1      0.00      0.00  288968   26948   0.34      1.00      0.00  multipathd
17:08:15        0       495    0.00    0.00    0.00    0.00    0.00     3      0.00      0.00       0       0   0.00      3.00      0.00  kworker/3:3-events
17:08:15        0      2044    0.00    0.00    0.00    0.00    0.00     2      0.00      0.00       0       0   0.00      2.00      0.00  kworker/2:2-mm_percpu_wq
17:08:15        0      3261    0.00    0.00    0.00    0.00    0.00     1      0.00      0.00       0       0   0.00      6.00      0.00  kworker/1:0-events
17:08:15     1000      3370    0.00    0.00    0.00    0.00    0.00     1      0.00      0.00   32128   21708   0.27      5.00      0.00  python3
17:08:15     1000      3376    0.00    0.00    0.00    0.00    0.00     1      0.00      0.00    9900    3336   0.04      1.00      0.00  vmstat
17:08:15     1000      3377    0.00    0.00    0.00    0.00    0.00     1      0.00      0.00    7700    3760   0.05      1.00      0.00  pidstat
17:08:15     1000      3639   90.00    9.00    0.00    0.00   99.00     0    714.00      0.00   50908   43712   0.55      2.00      2.00  /home/ubuntu/pe
17:08:15     1000      3648   15.00   15.00    0.00    0.00   30.00     3  10868.00      0.00 1816956   44724   0.56      3.00      2.00  hey
17:08:15     1000      3656    0.00    0.00    0.00    0.00    0.00     2   1631.00      0.00 1676724   11876   0.15      2.00      5.00  hey

# Time        UID       PID    %usr %system  %guest   %wait    %CPU   CPU  minflt/s  majflt/s     VSZ     RSS   %MEM   cswch/s nvcswch/s  Command
17:08:16        0        11    0.00    0.00    0.00    0.00    0.00     0      0.00      0.00       0       0   0.00      6.00      0.00  kworker/0:1-events
17:08:16        0        49    0.00    0.00    0.00    0.00    0.00     1      0.00      0.00       0       0   0.00      4.00      0.00  kworker/u16:2-events_power_efficient
17:08:16        0        52    0.00    0.00    0.00    0.00    0.00     1      0.00      0.00       0       0   0.00      2.00      0.00  kcompactd0
17:08:16        0       239    0.00    0.00    0.00    0.00    0.00     1      0.00      0.00  288968   26948   0.34      1.00      0.00  multipathd
17:08:16        0       495    0.00    0.00    0.00    0.00    0.00     3      0.00      0.00       0       0   0.00      2.00      0.00  kworker/3:3-mm_percpu_wq
17:08:16        0      2044    0.00    0.00    0.00    0.00    0.00     2      0.00      0.00       0       0   0.00      1.00      0.00  kworker/2:2-mm_percpu_wq
17:08:16     1000      2732    0.00    0.00    0.00    0.00    0.00     1      0.00      0.00   15004    7244   0.09      1.00      0.00  sshd
17:08:16        0      3261    0.00    0.00    0.00    0.00    0.00     1      0.00      0.00       0       0   0.00      5.00      0.00  kworker/1:0-events
17:08:16     1000      3376    0.00    0.00    0.00    0.00    0.00     1      0.00      0.00    9900    3336   0.04      1.00      0.00  vmstat
17:08:16     1000      3377    1.00    0.00    0.00    0.00    1.00     1      0.00      0.00    7700    3760   0.05      1.00      0.00  pidstat
17:08:16     1000      3639   92.00    8.00    0.00    0.00  100.00     0      4.00      0.00   50908   43712   0.55      0.00      6.00  /home/ubuntu/pe
17:08:16     1000      3648   18.00   18.00    0.00    0.00   36.00     3   6196.00      0.00 1817916   67252   0.85      0.00      0.00  hey
17:08:16     1000      3656    0.00    1.00    0.00    0.00    1.00     2    270.00      0.00 1676724   12900   0.16      0.00      0.00  hey

# Time        UID       PID    %usr %system  %guest   %wait    %CPU   CPU  minflt/s  majflt/s     VSZ     RSS   %MEM   cswch/s nvcswch/s  Command
17:08:17        0        11    0.00    0.00    0.00    0.00    0.00     0      0.00      0.00       0       0   0.00      1.00      0.00  kworker/0:1-events
17:08:17        0        16    0.00    0.00    0.00    0.00    0.00     1      0.00      0.00       0       0   0.00      2.00      0.00  rcu_sched
17:08:17        0        26    0.00    0.00    0.00    0.00    0.00     1      0.00      0.00       0       0   0.00      1.00      0.00  ksoftirqd/1
17:08:17        0        49    0.00    0.00    0.00    0.00    0.00     1      0.00      0.00       0       0   0.00      7.00      0.00  kworker/u16:2-events_power_efficient
17:08:17        0        52    0.00    0.00    0.00    0.00    0.00     1      0.00      0.00       0       0   0.00      2.00      0.00  kcompactd0
17:08:17        0       239    0.00    0.00    0.00    0.00    0.00     1      0.00      0.00  288968   26948   0.34      1.00      0.00  multipathd
17:08:17        0       495    0.00    0.00    0.00    0.00    0.00     3      0.00      0.00       0       0   0.00      1.00      0.00  kworker/3:3-mm_percpu_wq
17:08:17        0      2044    0.00    0.00    0.00    0.00    0.00     2      0.00      0.00       0       0   0.00      1.00      0.00  kworker/2:2-mm_percpu_wq
17:08:17        0      3261    0.00    0.00    0.00    0.00    0.00     1      0.00      0.00       0       0   0.00      5.00      0.00  kworker/1:0-events
17:08:17     1000      3376    0.00    0.00    0.00    0.00    0.00     1      0.00      0.00    9900    3336   0.04      1.00      0.00  vmstat
17:08:17     1000      3377    0.00    0.00    0.00    0.00    0.00     1      0.00      0.00    7700    3760   0.05      1.00      0.00  pidstat
17:08:17     1000      3639   92.00    8.00    0.00    0.00  100.00     0      4.00      0.00   50908   43712   0.55      0.00      1.00  /home/ubuntu/pe
17:08:17     1000      3648   19.00   14.00    0.00    0.00   33.00     3    137.00      0.00 1818044   67636   0.85      0.00      0.00  hey
17:08:17     1000      3656    1.00    1.00    0.00    0.00    2.00     2    247.00      0.00 1676724   13796   0.17      0.00      0.00  hey

# Time        UID       PID    %usr %system  %guest   %wait    %CPU   CPU  minflt/s  majflt/s     VSZ     RSS   %MEM   cswch/s nvcswch/s  Command
17:08:18        0        11    0.00    0.00    0.00    0.00    0.00     0      0.00      0.00       0       0   0.00      6.00      0.00  kworker/0:1-events
17:08:18        0        49    0.00    0.00    0.00    0.00    0.00     1      0.00      0.00       0       0   0.00      4.00      0.00  kworker/u16:2-events_power_efficient
17:08:18        0        52    0.00    0.00    0.00    0.00    0.00     1      0.00      0.00       0       0   0.00      2.00      0.00  kcompactd0
17:08:18        0       239    0.00    0.00    0.00    0.00    0.00     1      0.00      0.00  288968   26948   0.34      1.00      0.00  multipathd
17:08:18        0       382    0.00    0.00    0.00    0.00    0.00     3      0.00      0.00       0       0   0.00      4.00      0.00  kworker/u16:4-flush-259:0
17:08:18        0       495    0.00    0.00    0.00    0.00    0.00     3      0.00      0.00       0       0   0.00      3.00      0.00  kworker/3:3-events
17:08:18        0      2044    0.00    0.00    0.00    0.00    0.00     2      0.00      0.00       0       0   0.00      1.00      0.00  kworker/2:2-mm_percpu_wq
17:08:18        0      3261    0.00    0.00    0.00    0.00    0.00     1      0.00      0.00       0       0   0.00      4.00      0.00  kworker/1:0-events
17:08:18     1000      3376    0.00    0.00    0.00    0.00    0.00     1      0.00      0.00    9900    3336   0.04      1.00      0.00  vmstat
17:08:18     1000      3377    0.00    1.00    0.00    0.00    1.00     1      0.00      0.00    7700    3760   0.05      1.00      0.00  pidstat
17:08:18     1000      3639   93.00    7.00    0.00    0.00  100.00     0      1.00      0.00   50908   43712   0.55      0.00      6.00  /home/ubuntu/pe
17:08:18     1000      3648   19.00   16.00    0.00    0.00   35.00     3   1335.00      0.00 1818300   72372   0.91      0.00      0.00  hey
17:08:18     1000      3656    0.00    1.00    0.00    0.00    1.00     2    236.00      0.00 1676724   14820   0.19      0.00      0.00  hey

# Time        UID       PID    %usr %system  %guest   %wait    %CPU   CPU  minflt/s  majflt/s     VSZ     RSS   %MEM   cswch/s nvcswch/s  Command
17:08:19        0        11    0.00    0.00    0.00    0.00    0.00     0      0.00      0.00       0       0   0.00      2.00      0.00  kworker/0:1-events
17:08:19        0        16    0.00    0.00    0.00    0.00    0.00     1      0.00      0.00       0       0   0.00      2.00      0.00  rcu_sched
17:08:19        0        19    0.00    0.00    0.00    0.00    0.00     0      0.00      0.00       0       0   0.00      1.00      0.00  migration/0
17:08:19        0        25    0.00    0.00    0.00    0.00    0.00     1      0.00      0.00       0       0   0.00      1.00      0.00  migration/1
17:08:19        0        31    0.00    0.00    0.00    0.00    0.00     2      0.00      0.00       0       0   0.00      1.00      0.00  migration/2
17:08:19        0        37    0.00    0.00    0.00    0.00    0.00     3      0.00      0.00       0       0   0.00      1.00      0.00  migration/3
17:08:19        0        52    0.00    0.00    0.00    0.00    0.00     1      0.00      0.00       0       0   0.00      2.00      0.00  kcompactd0
17:08:19        0       239    0.00    0.00    0.00    0.00    0.00     1      0.00      0.00  288968   26948   0.34      1.00      0.00  multipathd
17:08:19        0       382    0.00    0.00    0.00    0.00    0.00     1      0.00      0.00       0       0   0.00     10.00      0.00  kworker/u16:4-events_power_efficient
17:08:19        0       495    0.00    0.00    0.00    0.00    0.00     3      0.00      0.00       0       0   0.00      1.00      0.00  kworker/3:3-mm_percpu_wq
17:08:19        0       592    0.00    0.00    0.00    0.00    0.00     2      0.00      0.00   83064    4616   0.06      1.00      0.00  irqbalance
17:08:19        0      2044    0.00    0.00    0.00    0.00    0.00     2      0.00      0.00       0       0   0.00      1.00      0.00  kworker/2:2-mm_percpu_wq
17:08:19        0      3261    0.00    0.00    0.00    0.00    0.00     1      0.00      0.00       0       0   0.00      6.00      0.00  kworker/1:0-events
17:08:19     1000      3376    0.00    0.00    0.00    0.00    0.00     1      0.00      0.00    9900    3336   0.04      1.00      0.00  vmstat
17:08:19     1000      3377    0.00    0.00    0.00    0.00    0.00     1      0.00      0.00    7700    3760   0.05      1.00      0.00  pidstat
17:08:19     1000      3639   93.00    6.00    0.00    0.00   99.00     0      0.00      0.00   50908   43712   0.55      0.00      3.00  /home/ubuntu/pe
17:08:19     1000      3648   18.00   16.00    0.00    0.00   34.00     3    181.00      0.00 1818428   73012   0.92      0.00      0.00  hey
17:08:19     1000      3656    0.00    0.00    0.00    0.00    0.00     2    242.00      0.00 1676724   15844   0.20      0.00      0.00  hey

# Time        UID       PID    %usr %system  %guest   %wait    %CPU   CPU  minflt/s  majflt/s     VSZ     RSS   %MEM   cswch/s nvcswch/s  Command
17:08:20        0        11    0.00    0.00    0.00    0.00    0.00     0      0.00      0.00       0       0   0.00      5.00      0.00  kworker/0:1-events
17:08:20        0        26    0.00    0.00    0.00    0.00    0.00     1      0.00      0.00       0       0   0.00      1.00      0.00  ksoftirqd/1
17:08:20        0        52    0.00    0.00    0.00    0.00    0.00     1      0.00      0.00       0       0   0.00      2.00      0.00  kcompactd0
17:08:20        0       239    0.00    0.00    0.00    0.00    0.00     1      0.00      0.00  288968   26948   0.34      1.00      0.00  multipathd
17:08:20        0       382    0.00    0.00    0.00    0.00    0.00     1      0.00      0.00       0       0   0.00      5.00      0.00  kworker/u16:4-events_power_efficient
17:08:20        0       495    0.00    0.00    0.00    0.00    0.00     3      0.00      0.00       0       0   0.00      1.00      0.00  kworker/3:3-mm_percpu_wq
17:08:20        0      2044    0.00    0.00    0.00    0.00    0.00     2      0.00      0.00       0       0   0.00      1.00      0.00  kworker/2:2-mm_percpu_wq
17:08:20        0      3261    1.00    0.00    0.00    0.00    1.00     1      0.00      0.00       0       0   0.00      6.00      0.00  kworker/1:0-events
17:08:20     1000      3376    0.00    0.00    0.00    0.00    0.00     1      0.00      0.00    9900    3336   0.04      1.00      0.00  vmstat
17:08:20     1000      3377    0.00    1.00    0.00    0.00    1.00     1      0.00      0.00    7700    3760   0.05      1.00      0.00  pidstat
17:08:20     1000      3639   93.00    7.00    0.00    0.00  100.00     0      1.00      0.00   50908   43712   0.55      0.00      5.00  /home/ubuntu/pe
17:08:20     1000      3648   17.00   17.00    0.00    0.00   34.00     3    109.00      0.00 1818492   73396   0.93      0.00      0.00  hey
17:08:20     1000      3656    0.00    1.00    0.00    0.00    1.00     2    248.00      0.00 1676724   16740   0.21      0.00      0.00  hey

# Time        UID       PID    %usr %system  %guest   %wait    %CPU   CPU  minflt/s  majflt/s     VSZ     RSS   %MEM   cswch/s nvcswch/s  Command
17:08:21        0        11    0.00    0.00    0.00    0.00    0.00     0      0.00      0.00       0       0   0.00      1.00      0.00  kworker/0:1-events
17:08:21        0        16    0.00    0.00    0.00    0.00    0.00     1      0.00      0.00       0       0   0.00      2.00      0.00  rcu_sched
17:08:21        0        52    0.00    0.00    0.00    0.00    0.00     1      0.00      0.00       0       0   0.00      2.00      0.00  kcompactd0
17:08:21        0       239    0.00    0.00    0.00    0.00    0.00     1      0.00      0.00  288968   26948   0.34      1.00      0.00  multipathd
17:08:21        0       382    0.00    0.00    0.00    0.00    0.00     2      0.00      0.00       0       0   0.00      6.00      0.00  kworker/u16:4-events_power_efficient
17:08:21        0       495    0.00    0.00    0.00    0.00    0.00     3      0.00      0.00       0       0   0.00      1.00      0.00  kworker/3:3-mm_percpu_wq
17:08:21        0      2044    0.00    0.00    0.00    0.00    0.00     2      0.00      0.00       0       0   0.00      3.00      0.00  kworker/2:2-events
17:08:21        0      3261    0.00    0.00    0.00    0.00    0.00     1      0.00      0.00       0       0   0.00      4.00      0.00  kworker/1:0-events
17:08:21     1000      3376    0.00    0.00    0.00    0.00    0.00     1      0.00      0.00    9900    3336   0.04      1.00      0.00  vmstat
17:08:21     1000      3377    0.00    0.00    0.00    0.00    0.00     1      0.00      0.00    7700    3760   0.05      1.00      0.00  pidstat
17:08:21     1000      3639   93.00    8.00    0.00    0.00  101.00     0      1.00      0.00   50908   43712   0.55      0.00      1.00  /home/ubuntu/pe
17:08:21     1000      3648   20.00   14.00    0.00    0.00   34.00     3    440.00      0.00 1818556   74932   0.95      0.00      0.00  hey
17:08:21     1000      3656    1.00    0.00    0.00    0.00    1.00     2    239.00      0.00 1676980   17636   0.22      0.00      0.00  hey

# Time        UID       PID    %usr %system  %guest   %wait    %CPU   CPU  minflt/s  majflt/s     VSZ     RSS   %MEM   cswch/s nvcswch/s  Command
17:08:22        0        11    0.00    0.00    0.00    0.00    0.00     0      0.00      0.00       0       0   0.00      6.00      0.00  kworker/0:1-events
17:08:22        0        26    0.00    0.00    0.00    0.00    0.00     1      0.00      0.00       0       0   0.00      1.00      0.00  ksoftirqd/1
17:08:22        0        49    0.00    0.00    0.00    0.00    0.00     3      0.00      0.00       0       0   0.00      1.00      0.00  kworker/u16:2-events_power_efficient
17:08:22        0        52    0.00    0.00    0.00    0.00    0.00     1      0.00      0.00       0       0   0.00      2.00      0.00  kcompactd0
17:08:22        0       239    0.00    0.00    0.00    0.00    0.00     1      0.00      0.00  288968   26948   0.34      1.00      0.00  multipathd
17:08:22        0       382    0.00    0.00    0.00    0.00    0.00     1      0.00      0.00       0       0   0.00      5.00      0.00  kworker/u16:4-events_power_efficient
17:08:22        0       495    0.00    0.00    0.00    0.00    0.00     3      0.00      0.00       0       0   0.00      1.00      0.00  kworker/3:3-mm_percpu_wq
17:08:22        0      2044    0.00    0.00    0.00    0.00    0.00     2      0.00      0.00       0       0   0.00      1.00      0.00  kworker/2:2-mm_percpu_wq
17:08:22        0      3261    0.00    0.00    0.00    0.00    0.00     1      0.00      0.00       0       0   0.00      5.00      0.00  kworker/1:0-events
17:08:22     1000      3376    0.00    0.00    0.00    0.00    0.00     1      0.00      0.00    9900    3336   0.04      1.00      0.00  vmstat
17:08:22     1000      3377    1.00    1.00    0.00    0.00    2.00     1      0.00      0.00    7700    3760   0.05      1.00      0.00  pidstat
17:08:22     1000      3639   91.00    9.00    0.00    0.00  100.00     0      0.00      0.00   50908   43712   0.55      0.00      6.00  /home/ubuntu/pe
17:08:22     1000      3648   20.00   14.00    0.00    0.00   34.00     3    120.00      0.00 1818556   75444   0.95      0.00      0.00  hey
17:08:22     1000      3656    0.00    1.00    0.00    0.00    1.00     2    252.00      0.00 1742584   18660   0.24      0.00      0.00  hey

# Time        UID       PID    %usr %system  %guest   %wait    %CPU   CPU  minflt/s  majflt/s     VSZ     RSS   %MEM   cswch/s nvcswch/s  Command
17:08:23        0        11    0.00    0.00    0.00    0.00    0.00     0      0.00      0.00       0       0   0.00      2.00      0.00  kworker/0:1-events
17:08:23        0        16    0.00    0.00    0.00    0.00    0.00     1      0.00      0.00       0       0   0.00      2.00      0.00  rcu_sched
17:08:23        0        19    0.00    0.00    0.00    0.00    0.00     0      0.00      0.00       0       0   0.00      1.00      0.00  migration/0
17:08:23        0        25    0.00    0.00    0.00    0.00    0.00     1      0.00      0.00       0       0   0.00      1.00      0.00  migration/1
17:08:23        0        26    0.00    0.00    0.00    0.00    0.00     1      0.00      0.00       0       0   0.00      1.00      0.00  ksoftirqd/1
17:08:23        0        31    0.00    0.00    0.00    0.00    0.00     2      0.00      0.00       0       0   0.00      1.00      0.00  migration/2
17:08:23        0        37    0.00    0.00    0.00    0.00    0.00     3      0.00      0.00       0       0   0.00      1.00      0.00  migration/3
17:08:23        0        52    0.00    0.00    0.00    0.00    0.00     1      0.00      0.00       0       0   0.00      2.00      0.00  kcompactd0
17:08:23        0       239    0.00    0.00    0.00    0.00    0.00     1      0.00      0.00  288968   26948   0.34      1.00      0.00  multipathd
17:08:23        0       382    0.00    0.00    0.00    0.00    0.00     1      0.00      0.00       0       0   0.00      6.00      0.00  kworker/u16:4-events_power_efficient
17:08:23        0       495    0.00    0.00    0.00    0.00    0.00     3      0.00      0.00       0       0   0.00      2.00      0.00  kworker/3:3-events
17:08:23      110       670    0.00    0.00    0.00    0.00    0.00     1      0.00      0.00   19416    3768   0.05      2.00      0.00  chronyd
17:08:23        0      2044    0.00    0.00    0.00    0.00    0.00     2      0.00      0.00       0       0   0.00      1.00      0.00  kworker/2:2-mm_percpu_wq
17:08:23        0      3261    0.00    0.00    0.00    0.00    0.00     1      0.00      0.00       0       0   0.00      6.00      0.00  kworker/1:0-events
17:08:23     1000      3376    0.00    0.00    0.00    0.00    0.00     1      0.00      0.00    9900    3336   0.04      1.00      0.00  vmstat
17:08:23     1000      3377    0.00    0.00    0.00    0.00    0.00     1      0.00      0.00    7700    3760   0.05      1.00      0.00  pidstat
17:08:23     1000      3639   92.00    7.00    0.00    0.00   99.00     0      0.00      0.00   50908   43712   0.55      0.00      3.00  /home/ubuntu/pe
17:08:23     1000      3648   17.00   17.00    0.00    0.00   34.00     3    128.00      0.00 1818556   75956   0.96      0.00      0.00  hey
17:08:23     1000      3656    0.00    1.00    0.00    0.00    1.00     2    238.00      0.00 1742584   19684   0.25      0.00      0.00  hey

# Time        UID       PID    %usr %system  %guest   %wait    %CPU   CPU  minflt/s  majflt/s     VSZ     RSS   %MEM   cswch/s nvcswch/s  Command
17:08:24        0        11    0.00    0.00    0.00    0.00    0.00     0      0.00      0.00       0       0   0.00      6.00      0.00  kworker/0:1-events
17:08:24        0        49    0.00    0.00    0.00    0.00    0.00     1      0.00      0.00       0       0   0.00      6.00      0.00  kworker/u16:2-events_power_efficient
17:08:24        0        52    0.00    0.00    0.00    0.00    0.00     1      0.00      0.00       0       0   0.00      2.00      0.00  kcompactd0
17:08:24        0       239    0.00    0.00    0.00    0.00    0.00     1      0.00      0.00  288968   26948   0.34      1.00      0.00  multipathd
17:08:24        0       382    0.00    0.00    0.00    0.00    0.00     1      0.00      0.00       0       0   0.00      3.00      0.00  kworker/u16:4-events_power_efficient
17:08:24        0       495    0.00    0.00    0.00    0.00    0.00     3      0.00      0.00       0       0   0.00      2.00      0.00  kworker/3:3-events
17:08:24        0      2044    0.00    0.00    0.00    0.00    0.00     2      0.00      0.00       0       0   0.00      1.00      0.00  kworker/2:2-mm_percpu_wq
17:08:24        0      3261    0.00    0.00    0.00    0.00    0.00     1      0.00      0.00       0       0   0.00      6.00      0.00  kworker/1:0-events
17:08:24     1000      3376    0.00    0.00    0.00    0.00    0.00     1      0.00      0.00    9900    3336   0.04      1.00      0.00  vmstat
17:08:24     1000      3377    0.00    1.00    0.00    0.00    1.00     1      0.00      0.00    7700    3760   0.05      1.00      0.00  pidstat
17:08:24     1000      3639   91.00   10.00    0.00    0.00  101.00     0      0.00      0.00   50908   43712   0.55      0.00      6.00  /home/ubuntu/pe
17:08:24     1000      3648   20.00   14.00    0.00    0.00   34.00     3    110.00      0.00 1818556   76340   0.96      0.00      0.00  hey
17:08:24     1000      3656    0.00    0.00    0.00    0.00    0.00     2    234.00      0.00 1742584   20580   0.26      0.00      0.00  hey

# Time        UID       PID    %usr %system  %guest   %wait    %CPU   CPU  minflt/s  majflt/s     VSZ     RSS   %MEM   cswch/s nvcswch/s  Command
17:08:25        0        11    0.00    0.00    0.00    0.00    0.00     0      0.00      0.00       0       0   0.00      1.00      0.00  kworker/0:1-events
17:08:25        0        16    0.00    0.00    0.00    0.00    0.00     1      0.00      0.00       0       0   0.00      2.00      0.00  rcu_sched
17:08:25        0        49    0.00    0.00    0.00    0.00    0.00     1      0.00      0.00       0       0   0.00      6.00      0.00  kworker/u16:2-events_power_efficient
17:08:25        0        52    0.00    0.00    0.00    0.00    0.00     1      0.00      0.00       0       0   0.00      2.00      0.00  kcompactd0
17:08:25        0       239    0.00    0.00    0.00    0.00    0.00     1      0.00      0.00  288968   26948   0.34      1.00      0.00  multipathd
17:08:25        0       495    0.00    0.00    0.00    0.00    0.00     3      0.00      0.00       0       0   0.00      1.00      0.00  kworker/3:3-mm_percpu_wq
17:08:25        0       843    0.00    0.00    0.00    0.00    0.00     3      0.00      0.00       0       0   0.00      1.00      0.00  kworker/3:1H-kblockd
17:08:25        0      2044    0.00    0.00    0.00    0.00    0.00     2      0.00      0.00       0       0   0.00      1.00      0.00  kworker/2:2-mm_percpu_wq
17:08:25        0      3261    0.00    0.00    0.00    0.00    0.00     1      0.00      0.00       0       0   0.00      6.00      0.00  kworker/1:0-events
17:08:25     1000      3376    0.00    0.00    0.00    0.00    0.00     1      0.00      0.00    9900    3336   0.04      1.00      0.00  vmstat
17:08:25     1000      3377    0.00    0.00    0.00    0.00    0.00     1      0.00      0.00    7700    3760   0.05      1.00      0.00  pidstat
17:08:25     1000      3639   92.00    8.00    0.00    0.00  100.00     0      0.00      0.00   50908   43712   0.55      0.00      1.00  /home/ubuntu/pe
17:08:25     1000      3648   18.00   16.00    0.00    0.00   34.00     3     93.00      0.00 1818556   76852   0.97      0.00      0.00  hey
17:08:25     1000      3656    1.00    1.00    0.00    0.00    2.00     2    194.00      0.00 1742584   21220   0.27      0.00      0.00  hey

# Time        UID       PID    %usr %system  %guest   %wait    %CPU   CPU  minflt/s  majflt/s     VSZ     RSS   %MEM   cswch/s nvcswch/s  Command
17:08:26        0        11    0.00    0.00    0.00    0.00    0.00     0      0.00      0.00       0       0   0.00      5.00      0.00  kworker/0:1-events
17:08:26        0        16    0.00    0.00    0.00    0.00    0.00     1      0.00      0.00       0       0   0.00     11.00      0.00  rcu_sched
17:08:26        0        38    0.00    0.00    0.00    0.00    0.00     3      0.00      0.00       0       0   0.00      1.00      0.00  ksoftirqd/3
17:08:26        0        49    0.00    0.00    0.00    0.00    0.00     1      0.00      0.00       0       0   0.00      5.00      0.00  kworker/u16:2-events_power_efficient
17:08:26        0        52    0.00    0.00    0.00    0.00    0.00     1      0.00      0.00       0       0   0.00      2.00      0.00  kcompactd0
17:08:26        0       239    0.00    0.00    0.00    0.00    0.00     1      0.00      0.00  288968   26948   0.34      1.00      0.00  multipathd
17:08:26        0       495    0.00    0.00    0.00    0.00    0.00     3      0.00      0.00       0       0   0.00      2.00      0.00  kworker/3:3-events
17:08:26      110       670    0.00    0.00    0.00    0.00    0.00     1      0.00      0.00   19416    3768   0.05      2.00      0.00  chronyd
17:08:26        0      2044    0.00    0.00    0.00    0.00    0.00     2      0.00      0.00       0       0   0.00      2.00      0.00  kworker/2:2-events
17:08:26     1000      2732    0.00    0.00    0.00    0.00    0.00     1      0.00      0.00   15004    7244   0.09      1.00      0.00  sshd
17:08:26        0      3261    0.00    0.00    0.00    0.00    0.00     1      0.00      0.00       0       0   0.00      5.00      0.00  kworker/1:0-events
17:08:26     1000      3370    0.00    0.00    0.00    0.00    0.00     1      0.00      0.00   32128   21708   0.27     13.00      0.00  python3
17:08:26     1000      3376    0.00    0.00    0.00    0.00    0.00     1      0.00      0.00    9900    3336   0.04      1.00      0.00  vmstat
17:08:26     1000      3377    0.00    1.00    0.00    0.00    1.00     1      0.00      0.00    7700    3760   0.05      1.00      0.00  pidstat
17:08:26     1000      3639   92.00    8.00    0.00    0.00  100.00     0      5.00      0.00   50908   43712   0.55      0.00      5.00  /home/ubuntu/pe
17:08:26     1000      3648   20.00   17.00    0.00    0.00   37.00     3    107.00      0.00 1818556   77236   0.98      0.00      0.00  hey
