Linux 7.0.0-1013-aws (ip-172-31-2-102) 	09/25/26 	_x86_64_	(4 CPU)

# Time        UID       PID    %usr %system  %guest   %wait    %CPU   CPU  minflt/s  majflt/s     VSZ     RSS   %MEM   cswch/s nvcswch/s  Command
15:09:38        0        16    0.00    0.00    0.00    0.00    0.00     1      0.00      0.00       0       0   0.00     31.00      0.00  rcu_sched
15:09:38        0        25    0.00    0.00    0.00    0.00    0.00     1      0.00      0.00       0       0   0.00      1.00      0.00  migration/1
15:09:38        0        26    0.00    0.00    0.00    0.00    0.00     1      0.00      0.00       0       0   0.00      1.00      0.00  ksoftirqd/1
15:09:38        0        49    0.00    0.00    0.00    0.00    0.00     1      0.00      0.00       0       0   0.00      1.00      0.00  kworker/u16:2-flush-259:0
15:09:38        0        53    0.00    0.00    0.00    0.00    0.00     3      0.00      0.00       0       0   0.00      2.00      0.00  kcompactd0
15:09:38        0       121    0.00    0.00    0.00    0.00    0.00     0      0.00      0.00       0       0   0.00      6.00      0.00  kworker/0:2-events
15:09:38        0       240    0.00    0.00    0.00    0.00    0.00     1      0.00      0.00  288968   27144   0.34      1.00      0.00  multipathd
15:09:38        0       591    0.00    0.00    0.00    0.00    0.00     2      0.00      0.00   83064    4556   0.06      1.00      0.00  irqbalance
15:09:38        0      2880    0.00    0.00    0.00    0.00    0.00     1      0.00      0.00       0       0   0.00      7.00      0.00  kworker/1:0-events
15:09:38        0      3475    0.00    0.00    0.00    0.00    0.00     1      0.00      0.00       0       0   0.00      6.00      0.00  kworker/u16:3-events_power_efficient
15:09:38        0      3514    0.00    0.00    0.00    0.00    0.00     3      0.00      0.00       0       0   0.00      4.00      0.00  kworker/3:2-events
15:09:38        0      3837    0.00    0.00    0.00    0.00    0.00     2      0.00      0.00       0       0   0.00      7.00      0.00  kworker/2:1-events
15:09:38     1000      4682    0.00    0.00    0.00    0.00    0.00     1      3.00      0.00   31444   21268   0.27      6.00      0.00  python3
15:09:38     1000      4690    0.00    0.00    0.00    0.00    0.00     1      0.00      0.00    9900    3356   0.04      1.00      0.00  vmstat
15:09:38     1000      4691    0.00    0.00    0.00    0.00    0.00     1      1.00      0.00    7580    3568   0.05      1.00      0.00  pidstat
15:09:38     1000      4692    0.00    0.00    0.00    0.00    0.00     0    145.00      0.00    2704    1464   0.02      1.00      2.00  time
15:09:38     1000      4693   86.00    8.00    0.00    0.00   94.00     0   7943.00      0.00   48212   40948   0.52      6.00      5.00  /home/ubuntu/pe
15:09:38     1000      4694   13.00   14.00    0.00    0.00   27.00     2  12396.00      0.00 1817212   50064   0.63      3.00      3.00  hey

# Time        UID       PID    %usr %system  %guest   %wait    %CPU   CPU  minflt/s  majflt/s     VSZ     RSS   %MEM   cswch/s nvcswch/s  Command
15:09:39        0        16    0.00    0.00    0.00    0.00    0.00     1      0.00      0.00       0       0   0.00      2.00      0.00  rcu_sched
15:09:39        0        19    0.00    0.00    0.00    0.00    0.00     0      0.00      0.00       0       0   0.00      1.00      0.00  migration/0
15:09:39        0        25    0.00    0.00    0.00    0.00    0.00     1      0.00      0.00       0       0   0.00      1.00      0.00  migration/1
15:09:39        0        26    0.00    0.00    0.00    0.00    0.00     1      0.00      0.00       0       0   0.00      1.00      0.00  ksoftirqd/1
15:09:39        0        31    0.00    0.00    0.00    0.00    0.00     2      0.00      0.00       0       0   0.00      1.00      0.00  migration/2
15:09:39        0        37    0.00    0.00    0.00    0.00    0.00     3      0.00      0.00       0       0   0.00      1.00      0.00  migration/3
15:09:39        0        49    0.00    0.00    0.00    0.00    0.00     1      0.00      0.00       0       0   0.00      5.00      0.00  kworker/u16:2-events_power_efficient
15:09:39        0        53    0.00    0.00    0.00    0.00    0.00     1      0.00      0.00       0       0   0.00      2.00      0.00  kcompactd0
15:09:39        0       121    0.00    0.00    0.00    0.00    0.00     0      0.00      0.00       0       0   0.00      4.00      0.00  kworker/0:2-events
15:09:39        0       240    0.00    0.00    0.00    0.00    0.00     1      0.00      0.00  288968   27144   0.34      1.00      0.00  multipathd
15:09:39        0      2880    0.00    0.00    0.00    0.00    0.00     1      0.00      0.00       0       0   0.00      6.00      0.00  kworker/1:0-events
15:09:39        0      3514    0.00    0.00    0.00    0.00    0.00     3      0.00      0.00       0       0   0.00      1.00      0.00  kworker/3:2-mm_percpu_wq
15:09:39        0      3837    0.00    0.00    0.00    0.00    0.00     2      0.00      0.00       0       0   0.00      2.00      0.00  kworker/2:1-events
15:09:39     1000      4690    0.00    0.00    0.00    0.00    0.00     1      0.00      0.00    9900    3356   0.04      1.00      0.00  vmstat
15:09:39     1000      4691    0.00    1.00    0.00    0.00    1.00     1      7.00      0.00    7580    3568   0.05      1.00      0.00  pidstat
15:09:39     1000      4693   93.00    7.00    0.00    0.00  100.00     0      0.00      0.00   48212   40948   0.52      0.00      5.00  /home/ubuntu/pe
15:09:39     1000      4694   20.00   13.00    0.00    0.00   33.00     2   5003.00      0.00 1817724   67984   0.86      0.00      0.00  hey

# Time        UID       PID    %usr %system  %guest   %wait    %CPU   CPU  minflt/s  majflt/s     VSZ     RSS   %MEM   cswch/s nvcswch/s  Command
15:09:40        0        16    0.00    0.00    0.00    0.00    0.00     1      0.00      0.00       0       0   0.00    279.00      0.00  rcu_sched
15:09:40        0        25    0.00    0.00    0.00    0.00    0.00     1      0.00      0.00       0       0   0.00      1.00      0.00  migration/1
15:09:40        0        26    0.00    0.00    0.00    0.00    0.00     1      0.00      0.00       0       0   0.00      1.00      0.00  ksoftirqd/1
15:09:40        0        49    0.00    0.00    0.00    0.00    0.00     1      0.00      0.00       0       0   0.00      6.00      0.00  kworker/u16:2-events_power_efficient
15:09:40        0        53    0.00    0.00    0.00    0.00    0.00     1      0.00      0.00       0       0   0.00      2.00      0.00  kcompactd0
15:09:40        0       121    0.00    0.00    0.00    0.00    0.00     0      0.00      0.00       0       0   0.00      5.00      0.00  kworker/0:2-events
15:09:40        0       240    0.00    0.00    0.00    0.00    0.00     1      0.00      0.00  288968   27144   0.34      1.00      0.00  multipathd
15:09:40        0      2880    0.00    0.00    0.00    0.00    0.00     1      0.00      0.00       0       0   0.00      7.00      0.00  kworker/1:0-events
15:09:40        0      3514    0.00    0.00    0.00    0.00    0.00     3      0.00      0.00       0       0   0.00      2.00      0.00  kworker/3:2-events
15:09:40        0      3837    0.00    0.00    0.00    0.00    0.00     2      0.00      0.00       0       0   0.00      3.00      0.00  kworker/2:1-events
15:09:40     1000      4682    0.00    0.00    0.00    0.00    0.00     1      0.00      0.00   31444   21268   0.27      2.00      0.00  python3
15:09:40     1000      4690    0.00    0.00    0.00    0.00    0.00     1      0.00      0.00    9900    3356   0.04      1.00      0.00  vmstat
15:09:40     1000      4691    0.00    0.00    0.00    0.00    0.00     1      0.00      0.00    7580    3568   0.05      1.00      1.00  pidstat
15:09:40     1000      4693   92.00    8.00    0.00    0.00  100.00     0    569.00      0.00   50456   43252   0.55      0.00      5.00  /home/ubuntu/pe
15:09:40     1000      4694   17.00   13.00    0.00    0.00   30.00     2   1090.00      0.00 1818300   71696   0.91      0.00      0.00  hey
15:09:40     1000      4702    3.00    3.00    0.00    0.00    6.00     3   6754.00      0.00 1677236   28088   0.35      4.00      5.00  hey

# Time        UID       PID    %usr %system  %guest   %wait    %CPU   CPU  minflt/s  majflt/s     VSZ     RSS   %MEM   cswch/s nvcswch/s  Command
15:09:41        0        16    0.00    0.00    0.00    0.00    0.00     1      0.00      0.00       0       0   0.00    339.00      0.00  rcu_sched
15:09:41        0        26    0.00    0.00    0.00    0.00    0.00     1      0.00      0.00       0       0   0.00      4.00      0.00  ksoftirqd/1
15:09:41        0        49    0.00    0.00    0.00    0.00    0.00     1      0.00      0.00       0       0   0.00      5.00      0.00  kworker/u16:2-flush-259:0
15:09:41        0        53    0.00    0.00    0.00    0.00    0.00     1      0.00      0.00       0       0   0.00      2.00      0.00  kcompactd0
15:09:41        0       121    0.00    0.00    0.00    0.00    0.00     0      0.00      0.00       0       0   0.00      2.00      0.00  kworker/0:2-events
15:09:41        0       240    0.00    0.00    0.00    0.00    0.00     1      0.00      0.00  288968   27144   0.34      1.00      0.00  multipathd
15:09:41        0      2880    0.00    0.00    0.00    0.00    0.00     1      0.00      0.00       0       0   0.00      6.00      0.00  kworker/1:0-events
15:09:41        0      3475    0.00    0.00    0.00    0.00    0.00     1      0.00      0.00       0       0   0.00      2.00      0.00  kworker/u16:3-events_power_efficient
15:09:41        0      3514    0.00    0.00    0.00    0.00    0.00     3      0.00      0.00       0       0   0.00      1.00      0.00  kworker/3:2-mm_percpu_wq
15:09:41        0      3837    0.00    0.00    0.00    0.00    0.00     2      0.00      0.00       0       0   0.00      1.00      0.00  kworker/2:1-mm_percpu_wq
15:09:41     1000      4690    0.00    0.00    0.00    0.00    0.00     1      0.00      0.00    9900    3356   0.04      1.00      0.00  vmstat
15:09:41     1000      4691    1.00    0.00    0.00    0.00    1.00     1      2.00      0.00    7580    3568   0.05      1.00      1.00  pidstat
15:09:41     1000      4693   93.00    7.00    0.00    0.00  100.00     0    711.00      0.00   53228   46068   0.58      0.00      2.00  /home/ubuntu/pe
15:09:41     1000      4694   17.00   13.00    0.00    0.00   30.00     2    206.00      0.00 1818428   72464   0.92      0.00      0.00  hey
15:09:41     1000      4702    1.00    0.00    0.00    0.00    1.00     3    119.00      0.00 1677236   28600   0.36      0.00      0.00  hey

# Time        UID       PID    %usr %system  %guest   %wait    %CPU   CPU  minflt/s  majflt/s     VSZ     RSS   %MEM   cswch/s nvcswch/s  Command
15:09:42        0        16    1.00    0.00    0.00    0.00    1.00     1      0.00      0.00       0       0   0.00    337.00      0.00  rcu_sched
15:09:42        0        26    0.00    0.00    0.00    0.00    0.00     1      0.00      0.00       0       0   0.00      2.00      0.00  ksoftirqd/1
15:09:42        0        49    0.00    0.00    0.00    0.00    0.00     1      0.00      0.00       0       0   0.00      1.00      0.00  kworker/u16:2-flush-259:0
15:09:42        0        53    0.00    0.00    0.00    0.00    0.00     3      0.00      0.00       0       0   0.00      2.00      0.00  kcompactd0
15:09:42        0       121    0.00    0.00    0.00    0.00    0.00     0      0.00      0.00       0       0   0.00      5.00      0.00  kworker/0:2-events
15:09:42        0       162    0.00    0.00    0.00    0.00    0.00     2      0.00      0.00       0       0   0.00      1.00      0.00  kworker/2:1H-kblockd
15:09:42        0       240    0.00    0.00    0.00    0.00    0.00     1      0.00      0.00  288968   27144   0.34      1.00      0.00  multipathd
15:09:42        0      2880    0.00    0.00    0.00    0.00    0.00     1      0.00      0.00       0       0   0.00      5.00      0.00  kworker/1:0-events
15:09:42        0      3475    0.00    0.00    0.00    0.00    0.00     1      0.00      0.00       0       0   0.00      7.00      0.00  kworker/u16:3-events_power_efficient
15:09:42        0      3514    0.00    0.00    0.00    0.00    0.00     3      0.00      0.00       0       0   0.00      4.00      0.00  kworker/3:2-events
15:09:42        0      3837    0.00    0.00    0.00    0.00    0.00     2      0.00      0.00       0       0   0.00      1.00      0.00  kworker/2:1-mm_percpu_wq
15:09:42     1000      4690    0.00    0.00    0.00    0.00    0.00     1      0.00      0.00    9900    3356   0.04      1.00      0.00  vmstat
15:09:42     1000      4691    0.00    1.00    0.00    0.00    1.00     1      0.00      0.00    7580    3568   0.05      1.00      0.00  pidstat
15:09:42     1000      4693   91.00    9.00    0.00    0.00  100.00     0    716.00      0.00   56156   48884   0.62      0.00      5.00  /home/ubuntu/pe
15:09:42     1000      4694   15.00   14.00    0.00    0.00   29.00     2    132.00      0.00 1818492   72976   0.92      0.00      0.00  hey
15:09:42     1000      4702    0.00    1.00    0.00    0.00    1.00     3     77.00      0.00 1677492   28856   0.36      0.00      0.00  hey

# Time        UID       PID    %usr %system  %guest   %wait    %CPU   CPU  minflt/s  majflt/s     VSZ     RSS   %MEM   cswch/s nvcswch/s  Command
15:09:43        0        16    0.00    0.00    0.00    0.00    0.00     1      0.00      0.00       0       0   0.00    154.00      0.00  rcu_sched
15:09:43        0        19    0.00    0.00    0.00    0.00    0.00     0      0.00      0.00       0       0   0.00      1.00      0.00  migration/0
15:09:43        0        25    0.00    0.00    0.00    0.00    0.00     1      0.00      0.00       0       0   0.00      1.00      0.00  migration/1
15:09:43        0        26    0.00    0.00    0.00    0.00    0.00     1      0.00      0.00       0       0   0.00      2.00      0.00  ksoftirqd/1
15:09:43        0        31    0.00    0.00    0.00    0.00    0.00     2      0.00      0.00       0       0   0.00      1.00      0.00  migration/2
15:09:43        0        37    0.00    0.00    0.00    0.00    0.00     3      0.00      0.00       0       0   0.00      1.00      0.00  migration/3
15:09:43        0        38    0.00    0.00    0.00    0.00    0.00     3      0.00      0.00       0       0   0.00      1.00      0.00  ksoftirqd/3
15:09:43        0        53    0.00    0.00    0.00    0.00    0.00     1      0.00      0.00       0       0   0.00      1.00      0.00  kcompactd0
15:09:43        0       121    0.00    0.00    0.00    0.00    0.00     0      0.00      0.00       0       0   0.00      1.00      0.00  kworker/0:2-mm_percpu_wq
15:09:43        0       240    0.00    0.00    0.00    0.00    0.00     1      0.00      0.00  288968   27144   0.34      2.00      0.00  multipathd
15:09:43        0       248    0.00    0.00    0.00    0.00    0.00     0      0.00      0.00       0       0   0.00      1.00      0.00  kworker/0:1H-kblockd
15:09:43      110       672    0.00    0.00    0.00    0.00    0.00     3      0.00      0.00   19416    3744   0.05      2.00      0.00  chronyd
15:09:43        0      2880    0.00    0.00    0.00    0.00    0.00     1      0.00      0.00       0       0   0.00      2.00      0.00  kworker/1:0-mm_percpu_wq
15:09:43        0      3475    0.00    0.00    0.00    0.00    0.00     3      0.00      0.00       0       0   0.00      5.00      0.00  kworker/u16:3-events_power_efficient
15:09:43        0      3514    0.00    0.00    0.00    0.00    0.00     3      0.00      0.00       0       0   0.00      6.00      0.00  kworker/3:2-events
15:09:43        0      3837    0.00    0.00    0.00    0.00    0.00     2      0.00      0.00       0       0   0.00      1.00      0.00  kworker/2:1-mm_percpu_wq
15:09:43     1000      4682    0.00    0.00    0.00    0.00    0.00     1      0.00      0.00   31444   21268   0.27     19.00      0.00  python3
15:09:43     1000      4690    0.00    0.00    0.00    0.00    0.00     1      0.00      0.00    9900    3356   0.04      1.00      0.00  vmstat
15:09:43     1000      4691    0.00    0.00    0.00    0.00    0.00     1      0.00      0.00    7580    3568   0.05      1.00      1.00  pidstat
15:09:43     1000      4693   93.00    7.00    0.00    0.00  100.00     0    303.00      0.00   57344   50164   0.63      0.00      3.00  /home/ubuntu/pe
15:09:43     1000      4694   18.00   13.00    0.00    0.00   31.00     2    355.00      0.00 1818556   74128   0.94      0.00      0.00  hey

# Time        UID       PID    %usr %system  %guest   %wait    %CPU   CPU  minflt/s  majflt/s     VSZ     RSS   %MEM   cswch/s nvcswch/s  Command
15:09:44        0        16    0.00    0.00    0.00    0.00    0.00     1      0.00      0.00       0       0   0.00      2.00      0.00  rcu_sched
15:09:44        0        26    0.00    0.00    0.00    0.00    0.00     1      0.00      0.00       0       0   0.00      1.00      0.00  ksoftirqd/1
15:09:44        0        49    0.00    0.00    0.00    0.00    0.00     3      0.00      0.00       0       0   0.00      2.00      0.00  kworker/u16:2-events_power_efficient
15:09:44        0        53    0.00    0.00    0.00    0.00    0.00     1      0.00      0.00       0       0   0.00      2.00      0.00  kcompactd0
15:09:44        0       121    0.00    0.00    0.00    0.00    0.00     0      0.00      0.00       0       0   0.00      5.00      0.00  kworker/0:2-events
15:09:44        0       240    0.00    0.00    0.00    0.00    0.00     1      0.00      0.00  288968   27144   0.34      1.00      0.00  multipathd
15:09:44        0      2880    0.00    0.00    0.00    0.00    0.00     1      0.00      0.00       0       0   0.00      5.00      0.00  kworker/1:0-events
15:09:44        0      3475    0.00    0.00    0.00    0.00    0.00     1      0.00      0.00       0       0   0.00      6.00      0.00  kworker/u16:3-events_power_efficient
15:09:44        0      3514    0.00    0.00    0.00    0.00    0.00     3      0.00      0.00       0       0   0.00      3.00      0.00  kworker/3:2-events
15:09:44        0      3837    0.00    0.00    0.00    0.00    0.00     2      0.00      0.00       0       0   0.00      1.00      0.00  kworker/2:1-mm_percpu_wq
15:09:44     1000      4682    0.00    0.00    0.00    0.00    0.00     1      0.00      0.00   31444   21268   0.27     20.00      0.00  python3
15:09:44     1000      4690    0.00    0.00    0.00    0.00    0.00     1      0.00      0.00    9900    3356   0.04      1.00      0.00  vmstat
15:09:44     1000      4691    0.00    1.00    0.00    0.00    1.00     1      0.00      0.00    7580    3568   0.05      1.00      1.00  pidstat
15:09:44     1000      4693   92.00    8.00    0.00    0.00  100.00     0      0.00      0.00   57344   50164   0.63      0.00      5.00  /home/ubuntu/pe
15:09:44     1000      4694   18.00   14.00    0.00    0.00   32.00     2    171.00      0.00 1818556   74896   0.95      0.00      0.00  hey

# Time        UID       PID    %usr %system  %guest   %wait    %CPU   CPU  minflt/s  majflt/s     VSZ     RSS   %MEM   cswch/s nvcswch/s  Command
15:09:45        0        26    0.00    0.00    0.00    0.00    0.00     1      0.00      0.00       0       0   0.00      0.99      0.00  ksoftirqd/1
15:09:45        0        53    0.00    0.00    0.00    0.00    0.00     1      0.00      0.00       0       0   0.00      1.98      0.00  kcompactd0
15:09:45        0       121    0.00    0.00    0.00    0.00    0.00     0      0.00      0.00       0       0   0.00      1.98      0.00  kworker/0:2-events
15:09:45        0       240    0.00    0.00    0.00    0.00    0.00     1      0.00      0.00  288968   27144   0.34      0.99      0.00  multipathd
15:09:45        0      2880    0.00    0.00    0.00    0.00    0.00     1      0.00      0.00       0       0   0.00      4.95      0.00  kworker/1:0-events
15:09:45        0      3475    0.00    0.00    0.00    0.00    0.00     1      0.00      0.00       0       0   0.00      4.95      0.00  kworker/u16:3-events_power_efficient
15:09:45        0      3514    0.00    0.00    0.00    0.00    0.00     3      0.00      0.00       0       0   0.00      1.98      0.00  kworker/3:2-events
15:09:45        0      3837    0.00    0.00    0.00    0.00    0.00     2      0.00      0.00       0       0   0.00      0.99      0.00  kworker/2:1-mm_percpu_wq
15:09:45     1000      4682    0.00    0.00    0.00    0.00    0.00     1      0.00      0.00   31444   21268   0.27     18.81      0.00  python3
15:09:45     1000      4690    0.00    0.00    0.00    0.00    0.00     1      0.00      0.00    9900    3356   0.04      0.99      0.00  vmstat
15:09:45     1000      4691    0.00    0.00    0.00    0.00    0.00     1      0.00      0.00    7580    3568   0.05      0.99      0.00  pidstat
15:09:45     1000      4693   92.08    6.93    0.00    0.00   99.01     0      0.00      0.00   57344   50164   0.63      0.00      1.98  /home/ubuntu/pe
15:09:45     1000      4694   17.82   13.86    0.00    0.00   31.68     2    313.86      0.00 1818556   76048   0.96      0.00      0.00  hey

# Time        UID       PID    %usr %system  %guest   %wait    %CPU   CPU  minflt/s  majflt/s     VSZ     RSS   %MEM   cswch/s nvcswch/s  Command
15:09:46        0        49    0.00    0.00    0.00    0.00    0.00     3      0.00      0.00       0       0   0.00      2.00      0.00  kworker/u16:2-events_power_efficient
15:09:46        0        53    0.00    0.00    0.00    0.00    0.00     1      0.00      0.00       0       0   0.00      2.00      0.00  kcompactd0
15:09:46        0       121    0.00    0.00    0.00    0.00    0.00     0      0.00      0.00       0       0   0.00      6.00      0.00  kworker/0:2-events
15:09:46        0       240    0.00    0.00    0.00    0.00    0.00     1      0.00      0.00  288968   27144   0.34      1.00      0.00  multipathd
15:09:46        0      2880    0.00    0.00    0.00    0.00    0.00     1      0.00      0.00       0       0   0.00      4.00      0.00  kworker/1:0-events
15:09:46        0      3475    0.00    0.00    0.00    0.00    0.00     1      0.00      0.00       0       0   0.00      6.00      0.00  kworker/u16:3-flush-259:0
15:09:46        0      3514    0.00    0.00    0.00    0.00    0.00     3      0.00      0.00       0       0   0.00      3.00      0.00  kworker/3:2-events
15:09:46        0      3837    0.00    0.00    0.00    0.00    0.00     2      0.00      0.00       0       0   0.00      2.00      0.00  kworker/2:1-events
15:09:46     1000      4682    0.00    0.00    0.00    0.00    0.00     1      0.00      0.00   31444   21268   0.27     20.00      0.00  python3
15:09:46     1000      4690    0.00    0.00    0.00    0.00    0.00     1      0.00      0.00    9900    3356   0.04      1.00      0.00  vmstat
15:09:46     1000      4691    0.00    1.00    0.00    0.00    1.00     1      0.00      0.00    7580    3568   0.05      1.00      0.00  pidstat
15:09:46     1000      4693   91.00    9.00    0.00    0.00  100.00     0      0.00      0.00   57344   50164   0.63      0.00      6.00  /home/ubuntu/pe
15:09:46     1000      4694   18.00   15.00    0.00    0.00   33.00     2    118.00      0.00 1818556   76560   0.97      0.00      0.00  hey

# Time        UID       PID    %usr %system  %guest   %wait    %CPU   CPU  minflt/s  majflt/s     VSZ     RSS   %MEM   cswch/s nvcswch/s  Command
15:09:47        0        19    0.00    0.00    0.00    0.00    0.00     0      0.00      0.00       0       0   0.00      1.00      0.00  migration/0
15:09:47        0        25    0.00    0.00    0.00    0.00    0.00     1      0.00      0.00       0       0   0.00      1.00      0.00  migration/1
15:09:47        0        31    0.00    0.00    0.00    0.00    0.00     2      0.00      0.00       0       0   0.00      1.00      0.00  migration/2
15:09:47        0        37    0.00    0.00    0.00    0.00    0.00     3      0.00      0.00       0       0   0.00      1.00      0.00  migration/3
15:09:47        0        49    0.00    0.00    0.00    0.00    0.00     1      0.00      0.00       0       0   0.00      6.00      0.00  kworker/u16:2-events_power_efficient
15:09:47        0        53    0.00    0.00    0.00    0.00    0.00     1      0.00      0.00       0       0   0.00      2.00      0.00  kcompactd0
15:09:47        0       121    0.00    0.00    0.00    0.00    0.00     0      0.00      0.00       0       0   0.00      1.00      0.00  kworker/0:2-mm_percpu_wq
15:09:47        0       240    0.00    0.00    0.00    0.00    0.00     1      0.00      0.00  288968   27144   0.34      1.00      0.00  multipathd
15:09:47        0      2880    0.00    0.00    0.00    0.00    0.00     1      0.00      0.00       0       0   0.00      5.00      0.00  kworker/1:0-events
15:09:47        0      3475    0.00    0.00    0.00    0.00    0.00     3      0.00      0.00       0       0   0.00      1.00      0.00  kworker/u16:3-flush-259:0
15:09:47        0      3514    0.00    0.00    0.00    0.00    0.00     3      0.00      0.00       0       0   0.00      1.00      0.00  kworker/3:2-mm_percpu_wq
15:09:47        0      3837    0.00    0.00    0.00    0.00    0.00     2      0.00      0.00       0       0   0.00      1.00      0.00  kworker/2:1-mm_percpu_wq
15:09:47     1000      4682    0.00    0.00    0.00    0.00    0.00     1      0.00      0.00   31444   21268   0.27     20.00      0.00  python3
15:09:47     1000      4690    0.00    0.00    0.00    0.00    0.00     1      0.00      0.00    9900    3356   0.04      1.00      0.00  vmstat
15:09:47     1000      4691    0.00    0.00    0.00    0.00    0.00     1      0.00      0.00    7580    3568   0.05      1.00      0.00  pidstat
15:09:47     1000      4693   94.00    6.00    0.00    0.00  100.00     0      0.00      0.00   57344   50164   0.63      0.00      2.00  /home/ubuntu/pe
15:09:47     1000      4694   18.00   14.00    0.00    0.00   32.00     2    125.00      0.00 1818556   76944   0.97      0.00      0.00  hey

# Time        UID       PID    %usr %system  %guest   %wait    %CPU   CPU  minflt/s  majflt/s     VSZ     RSS   %MEM   cswch/s nvcswch/s  Command
15:09:48        0        16    0.00    0.00    0.00    0.00    0.00     1      0.00      0.00       0       0   0.00      2.00      0.00  rcu_sched
15:09:48        0        49    0.00    0.00    0.00    0.00    0.00     1      0.00      0.00       0       0   0.00      4.00      0.00  kworker/u16:2-events_power_efficient
15:09:48        0        53    0.00    0.00    0.00    0.00    0.00     1      0.00      0.00       0       0   0.00      2.00      0.00  kcompactd0
15:09:48        0       121    0.00    0.00    0.00    0.00    0.00     0      0.00      0.00       0       0   0.00      6.00      0.00  kworker/0:2-events
15:09:48        0       240    0.00    0.00    0.00    0.00    0.00     1      0.00      0.00  288968   27144   0.34      1.00      0.00  multipathd
15:09:48        0       591    0.00    0.00    0.00    0.00    0.00     2      0.00      0.00   83064    4556   0.06      1.00      0.00  irqbalance
15:09:48        0      2880    0.00    0.00    0.00    0.00    0.00     1      0.00      0.00       0       0   0.00      5.00      0.00  kworker/1:0-events
15:09:48        0      3475    0.00    0.00    0.00    0.00    0.00     3      0.00      0.00       0       0   0.00      2.00      0.00  kworker/u16:3-events_power_efficient
15:09:48        0      3514    0.00    0.00    0.00    0.00    0.00     3      0.00      0.00       0       0   0.00      2.00      0.00  kworker/3:2-events
15:09:48        0      3837    0.00    0.00    0.00    0.00    0.00     2      0.00      0.00       0       0   0.00      1.00      0.00  kworker/2:1-mm_percpu_wq
15:09:48     1000      4682    0.00    0.00    0.00    0.00    0.00     1      0.00      0.00   31444   21268   0.27     20.00      0.00  python3
15:09:48     1000      4690    0.00    0.00    0.00    0.00    0.00     1      0.00      0.00    9900    3356   0.04      1.00      0.00  vmstat
15:09:48     1000      4691    0.00    1.00    0.00    0.00    1.00     1      0.00      0.00    7580    3568   0.05      1.00      0.00  pidstat
15:09:48     1000      4693   93.00    7.00    0.00    0.00  100.00     0      0.00      0.00   57344   50164   0.63      0.00      6.00  /home/ubuntu/pe
15:09:48     1000      4694   17.00   15.00    0.00    0.00   32.00     2    291.00      0.00 1818556   78096   0.99      0.00      0.00  hey

# Time        UID       PID    %usr %system  %guest   %wait    %CPU   CPU  minflt/s  majflt/s     VSZ     RSS   %MEM   cswch/s nvcswch/s  Command
15:09:49        0        26    0.00    0.00    0.00    0.00    0.00     1      0.00      0.00       0       0   0.00      1.00      0.00  ksoftirqd/1
15:09:49        0        49    0.00    0.00    0.00    0.00    0.00     1      0.00      0.00       0       0   0.00      3.00      0.00  kworker/u16:2-events_power_efficient
15:09:49        0        53    0.00    0.00    0.00    0.00    0.00     1      0.00      0.00       0       0   0.00      2.00      0.00  kcompactd0
15:09:49        0       121    0.00    0.00    0.00    0.00    0.00     0      0.00      0.00       0       0   0.00      1.00      0.00  kworker/0:2-events
15:09:49        0       240    0.00    0.00    0.00    0.00    0.00     1      0.00      0.00  288968   27144   0.34      1.00      0.00  multipathd
15:09:49        0      2880    0.00    0.00    0.00    0.00    0.00     1      0.00      0.00       0       0   0.00      7.00      0.00  kworker/1:0-events
15:09:49        0      3475    0.00    0.00    0.00    0.00    0.00     1      0.00      0.00       0       0   0.00      4.00      0.00  kworker/u16:3-events_power_efficient
15:09:49        0      3514    0.00    0.00    0.00    0.00    0.00     3      0.00      0.00       0       0   0.00      1.00      0.00  kworker/3:2-mm_percpu_wq
15:09:49        0      3837    0.00    0.00    0.00    0.00    0.00     2      0.00      0.00       0       0   0.00      1.00      0.00  kworker/2:1-mm_percpu_wq
15:09:49     1000      4682    0.00    0.00    0.00    0.00    0.00     1      0.00      0.00   31444   21268   0.27     20.00      0.00  python3
15:09:49     1000      4690    0.00    0.00    0.00    0.00    0.00     1      0.00      0.00    9900    3356   0.04      1.00      0.00  vmstat
15:09:49     1000      4691    0.00    0.00    0.00    0.00    0.00     1      0.00      0.00    7580    3568   0.05      1.00      0.00  pidstat
15:09:49     1000      4693   93.00    7.00    0.00    0.00  100.00     0      0.00      0.00   57344   50164   0.63      0.00      1.00  /home/ubuntu/pe
15:09:49     1000      4694   19.00   13.00    0.00    0.00   32.00     2    118.00      0.00 1818556   78480   0.99      0.00      0.00  hey

# Time        UID       PID    %usr %system  %guest   %wait    %CPU   CPU  minflt/s  majflt/s     VSZ     RSS   %MEM   cswch/s nvcswch/s  Command
15:09:50        0        16    0.00    0.00    0.00    0.00    0.00     1      0.00      0.00       0       0   0.00     56.00      0.00  rcu_sched
15:09:50        0        25    0.00    0.00    0.00    0.00    0.00     1      0.00      0.00       0       0   0.00      2.00      0.00  migration/1
15:09:50        0        26    0.00    0.00    0.00    0.00    0.00     1      0.00      0.00       0       0   0.00      1.00      0.00  ksoftirqd/1
15:09:50        0        32    0.00    0.00    0.00    0.00    0.00     2      0.00      0.00       0       0   0.00      1.00      0.00  ksoftirqd/2
15:09:50        0        49    0.00    0.00    0.00    0.00    0.00     1      0.00      0.00       0       0   0.00      5.00      0.00  kworker/u16:2-events_power_efficient
15:09:50        0        53    0.00    0.00    0.00    0.00    0.00     1      0.00      0.00       0       0   0.00      2.00      0.00  kcompactd0
15:09:50        0       121    0.00    0.00    0.00    0.00    0.00     0      0.00      0.00       0       0   0.00      6.00      0.00  kworker/0:2-events
15:09:50        0       240    0.00    0.00    0.00    0.00    0.00     1      0.00      0.00  288968   27144   0.34      1.00      0.00  multipathd
15:09:50        0      2880    0.00    0.00    0.00    0.00    0.00     1      0.00      0.00       0       0   0.00      5.00      0.00  kworker/1:0-events
15:09:50        0      3475    0.00    0.00    0.00    0.00    0.00     3      0.00      0.00       0       0   0.00      1.00      0.00  kworker/u16:3-events_power_efficient
15:09:50        0      3514    0.00    0.00    0.00    0.00    0.00     3      0.00      0.00       0       0   0.00      3.00      0.00  kworker/3:2-events
15:09:50        0      3837    0.00    0.00    0.00    0.00    0.00     2      0.00      0.00       0       0   0.00      5.00      0.00  kworker/2:1-events
15:09:50     1000      4682    1.00    0.00    0.00    0.00    1.00     1     23.00      0.00   31444   21396   0.27     15.00      0.00  python3
15:09:50     1000      4690    0.00    0.00    0.00    0.00    0.00     1      0.00      0.00    9900    3356   0.04      1.00      0.00  vmstat
15:09:50     1000      4691    0.00    1.00    0.00    0.00    1.00     1      0.00      0.00    7580    3568   0.05      1.00      0.00  pidstat
15:09:50     1000      4709    0.00    0.00    0.00    0.00    0.00     0    143.00      0.00    2704    1464   0.02      1.00      1.00  time
15:09:50     1000      4710   29.00    3.00    0.00    0.00   32.00     0   8144.00      0.00   48924   41604   0.53      5.00      2.00  /home/ubuntu/pa
15:09:50     1000      4711    4.00    2.00    0.00    0.00    6.00     2   3850.00      0.00 1816316   19216   0.24      4.00      2.00  hey

# Time        UID       PID    %usr %system  %guest   %wait    %CPU   CPU  minflt/s  majflt/s     VSZ     RSS   %MEM   cswch/s nvcswch/s  Command
15:09:51        0        19    0.00    0.00    0.00    0.00    0.00     0      0.00      0.00       0       0   0.00      1.00      0.00  migration/0
15:09:51        0        25    0.00    0.00    0.00    0.00    0.00     1      0.00      0.00       0       0   0.00      1.00      0.00  migration/1
15:09:51        0        31    0.00    0.00    0.00    0.00    0.00     2      0.00      0.00       0       0   0.00      1.00      0.00  migration/2
15:09:51        0        37    0.00    0.00    0.00    0.00    0.00     3      0.00      0.00       0       0   0.00      1.00      0.00  migration/3
15:09:51        0        49    0.00    0.00    0.00    0.00    0.00     1      0.00      0.00       0       0   0.00      5.00      0.00  kworker/u16:2-events_power_efficient
15:09:51        0        53    0.00    0.00    0.00    0.00    0.00     3      0.00      0.00       0       0   0.00      2.00      0.00  kcompactd0
15:09:51        0       121    0.00    0.00    0.00    0.00    0.00     0      0.00      0.00       0       0   0.00      1.00      0.00  kworker/0:2-mm_percpu_wq
15:09:51        0       240    0.00    0.00    0.00    0.00    0.00     1      0.00      0.00  288968   27144   0.34      1.00      0.00  multipathd
15:09:51        0      2880    0.00    0.00    0.00    0.00    0.00     1      0.00      0.00       0       0   0.00      6.00      0.00  kworker/1:0-events
15:09:51        0      3514    0.00    0.00    0.00    0.00    0.00     3      0.00      0.00       0       0   0.00      1.00      0.00  kworker/3:2-mm_percpu_wq
15:09:51        0      3837    0.00    0.00    0.00    0.00    0.00     2      0.00      0.00       0       0   0.00      1.00      0.00  kworker/2:1-mm_percpu_wq
15:09:51     1000      4666    0.00    0.00    0.00    0.00    0.00     2      0.00      0.00   15008    7192   0.09      1.00      1.00  sshd
15:09:51     1000      4690    0.00    0.00    0.00    0.00    0.00     1      0.00      0.00    9900    3356   0.04      1.00      0.00  vmstat
15:09:51     1000      4691    0.00    0.00    0.00    0.00    0.00     1      5.00      0.00    7580    3696   0.05      1.00      0.00  pidstat
15:09:51     1000      4710   93.00    7.00    0.00    0.00  100.00     0    188.00      0.00   49716   42372   0.54      0.00      2.00  /home/ubuntu/pa
15:09:51     1000      4711   22.00   20.00    0.00    0.00   42.00     2  11115.00      0.00 1817276   59536   0.75      0.00      0.00  hey

# Time        UID       PID    %usr %system  %guest   %wait    %CPU   CPU  minflt/s  majflt/s     VSZ     RSS   %MEM   cswch/s nvcswch/s  Command
15:09:52        0        16    0.00    0.00    0.00    0.00    0.00     1      0.00      0.00       0       0   0.00     58.00      0.00  rcu_sched
15:09:52        0        25    0.00    0.00    0.00    0.00    0.00     1      0.00      0.00       0       0   0.00      1.00      0.00  migration/1
15:09:52        0        37    0.00    0.00    0.00    0.00    0.00     3      0.00      0.00       0       0   0.00      1.00      0.00  migration/3
15:09:52        0        49    0.00    0.00    0.00    0.00    0.00     1      0.00      0.00       0       0   0.00      8.00      0.00  kworker/u16:2-events_unbound
15:09:52        0        53    0.00    0.00    0.00    0.00    0.00     1      0.00      0.00       0       0   0.00      2.00      0.00  kcompactd0
15:09:52        0       121    0.00    0.00    0.00    0.00    0.00     0      0.00      0.00       0       0   0.00      5.00      0.00  kworker/0:2-events
15:09:52        0       137    0.00    0.00    0.00    0.00    0.00     3      0.00      0.00       0       0   0.00      8.00      0.00  jbd2/nvme0n1p1-8
15:09:52        0       178    0.00    0.00    0.00    0.00    0.00     1      2.00      0.00   66928   17524   0.22      1.00      0.00  systemd-journal
15:09:52        0       240    0.00    0.00    0.00    0.00    0.00     1      0.00      0.00  288968   27144   0.34      1.00      0.00  multipathd
15:09:52        0       248    0.00    0.00    0.00    0.00    0.00     0      0.00      0.00       0       0   0.00      2.00      0.00  kworker/0:1H-kblockd
15:09:52        0      2880    0.00    0.00    0.00    0.00    0.00     1      0.00      0.00       0       0   0.00      3.00      0.00  kworker/1:0-events
15:09:52        0      3475    0.00    0.00    0.00    0.00    0.00     1      0.00      0.00       0       0   0.00      4.00      0.00  kworker/u16:3-flush-259:0
15:09:52        0      3514    0.00    0.00    0.00    0.00    0.00     3      0.00      0.00       0       0   0.00      3.00      0.00  kworker/3:2-events
15:09:52        0      3837    0.00    0.00    0.00    0.00    0.00     2      0.00      0.00       0       0   0.00      2.00      0.00  kworker/2:1-events
15:09:52     1000      4682    0.00    0.00    0.00    0.00    0.00     1      0.00      0.00   31444   21396   0.27      2.00      0.00  python3
15:09:52     1000      4690    0.00    0.00    0.00    0.00    0.00     1      0.00      0.00    9900    3356   0.04      1.00      0.00  vmstat
15:09:52     1000      4691    1.00    1.00    0.00    0.00    2.00     1      0.00      0.00    7580    3696   0.05      1.00      0.00  pidstat
15:09:52     1000      4710   93.00    6.00    0.00    0.00   99.00     0    111.00      0.00   50112   42756   0.54      0.00      7.00  /home/ubuntu/pa
15:09:52     1000      4711   20.00   18.00    0.00    0.00   38.00     2   2226.00      0.00 1817724   67472   0.85      0.00      0.00  hey
15:09:52     1000      4719    3.00    2.00    0.00    0.00    5.00     2   6894.00      0.00 1677236   28660   0.36      5.00     15.00  hey

# Time        UID       PID    %usr %system  %guest   %wait    %CPU   CPU  minflt/s  majflt/s     VSZ     RSS   %MEM   cswch/s nvcswch/s  Command
15:09:53        0        16    0.00    0.00    0.00    0.00    0.00     1      0.00      0.00       0       0   0.00    281.00      0.00  rcu_sched
15:09:53        0        49    0.00    0.00    0.00    0.00    0.00     1      0.00      0.00       0       0   0.00      6.00      0.00  kworker/u16:2-events_power_efficient
15:09:53        0        53    0.00    0.00    0.00    0.00    0.00     1      0.00      0.00       0       0   0.00      2.00      0.00  kcompactd0
15:09:53        0       121    0.00    0.00    0.00    0.00    0.00     0      0.00      0.00       0       0   0.00      2.00      0.00  kworker/0:2-events
15:09:53        0       240    0.00    0.00    0.00    0.00    0.00     1      0.00      0.00  288968   27144   0.34      1.00      0.00  multipathd
15:09:53      110       672    0.00    0.00    0.00    0.00    0.00     3      0.00      0.00   19416    3744   0.05      2.00      0.00  chronyd
15:09:53        0      2880    1.00    0.00    0.00    0.00    1.00     1      0.00      0.00       0       0   0.00      6.00      0.00  kworker/1:0-events
15:09:53        0      3514    0.00    0.00    0.00    0.00    0.00     3      0.00      0.00       0       0   0.00      1.00      0.00  kworker/3:2-mm_percpu_wq
15:09:53        0      3837    0.00    0.00    0.00    0.00    0.00     2      0.00      0.00       0       0   0.00      1.00      0.00  kworker/2:1-mm_percpu_wq
15:09:53     1000      4690    0.00    0.00    0.00    0.00    0.00     1      0.00      0.00    9900    3356   0.04      1.00      0.00  vmstat
15:09:53     1000      4691    0.00    0.00    0.00    0.00    0.00     1      0.00      0.00    7580    3696   0.05      1.00      0.00  pidstat
15:09:53     1000      4710   93.00    7.00    0.00    0.00  100.00     0    652.00      0.00   52752   45444   0.57      0.00      2.00  /home/ubuntu/pa
15:09:53     1000      4711   19.00   16.00    0.00    0.00   35.00     2   1343.00      0.00 1818236   72080   0.91      0.00      0.00  hey
15:09:53     1000      4719    0.00    1.00    0.00    0.00    1.00     2    106.00      0.00 1677236   28916   0.37      0.00      0.00  hey

# Time        UID       PID    %usr %system  %guest   %wait    %CPU   CPU  minflt/s  majflt/s     VSZ     RSS   %MEM   cswch/s nvcswch/s  Command
15:09:54        0        16    0.00    0.00    0.00    0.00    0.00     1      0.00      0.00       0       0   0.00    274.00      0.00  rcu_sched
15:09:54        0        26    0.00    0.00    0.00    0.00    0.00     1      0.00      0.00       0       0   0.00      1.00      0.00  ksoftirqd/1
15:09:54        0        32    0.00    0.00    0.00    0.00    0.00     2      0.00      0.00       0       0   0.00      1.00      0.00  ksoftirqd/2
15:09:54        0        49    0.00    0.00    0.00    0.00    0.00     1      0.00      0.00       0       0   0.00      4.00      0.00  kworker/u16:2-events_power_efficient
15:09:54        0        53    0.00    0.00    0.00    0.00    0.00     1      0.00      0.00       0       0   0.00      2.00      0.00  kcompactd0
15:09:54        0       121    0.00    0.00    0.00    0.00    0.00     0      0.00      0.00       0       0   0.00      5.00      0.00  kworker/0:2-events
15:09:54        0       240    0.00    0.00    0.00    0.00    0.00     1      0.00      0.00  288968   27144   0.34      1.00      0.00  multipathd
15:09:54        0      2880    0.00    0.00    0.00    0.00    0.00     1      0.00      0.00       0       0   0.00      6.00      0.00  kworker/1:0-events
15:09:54        0      3475    0.00    0.00    0.00    0.00    0.00     3      0.00      0.00       0       0   0.00      4.00      0.00  kworker/u16:3-events_power_efficient
15:09:54        0      3514    0.00    0.00    0.00    0.00    0.00     3      0.00      0.00       0       0   0.00      2.00      0.00  kworker/3:2-events
15:09:54        0      3837    0.00    0.00    0.00    0.00    0.00     2      0.00      0.00       0       0   0.00      4.00      0.00  kworker/2:1-events
15:09:54     1000      4690    0.00    0.00    0.00    0.00    0.00     1      0.00      0.00    9900    3356   0.04      1.00      0.00  vmstat
15:09:54     1000      4691    0.00    1.00    0.00    0.00    1.00     1      0.00      0.00    7580    3696   0.05      1.00      0.00  pidstat
15:09:54     1000      4710   92.00    8.00    0.00    0.00  100.00     0    658.00      0.00   55392   48004   0.61      0.00      5.00  /home/ubuntu/pa
15:09:54     1000      4711   19.00   15.00    0.00    0.00   34.00     2    135.00      0.00 1818364   72464   0.92      0.00      0.00  hey
15:09:54     1000      4719    1.00    0.00    0.00    0.00    1.00     2     95.00      0.00 1677236   29300   0.37      0.00      0.00  hey

# Time        UID       PID    %usr %system  %guest   %wait    %CPU   CPU  minflt/s  majflt/s     VSZ     RSS   %MEM   cswch/s nvcswch/s  Command
15:09:55        0        16    0.00    0.00    0.00    0.00    0.00     1      0.00      0.00       0       0   0.00    275.00      0.00  rcu_sched
15:09:55        0        19    0.00    0.00    0.00    0.00    0.00     0      0.00      0.00       0       0   0.00      1.00      0.00  migration/0
15:09:55        0        25    0.00    0.00    0.00    0.00    0.00     1      0.00      0.00       0       0   0.00      1.00      0.00  migration/1
15:09:55        0        26    0.00    0.00    0.00    0.00    0.00     1      0.00      0.00       0       0   0.00      1.00      0.00  ksoftirqd/1
15:09:55        0        31    0.00    0.00    0.00    0.00    0.00     2      0.00      0.00       0       0   0.00      1.00      0.00  migration/2
15:09:55        0        37    0.00    0.00    0.00    0.00    0.00     3      0.00      0.00       0       0   0.00      1.00      0.00  migration/3
15:09:55        0        53    0.00    0.00    0.00    0.00    0.00     1      0.00      0.00       0       0   0.00      2.00      0.00  kcompactd0
15:09:55        0       121    0.00    0.00    0.00    0.00    0.00     0      0.00      0.00       0       0   0.00      1.00      0.00  kworker/0:2-mm_percpu_wq
15:09:55        0       240    0.00    0.00    0.00    0.00    0.00     1      0.00      0.00  288968   27144   0.34      1.00      0.00  multipathd
15:09:55        0      2880    0.00    0.00    0.00    0.00    0.00     1      0.00      0.00       0       0   0.00      5.00      0.00  kworker/1:0-events
15:09:55        0      3475    0.00    0.00    0.00    0.00    0.00     1      0.00      0.00       0       0   0.00      5.00      0.00  kworker/u16:3-events_power_efficient
15:09:55        0      3514    0.00    0.00    0.00    0.00    0.00     3      0.00      0.00       0       0   0.00      2.00      0.00  kworker/3:2-events
15:09:55        0      3837    0.00    0.00    0.00    0.00    0.00     2      0.00      0.00       0       0   0.00      1.00      0.00  kworker/2:1-mm_percpu_wq
15:09:55     1000      4690    0.00    0.00    0.00    0.00    0.00     1      0.00      0.00    9900    3356   0.04      1.00      0.00  vmstat
15:09:55     1000      4691    0.00    0.00    0.00    0.00    0.00     1      0.00      0.00    7580    3696   0.05      1.00      1.00  pidstat
15:09:55     1000      4710   91.00    9.00    0.00    0.00  100.00     0    664.00      0.00   58064   50692   0.64      0.00      2.00  /home/ubuntu/pa
15:09:55     1000      4711   20.00   15.00    0.00    0.00   35.00     2    167.00      0.00 1818428   73232   0.92      0.00      0.00  hey
15:09:55     1000      4719    0.00    1.00    0.00    0.00    1.00     2    104.00      0.00 1677236   29812   0.38      0.00      0.00  hey

# Time        UID       PID    %usr %system  %guest   %wait    %CPU   CPU  minflt/s  majflt/s     VSZ     RSS   %MEM   cswch/s nvcswch/s  Command
15:09:56        0        16    0.00    0.00    0.00    0.00    0.00     1      0.00      0.00       0       0   0.00    161.00      0.00  rcu_sched
15:09:56        0        53    0.00    0.00    0.00    0.00    0.00     1      0.00      0.00       0       0   0.00      2.00      0.00  kcompactd0
15:09:56        0       121    0.00    0.00    0.00    0.00    0.00     0      0.00      0.00       0       0   0.00      4.00      0.00  kworker/0:2-events
15:09:56        0       240    0.00    0.00    0.00    0.00    0.00     1      0.00      0.00  288968   27144   0.34      1.00      0.00  multipathd
15:09:56        0      2880    0.00    0.00    0.00    0.00    0.00     1      0.00      0.00       0       0   0.00      7.00      0.00  kworker/1:0-events
15:09:56        0      3475    0.00    0.00    0.00    0.00    0.00     1      0.00      0.00       0       0   0.00      6.00      0.00  kworker/u16:3-events_power_efficient
15:09:56        0      3514    0.00    0.00    0.00    0.00    0.00     3      0.00      0.00       0       0   0.00      2.00      0.00  kworker/3:2-events
15:09:56        0      3837    0.00    0.00    0.00    0.00    0.00     2      0.00      0.00       0       0   0.00      3.00      0.00  kworker/2:1-events
15:09:56     1000      4682    0.00    0.00    0.00    0.00    0.00     1      0.00      0.00   31444   21396   0.27     15.00      0.00  python3
15:09:56     1000      4690    0.00    0.00    0.00    0.00    0.00     1      0.00      0.00    9900    3356   0.04      1.00      0.00  vmstat
15:09:56     1000      4691    0.00    0.00    0.00    0.00    0.00     1      0.00      0.00    7580    3696   0.05      1.00      0.00  pidstat
15:09:56     1000      4710   93.00    8.00    0.00    0.00  101.00     0    369.00      0.00   59516   52100   0.66      0.00      4.00  /home/ubuntu/pa
15:09:56     1000      4711   18.00   18.00    0.00    0.00   36.00     2    168.00      0.00 1818556   73744   0.93      0.00      0.00  hey

# Time        UID       PID    %usr %system  %guest   %wait    %CPU   CPU  minflt/s  majflt/s     VSZ     RSS   %MEM   cswch/s nvcswch/s  Command
15:09:57        0        16    0.00    0.00    0.00    0.00    0.00     1      0.00      0.00       0       0   0.00      2.00      0.00  rcu_sched
15:09:57        0        49    0.00    0.00    0.00    0.00    0.00     2      0.00      0.00       0       0   0.00      2.00      0.00  kworker/u16:2-events_power_efficient
15:09:57        0        53    0.00    0.00    0.00    0.00    0.00     1      0.00      0.00       0       0   0.00      2.00      0.00  kcompactd0
15:09:57        0       121    0.00    0.00    0.00    0.00    0.00     0      0.00      0.00       0       0   0.00      2.00      0.00  kworker/0:2-events
15:09:57        0       240    0.00    0.00    0.00    0.00    0.00     1      0.00      0.00  288968   27144   0.34      1.00      0.00  multipathd
15:09:57      110       672    0.00    0.00    0.00    0.00    0.00     3      0.00      0.00   19416    3744   0.05      2.00      0.00  chronyd
15:09:57        0      2880    0.00    0.00    0.00    0.00    0.00     1      0.00      0.00       0       0   0.00      4.00      0.00  kworker/1:0-events
15:09:57        0      3475    0.00    0.00    0.00    0.00    0.00     1      0.00      0.00       0       0   0.00      7.00      0.00  kworker/u16:3-events_power_efficient
15:09:57        0      3514    0.00    0.00    0.00    0.00    0.00     3      0.00      0.00       0       0   0.00      1.00      0.00  kworker/3:2-mm_percpu_wq
15:09:57        0      3837    0.00    0.00    0.00    0.00    0.00     2      0.00      0.00       0       0   0.00      2.00      0.00  kworker/2:1-events
15:09:57     1000      4682    0.00    0.00    0.00    0.00    0.00     1      0.00      0.00   31444   21396   0.27     20.00      0.00  python3
15:09:57     1000      4690    0.00    0.00    0.00    0.00    0.00     1      0.00      0.00    9900    3356   0.04      1.00      0.00  vmstat
15:09:57     1000      4691    1.00    0.00    0.00    0.00    1.00     1      0.00      0.00    7580    3696   0.05      1.00      0.00  pidstat
15:09:57     1000      4710   93.00    6.00    0.00    0.00   99.00     0      1.00      0.00   59516   52100   0.66      0.00      2.00  /home/ubuntu/pa
15:09:57     1000      4711   19.00   18.00    0.00    0.00   37.00     2    124.00      0.00 1818556   74256   0.94      0.00      0.00  hey

# Time        UID       PID    %usr %system  %guest   %wait    %CPU   CPU  minflt/s  majflt/s     VSZ     RSS   %MEM   cswch/s nvcswch/s  Command
15:09:58        0         1    0.00    0.00    0.00    0.00    0.00     2      2.00      0.00   22184   13224   0.17      1.00      0.00  systemd
15:09:58        0        16    0.00    0.00    0.00    0.00    0.00     1      0.00      0.00       0       0   0.00      2.00      0.00  rcu_sched
15:09:58        0        49    0.00    0.00    0.00    0.00    0.00     1      0.00      0.00       0       0   0.00      7.00      0.00  kworker/u16:2-events_unbound
15:09:58        0        53    0.00    0.00    0.00    0.00    0.00     1      0.00      0.00       0       0   0.00      2.00      0.00  kcompactd0
15:09:58        0       121    0.00    0.00    0.00    0.00    0.00     0      0.00      0.00       0       0   0.00      4.00      0.00  kworker/0:2-events
15:09:58        0       240    0.00    0.00    0.00    0.00    0.00     1      0.00      0.00  288968   27144   0.34      1.00      0.00  multipathd
15:09:58        0       591    0.00    0.00    0.00    0.00    0.00     2      0.00      0.00   83064    4556   0.06      1.00      0.00  irqbalance
15:09:58        0      2880    0.00    0.00    0.00    0.00    0.00     1      0.00      0.00       0       0   0.00      4.00      0.00  kworker/1:0-events
15:09:58        0      3514    0.00    0.00    0.00    0.00    0.00     3      0.00      0.00       0       0   0.00      3.00      0.00  kworker/3:2-events
15:09:58        0      3837    0.00    0.00    0.00    0.00    0.00     2      0.00      0.00       0       0   0.00      5.00      0.00  kworker/2:1-events
15:09:58     1000      4682    0.00    0.00    0.00    0.00    0.00     1      0.00      0.00   31444   21396   0.27     20.00      0.00  python3
15:09:58     1000      4690    0.00    0.00    0.00    0.00    0.00     1      0.00      0.00    9900    3356   0.04      1.00      0.00  vmstat
15:09:58     1000      4691    0.00    1.00    0.00    0.00    1.00     1      0.00      0.00    7580    3696   0.05      1.00      0.00  pidstat
15:09:58     1000      4710   92.00    8.00    0.00    0.00  100.00     0      1.00      0.00   59516   52100   0.66      0.00      4.00  /home/ubuntu/pa
15:09:58     1000      4711   21.00   17.00    0.00    0.00   38.00     2    160.00      0.00 1818556   74896   0.95      0.00      0.00  hey

# Time        UID       PID    %usr %system  %guest   %wait    %CPU   CPU  minflt/s  majflt/s     VSZ     RSS   %MEM   cswch/s nvcswch/s  Command
15:09:59        0        16    0.00    0.00    0.00    0.00    0.00     1      0.00      0.00       0       0   0.00      2.00      0.00  rcu_sched
15:09:59        0        19    0.00    0.00    0.00    0.00    0.00     0      0.00      0.00       0       0   0.00      1.00      0.00  migration/0
15:09:59        0        25    0.00    0.00    0.00    0.00    0.00     1      0.00      0.00       0       0   0.00      1.00      0.00  migration/1
15:09:59        0        31    0.00    0.00    0.00    0.00    0.00     2      0.00      0.00       0       0   0.00      1.00      0.00  migration/2
15:09:59        0        37    0.00    0.00    0.00    0.00    0.00     3      0.00      0.00       0       0   0.00      1.00      0.00  migration/3
15:09:59        0        49    0.00    0.00    0.00    0.00    0.00     1      0.00      0.00       0       0   0.00      6.00      0.00  kworker/u16:2-events_power_efficient
15:09:59        0        53    0.00    0.00    0.00    0.00    0.00     1      0.00      0.00       0       0   0.00      2.00      0.00  kcompactd0
15:09:59        0       121    0.00    0.00    0.00    0.00    0.00     0      0.00      0.00       0       0   0.00      1.00      0.00  kworker/0:2-mm_percpu_wq
15:09:59        0       240    0.00    0.00    0.00    0.00    0.00     1      0.00      0.00  288968   27144   0.34      1.00      0.00  multipathd
15:09:59        0       248    0.00    0.00    0.00    0.00    0.00     0      0.00      0.00       0       0   0.00      1.00      0.00  kworker/0:1H-kblockd
15:09:59      110       672    0.00    0.00    0.00    0.00    0.00     3      0.00      0.00   19416    3744   0.05      2.00      0.00  chronyd
15:09:59        0      2880    0.00    0.00    0.00    0.00    0.00     1      0.00      0.00       0       0   0.00      6.00      0.00  kworker/1:0-events
15:09:59        0      3475    0.00    0.00    0.00    0.00    0.00     2      0.00      0.00       0       0   0.00      1.00      0.00  kworker/u16:3-events_power_efficient
15:09:59        0      3514    0.00    0.00    0.00    0.00    0.00     3      0.00      0.00       0       0   0.00      2.00      0.00  kworker/3:2-events
15:09:59        0      3837    0.00    0.00    0.00    0.00    0.00     2      0.00      0.00       0       0   0.00      1.00      0.00  kworker/2:1-mm_percpu_wq
15:09:59     1000      4682    0.00    0.00    0.00    0.00    0.00     1      0.00      0.00   31444   21396   0.27     20.00      0.00  python3
15:09:59     1000      4690    0.00    0.00    0.00    0.00    0.00     1      0.00      0.00    9900    3356   0.04      1.00      0.00  vmstat
15:09:59     1000      4691    0.00    0.00    0.00    0.00    0.00     1      0.00      0.00    7580    3696   0.05      1.00      0.00  pidstat
15:09:59     1000      4710   93.00    8.00    0.00    0.00  101.00     0      0.00      0.00   59516   52100   0.66      0.00      3.00  /home/ubuntu/pa
15:09:59     1000      4711   21.00   16.00    0.00    0.00   37.00     2    294.00      0.00 1818556   75920   0.96      0.00      0.00  hey

# Time        UID       PID    %usr %system  %guest   %wait    %CPU   CPU  minflt/s  majflt/s     VSZ     RSS   %MEM   cswch/s nvcswch/s  Command
15:10:00        0        16    0.00    0.00    0.00    0.00    0.00     1      0.00      0.00       0       0   0.00      2.00      0.00  rcu_sched
15:10:00        0        26    0.00    0.00    0.00    0.00    0.00     1      0.00      0.00       0       0   0.00      1.00      0.00  ksoftirqd/1
15:10:00        0        53    0.00    0.00    0.00    0.00    0.00     1      0.00      0.00       0       0   0.00      2.00      0.00  kcompactd0
15:10:00        0       121    0.00    0.00    0.00    0.00    0.00     0      0.00      0.00       0       0   0.00      5.00      0.00  kworker/0:2-events
15:10:00        0       240    0.00    0.00    0.00    0.00    0.00     1      0.00      0.00  288968   27144   0.34      1.00      0.00  multipathd
15:10:00        0      2880    0.00    0.00    0.00    0.00    0.00     1      0.00      0.00       0       0   0.00      7.00      0.00  kworker/1:0-events
15:10:00        0      3475    0.00    0.00    0.00    0.00    0.00     1      0.00      0.00       0       0   0.00      6.00      0.00  kworker/u16:3-events_unbound
15:10:00        0      3514    0.00    0.00    0.00    0.00    0.00     3      0.00      0.00       0       0   0.00      1.00      0.00  kworker/3:2-mm_percpu_wq
15:10:00        0      3837    0.00    0.00    0.00    0.00    0.00     2      0.00      0.00       0       0   0.00      6.00      0.00  kworker/2:1-events
15:10:00     1000      4682    0.00    0.00    0.00    0.00    0.00     1      0.00      0.00   31444   21396   0.27     20.00      0.00  python3
15:10:00     1000      4690    0.00    0.00    0.00    0.00    0.00     1      0.00      0.00    9900    3356   0.04      1.00      0.00  vmstat
15:10:00     1000      4691    0.00    1.00    0.00    0.00    1.00     1      0.00      0.00    7580    3696   0.05      1.00      0.00  pidstat
15:10:00     1000      4710   92.00    7.00    0.00    0.00   99.00     0      0.00      0.00   59516   52100   0.66      0.00      5.00  /home/ubuntu/pa
15:10:00     1000      4711   19.00   19.00    0.00    0.00   38.00     2    106.00      0.00 1818556   76304   0.96      0.00      0.00  hey

# Time        UID       PID    %usr %system  %guest   %wait    %CPU   CPU  minflt/s  majflt/s     VSZ     RSS   %MEM   cswch/s nvcswch/s  Command
15:10:01        0        16    0.00    0.00    0.00    0.00    0.00     1      0.00      0.00       0       0   0.00      2.00      0.00  rcu_sched
15:10:01        0        53    0.00    0.00    0.00    0.00    0.00     1      0.00      0.00       0       0   0.00      2.00      0.00  kcompactd0
15:10:01        0       121    0.00    0.00    0.00    0.00    0.00     0      0.00      0.00       0       0   0.00      2.00      0.00  kworker/0:2-events
15:10:01        0       240    0.00    0.00    0.00    0.00    0.00     1      0.00      0.00  288968   27144   0.34      1.00      0.00  multipathd
15:10:01        0       584    0.00    0.00    0.00    0.00    0.00     1      0.00      0.00    7236    2884   0.04      1.00      0.00  cron
15:10:01      110       672    0.00    0.00    0.00    0.00    0.00     3      0.00      0.00   19416    3744   0.05      2.00      0.00  chronyd
15:10:01        0      2880    0.00    0.00    0.00    0.00    0.00     1      0.00      0.00       0       0   0.00      5.00      0.00  kworker/1:0-events
15:10:01        0      3475    0.00    0.00    0.00    0.00    0.00     1      0.00      0.00       0       0   0.00      5.00      0.00  kworker/u16:3-events_power_efficient
15:10:01        0      3514    0.00    0.00    0.00    0.00    0.00     3      0.00      0.00       0       0   0.00      2.00      0.00  kworker/3:2-events
15:10:01        0      3837    0.00    0.00    0.00    0.00    0.00     2      0.00      0.00       0       0   0.00      1.00      0.00  kworker/2:1-mm_percpu_wq
15:10:01     1000      4682    0.00    0.00    0.00    0.00    0.00     1      0.00      0.00   31444   21396   0.27     20.00      0.00  python3
15:10:01     1000      4690    0.00    0.00    0.00    0.00    0.00     1      0.00      0.00    9900    3356   0.04      1.00      0.00  vmstat
15:10:01     1000      4691    0.00    0.00    0.00    0.00    0.00     1      0.00      0.00    7580    3696   0.05      1.00      0.00  pidstat
15:10:01     1000      4710   94.00    7.00    0.00    0.00  101.00     0      0.00      0.00   59516   52100   0.66      0.00      2.00  /home/ubuntu/pa
15:10:01     1000      4711   21.00   17.00    0.00    0.00   38.00     2    108.00      0.00 1818556   76688   0.97      0.00      0.00  hey

# Time        UID       PID    %usr %system  %guest   %wait    %CPU   CPU  minflt/s  majflt/s     VSZ     RSS   %MEM   cswch/s nvcswch/s  Command
15:10:02        0        16    0.00    0.00    0.00    0.00    0.00     3      0.00      0.00       0       0   0.00     32.00      0.00  rcu_sched
15:10:02        0        32    0.00    0.00    0.00    0.00    0.00     2      0.00      0.00       0       0   0.00      1.00      0.00  ksoftirqd/2
15:10:02        0        38    0.00    0.00    0.00    0.00    0.00     3      0.00      0.00       0       0   0.00      1.00      0.00  ksoftirqd/3
15:10:02        0        48    0.00    0.00    0.00    0.00    0.00     3      0.00      0.00       0       0   0.00      1.00      0.00  kworker/u16:1-events_power_efficient
15:10:02        0        49    0.00    0.00    0.00    0.00    0.00     1      0.00      0.00       0       0   0.00      3.00      0.00  kworker/u16:2-events_power_efficient
15:10:02        0        53    0.00    0.00    0.00    0.00    0.00     1      0.00      0.00       0       0   0.00      2.00      0.00  kcompactd0
15:10:02        0       121    0.00    0.00    0.00    0.00    0.00     0      0.00      0.00       0       0   0.00      6.00      0.00  kworker/0:2-events
15:10:02        0       240    0.00    0.00    0.00    0.00    0.00     1      0.00      0.00  288968   27144   0.34      1.00      0.00  multipathd
15:10:02        0      2880    0.00    0.00    0.00    0.00    0.00     1      0.00      0.00       0       0   0.00      6.00      0.00  kworker/1:0-events
15:10:02        0      3475    0.00    0.00    0.00    0.00    0.00     1      0.00      0.00       0       0   0.00      5.00      0.00  kworker/u16:3-events_power_efficient
15:10:02        0      3514    0.00    0.00    0.00    0.00    0.00     3      0.00      0.00       0       0   0.00      3.00      0.00  kworker/3:2-events
15:10:02        0      3837    0.00    0.00    0.00    0.00    0.00     2      0.00      0.00       0       0   0.00      5.00      0.00  kworker/2:1-events
15:10:02     1000      4682    0.00    0.00    0.00    0.00    0.00     1      0.00      0.00   31444   21396   0.27     19.00      0.00  python3
15:10:02     1000      4690    0.00    0.00    0.00    0.00    0.00     1      0.00      0.00    9900    3356   0.04      1.00      0.00  vmstat
15:10:02     1000      4691    0.00    1.00    0.00    0.00    1.00     1      0.00      0.00    7580    3696   0.05      1.00      0.00  pidstat

# Time        UID       PID    %usr %system  %guest   %wait    %CPU   CPU  minflt/s  majflt/s     VSZ     RSS   %MEM   cswch/s nvcswch/s  Command
15:10:03        0        16    0.00    0.00    0.00    0.00    0.00     1      0.00      0.00       0       0   0.00     27.00      0.00  rcu_sched
15:10:03        0        19    0.00    0.00    0.00    0.00    0.00     0      0.00      0.00       0       0   0.00      1.00      0.00  migration/0
15:10:03        0        25    0.00    0.00    0.00    0.00    0.00     1      0.00      0.00       0       0   0.00      3.00      0.00  migration/1
15:10:03        0        31    0.00    0.00    0.00    0.00    0.00     2      0.00      0.00       0       0   0.00      1.00      0.00  migration/2
15:10:03        0        37    0.00    0.00    0.00    0.00    0.00     3      0.00      0.00       0       0   0.00      1.00      0.00  migration/3
15:10:03        0        49    0.00    0.00    0.00    0.00    0.00     1      0.00      0.00       0       0   0.00      7.00      0.00  kworker/u16:2-events_power_efficient
15:10:03        0        53    0.00    0.00    0.00    0.00    0.00     1      0.00      0.00       0       0   0.00      2.00      0.00  kcompactd0
15:10:03        0       121    0.00    0.00    0.00    0.00    0.00     0      0.00      0.00       0       0   0.00      2.00      0.00  kworker/0:2-events
15:10:03        0       240    0.00    0.00    0.00    0.00    0.00     1      0.00      0.00  288968   27144   0.34      1.00      0.00  multipathd
15:10:03        0      2880    0.00    0.00    0.00    0.00    0.00     1      0.00      0.00       0       0   0.00      7.00      0.00  kworker/1:0-events
15:10:03        0      3514    0.00    0.00    0.00    0.00    0.00     3      0.00      0.00       0       0   0.00      2.00      0.00  kworker/3:2-events
15:10:03        0      3837    0.00    0.00    0.00    0.00    0.00     2      0.00      0.00       0       0   0.00      1.00      0.00  kworker/2:1-mm_percpu_wq
15:10:03     1000      4682    1.00    0.00    0.00    0.00    1.00     1      0.00      0.00   31444   21396   0.27      8.00      0.00  python3
15:10:03     1000      4690    0.00    0.00    0.00    0.00    0.00     1      0.00      0.00    9900    3356   0.04      1.00      0.00  vmstat
15:10:03     1000      4691    0.00    0.00    0.00    0.00    0.00     1      0.00      0.00    7580    3696   0.05      1.00      0.00  pidstat
15:10:03     1000      4728    0.00    0.00    0.00    0.00    0.00     0    147.00      0.00    2704    1464   0.02      1.00      1.00  time
15:10:03     1000      4729   63.00    6.00    0.00    0.00   69.00     0   8304.00      0.00   49544   42236   0.53      7.00      2.00  /home/ubuntu/pa
15:10:03     1000      4730    7.00    9.00    0.00    0.00   16.00     2   8538.00      0.00 1742904   36028   0.46      4.00      3.00  hey

# Time        UID       PID    %usr %system  %guest   %wait    %CPU   CPU  minflt/s  majflt/s     VSZ     RSS   %MEM   cswch/s nvcswch/s  Command
15:10:04        0        16    0.00    0.00    0.00    0.00    0.00     1      0.00      0.00       0       0   0.00      2.00      0.00  rcu_sched
15:10:04        0        49    0.00    0.00    0.00    0.00    0.00     1      0.00      0.00       0       0   0.00      5.00      0.00  kworker/u16:2-events_power_efficient
15:10:04        0        53    0.00    0.00    0.00    0.00    0.00     3      0.00      0.00       0       0   0.00      2.00      0.00  kcompactd0
15:10:04        0       121    0.00    0.00    0.00    0.00    0.00     0      0.00      0.00       0       0   0.00      6.00      0.00  kworker/0:2-events
15:10:04        0       240    0.00    0.00    0.00    0.00    0.00     1      0.00      0.00  288968   27144   0.34      1.00      0.00  multipathd
15:10:04        0      2880    0.00    0.00    0.00    0.00    0.00     1      0.00      0.00       0       0   0.00      6.00      0.00  kworker/1:0-events
15:10:04        0      3514    0.00    0.00    0.00    0.00    0.00     3      0.00      0.00       0       0   0.00      1.00      0.00  kworker/3:2-mm_percpu_wq
15:10:04        0      3837    0.00    0.00    0.00    0.00    0.00     2      0.00      0.00       0       0   0.00      1.00      0.00  kworker/2:1-events
15:10:04     1000      4690    0.00    0.00    0.00    0.00    0.00     1      0.00      0.00    9900    3356   0.04      1.00      0.00  vmstat
15:10:04     1000      4691    1.00    0.00    0.00    0.00    1.00     1      0.00      0.00    7580    3696   0.05      1.00      0.00  pidstat
15:10:04     1000      4729   92.00    8.00    0.00    0.00  100.00     0      3.00      0.00   49544   42236   0.53      0.00      6.00  /home/ubuntu/pa
15:10:04     1000      4730   16.00   14.00    0.00    0.00   30.00     2   8719.00      0.00 1743928   67388   0.85      0.00      0.00  hey

# Time        UID       PID    %usr %system  %guest   %wait    %CPU   CPU  minflt/s  majflt/s     VSZ     RSS   %MEM   cswch/s nvcswch/s  Command
15:10:05        0        16    0.00    0.00    0.00    0.00    0.00     1      0.00      0.00       0       0   0.00    163.00      0.00  rcu_sched
15:10:05        0        25    0.00    0.00    0.00    0.00    0.00     1      0.00      0.00       0       0   0.00      1.00      0.00  migration/1
15:10:05        0        48    0.00    0.00    0.00    0.00    0.00     1      0.00      0.00       0       0   0.00      4.00      0.00  kworker/u16:1-events_power_efficient
15:10:05        0        49    0.00    0.00    0.00    0.00    0.00     1      0.00      0.00       0       0   0.00      4.00      0.00  kworker/u16:2-events_power_efficient
15:10:05        0        53    0.00    0.00    0.00    0.00    0.00     1      0.00      0.00       0       0   0.00      2.00      0.00  kcompactd0
15:10:05        0       121    0.00    0.00    0.00    0.00    0.00     0      0.00      0.00       0       0   0.00      2.00      0.00  kworker/0:2-events
15:10:05        0       240    0.00    0.00    0.00    0.00    0.00     1      0.00      0.00  288968   27144   0.34      1.00      0.00  multipathd
15:10:05        0      2880    0.00    0.00    0.00    0.00    0.00     1      0.00      0.00       0       0   0.00      6.00      0.00  kworker/1:0-events
15:10:05        0      3514    0.00    0.00    0.00    0.00    0.00     3      0.00      0.00       0       0   0.00      1.00      0.00  kworker/3:2-mm_percpu_wq
15:10:05        0      3837    0.00    0.00    0.00    0.00    0.00     2      0.00      0.00       0       0   0.00      1.00      0.00  kworker/2:1-mm_percpu_wq
15:10:05     1000      4682    0.00    0.00    0.00    0.00    0.00     1      0.00      0.00   31444   21396   0.27      2.00      0.00  python3
15:10:05     1000      4690    0.00    0.00    0.00    0.00    0.00     1      0.00      0.00    9900    3356   0.04      1.00      0.00  vmstat
15:10:05     1000      4691    0.00    1.00    0.00    0.00    1.00     1      0.00      0.00    7580    3696   0.05      1.00      0.00  pidstat
15:10:05     1000      4729   93.00    7.00    0.00    0.00  100.00     0    382.00      0.00   51128   43772   0.55      0.00      2.00  /home/ubuntu/pa
15:10:05     1000      4730   14.00   12.00    0.00    0.00   26.00     2    337.00      0.00 1818108   68412   0.86      0.00      0.00  hey
15:10:05     1000      4738    2.00    3.00    0.00    0.00    5.00     3   6849.00      0.00 1677492   28540   0.36      5.00      4.00  hey

# Time        UID       PID    %usr %system  %guest   %wait    %CPU   CPU  minflt/s  majflt/s     VSZ     RSS   %MEM   cswch/s nvcswch/s  Command
15:10:06        0        16    0.00    0.00    0.00    0.00    0.00     3      0.00      0.00       0       0   0.00    288.00      0.00  rcu_sched
15:10:06        0        26    0.00    0.00    0.00    0.00    0.00     1      0.00      0.00       0       0   0.00      1.00      0.00  ksoftirqd/1
15:10:06        0        48    0.00    0.00    0.00    0.00    0.00     2      0.00      0.00       0       0   0.00      5.00      0.00  kworker/u16:1-events_power_efficient
15:10:06        0        53    0.00    0.00    0.00    0.00    0.00     3      0.00      0.00       0       0   0.00      2.00      0.00  kcompactd0
15:10:06        0       121    0.00    0.00    0.00    0.00    0.00     0      0.00      0.00       0       0   0.00      4.00      0.00  kworker/0:2-events
15:10:06        0       240    0.00    0.00    0.00    0.00    0.00     1      0.00      0.00  288968   27144   0.34      1.00      0.00  multipathd
15:10:06        0       931    0.00    0.00    0.00    0.00    0.00     2     23.00      0.00   12032    8112   0.10      2.00      0.00  sshd
15:10:06        0      2880    0.00    0.00    0.00    0.00    0.00     1      0.00      0.00       0       0   0.00      7.00      0.00  kworker/1:0-events
15:10:06        0      3514    0.00    0.00    0.00    0.00    0.00     3      0.00      0.00       0       0   0.00      2.00      0.00  kworker/3:2-events
15:10:06        0      3837    0.00    0.00    0.00    0.00    0.00     2      0.00      0.00       0       0   0.00      3.00      0.00  kworker/2:1-events
15:10:06     1000      4666    0.00    0.00    0.00    0.00    0.00     2      0.00      0.00   15008    7192   0.09      1.00      0.00  sshd
15:10:06     1000      4690    0.00    0.00    0.00    0.00    0.00     1      0.00      0.00    9900    3356   0.04      1.00      0.00  vmstat
15:10:06     1000      4691    0.00    0.00    0.00    0.00    0.00     1      0.00      0.00    7580    3696   0.05      1.00      0.00  pidstat
15:10:06     1000      4729   94.00    6.00    0.00    0.00  100.00     0    701.00      0.00   53920   46460   0.59      0.00      4.00  /home/ubuntu/pa
15:10:06     1000      4730   14.00   10.00    0.00    0.00   24.00     2    940.00      0.00 1818364   71612   0.90      0.00      0.00  hey
15:10:06     1000      4738    1.00    1.00    0.00    0.00    2.00     3    131.00      0.00 1677492   29052   0.37      0.00      0.00  hey
15:10:06        0      4745    0.00    0.00    0.00    0.00    0.00     1    497.00      0.00   12160    8168   0.10      1.00      0.00  sshd
15:10:06      105      4746    0.00    0.00    0.00    0.00    0.00     3    154.00      0.00   12160    5660   0.07      1.00      0.00  sshd

# Time        UID       PID    %usr %system  %guest   %wait    %CPU   CPU  minflt/s  majflt/s     VSZ     RSS   %MEM   cswch/s nvcswch/s  Command
15:10:07        0         1    0.00    0.00    0.00    0.00    0.00     3    250.00      0.00   22184   13224   0.17     49.00      5.00  systemd
15:10:07        0         2    0.00    0.00    0.00    0.00    0.00     2      0.00      0.00       0       0   0.00      2.00      0.00  kthreadd
15:10:07        0        16    1.00    0.00    0.00    1.00    1.00     1      0.00      0.00       0       0   0.00    312.00      0.00  rcu_sched
15:10:07        0        19    0.00    0.00    0.00    0.00    0.00     0      0.00      0.00       0       0   0.00      1.00      0.00  migration/0
15:10:07        0        25    0.00    0.00    0.00    0.00    0.00     1      0.00      0.00       0       0   0.00      2.00      0.00  migration/1
15:10:07        0        26    0.00    0.00    0.00    0.00    0.00     1      0.00      0.00       0       0   0.00      3.00      0.00  ksoftirqd/1
15:10:07        0        31    0.00    0.00    0.00    0.00    0.00     2      0.00      0.00       0       0   0.00      5.00      0.00  migration/2
15:10:07        0        32    0.00    0.00    0.00    0.00    0.00     2      0.00      0.00       0       0   0.00      4.00      0.00  ksoftirqd/2
15:10:07        0        37    0.00    0.00    0.00    0.00    0.00     3      0.00      0.00       0       0   0.00      5.00      0.00  migration/3
15:10:07        0        38    0.00    0.00    0.00    0.00    0.00     3      0.00      0.00       0       0   0.00      2.00      0.00  ksoftirqd/3
15:10:07        0        48    0.00    0.00    0.00    0.00    0.00     3      0.00      0.00       0       0   0.00     27.00      0.00  kworker/u16:1-ext4-rsv-conversion
15:10:07        0        49    0.00    0.00    0.00    0.00    0.00     1      0.00      0.00       0       0   0.00     13.00      0.00  kworker/u16:2-events_power_efficient
15:10:07        0        53    0.00    0.00    0.00    0.00    0.00     3      0.00      0.00       0       0   0.00      2.00      0.00  kcompactd0
15:10:07        0       121    0.00    0.00    0.00    0.00    0.00     0      0.00      0.00       0       0   0.00      7.00      0.00  kworker/0:2-rcu_gp
15:10:07        0       137    0.00    0.00    0.00    0.00    0.00     2      0.00      0.00       0       0   0.00      6.00      0.00  jbd2/nvme0n1p1-8
15:10:07        0       162    0.00    0.00    0.00    0.00    0.00     2      0.00      0.00       0       0   0.00      1.00      0.00  kworker/2:1H-kblockd
15:10:07        0       178    0.00    0.00    0.00    1.00    0.00     2    122.00      0.00   66928   17524   0.22     14.00      6.00  systemd-journal
15:10:07        0       240    0.00    0.00    0.00    0.00    0.00     1      0.00      0.00  288968   27144   0.34      1.00      0.00  multipathd
15:10:07      101       585    1.00    0.00    0.00    0.00    1.00     3      0.00      0.00    9908    5468   0.07     31.00     11.00  dbus-daemon
15:10:07      989       595    0.00    0.00    0.00    0.00    0.00     1      0.00      0.00  383684    9780   0.12     12.00      0.00  polkitd
15:10:07        0       604    0.00    0.00    0.00    0.00    0.00     3      0.00      0.00   18172    8832   0.11     28.00     10.00  systemd-logind
15:10:07        0       607    0.00    0.00    0.00    0.00    0.00     1      0.00      0.00  468964   13612   0.17      8.00      0.00  udisksd
15:10:07        0       756    0.00    0.00    0.00    0.00    0.00     1      0.00      0.00  318164   12612   0.16      9.00      0.00  ModemManager
15:10:07        0       931    0.00    0.00    0.00    0.00    0.00     2      1.00      0.00   12032    8112   0.10      2.00      0.00  sshd
15:10:07        0      2478    0.00    0.00    0.00    0.00    0.00     2      0.00      0.00       0       0   0.00      2.00      0.00  kworker/2:2-cgroup_free
15:10:07        0      2880    0.00    0.00    0.00    0.00    0.00     1      0.00      0.00       0       0   0.00     12.00      0.00  kworker/1:0-events
15:10:07        0      3475    0.00    0.00    0.00    0.00    0.00     3      0.00      0.00       0       0   0.00      2.00      0.00  kworker/u16:3-events_power_efficient
15:10:07        0      3514    0.00    0.00    0.00    0.00    0.00     3      0.00      0.00       0       0   0.00     12.00      0.00  kworker/3:2-memcg
15:10:07        0      3837    0.00    0.00    0.00    0.00    0.00     2      0.00      0.00       0       0   0.00     17.00      0.00  kworker/2:1-events
15:10:07        0      4149    0.00    0.00    0.00    0.00    0.00     3      0.00      0.00  400448   45004   0.57      7.00      0.00  fwupd
15:10:07     1000      4690    0.00    0.00    0.00    0.00    0.00     1      0.00      0.00    9900    3356   0.04      1.00      0.00  vmstat
15:10:07     1000      4691    0.00    1.00    0.00    0.00    1.00     1      0.00      0.00    7580    3696   0.05      1.00      1.00  pidstat
15:10:07     1000      4729   94.00    6.00    0.00    0.00  100.00     0    697.00      0.00   56692   49276   0.62      0.00      8.00  /home/ubuntu/pa
15:10:07     1000      4730   14.00    9.00    0.00    0.00   23.00     2    349.00      0.00 1818428   72764   0.92      0.00      0.00  hey
15:10:07     1000      4738    0.00    1.00    0.00    0.00    1.00     3     66.00      0.00 1677492   29308   0.37      0.00      0.00  hey
15:10:07        0      4763    0.00    0.00    0.00    0.00    0.00     2      0.00      0.00       0       0   0.00      3.00      0.00  kworker/2:0-cgroup_free
15:10:07        0      4812    0.00    0.00    0.00    0.00    0.00     3      0.00      0.00       0       0   0.00      2.00      0.00  kworker/u16:0

# Time        UID       PID    %usr %system  %guest   %wait    %CPU   CPU  minflt/s  majflt/s     VSZ     RSS   %MEM   cswch/s nvcswch/s  Command
15:10:08        0        16    0.00    0.00    0.00    0.00    0.00     1      0.00      0.00       0       0   0.00    288.00      0.00  rcu_sched
15:10:08        0        32    0.00    0.00    0.00    0.00    0.00     2      0.00      0.00       0       0   0.00      1.00      0.00  ksoftirqd/2
15:10:08        0        49    0.00    0.00    0.00    0.00    0.00     1      0.00      0.00       0       0   0.00      4.00      0.00  kworker/u16:2-events_power_efficient
15:10:08        0        53    0.00    0.00    0.00    0.00    0.00     3      0.00      0.00       0       0   0.00      2.00      0.00  kcompactd0
15:10:08        0       121    0.00    0.00    0.00    0.00    0.00     0      0.00      0.00       0       0   0.00      8.00      0.00  kworker/0:2-events
15:10:08        0       178    0.00    0.00    0.00    0.00    0.00     2      0.00      0.00   66928   17524   0.22      1.00      0.00  systemd-journal
15:10:08        0       240    0.00    0.00    0.00    0.00    0.00     1      0.00      0.00  288968   27144   0.34      1.00      0.00  multipathd
15:10:08        0       591    0.00    0.00    0.00    0.00    0.00     1      0.00      0.00   83064    4556   0.06      1.00      0.00  irqbalance
15:10:08        0      2880    0.00    0.00    0.00    0.00    0.00     1      0.00      0.00       0       0   0.00      4.00      0.00  kworker/1:0-events
15:10:08        0      3514    0.00    0.00    0.00    0.00    0.00     3      0.00      0.00       0       0   0.00      3.00      0.00  kworker/3:2-events
15:10:08        0      3837    0.00    0.00    0.00    0.00    0.00     2      0.00      0.00       0       0   0.00      2.00      0.00  kworker/2:1-events
15:10:08     1000      4682    0.00    0.00    0.00    0.00    0.00     1      0.00      0.00   31444   21396   0.27      7.00      0.00  python3
15:10:08     1000      4690    0.00    0.00    0.00    0.00    0.00     1      0.00      0.00    9900    3356   0.04      1.00      0.00  vmstat
15:10:08     1000      4691    0.00    0.00    0.00    0.00    0.00     1      4.00      0.00    7712    3696   0.05      1.00      1.00  pidstat
15:10:08     1000      4729   93.00    6.00    0.00    0.00   99.00     0    665.00      0.00   59364   51964   0.66      0.00      8.00  /home/ubuntu/pa
15:10:08     1000      4730   15.00   10.00    0.00    0.00   25.00     2    162.00      0.00 1818556   73404   0.93      0.00      0.00  hey
15:10:08        0      4812    0.00    0.00    0.00    0.00    0.00     3      0.00      0.00       0       0   0.00      3.00      0.00  kworker/u16:0-flush-259:0

# Time        UID       PID    %usr %system  %guest   %wait    %CPU   CPU  minflt/s  majflt/s     VSZ     RSS   %MEM   cswch/s nvcswch/s  Command
15:10:09        0        49    0.00    0.00    0.00    0.00    0.00     1      0.00      0.00       0       0   0.00      5.00      0.00  kworker/u16:2-events_power_efficient
15:10:09        0        53    0.00    0.00    0.00    0.00    0.00     3      0.00      0.00       0       0   0.00      2.00      0.00  kcompactd0
15:10:09        0       121    0.00    0.00    0.00    0.00    0.00     0      0.00      0.00       0       0   0.00      4.00      0.00  kworker/0:2-events
15:10:09        0       240    0.00    0.00    0.00    0.00    0.00     1      0.00      0.00  288968   27144   0.34      1.00      0.00  multipathd
15:10:09        0      2880    0.00    0.00    0.00    0.00    0.00     1      0.00      0.00       0       0   0.00      6.00      0.00  kworker/1:0-events
15:10:09        0      3514    0.00    0.00    0.00    0.00    0.00     3      0.00      0.00       0       0   0.00      2.00      0.00  kworker/3:2-events
15:10:09        0      3837    0.00    0.00    0.00    0.00    0.00     2      0.00      0.00       0       0   0.00      3.00      0.00  kworker/2:1-events
15:10:09     1000      4682    0.00    0.00    0.00    0.00    0.00     1      0.00      0.00   31444   21396   0.27     20.00      0.00  python3
15:10:09     1000      4690    0.00    0.00    0.00    0.00    0.00     1      0.00      0.00    9900    3356   0.04      1.00      0.00  vmstat
15:10:09     1000      4691    0.00    0.00    0.00    0.00    0.00     1      0.00      0.00    7712    3696   0.05      1.00      1.00  pidstat
15:10:09     1000      4729   95.00    6.00    0.00    0.00  101.00     0      0.00      0.00   59364   51964   0.66      0.00      4.00  /home/ubuntu/pa
15:10:09     1000      4730   16.00    9.00    0.00    0.00   25.00     2    156.00      0.00 1818556   73916   0.93      0.00      0.00  hey
15:10:09        0      4812    0.00    0.00    0.00    0.00    0.00     3      0.00      0.00       0       0   0.00      1.00      0.00  kworker/u16:0-flush-259:0

# Time        UID       PID    %usr %system  %guest   %wait    %CPU   CPU  minflt/s  majflt/s     VSZ     RSS   %MEM   cswch/s nvcswch/s  Command
15:10:10        0        46    0.00    0.00    0.00    0.00    0.00     1      0.00      0.00       0       0   0.00      1.00      0.00  khungtaskd
15:10:10        0        49    0.00    0.00    0.00    0.00    0.00     1      0.00      0.00       0       0   0.00      3.00      0.00  kworker/u16:2-events_power_efficient
15:10:10        0        53    0.00    0.00    0.00    0.00    0.00     1      0.00      0.00       0       0   0.00      2.00      0.00  kcompactd0
15:10:10        0       121    0.00    0.00    0.00    0.00    0.00     0      0.00      0.00       0       0   0.00      7.00      0.00  kworker/0:2-events
15:10:10        0       240    0.00    0.00    0.00    0.00    0.00     1      0.00      0.00  288968   27144   0.34      1.00      0.00  multipathd
15:10:10        0      2880    0.00    0.00    0.00    0.00    0.00     1      0.00      0.00       0       0   0.00      3.00      0.00  kworker/1:0-events
15:10:10        0      3475    0.00    0.00    0.00    0.00    0.00     2      0.00      0.00       0       0   0.00      4.00      0.00  kworker/u16:3-events_power_efficient
15:10:10        0      3514    0.00    0.00    0.00    0.00    0.00     3      0.00      0.00       0       0   0.00      2.00      0.00  kworker/3:2-events
15:10:10        0      3837    0.00    0.00    0.00    0.00    0.00     2      0.00      0.00       0       0   0.00      4.00      0.00  kworker/2:1-events
15:10:10     1000      4682    0.00    0.00    0.00    0.00    0.00     1      0.00      0.00   31444   21396   0.27     20.00      0.00  python3
15:10:10     1000      4690    0.00    0.00    0.00    0.00    0.00     1      0.00      0.00    9900    3356   0.04      1.00      0.00  vmstat
15:10:10     1000      4691    0.00    1.00    0.00    0.00    1.00     1      0.00      0.00    7712    3696   0.05      1.00      1.00  pidstat
15:10:10     1000      4729   93.00    7.00    0.00    0.00  100.00     0      6.00      0.00   59364   51964   0.66      0.00      7.00  /home/ubuntu/pa
15:10:10     1000      4730   16.00   10.00    0.00    0.00   26.00     2    324.00      0.00 1818556   75196   0.95      0.00      0.00  hey
15:10:10        0      4812    0.00    0.00    0.00    0.00    0.00     3      0.00      0.00       0       0   0.00      1.00      0.00  kworker/u16:0-events_power_efficient

# Time        UID       PID    %usr %system  %guest   %wait    %CPU   CPU  minflt/s  majflt/s     VSZ     RSS   %MEM   cswch/s nvcswch/s  Command
15:10:11        0        19    0.00    0.00    0.00    0.00    0.00     0      0.00      0.00       0       0   0.00      1.00      0.00  migration/0
15:10:11        0        25    0.00    0.00    0.00    0.00    0.00     1      0.00      0.00       0       0   0.00      1.00      0.00  migration/1
15:10:11        0        31    0.00    0.00    0.00    0.00    0.00     2      0.00      0.00       0       0   0.00      1.00      0.00  migration/2
15:10:11        0        37    0.00    0.00    0.00    0.00    0.00     3      0.00      0.00       0       0   0.00      1.00      0.00  migration/3
15:10:11        0        53    0.00    0.00    0.00    0.00    0.00     1      0.00      0.00       0       0   0.00      2.00      0.00  kcompactd0
15:10:11        0       121    0.00    0.00    0.00    0.00    0.00     0      0.00      0.00       0       0   0.00      5.00      0.00  kworker/0:2-events
15:10:11        0       240    0.00    0.00    0.00    0.00    0.00     1      0.00      0.00  288968   27144   0.34      1.00      0.00  multipathd
15:10:11        0      2880    0.00    0.00    0.00    0.00    0.00     1      0.00      0.00       0       0   0.00      1.00      0.00  kworker/1:0-mm_percpu_wq
15:10:11        0      3475    0.00    0.00    0.00    0.00    0.00     3      0.00      0.00       0       0   0.00      6.00      0.00  kworker/u16:3-events_power_efficient
15:10:11        0      3514    0.00    0.00    0.00    0.00    0.00     3      0.00      0.00       0       0   0.00      3.00      0.00  kworker/3:2-events
15:10:11        0      3837    0.00    0.00    0.00    0.00    0.00     2      0.00      0.00       0       0   0.00      4.00      0.00  kworker/2:1-events
15:10:11     1000      4682    0.00    0.00    0.00    0.00    0.00     1      0.00      0.00   31444   21396   0.27     20.00      0.00  python3
15:10:11     1000      4690    0.00    0.00    0.00    0.00    0.00     1      0.00      0.00    9900    3356   0.04      1.00      0.00  vmstat
15:10:11     1000      4691    0.00    1.00    0.00    0.00    1.00     1      0.00      0.00    7712    3696   0.05      1.00      1.00  pidstat
15:10:11     1000      4729   94.00    6.00    0.00    0.00  100.00     0      0.00      0.00   59364   51964   0.66      0.00      6.00  /home/ubuntu/pa
15:10:11     1000      4730   16.00   10.00    0.00    0.00   26.00     2    142.00      0.00 1818556   75836   0.96      0.00      0.00  hey

# Time        UID       PID    %usr %system  %guest   %wait    %CPU   CPU  minflt/s  majflt/s     VSZ     RSS   %MEM   cswch/s nvcswch/s  Command
15:10:12        0        16    0.00    0.00    0.00    0.00    0.00     1      0.00      0.00       0       0   0.00      2.00      0.00  rcu_sched
15:10:12        0        49    0.00    0.00    0.00    0.00    0.00     1      0.00      0.00       0       0   0.00      4.00      0.00  kworker/u16:2-events_power_efficient
15:10:12        0        53    0.00    0.00    0.00    0.00    0.00     1      0.00      0.00       0       0   0.00      2.00      0.00  kcompactd0
15:10:12        0       121    0.00    0.00    0.00    0.00    0.00     0      0.00      0.00       0       0   0.00      6.00      0.00  kworker/0:2-events
15:10:12        0       240    0.00    0.00    0.00    0.00    0.00     1      0.00      0.00  288968   27144   0.34      1.00      0.00  multipathd
15:10:12        0      2880    0.00    0.00    0.00    0.00    0.00     1      0.00      0.00       0       0   0.00      5.00      0.00  kworker/1:0-events
15:10:12        0      3475    0.00    0.00    0.00    0.00    0.00     1      0.00      0.00       0       0   0.00      4.00      0.00  kworker/u16:3-flush-259:0
15:10:12        0      3514    0.00    0.00    0.00    0.00    0.00     3      0.00      0.00       0       0   0.00      2.00      0.00  kworker/3:2-events
15:10:12        0      3837    0.00    0.00    0.00    0.00    0.00     2      0.00      0.00       0       0   0.00      1.00      0.00  kworker/2:1-mm_percpu_wq
15:10:12     1000      4682    0.00    0.00    0.00    0.00    0.00     1      0.00      0.00   31444   21396   0.27     20.00      0.00  python3
15:10:12     1000      4690    0.00    0.00    0.00    0.00    0.00     1      0.00      0.00    9900    3356   0.04      1.00      0.00  vmstat
15:10:12     1000      4691    1.00    0.00    0.00    0.00    1.00     1      0.00      0.00    7712    3696   0.05      1.00      1.00  pidstat
15:10:12     1000      4729   94.00    6.00    0.00    0.00  100.00     0      0.00      0.00   59364   51964   0.66      0.00      6.00  /home/ubuntu/pa
15:10:12     1000      4730   15.00   11.00    0.00    0.00   26.00     2    120.00      0.00 1818556   76220   0.96      0.00      0.00  hey

# Time        UID       PID    %usr %system  %guest   %wait    %CPU   CPU  minflt/s  majflt/s     VSZ     RSS   %MEM   cswch/s nvcswch/s  Command
15:10:13        0        49    0.00    0.00    0.00    0.00    0.00     1      0.00      0.00       0       0   0.00     12.00      0.00  kworker/u16:2-events_power_efficient
15:10:13        0        53    0.00    0.00    0.00    0.00    0.00     1      0.00      0.00       0       0   0.00      2.00      0.00  kcompactd0
15:10:13        0       121    0.00    0.00    0.00    0.00    0.00     0      0.00      0.00       0       0   0.00      1.00      0.00  kworker/0:2-mm_percpu_wq
15:10:13        0       240    0.00    0.00    0.00    0.00    0.00     1      0.00      0.00  288968   27144   0.34      1.00      0.00  multipathd
15:10:13        0       248    0.00    0.00    0.00    0.00    0.00     0      0.00      0.00       0       0   0.00      1.00      0.00  kworker/0:1H-kblockd
15:10:13        0      2880    0.00    0.00    0.00    0.00    0.00     1      0.00      0.00       0       0   0.00      4.00      0.00  kworker/1:0-events
15:10:13        0      3475    0.00    0.00    0.00    0.00    0.00     3      0.00      0.00       0       0   0.00      2.00      0.00  kworker/u16:3-flush-259:0
15:10:13        0      3514    0.00    0.00    0.00    0.00    0.00     3      0.00      0.00       0       0   0.00      3.00      0.00  kworker/3:2-events
15:10:13        0      3837    0.00    0.00    0.00    0.00    0.00     2      0.00      0.00       0       0   0.00      1.00      0.00  kworker/2:1-mm_percpu_wq
15:10:13     1000      4682    0.00    0.00    0.00    0.00    0.00     1      0.00      0.00   31444   21396   0.27     20.00      0.00  python3
15:10:13     1000      4690    0.00    0.00    0.00    0.00    0.00     1      0.00      0.00    9900    3356   0.04      1.00      0.00  vmstat
15:10:13     1000      4691    0.00    0.00    0.00    0.00    0.00     1      0.00      0.00    7712    3696   0.05      1.00      1.00  pidstat
15:10:13     1000      4729   94.00    6.00    0.00    0.00  100.00     0      0.00      0.00   59364   51964   0.66      0.00      2.00  /home/ubuntu/pa
15:10:13     1000      4730   16.00   10.00    0.00    0.00   26.00     2    120.00      0.00 1818556   76732   0.97      0.00      0.00  hey

# Time        UID       PID    %usr %system  %guest   %wait    %CPU   CPU  minflt/s  majflt/s     VSZ     RSS   %MEM   cswch/s nvcswch/s  Command
15:10:14        0        49    0.00    0.00    0.00    0.00    0.00     1      0.00      0.00       0       0   0.00      6.00      0.00  kworker/u16:2-events_power_efficient
15:10:14        0        53    0.00    0.00    0.00    0.00    0.00     1      0.00      0.00       0       0   0.00      2.00      0.00  kcompactd0
15:10:14        0       121    0.00    0.00    0.00    0.00    0.00     0      0.00      0.00       0       0   0.00      6.00      0.00  kworker/0:2-events
15:10:14        0       240    0.00    0.00    0.00    0.00    0.00     1      0.00      0.00  288968   27144   0.34      1.00      0.00  multipathd
15:10:14        0      2880    0.00    0.00    0.00    0.00    0.00     1      0.00      0.00       0       0   0.00      7.00      0.00  kworker/1:0-events
15:10:14        0      3514    0.00    0.00    0.00    0.00    0.00     3      0.00      0.00       0       0   0.00      2.00      0.00  kworker/3:2-events
15:10:14        0      3837    0.00    0.00    0.00    0.00    0.00     2      0.00      0.00       0       0   0.00      1.00      0.00  kworker/2:1-mm_percpu_wq
15:10:14     1000      4682    0.00    0.00    0.00    0.00    0.00     1      0.00      0.00   31444   21396   0.27     20.00      0.00  python3
15:10:14     1000      4690    0.00    0.00    0.00    0.00    0.00     1      0.00      0.00    9900    3356   0.04      1.00      0.00  vmstat
15:10:14     1000      4691    0.00    1.00    0.00    0.00    1.00     1      0.00      0.00    7712    3696   0.05      1.00      1.00  pidstat
15:10:14     1000      4729   94.00    6.00    0.00    0.00  100.00     0      0.00      0.00   59364   51964   0.66      0.00      6.00  /home/ubuntu/pa
15:10:14     1000      4730   15.00   10.00    0.00    0.00   25.00     2    275.00      0.00 1818556   77628   0.98      0.00      0.00  hey

# Time        UID       PID    %usr %system  %guest   %wait    %CPU   CPU  minflt/s  majflt/s     VSZ     RSS   %MEM   cswch/s nvcswch/s  Command
15:10:15        0        16    0.00    0.00    0.00    0.00    0.00     3      0.00      0.00       0       0   0.00     52.00      0.00  rcu_sched
15:10:15        0        19    0.00    0.00    0.00    0.00    0.00     0      0.00      0.00       0       0   0.00      1.00      0.00  migration/0
15:10:15        0        25    0.00    0.00    0.00    0.00    0.00     1      0.00      0.00       0       0   0.00      2.00      0.00  migration/1
15:10:15        0        31    0.00    0.00    0.00    0.00    0.00     2      0.00      0.00       0       0   0.00      1.00      0.00  migration/2
15:10:15        0        32    0.00    0.00    0.00    0.00    0.00     2      0.00      0.00       0       0   0.00      1.00      0.00  ksoftirqd/2
15:10:15        0        37    0.00    0.00    0.00    0.00    0.00     3      0.00      0.00       0       0   0.00      1.00      0.00  migration/3
15:10:15        0        49    0.00    0.00    0.00    0.00    0.00     1      0.00      0.00       0       0   0.00      8.00      0.00  kworker/u16:2-events_power_efficient
15:10:15        0        53    0.00    0.00    0.00    0.00    0.00     1      0.00      0.00       0       0   0.00      2.00      0.00  kcompactd0
15:10:15        0       121    0.00    0.00    0.00    0.00    0.00     0      0.00      0.00       0       0   0.00      2.00      0.00  kworker/0:2-events
15:10:15        0       240    0.00    0.00    0.00    0.00    0.00     1      0.00      0.00  288968   27144   0.34      2.00      0.00  multipathd
15:10:15      110       672    0.00    0.00    0.00    0.00    0.00     3      0.00      0.00   19416    3744   0.05      2.00      0.00  chronyd
15:10:15        0      2880    0.00    0.00    0.00    0.00    0.00     1      0.00      0.00       0       0   0.00      5.00      0.00  kworker/1:0-events
15:10:15        0      3514    0.00    0.00    0.00    0.00    0.00     3      0.00      0.00       0       0   0.00      2.00      0.00  kworker/3:2-events
15:10:15        0      3837    0.00    0.00    0.00    0.00    0.00     2      0.00      0.00       0       0   0.00      4.00      0.00  kworker/2:1-events
15:10:15     1000      4682    1.00    1.00    0.00    0.00    2.00     1      0.00      0.00   31444   21396   0.27     15.00      0.00  python3
15:10:15     1000      4690    0.00    0.00    0.00    0.00    0.00     1      0.00      0.00    9900    3356   0.04      1.00      0.00  vmstat
15:10:15     1000      4691    0.00    0.00    0.00    0.00    0.00     1      0.00      0.00    7712    3696   0.05      1.00      1.00  pidstat
15:10:15     1000      4813    0.00    0.00    0.00    0.00    0.00     0    144.00      0.00    2704    1528   0.02      1.00      1.00  time
15:10:15     1000      4814   10.00    1.00    0.00    0.00   11.00     0   6880.00      0.00   43984   34380   0.43      0.00      0.00  /home/ubuntu/pa

# Time        UID       PID    %usr %system  %guest   %wait    %CPU   CPU  minflt/s  majflt/s     VSZ     RSS   %MEM   cswch/s nvcswch/s  Command
15:10:16        0        16    0.00    0.00    0.00    0.00    0.00     1      0.00      0.00       0       0   0.00     17.00      0.00  rcu_sched
15:10:16        0        25    0.00    0.00    0.00    0.00    0.00     1      0.00      0.00       0       0   0.00      1.00      0.00  migration/1
15:10:16        0        49    0.00    0.00    0.00    0.00    0.00     1      0.00      0.00       0       0   0.00      5.00      0.00  kworker/u16:2-events_power_efficient
15:10:16        0        53    0.00    0.00    0.00    0.00    0.00     1      0.00      0.00       0       0   0.00      2.00      0.00  kcompactd0
15:10:16        0       121    0.00    0.00    0.00    0.00    0.00     0      0.00      0.00       0       0   0.00      7.00      0.00  kworker/0:2-events
15:10:16        0       240    0.00    0.00    0.00    0.00    0.00     1      0.00      0.00  288968   27144   0.34      1.00      0.00  multipathd
15:10:16        0      2880    0.00    0.00    0.00    0.00    0.00     1      0.00      0.00       0       0   0.00      6.00      0.00  kworker/1:0-events
15:10:16        0      3514    0.00    0.00    0.00    0.00    0.00     3      0.00      0.00       0       0   0.00      1.00      0.00  kworker/3:2-mm_percpu_wq
15:10:16        0      3837    0.00    0.00    0.00    0.00    0.00     2      0.00      0.00       0       0   0.00      1.00      0.00  kworker/2:1-mm_percpu_wq
15:10:16     1000      4682    0.00    0.00    0.00    0.00    0.00     1      0.00      0.00   31444   21396   0.27      5.00      0.00  python3
15:10:16     1000      4690    0.00    0.00    0.00    0.00    0.00     1      0.00      0.00    9900    3356   0.04      1.00      0.00  vmstat
15:10:16     1000      4691    0.00    1.00    0.00    0.00    1.00     1      0.00      0.00    7712    3696   0.05      1.00      1.00  pidstat
15:10:16     1000      4814   87.00    7.00    0.00    0.00   94.00     0   1472.00      0.00   49856   42636   0.54      6.00      6.00  /home/ubuntu/pa
15:10:16     1000      4815   12.00   10.00    0.00    0.00   22.00     2  13338.00      0.00 1817212   52740   0.67      2.00      4.00  hey

# Time        UID       PID    %usr %system  %guest   %wait    %CPU   CPU  minflt/s  majflt/s     VSZ     RSS   %MEM   cswch/s nvcswch/s  Command
15:10:17        0        16    0.00    0.00    0.00    0.00    0.00     1      0.00      0.00       0       0   0.00      2.00      0.00  rcu_sched
15:10:17        0        49    0.00    0.00    0.00    0.00    0.00     1      0.00      0.00       0       0   0.00      5.00      0.00  kworker/u16:2-flush-259:0
15:10:17        0        53    0.00    0.00    0.00    0.00    0.00     1      0.00      0.00       0       0   0.00      2.00      0.00  kcompactd0
15:10:17        0       121    0.00    0.00    0.00    0.00    0.00     0      0.00      0.00       0       0   0.00      1.00      0.00  kworker/0:2-events
15:10:17        0       240    0.00    0.00    0.00    0.00    0.00     1      0.00      0.00  288968   27144   0.34      1.00      0.00  multipathd
15:10:17        0      2880    0.00    0.00    0.00    0.00    0.00     1      0.00      0.00       0       0   0.00      5.00      0.00  kworker/1:0-events
15:10:17        0      3475    0.00    0.00    0.00    0.00    0.00     3      0.00      0.00       0       0   0.00      1.00      0.00  kworker/u16:3-flush-259:0
15:10:17        0      3514    0.00    0.00    0.00    0.00    0.00     3      0.00      0.00       0       0   0.00      4.00      0.00  kworker/3:2-events
15:10:17        0      3837    0.00    0.00    0.00    0.00    0.00     2      0.00      0.00       0       0   0.00      1.00      0.00  kworker/2:1-mm_percpu_wq
15:10:17     1000      4690    0.00    0.00    0.00    0.00    0.00     1      0.00      0.00    9900    3356   0.04      1.00      0.00  vmstat
15:10:17     1000      4691    0.00    0.00    0.00    0.00    0.00     1      0.00      0.00    7712    3696   0.05      1.00      1.00  pidstat
15:10:17        0      4812    0.00    0.00    0.00    0.00    0.00     3      0.00      0.00       0       0   0.00      3.00      0.00  kworker/u16:0-events_power_efficient
15:10:17     1000      4814   93.00    6.00    0.00    0.00   99.00     0      0.00      0.00   49856   42636   0.54      0.00      1.00  /home/ubuntu/pa
15:10:17     1000      4815   14.00   10.00    0.00    0.00   24.00     2   4218.00      0.00 1817980   67460   0.85      0.00      0.00  hey

# Time        UID       PID    %usr %system  %guest   %wait    %CPU   CPU  minflt/s  majflt/s     VSZ     RSS   %MEM   cswch/s nvcswch/s  Command
15:10:18        0        16    0.00    0.00    0.00    0.00    0.00     1      0.00      0.00       0       0   0.00    105.00      0.00  rcu_sched
15:10:18        0        25    0.00    0.00    0.00    0.00    0.00     1      0.00      0.00       0       0   0.00      1.00      0.00  migration/1
15:10:18        0        26    0.00    0.00    0.00    0.00    0.00     1      0.00      0.00       0       0   0.00      1.00      0.00  ksoftirqd/1
15:10:18        0        32    0.00    0.00    0.00    0.00    0.00     2      0.00      0.00       0       0   0.00      6.00      0.00  ksoftirqd/2
15:10:18        0        37    0.00    0.00    0.00    0.00    0.00     3      0.00      0.00       0       0   0.00      1.00      0.00  migration/3
15:10:18        0        38    0.00    0.00    0.00    0.00    0.00     3      0.00      0.00       0       0   0.00      2.00      0.00  ksoftirqd/3
15:10:18        0        53    0.00    0.00    0.00    0.00    0.00     3      0.00      0.00       0       0   0.00      2.00      0.00  kcompactd0
15:10:18        0       121    0.00    0.00    0.00    0.00    0.00     0      0.00      0.00       0       0   0.00      6.00      0.00  kworker/0:2-events
15:10:18        0       240    0.00    0.00    0.00    0.00    0.00     1      0.00      0.00  288968   27144   0.34      1.00      0.00  multipathd
15:10:18        0       591    0.00    0.00    0.00    0.00    0.00     1      0.00      0.00   83064    4556   0.06      1.00      0.00  irqbalance
15:10:18        0      2880    0.00    0.00    0.00    0.00    0.00     1      0.00      0.00       0       0   0.00      3.00      0.00  kworker/1:0-events
15:10:18        0      3475    0.00    0.00    0.00    0.00    0.00     1      0.00      0.00       0       0   0.00      7.00      0.00  kworker/u16:3-events_power_efficient
15:10:18        0      3514    0.00    0.00    0.00    0.00    0.00     3      0.00      0.00       0       0   0.00      6.00      0.00  kworker/3:2-events
15:10:18        0      3837    0.00    0.00    0.00    0.00    0.00     2      0.00      0.00       0       0   0.00      1.00      0.00  kworker/2:1-mm_percpu_wq
15:10:18     1000      4682    0.00    0.00    0.00    0.00    0.00     1      0.00      0.00   31444   21396   0.27     20.00      0.00  python3
15:10:18     1000      4690    0.00    0.00    0.00    0.00    0.00     1      0.00      0.00    9900    3356   0.04      1.00      0.00  vmstat
15:10:18     1000      4691    0.00    1.00    0.00    0.00    1.00     1      0.00      0.00    7712    3696   0.05      1.00      2.00  pidstat
15:10:18        0      4812    0.00    0.00    0.00    0.00    0.00     3      0.00      0.00       0       0   0.00      2.00      0.00  kworker/u16:0-flush-259:0
15:10:18     1000      4814   93.00    7.00    0.00    0.00  100.00     0   2450.00      0.00   59640   52492   0.66      0.00      6.00  /home/ubuntu/pa
15:10:18     1000      4815   12.00    7.00    0.00    0.00   19.00     2   1373.00      0.00 1818300   72508   0.92      0.00      0.00  hey

# Time        UID       PID    %usr %system  %guest   %wait    %CPU   CPU  minflt/s  majflt/s     VSZ     RSS   %MEM   cswch/s nvcswch/s  Command
15:10:19        0        19    0.00    0.00    0.00    0.00    0.00     0      0.00      0.00       0       0   0.00      1.00      0.00  migration/0
15:10:19        0        25    0.00    0.00    0.00    0.00    0.00     1      0.00      0.00       0       0   0.00      1.00      0.00  migration/1
15:10:19        0        31    0.00    0.00    0.00    0.00    0.00     2      0.00      0.00       0       0   0.00      1.00      0.00  migration/2
15:10:19        0        37    0.00    0.00    0.00    0.00    0.00     3      0.00      0.00       0       0   0.00      1.00      0.00  migration/3
15:10:19        0        53    0.00    0.00    0.00    0.00    0.00     3      0.00      0.00       0       0   0.00      2.00      0.00  kcompactd0
15:10:19        0       121    0.00    0.00    0.00    0.00    0.00     0      0.00      0.00       0       0   0.00      1.00      0.00  kworker/0:2-events
15:10:19        0       240    0.00    0.00    0.00    0.00    0.00     1      0.00      0.00  288968   27144   0.34      1.00      0.00  multipathd
15:10:19        0      2880    0.00    0.00    0.00    0.00    0.00     1      0.00      0.00       0       0   0.00      6.00      0.00  kworker/1:0-events
15:10:19        0      3475    0.00    0.00    0.00    0.00    0.00     1      0.00      0.00       0       0   0.00      6.00      0.00  kworker/u16:3-events_unbound
15:10:19        0      3514    0.00    0.00    0.00    0.00    0.00     3      0.00      0.00       0       0   0.00      1.00      0.00  kworker/3:2-mm_percpu_wq
15:10:19        0      3837    0.00    0.00    0.00    0.00    0.00     2      0.00      0.00       0       0   0.00      1.00      0.00  kworker/2:1-mm_percpu_wq
15:10:19     1000      4682    0.00    0.00    0.00    0.00    0.00     1      0.00      0.00   31444   21396   0.27     19.00      0.00  python3
15:10:19     1000      4690    0.00    0.00    0.00    0.00    0.00     1      0.00      0.00    9900    3356   0.04      1.00      0.00  vmstat
15:10:19     1000      4691    1.00    0.00    0.00    0.00    1.00     1      0.00      0.00    7712    3696   0.05      1.00      1.00  pidstat
15:10:19     1000      4814   94.00    7.00    0.00    0.00  101.00     0      0.00      0.00   59640   52492   0.66      0.00      2.00  /home/ubuntu/pa
15:10:19     1000      4815   13.00    9.00    0.00    0.00   22.00     2    171.00      0.00 1818428   73020   0.92      0.00      0.00  hey

# Time        UID       PID    %usr %system  %guest   %wait    %CPU   CPU  minflt/s  majflt/s     VSZ     RSS   %MEM   cswch/s nvcswch/s  Command
15:10:20        0        16    0.00    0.00    0.00    0.00    0.00     1      0.00      0.00       0       0   0.00      2.00      0.00  rcu_sched
15:10:20        0        53    0.00    0.00    0.00    0.00    0.00     3      0.00      0.00       0       0   0.00      2.00      0.00  kcompactd0
15:10:20        0       121    0.00    0.00    0.00    0.00    0.00     0      0.00      0.00       0       0   0.00      7.00      0.00  kworker/0:2-events
15:10:20        0       240    0.00    0.00    0.00    0.00    0.00     1      0.00      0.00  288968   27144   0.34      1.00      0.00  multipathd
15:10:20        0      2880    0.00    0.00    0.00    0.00    0.00     1      0.00      0.00       0       0   0.00      6.00      0.00  kworker/1:0-events
15:10:20        0      3475    0.00    0.00    0.00    0.00    0.00     1      0.00      0.00       0       0   0.00      5.00      0.00  kworker/u16:3-events_power_efficient
15:10:20        0      3514    0.00    0.00    0.00    0.00    0.00     3      0.00      0.00       0       0   0.00      1.00      0.00  kworker/3:2-mm_percpu_wq
15:10:20        0      3837    0.00    0.00    0.00    0.00    0.00     2      0.00      0.00       0       0   0.00      1.00      0.00  kworker/2:1-mm_percpu_wq
15:10:20     1000      4682    0.00    0.00    0.00    0.00    0.00     1      0.00      0.00   31444   21396   0.27     20.00      0.00  python3
15:10:20     1000      4690    0.00    0.00    0.00    0.00    0.00     1      0.00      0.00    9900    3356   0.04      1.00      0.00  vmstat
15:10:20     1000      4691    0.00    0.00    0.00    0.00    0.00     1      0.00      0.00    7712    3696   0.05      1.00      1.00  pidstat
15:10:20        0      4812    0.00    0.00    0.00    0.00    0.00     3      0.00      0.00       0       0   0.00      1.00      0.00  kworker/u16:0-events_power_efficient
15:10:20     1000      4814   92.00    8.00    0.00    0.00  100.00     0      0.00      0.00   59640   52492   0.66      0.00      7.00  /home/ubuntu/pa
15:10:20     1000      4815   13.00   10.00    0.00    0.00   23.00     2    161.00      0.00 1818492   73788   0.93      0.00      0.00  hey

# Time        UID       PID    %usr %system  %guest   %wait    %CPU   CPU  minflt/s  majflt/s     VSZ     RSS   %MEM   cswch/s nvcswch/s  Command
15:10:21        0        53    0.00    0.00    0.00    0.00    0.00     3      0.00      0.00       0       0   0.00      2.00      0.00  kcompactd0
15:10:21        0       121    0.00    0.00    0.00    0.00    0.00     0      0.00      0.00       0       0   0.00      1.00      0.00  kworker/0:2-events
15:10:21        0       240    0.00    0.00    0.00    0.00    0.00     1      0.00      0.00  288968   27144   0.34      1.00      0.00  multipathd
15:10:21        0      2880    0.00    0.00    0.00    0.00    0.00     1      0.00      0.00       0       0   0.00      3.00      0.00  kworker/1:0-events
15:10:21        0      3514    0.00    0.00    0.00    0.00    0.00     3      0.00      0.00       0       0   0.00      4.00      0.00  kworker/3:2-events
15:10:21        0      3837    0.00    0.00    0.00    0.00    0.00     2      0.00      0.00       0       0   0.00      1.00      0.00  kworker/2:1-mm_percpu_wq
15:10:21     1000      4666    0.00    0.00    0.00    0.00    0.00     2      0.00      0.00   15008    7192   0.09      1.00      0.00  sshd
15:10:21     1000      4682    0.00    0.00    0.00    0.00    0.00     1      0.00      0.00   31444   21396   0.27     20.00      0.00  python3
15:10:21     1000      4690    0.00    0.00    0.00    0.00    0.00     1      0.00      0.00    9900    3356   0.04      1.00      0.00  vmstat
15:10:21     1000      4691    0.00    1.00    0.00    0.00    1.00     1      0.00      0.00    7712    3696   0.05      1.00      1.00  pidstat
15:10:21        0      4812    0.00    0.00    0.00    0.00    0.00     1      0.00      0.00       0       0   0.00      6.00      0.00  kworker/u16:0-events_power_efficient
15:10:21     1000      4814   94.00    5.00    0.00    0.00   99.00     0      0.00      0.00   59640   52492   0.66      0.00      1.00  /home/ubuntu/pa
15:10:21     1000      4815   13.00    9.00    0.00    0.00   22.00     2    191.00      0.00 1818556   74428   0.94      0.00      0.00  hey

# Time        UID       PID    %usr %system  %guest   %wait    %CPU   CPU  minflt/s  majflt/s     VSZ     RSS   %MEM   cswch/s nvcswch/s  Command
15:10:22        0        32    0.00    0.00    0.00    0.00    0.00     2      0.00      0.00       0       0   0.00      1.00      0.00  ksoftirqd/2
15:10:22        0        53    0.00    0.00    0.00    0.00    0.00     1      0.00      0.00       0       0   0.00      2.00      0.00  kcompactd0
15:10:22        0       121    0.00    0.00    0.00    0.00    0.00     0      0.00      0.00       0       0   0.00      6.00      0.00  kworker/0:2-events
15:10:22        0       240    0.00    0.00    0.00    0.00    0.00     1      0.00      0.00  288968   27144   0.34      1.00      0.00  multipathd
15:10:22        0      2880    0.00    0.00    0.00    0.00    0.00     1      0.00      0.00       0       0   0.00      6.00      0.00  kworker/1:0-events
15:10:22        0      3475    0.00    0.00    0.00    0.00    0.00     1      0.00      0.00       0       0   0.00      3.00      0.00  kworker/u16:3-events_power_efficient
15:10:22        0      3514    0.00    0.00    0.00    0.00    0.00     3      0.00      0.00       0       0   0.00      2.00      0.00  kworker/3:2-events
15:10:22        0      3837    0.00    0.00    0.00    0.00    0.00     2      0.00      0.00       0       0   0.00      1.00      0.00  kworker/2:1-mm_percpu_wq
15:10:22     1000      4682    0.00    0.00    0.00    0.00    0.00     1      0.00      0.00   31444   21396   0.27     20.00      0.00  python3
15:10:22     1000      4690    0.00    0.00    0.00    0.00    0.00     1      0.00      0.00    9900    3356   0.04      1.00      0.00  vmstat
15:10:22     1000      4691    0.00    0.00    0.00    0.00    0.00     1      0.00      0.00    7712    3696   0.05      1.00      1.00  pidstat
15:10:22        0      4812    0.00    0.00    0.00    0.00    0.00     1      0.00      0.00       0       0   0.00      4.00      0.00  kworker/u16:0-flush-259:0
15:10:22     1000      4814   95.00    6.00    0.00    0.00  101.00     0      0.00      0.00   59640   52492   0.66      0.00      6.00  /home/ubuntu/pa
15:10:22     1000      4815   15.00    8.00    0.00    0.00   23.00     2    143.00      0.00 1818556   74940   0.95      0.00      0.00  hey

# Time        UID       PID    %usr %system  %guest   %wait    %CPU   CPU  minflt/s  majflt/s     VSZ     RSS   %MEM   cswch/s nvcswch/s  Command
15:10:23        0         1    0.00    1.00    0.00    0.00    1.00     3    268.00      0.00   22184   13224   0.17      3.00      2.00  systemd
15:10:23        0        16    0.00    0.00    0.00    0.00    0.00     1      0.00      0.00       0       0   0.00     14.00      0.00  rcu_sched
15:10:23        0        18    0.00    0.00    0.00    0.00    0.00     2      0.00      0.00       0       0   0.00      2.00      0.00  rcu_exp_gp_kthread_worker
15:10:23        0        19    0.00    0.00    0.00    0.00    0.00     0      0.00      0.00       0       0   0.00      1.00      0.00  migration/0
15:10:23        0        25    0.00    0.00    0.00    0.00    0.00     1      0.00      0.00       0       0   0.00      1.00      0.00  migration/1
15:10:23        0        26    0.00    0.00    0.00    0.00    0.00     1      0.00      0.00       0       0   0.00      4.00      0.00  ksoftirqd/1
15:10:23        0        31    0.00    0.00    0.00    0.00    0.00     2      0.00      0.00       0       0   0.00      1.00      0.00  migration/2
15:10:23        0        37    0.00    0.00    0.00    0.00    0.00     3      0.00      0.00       0       0   0.00      1.00      0.00  migration/3
15:10:23        0        38    0.00    0.00    0.00    0.00    0.00     3      0.00      0.00       0       0   0.00      1.00      0.00  ksoftirqd/3
15:10:23        0        49    0.00    0.00    0.00    0.00    0.00     1      0.00      0.00       0       0   0.00      7.00      0.00  kworker/u16:2-events_unbound
15:10:23        0        53    0.00    0.00    0.00    0.00    0.00     1      0.00      0.00       0       0   0.00      2.00      0.00  kcompactd0
15:10:23        0       121    0.00    0.00    0.00    0.00    0.00     0      0.00      0.00       0       0   0.00      8.00      0.00  kworker/0:2-rcu_gp
15:10:23        0       178    0.00    0.00    0.00    0.00    0.00     1      2.00      0.00   66928   17524   0.22      4.00      0.00  systemd-journal
15:10:23        0       240    0.00    0.00    0.00    0.00    0.00     1      0.00      0.00  288968   27144   0.34      1.00      0.00  multipathd
15:10:23      101       585    0.00    0.00    0.00    0.00    0.00     1      0.00      0.00    9908    5468   0.07      9.00      1.00  dbus-daemon
15:10:23      989       595    0.00    0.00    0.00    0.00    0.00     2      0.00      0.00  383684    9780   0.12      4.00      0.00  polkitd
15:10:23        0       604    0.00    0.00    0.00    0.00    0.00     2      0.00      0.00   18172    8832   0.11      5.00      0.00  systemd-logind
15:10:23        0      2880    0.00    0.00    0.00    1.00    0.00     1      0.00      0.00       0       0   0.00     16.00      0.00  kworker/1:0-events
15:10:23        0      3475    0.00    0.00    0.00    0.00    0.00     1      0.00      0.00       0       0   0.00     18.00      0.00  kworker/u16:3-events_unbound
15:10:23        0      3514    0.00    0.00    0.00    0.00    0.00     3      0.00      0.00       0       0   0.00      7.00      0.00  kworker/3:2-events
15:10:23        0      3837    0.00    0.00    0.00    0.00    0.00     2      0.00      0.00       0       0   0.00      5.00      0.00  kworker/2:1-events
15:10:23        0      4605    0.00    0.00    0.00    0.00    0.00     3      0.00      0.00       0       0   0.00      1.00      0.00  kworker/3:1-cgroup_free
15:10:23     1000      4682    0.00    0.00    0.00    0.00    0.00     1      0.00      0.00   31444   21396   0.27     20.00      0.00  python3
15:10:23     1000      4690    0.00    0.00    0.00    0.00    0.00     1      0.00      0.00    9900    3356   0.04      1.00      0.00  vmstat
15:10:23     1000      4691    0.00    1.00    0.00    0.00    1.00     1      0.00      0.00    7712    3696   0.05      1.00      1.00  pidstat
15:10:23        0      4812    0.00    0.00    0.00    0.00    0.00     3      0.00      0.00       0       0   0.00      1.00      0.00  kworker/u16:0-flush-259:0
15:10:23     1000      4814   92.00    8.00    0.00    0.00  100.00     0      0.00      0.00   59640   52492   0.66      0.00      9.00  /home/ubuntu/pa
15:10:23     1000      4815   13.00   10.00    0.00    0.00   23.00     2    158.00      0.00 1818556   75580   0.95      0.00      0.00  hey

# Time        UID       PID    %usr %system  %guest   %wait    %CPU   CPU  minflt/s  majflt/s     VSZ     RSS   %MEM   cswch/s nvcswch/s  Command
15:10:24        0        16    0.00    0.00    0.00    0.00    0.00     1      0.00      0.00       0       0   0.00      2.00      0.00  rcu_sched
15:10:24        0        49    0.00    0.00    0.00    0.00    0.00     1      0.00      0.00       0       0   0.00      5.00      0.00  kworker/u16:2-events_power_efficient
15:10:24        0        53    0.00    0.00    0.00    0.00    0.00     1      0.00      0.00       0       0   0.00      2.00      0.00  kcompactd0
15:10:24        0       121    0.00    0.00    0.00    0.00    0.00     0      0.00      0.00       0       0   0.00      6.00      0.00  kworker/0:2-events
15:10:24        0       240    0.00    0.00    0.00    0.00    0.00     1      0.00      0.00  288968   27144   0.34      1.00      0.00  multipathd
15:10:24        0      2880    0.00    0.00    0.00    0.00    0.00     1      0.00      0.00       0       0   0.00      6.00      0.00  kworker/1:0-events
15:10:24        0      3514    0.00    0.00    0.00    0.00    0.00     3      0.00      0.00       0       0   0.00      1.00      0.00  kworker/3:2-mm_percpu_wq
15:10:24        0      3837    0.00    0.00    0.00    0.00    0.00     2      0.00      0.00       0       0   0.00      1.00      0.00  kworker/2:1-mm_percpu_wq
15:10:24     1000      4682    0.00    0.00    0.00    0.00    0.00     1      0.00      0.00   31444   21396   0.27     20.00      0.00  python3
15:10:24     1000      4690    0.00    0.00    0.00    0.00    0.00     1      0.00      0.00    9900    3356   0.04      1.00      0.00  vmstat
15:10:24     1000      4691    0.00    0.00    0.00    0.00    0.00     1      0.00      0.00    7712    3696   0.05      1.00      1.00  pidstat
15:10:24     1000      4814   93.00    7.00    0.00    0.00  100.00     0      0.00      0.00   59640   52492   0.66      0.00      6.00  /home/ubuntu/pa
15:10:24     1000      4815   14.00    9.00    0.00    0.00   23.00     2    120.00      0.00 1818556   76092   0.96      0.00      0.00  hey

# Time        UID       PID    %usr %system  %guest   %wait    %CPU   CPU  minflt/s  majflt/s     VSZ     RSS   %MEM   cswch/s nvcswch/s  Command
15:10:25        0        49    0.00    0.00    0.00    0.00    0.00     1      0.00      0.00       0       0   0.00      5.00      0.00  kworker/u16:2-events_power_efficient
15:10:25        0        53    0.00    0.00    0.00    0.00    0.00     1      0.00      0.00       0       0   0.00      2.00      0.00  kcompactd0
15:10:25        0       121    0.00    0.00    0.00    0.00    0.00     0      0.00      0.00       0       0   0.00      2.00      0.00  kworker/0:2-events
15:10:25        0       240    0.00    0.00    0.00    0.00    0.00     1      0.00      0.00  288968   27144   0.34      1.00      0.00  multipathd
15:10:25        0      2880    0.00    0.00    0.00    0.00    0.00     1      0.00      0.00       0       0   0.00      6.00      0.00  kworker/1:0-events
15:10:25        0      3514    0.00    0.00    0.00    0.00    0.00     3      0.00      0.00       0       0   0.00      3.00      0.00  kworker/3:2-events
15:10:25        0      3837    0.00    0.00    0.00    0.00    0.00     2      0.00      0.00       0       0   0.00      2.00      0.00  kworker/2:1-events
15:10:25     1000      4682    0.00    0.00    0.00    0.00    0.00     1      0.00      0.00   31444   21396   0.27     20.00      0.00  python3
15:10:25     1000      4691    0.00    1.00    0.00    0.00    1.00     1      0.00      0.00    7712    3696   0.05      1.00      0.00  pidstat
15:10:25     1000      4814   94.00    6.00    0.00    0.00  100.00     0      0.00      0.00   59640   52492   0.66      0.00      2.00  /home/ubuntu/pa
15:10:25     1000      4815   14.00   10.00    0.00    0.00   24.00     2    129.00      0.00 1818556   76476   0.97      0.00      0.00  hey

# Time        UID       PID    %usr %system  %guest   %wait    %CPU   CPU  minflt/s  majflt/s     VSZ     RSS   %MEM   cswch/s nvcswch/s  Command
15:10:26        0        26    0.00    0.00    0.00    0.00    0.00     1      0.00      0.00       0       0   0.00      1.00      0.00  ksoftirqd/1
15:10:26        0        49    0.00    0.00    0.00    0.00    0.00     1      0.00      0.00       0       0   0.00      8.00      0.00  kworker/u16:2-events_power_efficient
15:10:26        0        53    0.00    0.00    0.00    0.00    0.00     1      0.00      0.00       0       0   0.00      2.00      0.00  kcompactd0
15:10:26        0       121    0.00    0.00    0.00    0.00    0.00     0      0.00      0.00       0       0   0.00      7.00      0.00  kworker/0:2-events
15:10:26        0       240    0.00    0.00    0.00    0.00    0.00     1      0.00      0.00  288968   27144   0.34      1.00      0.00  multipathd
15:10:26        0      2880    0.00    0.00    0.00    0.00    0.00     1      0.00      0.00       0       0   0.00      6.00      0.00  kworker/1:0-events
15:10:26        0      3514    0.00    0.00    0.00    0.00    0.00     3      0.00      0.00       0       0   0.00      1.00      0.00  kworker/3:2-mm_percpu_wq
15:10:26        0      3837    0.00    0.00    0.00    0.00    0.00     2      0.00      0.00       0       0   0.00      2.00      0.00  kworker/2:1-events
15:10:26     1000      4682    0.00    0.00    0.00    0.00    0.00     1      0.00      0.00   31444   21396   0.27     20.00      0.00  python3
15:10:26     1000      4690    0.00    0.00    0.00    0.00    0.00     1      0.00      0.00    9900    3356   0.04      1.00      0.00  vmstat
15:10:26     1000      4691    0.00    1.00    0.00    0.00    1.00     1      0.00      0.00    7712    3696   0.05      1.00      1.00  pidstat
15:10:26     1000      4814   92.00    7.00    0.00    0.00   99.00     0      0.00      0.00   59640   52492   0.66      0.00      7.00  /home/ubuntu/pa
15:10:26     1000      4815   14.00    9.00    0.00    0.00   23.00     2    267.00      0.00 1818556   77500   0.98      0.00      0.00  hey

# Time        UID       PID    %usr %system  %guest   %wait    %CPU   CPU  minflt/s  majflt/s     VSZ     RSS   %MEM   cswch/s nvcswch/s  Command
15:10:27        0        19    0.00    0.00    0.00    0.00    0.00     0      0.00      0.00       0       0   0.00      1.00      0.00  migration/0
15:10:27        0        25    0.00    0.00    0.00    0.00    0.00     1      0.00      0.00       0       0   0.00      1.00      0.00  migration/1
15:10:27        0        31    0.00    0.00    0.00    0.00    0.00     2      0.00      0.00       0       0   0.00      1.00      0.00  migration/2
15:10:27        0        37    0.00    0.00    0.00    0.00    0.00     3      0.00      0.00       0       0   0.00      1.00      0.00  migration/3
15:10:27        0        49    0.00    0.00    0.00    0.00    0.00     1      0.00      0.00       0       0   0.00      5.00      0.00  kworker/u16:2-flush-259:0
15:10:27        0        53    0.00    0.00    0.00    0.00    0.00     1      0.00      0.00       0       0   0.00      2.00      0.00  kcompactd0
15:10:27        0       121    0.00    0.00    0.00    0.00    0.00     0      0.00      0.00       0       0   0.00      2.00      0.00  kworker/0:2-events
15:10:27        0       240    0.00    0.00    0.00    0.00    0.00     1      0.00      0.00  288968   27144   0.34      1.00      0.00  multipathd
15:10:27        0      2880    0.00    0.00    0.00    0.00    0.00     1      0.00      0.00       0       0   0.00      5.00      0.00  kworker/1:0-events
15:10:27        0      3475    0.00    0.00    0.00    0.00    0.00     2      0.00      0.00       0       0   0.00      2.00      0.00  kworker/u16:3-events_power_efficient
15:10:27        0      3514    0.00    0.00    0.00    0.00    0.00     3      0.00      0.00       0       0   0.00      1.00      0.00  kworker/3:2-mm_percpu_wq
15:10:27        0      3837    0.00    0.00    0.00    0.00    0.00     2      0.00      0.00       0       0   0.00      2.00      0.00  kworker/2:1-events
15:10:27     1000      4682    0.00    0.00    0.00    0.00    0.00     1      0.00      0.00   31444   21396   0.27     20.00      0.00  python3
15:10:27     1000      4690    0.00    0.00    0.00    0.00    0.00     1      0.00      0.00    9900    3356   0.04      1.00      0.00  vmstat
15:10:27     1000      4691    0.00    0.00    0.00    0.00    0.00     1      0.00      0.00    7712    3696   0.05      1.00      1.00  pidstat
15:10:27     1000      4814   93.00    8.00    0.00    0.00  101.00     0      0.00      0.00   59640   52492   0.66      0.00      3.00  /home/ubuntu/pa
15:10:27     1000      4815   13.00   10.00    0.00    0.00   23.00     2    119.00      0.00 1818556   78012   0.99      0.00      0.00  hey

# Time        UID       PID    %usr %system  %guest   %wait    %CPU   CPU  minflt/s  majflt/s     VSZ     RSS   %MEM   cswch/s nvcswch/s  Command
15:10:28        0        16    0.00    0.00    0.00    0.00    0.00     1      0.00      0.00       0       0   0.00     73.00      0.00  rcu_sched
15:10:28        0        25    0.00    0.00    0.00    0.00    0.00     1      0.00      0.00       0       0   0.00      2.00      0.00  migration/1
15:10:28        0        32    0.00    0.00    0.00    0.00    0.00     2      0.00      0.00       0       0   0.00      1.00      0.00  ksoftirqd/2
15:10:28        0        49    0.00    0.00    0.00    0.00    0.00     1      0.00      0.00       0       0   0.00      5.00      0.00  kworker/u16:2-events_power_efficient
15:10:28        0        53    0.00    0.00    0.00    0.00    0.00     1      0.00      0.00       0       0   0.00      2.00      0.00  kcompactd0
15:10:28        0       121    0.00    0.00    0.00    0.00    0.00     0      0.00      0.00       0       0   0.00      5.00      0.00  kworker/0:2-events
15:10:28        0       240    0.00    0.00    0.00    0.00    0.00     1      0.00      0.00  288968   27144   0.34      1.00      0.00  multipathd
15:10:28        0       591    0.00    0.00    0.00    0.00    0.00     1      0.00      0.00   83064    4556   0.06      1.00      0.00  irqbalance
15:10:28        0      2880    0.00    0.00    0.00    0.00    0.00     1      0.00      0.00       0       0   0.00      5.00      0.00  kworker/1:0-events
15:10:28        0      3475    0.00    0.00    0.00    0.00    0.00     2      0.00      0.00       0       0   0.00      3.00      0.00  kworker/u16:3-flush-259:0
15:10:28        0      3514    0.00    0.00    0.00    0.00    0.00     3      0.00      0.00       0       0   0.00      3.00      0.00  kworker/3:2-events
15:10:28        0      3837    0.00    0.00    0.00    0.00    0.00     2      0.00      0.00       0       0   0.00      3.00      0.00  kworker/2:1-events
15:10:28     1000      4682    1.00    0.00    0.00    0.00    1.00     1      0.00      0.00   31444   21396   0.27     13.00      0.00  python3
15:10:28     1000      4690    0.00    0.00    0.00    0.00    0.00     1      0.00      0.00    9900    3356   0.04      1.00      0.00  vmstat
15:10:28     1000      4691    0.00    0.00    0.00    0.00    0.00     1      0.00      0.00    7712    3696   0.05      1.00      1.00  pidstat
15:10:28     1000      4833    0.00    0.00    0.00    0.00    0.00     0    143.00      0.00    2704    1460   0.02      1.00      1.00  time
15:10:28     1000      4834   38.00    3.00    0.00    0.00   41.00     0   8342.00      0.00   49820   42528   0.54      5.00      2.00  /home/ubuntu/pa
15:10:28     1000      4835    3.00    3.00    0.00    0.00    6.00     2   5448.00      0.00 1742584   24708   0.31      4.00      2.00  hey

# Time        UID       PID    %usr %system  %guest   %wait    %CPU   CPU  minflt/s  majflt/s     VSZ     RSS   %MEM   cswch/s nvcswch/s  Command
15:10:29        0        16    0.00    0.00    0.00    0.00    0.00     1      0.00      0.00       0       0   0.00      2.00      0.00  rcu_sched
15:10:29        0        49    0.00    0.00    0.00    0.00    0.00     1      0.00      0.00       0       0   0.00      5.00      0.00  kworker/u16:2-events_power_efficient
15:10:29        0        53    0.00    0.00    0.00    0.00    0.00     1      0.00      0.00       0       0   0.00      2.00      0.00  kcompactd0
15:10:29        0       121    0.00    0.00    0.00    0.00    0.00     0      0.00      0.00       0       0   0.00      1.00      0.00  kworker/0:2-events
15:10:29        0       240    0.00    0.00    0.00    0.00    0.00     1      0.00      0.00  288968   27144   0.34      1.00      0.00  multipathd
15:10:29        0       248    0.00    0.00    0.00    0.00    0.00     0      0.00      0.00       0       0   0.00      1.00      0.00  kworker/0:1H-kblockd
15:10:29        0      2880    0.00    0.00    0.00    0.00    0.00     1      0.00      0.00       0       0   0.00      6.00      0.00  kworker/1:0-events
15:10:29        0      3514    0.00    0.00    0.00    0.00    0.00     3      0.00      0.00       0       0   0.00      2.00      0.00  kworker/3:2-mm_percpu_wq
15:10:29        0      3837    0.00    0.00    0.00    0.00    0.00     2      0.00      0.00       0       0   0.00      1.00      0.00  kworker/2:1-mm_percpu_wq
15:10:29     1000      4690    0.00    0.00    0.00    0.00    0.00     1      0.00      0.00    9900    3356   0.04      1.00      0.00  vmstat
15:10:29     1000      4691    0.00    1.00    0.00    0.00    1.00     1      0.00      0.00    7712    3696   0.05      1.00      0.00  pidstat
15:10:29     1000      4834   93.00    7.00    0.00    0.00  100.00     0      0.00      0.00   49820   42528   0.54      0.00      2.00  /home/ubuntu/pa
15:10:29     1000      4835   15.00   10.00    0.00    0.00   25.00     2  11882.00      0.00 1817852   67256   0.85      0.00      0.00  hey

# Time        UID       PID    %usr %system  %guest   %wait    %CPU   CPU  minflt/s  majflt/s     VSZ     RSS   %MEM   cswch/s nvcswch/s  Command
15:10:30        0        14    0.00    0.00    0.00    0.00    0.00     0      0.00      0.00       0       0   0.00      2.00      0.00  ksoftirqd/0
15:10:30        0        16    0.00    0.00    0.00    0.00    0.00     1      0.00      0.00       0       0   0.00     58.00      0.00  rcu_sched
15:10:30        0        25    0.00    0.00    0.00    0.00    0.00     1      0.00      0.00       0       0   0.00      1.00      0.00  migration/1
15:10:30        0        26    0.00    0.00    0.00    0.00    0.00     1      0.00      0.00       0       0   0.00      2.00      0.00  ksoftirqd/1
15:10:30        0        32    0.00    0.00    0.00    0.00    0.00     2      0.00      0.00       0       0   0.00      1.00      0.00  ksoftirqd/2
15:10:30        0        38    0.00    0.00    0.00    0.00    0.00     3      0.00      0.00       0       0   0.00      1.00      0.00  ksoftirqd/3
15:10:30        0        49    0.00    0.00    0.00    0.00    0.00     1      0.00      0.00       0       0   0.00      6.00      0.00  kworker/u16:2-events_power_efficient
15:10:30        0        53    0.00    0.00    0.00    0.00    0.00     1      0.00      0.00       0       0   0.00      2.00      0.00  kcompactd0
15:10:30        0       121    0.00    0.00    0.00    0.00    0.00     0      0.00      0.00       0       0   0.00      5.00      0.00  kworker/0:2-events
15:10:30        0       240    0.00    0.00    0.00    0.00    0.00     1      0.00      0.00  288968   27144   0.34      1.00      0.00  multipathd
15:10:30        0      2880    0.00    0.00    0.00    0.00    0.00     1      0.00      0.00       0       0   0.00      7.00      0.00  kworker/1:0-events
15:10:30        0      3514    0.00    0.00    0.00    0.00    0.00     3      0.00      0.00       0       0   0.00      3.00      0.00  kworker/3:2-events
15:10:30        0      3837    0.00    0.00    0.00    0.00    0.00     2      0.00      0.00       0       0   0.00      1.00      0.00  kworker/2:1-mm_percpu_wq
15:10:30     1000      4682    0.00    0.00    0.00    0.00    0.00     1      0.00      0.00   31444   21396   0.27      8.00      0.00  python3
15:10:30     1000      4690    0.00    0.00    0.00    0.00    0.00     1      0.00      0.00    9900    3356   0.04      1.00      0.00  vmstat
15:10:30     1000      4691    0.00    1.00    0.00    0.00    1.00     1      0.00      0.00    7712    3696   0.05      1.00      0.00  pidstat
15:10:30     1000      4834   93.00    7.00    0.00    0.00  100.00     0   2514.00      0.00   59852   52512   0.66      0.00      7.00  /home/ubuntu/pa
15:10:30     1000      4835   11.00    8.00    0.00    0.00   19.00     2    190.00      0.00 1818044   67896   0.86      0.00      0.00  hey

# Time        UID       PID    %usr %system  %guest   %wait    %CPU   CPU  minflt/s  majflt/s     VSZ     RSS   %MEM   cswch/s nvcswch/s  Command
15:10:31        0        16    0.00    0.00    0.00    0.00    0.00     1      0.00      0.00       0       0   0.00      2.00      0.00  rcu_sched
15:10:31        0        19    0.00    0.00    0.00    0.00    0.00     0      0.00      0.00       0       0   0.00      1.00      0.00  migration/0
15:10:31        0        25    0.00    0.00    0.00    0.00    0.00     1      0.00      0.00       0       0   0.00      1.00      0.00  migration/1
15:10:31        0        31    0.00    0.00    0.00    0.00    0.00     2      0.00      0.00       0       0   0.00      1.00      0.00  migration/2
15:10:31        0        37    0.00    0.00    0.00    0.00    0.00     3      0.00      0.00       0       0   0.00      1.00      0.00  migration/3
15:10:31        0        49    0.00    0.00    0.00    0.00    0.00     1      0.00      0.00       0       0   0.00      4.00      0.00  kworker/u16:2-events_power_efficient
15:10:31        0        53    0.00    0.00    0.00    0.00    0.00     1      0.00      0.00       0       0   0.00      2.00      0.00  kcompactd0
15:10:31        0       121    0.00    0.00    0.00    0.00    0.00     0      0.00      0.00       0       0   0.00      1.00      0.00  kworker/0:2-events
15:10:31        0       240    0.00    0.00    0.00    0.00    0.00     1      0.00      0.00  288968   27144   0.34      2.00      0.00  multipathd
15:10:31      110       672    0.00    0.00    0.00    0.00    0.00     1      0.00      0.00   19416    3744   0.05      2.00      0.00  chronyd
15:10:31        0      2880    0.00    0.00    0.00    0.00    0.00     1      0.00      0.00       0       0   0.00      6.00      0.00  kworker/1:0-events
15:10:31        0      3475    0.00    0.00    0.00    0.00    0.00     1      0.00      0.00       0       0   0.00      3.00      0.00  kworker/u16:3-events_power_efficient
15:10:31        0      3514    0.00    0.00    0.00    0.00    0.00     3      0.00      0.00       0       0   0.00      2.00      0.00  kworker/3:2-events
15:10:31        0      3837    0.00    0.00    0.00    0.00    0.00     2      0.00      0.00       0       0   0.00      1.00      0.00  kworker/2:1-mm_percpu_wq
15:10:31     1000      4682    0.00    0.00    0.00    0.00    0.00     1      0.00      0.00   31444   21396   0.27     21.00      0.00  python3
15:10:31     1000      4690    0.00    0.00    0.00    0.00    0.00     1      0.00      0.00    9900    3356   0.04      1.00      0.00  vmstat
15:10:31     1000      4691    1.00    0.00    0.00    0.00    1.00     1      0.00      0.00    7712    3696   0.05      1.00      0.00  pidstat
15:10:31     1000      4834   93.00    7.00    0.00    0.00  100.00     0      0.00      0.00   59852   52512   0.66      0.00      2.00  /home/ubuntu/pa
15:10:31     1000      4835   14.00    9.00    0.00    0.00   23.00     2   1255.00      0.00 1818300   72120   0.91      0.00      0.00  hey

# Time        UID       PID    %usr %system  %guest   %wait    %CPU   CPU  minflt/s  majflt/s     VSZ     RSS   %MEM   cswch/s nvcswch/s  Command
15:10:32        0        16    0.00    0.00    0.00    0.00    0.00     1      0.00      0.00       0       0   0.00      2.00      0.00  rcu_sched
15:10:32        0        49    0.00    0.00    0.00    0.00    0.00     2      0.00      0.00       0       0   0.00      1.00      0.00  kworker/u16:2-flush-259:0
15:10:32        0        53    0.00    0.00    0.00    0.00    0.00     1      0.00      0.00       0       0   0.00      2.00      0.00  kcompactd0
15:10:32        0       121    0.00    0.00    0.00    0.00    0.00     0      0.00      0.00       0       0   0.00      5.00      0.00  kworker/0:2-events
15:10:32        0       240    0.00    0.00    0.00    0.00    0.00     1      0.00      0.00  288968   27144   0.34      1.00      0.00  multipathd
15:10:32        0      2880    0.00    0.00    0.00    0.00    0.00     1      0.00      0.00       0       0   0.00      7.00      0.00  kworker/1:0-events
15:10:32        0      3475    0.00    0.00    0.00    0.00    0.00     1      0.00      0.00       0       0   0.00      8.00      0.00  kworker/u16:3-flush-259:0
15:10:32        0      3514    0.00    0.00    0.00    0.00    0.00     3      0.00      0.00       0       0   0.00      2.00      0.00  kworker/3:2-events
15:10:32        0      3837    0.00    0.00    0.00    0.00    0.00     2      0.00      0.00       0       0   0.00      1.00      0.00  kworker/2:1-mm_percpu_wq
15:10:32     1000      4682    0.00    0.00    0.00    0.00    0.00     1      0.00      0.00   31444   21396   0.27     20.00      0.00  python3
15:10:32     1000      4690    0.00    0.00    0.00    0.00    0.00     1      0.00      0.00    9900    3356   0.04      1.00      0.00  vmstat
15:10:32     1000      4691    0.00    0.00    0.00    0.00    0.00     1      0.00      0.00    7712    3696   0.05      1.00      0.00  pidstat
15:10:32        0      4812    0.00    0.00    0.00    0.00    0.00     3      0.00      0.00       0       0   0.00      1.00      0.00  kworker/u16:0-flush-259:0
15:10:32     1000      4834   93.00    7.00    0.00    0.00  100.00     0      2.00      0.00   59852   52512   0.66      0.00      5.00  /home/ubuntu/pa
15:10:32     1000      4835   13.00    9.00    0.00    0.00   22.00     2    214.00      0.00 1818428   72888   0.92      0.00      0.00  hey

# Time        UID       PID    %usr %system  %guest   %wait    %CPU   CPU  minflt/s  majflt/s     VSZ     RSS   %MEM   cswch/s nvcswch/s  Command
15:10:33        0        49    0.00    0.00    0.00    0.00    0.00     2      0.00      0.00       0       0   0.00      1.00      0.00  kworker/u16:2-flush-259:0
15:10:33        0        53    0.00    0.00    0.00    0.00    0.00     1      0.00      0.00       0       0   0.00      2.00      0.00  kcompactd0
15:10:33        0       121    0.00    0.00    0.00    0.00    0.00     0      0.00      0.00       0       0   0.00      2.00      0.00  kworker/0:2-events
15:10:33        0       240    0.00    0.00    0.00    0.00    0.00     1      0.00      0.00  288968   27144   0.34      1.00      0.00  multipathd
15:10:33        0      2880    0.00    0.00    0.00    0.00    0.00     1      0.00      0.00       0       0   0.00      6.00      0.00  kworker/1:0-events
15:10:33        0      3475    0.00    0.00    0.00    0.00    0.00     3      0.00      0.00       0       0   0.00      1.00      0.00  kworker/u16:3-flush-259:0
15:10:33        0      3514    0.00    0.00    0.00    0.00    0.00     3      0.00      0.00       0       0   0.00      1.00      0.00  kworker/3:2-mm_percpu_wq
15:10:33        0      3837    0.00    0.00    0.00    0.00    0.00     2      0.00      0.00       0       0   0.00      1.00      0.00  kworker/2:1-mm_percpu_wq
15:10:33     1000      4682    0.00    0.00    0.00    0.00    0.00     1      0.00      0.00   31444   21396   0.27     20.00      0.00  python3
15:10:33     1000      4690    0.00    0.00    0.00    0.00    0.00     1      0.00      0.00    9900    3356   0.04      1.00      0.00  vmstat
15:10:33     1000      4691    0.00    1.00    0.00    0.00    1.00     1      0.00      0.00    7712    3696   0.05      1.00      0.00  pidstat
15:10:33        0      4812    0.00    0.00    0.00    0.00    0.00     1      0.00      0.00       0       0   0.00      9.00      0.00  kworker/u16:0-events_power_efficient
15:10:33     1000      4834   94.00    6.00    0.00    0.00  100.00     0      0.00      0.00   59852   52512   0.66      0.00      2.00  /home/ubuntu/pa
15:10:33     1000      4835   13.00   10.00    0.00    0.00   23.00     2    143.00      0.00 1818556   73400   0.93      0.00      0.00  hey

# Time        UID       PID    %usr %system  %guest   %wait    %CPU   CPU  minflt/s  majflt/s     VSZ     RSS   %MEM   cswch/s nvcswch/s  Command
15:10:34        0        53    0.00    0.00    0.00    0.00    0.00     1      0.00      0.00       0       0   0.00      2.00      0.00  kcompactd0
15:10:34        0       121    0.00    0.00    0.00    0.00    0.00     0      0.00      0.00       0       0   0.00      6.00      0.00  kworker/0:2-events
15:10:34        0       240    0.00    0.00    0.00    0.00    0.00     1      0.00      0.00  288968   27144   0.34      1.00      0.00  multipathd
15:10:34        0      2880    0.00    0.00    0.00    0.00    0.00     1      0.00      0.00       0       0   0.00      5.00      0.00  kworker/1:0-events
15:10:34        0      3514    0.00    0.00    0.00    0.00    0.00     3      0.00      0.00       0       0   0.00      2.00      0.00  kworker/3:2-events
15:10:34        0      3837    0.00    0.00    0.00    0.00    0.00     2      0.00      0.00       0       0   0.00      2.00      0.00  kworker/2:1-events
15:10:34     1000      4682    0.00    0.00    0.00    0.00    0.00     1      0.00      0.00   31444   21396   0.27     20.00      0.00  python3
15:10:34     1000      4690    0.00    0.00    0.00    0.00    0.00     1      0.00      0.00    9900    3356   0.04      1.00      0.00  vmstat
15:10:34     1000      4691    0.00    0.00    0.00    0.00    0.00     1      0.00      0.00    7712    3696   0.05      1.00      0.00  pidstat
15:10:34        0      4812    0.00    0.00    0.00    0.00    0.00     1      0.00      0.00       0       0   0.00      5.00      0.00  kworker/u16:0-events_power_efficient
15:10:34     1000      4834   94.00    6.00    0.00    0.00  100.00     0      0.00      0.00   59852   52512   0.66      0.00      6.00  /home/ubuntu/pa
15:10:34     1000      4835   14.00    9.00    0.00    0.00   23.00     2    317.00      0.00 1818556   74424   0.94      0.00      0.00  hey

# Time        UID       PID    %usr %system  %guest   %wait    %CPU   CPU  minflt/s  majflt/s     VSZ     RSS   %MEM   cswch/s nvcswch/s  Command
15:10:35        0        19    0.00    0.00    0.00    0.00    0.00     0      0.00      0.00       0       0   0.00      1.00      0.00  migration/0
15:10:35        0        25    0.00    0.00    0.00    0.00    0.00     1      0.00      0.00       0       0   0.00      1.00      0.00  migration/1
15:10:35        0        31    0.00    0.00    0.00    0.00    0.00     2      0.00      0.00       0       0   0.00      1.00      0.00  migration/2
15:10:35        0        37    0.00    0.00    0.00    0.00    0.00     3      0.00      0.00       0       0   0.00      1.00      0.00  migration/3
15:10:35        0        53    0.00    0.00    0.00    0.00    0.00     1      0.00      0.00       0       0   0.00      2.00      0.00  kcompactd0
15:10:35        0       121    0.00    0.00    0.00    0.00    0.00     0      0.00      0.00       0       0   0.00      1.00      0.00  kworker/0:2-events
15:10:35        0       240    0.00    0.00    0.00    0.00    0.00     1      0.00      0.00  288968   27144   0.34      1.00      0.00  multipathd
15:10:35        0      2880    0.00    0.00    0.00    0.00    0.00     1      0.00      0.00       0       0   0.00      1.00      0.00  kworker/1:0-mm_percpu_wq
15:10:35        0      3475    0.00    0.00    0.00    0.00    0.00     3      0.00      0.00       0       0   0.00      5.00      0.00  kworker/u16:3-events_power_efficient
15:10:35        0      3514    0.00    0.00    0.00    0.00    0.00     3      0.00      0.00       0       0   0.00      6.00      0.00  kworker/3:2-events
15:10:35        0      3837    0.00    0.00    0.00    0.00    0.00     2      0.00      0.00       0       0   0.00      1.00      0.00  kworker/2:1-mm_percpu_wq
15:10:35     1000      4682    0.00    0.00    0.00    0.00    0.00     1      0.00      0.00   31444   21396   0.27     20.00      0.00  python3
15:10:35     1000      4690    0.00    0.00    0.00    0.00    0.00     1      0.00      0.00    9900    3356   0.04      1.00      0.00  vmstat
15:10:35     1000      4691    0.00    0.00    0.00    0.00    0.00     1      0.00      0.00    7712    3696   0.05      1.00      0.00  pidstat
15:10:35        0      4812    0.00    0.00    0.00    0.00    0.00     1      0.00      0.00       0       0   0.00      1.00      0.00  kworker/u16:0-events_unbound
15:10:35     1000      4834   93.00    7.00    0.00    0.00  100.00     0      0.00      0.00   59852   52512   0.66      0.00      2.00  /home/ubuntu/pa
15:10:35     1000      4835   13.00    9.00    0.00    0.00   22.00     2    171.00      0.00 1818556   75192   0.95      0.00      0.00  hey

# Time        UID       PID    %usr %system  %guest   %wait    %CPU   CPU  minflt/s  majflt/s     VSZ     RSS   %MEM   cswch/s nvcswch/s  Command
15:10:36        0        16    0.00    0.00    0.00    0.00    0.00     1      0.00      0.00       0       0   0.00      2.00      0.00  rcu_sched
15:10:36        0        53    0.00    0.00    0.00    0.00    0.00     1      0.00      0.00       0       0   0.00      2.00      0.00  kcompactd0
15:10:36        0       121    0.00    0.00    0.00    0.00    0.00     0      0.00      0.00       0       0   0.00      5.00      0.00  kworker/0:2-events
15:10:36        0       240    0.00    0.00    0.00    0.00    0.00     1      0.00      0.00  288968   27144   0.34      1.00      0.00  multipathd
15:10:36        0      2880    0.00    0.00    0.00    0.00    0.00     1      0.00      0.00       0       0   0.00      4.00      0.00  kworker/1:0-events
15:10:36        0      3475    0.00    0.00    0.00    0.00    0.00     1      0.00      0.00       0       0   0.00      7.00      0.00  kworker/u16:3-events_power_efficient
15:10:36        0      3514    0.00    0.00    0.00    0.00    0.00     3      0.00      0.00       0       0   0.00      4.00      0.00  kworker/3:2-events
15:10:36        0      3837    0.00    0.00    0.00    0.00    0.00     2      0.00      0.00       0       0   0.00      1.00      0.00  kworker/2:1-mm_percpu_wq
15:10:36     1000      4666    0.00    0.00    0.00    0.00    0.00     2      0.00      0.00   15008    7192   0.09      1.00      0.00  sshd
15:10:36     1000      4682    0.00    0.00    0.00    0.00    0.00     1      0.00      0.00   31444   21396   0.27     20.00      0.00  python3
15:10:36     1000      4690    0.00    0.00    0.00    0.00    0.00     1      0.00      0.00    9900    3356   0.04      1.00      0.00  vmstat
15:10:36     1000      4691    1.00    1.00    0.00    0.00    2.00     1      0.00      0.00    7712    3696   0.05      1.00      0.00  pidstat
15:10:36        0      4812    0.00    0.00    0.00    0.00    0.00     2      0.00      0.00       0       0   0.00      1.00      0.00  kworker/u16:0-events_unbound
15:10:36     1000      4834   93.00    7.00    0.00    0.00  100.00     0      0.00      0.00   59852   52512   0.66      0.00      5.00  /home/ubuntu/pa
15:10:36     1000      4835   14.00    8.00    0.00    0.00   22.00     2    296.00      0.00 1818556   76216   0.96      0.00      0.00  hey

# Time        UID       PID    %usr %system  %guest   %wait    %CPU   CPU  minflt/s  majflt/s     VSZ     RSS   %MEM   cswch/s nvcswch/s  Command
15:10:37        0        53    0.00    0.00    0.00    0.00    0.00     1      0.00      0.00       0       0   0.00      2.00      0.00  kcompactd0
15:10:37        0       121    0.00    0.00    0.00    0.00    0.00     0      0.00      0.00       0       0   0.00      1.00      0.00  kworker/0:2-events
15:10:37        0       240    0.00    0.00    0.00    0.00    0.00     1      0.00      0.00  288968   27144   0.34      1.00      0.00  multipathd
15:10:37        0      2880    0.00    0.00    0.00    0.00    0.00     1      0.00      0.00       0       0   0.00      3.00      0.00  kworker/1:0-events
15:10:37        0      3514    0.00    0.00    0.00    0.00    0.00     3      0.00      0.00       0       0   0.00      2.00      0.00  kworker/3:2-mm_percpu_wq
15:10:37        0      3837    0.00    0.00    0.00    0.00    0.00     2      0.00      0.00       0       0   0.00      4.00      0.00  kworker/2:1-events
15:10:37     1000      4682    0.00    0.00    0.00    1.00    0.00     1      0.00      0.00   31444   21396   0.27     20.00      0.00  python3
15:10:37     1000      4690    0.00    0.00    0.00    0.00    0.00     1      0.00      0.00    9900    3356   0.04      1.00      0.00  vmstat
15:10:37     1000      4691    0.00    0.00    0.00    0.00    0.00     1      0.00      0.00    7712    3696   0.05      1.00      1.00  pidstat
15:10:37        0      4812    0.00    0.00    0.00    0.00    0.00     1      0.00      0.00       0       0   0.00      5.00      0.00  kworker/u16:0-events_power_efficient
15:10:37     1000      4834   93.00    7.00    0.00    0.00  100.00     0      0.00      0.00   59852   52512   0.66      0.00      1.00  /home/ubuntu/pa
15:10:37     1000      4835   13.00    9.00    0.00    0.00   22.00     2    122.00      0.00 1818556   76728   0.97      0.00      0.00  hey

# Time        UID       PID    %usr %system  %guest   %wait    %CPU   CPU  minflt/s  majflt/s     VSZ     RSS   %MEM   cswch/s nvcswch/s  Command
15:10:38        0        49    0.00    0.00    0.00    0.00    0.00     3      0.00      0.00       0       0   0.00      1.00      0.00  kworker/u16:2-flush-259:0
15:10:38        0        53    0.00    0.00    0.00    0.00    0.00     1      0.00      0.00       0       0   0.00      2.00      0.00  kcompactd0
15:10:38        0       121    0.00    0.00    0.00    0.00    0.00     0      0.00      0.00       0       0   0.00      6.00      0.00  kworker/0:2-events
15:10:38        0       137    0.00    0.00    0.00    0.00    0.00     1      0.00      0.00       0       0   0.00      3.00      0.00  jbd2/nvme0n1p1-8
15:10:38        0       162    0.00    0.00    0.00    0.00    0.00     2      0.00      0.00       0       0   0.00      1.00      0.00  kworker/2:1H-kblockd
15:10:38        0       240    0.00    0.00    0.00    0.00    0.00     1      0.00      0.00  288968   27144   0.34      1.00      0.00  multipathd
15:10:38        0       248    0.00    0.00    0.00    0.00    0.00     0      0.00      0.00       0       0   0.00      2.00      0.00  kworker/0:1H-kblockd
15:10:38        0       591    0.00    0.00    0.00    0.00    0.00     2      0.00      0.00   83064    4556   0.06      1.00      0.00  irqbalance
15:10:38        0       791    0.00    0.00    0.00    0.00    0.00     1      0.00      0.00       0       0   0.00      8.00      0.00  kworker/1:1H-kblockd
15:10:38        0      2880    0.00    0.00    0.00    0.00    0.00     1      0.00      0.00       0       0   0.00      6.00      0.00  kworker/1:0-events
15:10:38        0      3475    0.00    0.00    0.00    0.00    0.00     2      0.00      0.00       0       0   0.00     14.00      0.00  kworker/u16:3-flush-259:0
15:10:38        0      3514    0.00    0.00    0.00    0.00    0.00     3      0.00      0.00       0       0   0.00      1.00      0.00  kworker/3:2-mm_percpu_wq
15:10:38        0      3837    0.00    0.00    0.00    0.00    0.00     2      0.00      0.00       0       0   0.00      1.00      0.00  kworker/2:1-mm_percpu_wq
15:10:38     1000      4682    0.00    0.00    0.00    0.00    0.00     1      0.00      0.00   31444   21396   0.27     20.00      0.00  python3
15:10:38     1000      4690    0.00    0.00    0.00    0.00    0.00     1      0.00      0.00    9900    3356   0.04      1.00      0.00  vmstat
15:10:38     1000      4691    0.00    1.00    0.00    0.00    1.00     1      0.00      0.00    7712    3696   0.05      2.00      1.00  pidstat
15:10:38        0      4812    0.00    0.00    0.00    0.00    0.00     1      0.00      0.00       0       0   0.00     15.00      0.00  kworker/u16:0-events_power_efficient
15:10:38     1000      4834   93.00    7.00    0.00    0.00  100.00     0      0.00      0.00   59852   52512   0.66      0.00      8.00  /home/ubuntu/pa
15:10:38     1000      4835   15.00    6.00    0.00    0.00   21.00     2    114.00      0.00 1818556   77240   0.98      0.00      0.00  hey

# Time        UID       PID    %usr %system  %guest   %wait    %CPU   CPU  minflt/s  majflt/s     VSZ     RSS   %MEM   cswch/s nvcswch/s  Command
15:10:39        0        19    0.00    0.00    0.00    0.00    0.00     0      0.00      0.00       0       0   0.00      1.00      0.00  migration/0
15:10:39        0        25    0.00    0.00    0.00    0.00    0.00     1      0.00      0.00       0       0   0.00      1.00      0.00  migration/1
15:10:39        0        31    0.00    0.00    0.00    0.00    0.00     2      0.00      0.00       0       0   0.00      1.00      0.00  migration/2
15:10:39        0        37    0.00    0.00    0.00    0.00    0.00     3      0.00      0.00       0       0   0.00      1.00      0.00  migration/3
15:10:39        0        53    0.00    0.00    0.00    0.00    0.00     1      0.00      0.00       0       0   0.00      2.00      0.00  kcompactd0
15:10:39        0       121    0.00    0.00    0.00    0.00    0.00     0      0.00      0.00       0       0   0.00      3.00      0.00  kworker/0:2-events
15:10:39        0       240    0.00    0.00    0.00    0.00    0.00     1      0.00      0.00  288968   27144   0.34      1.00      0.00  multipathd
15:10:39        0       248    0.00    0.00    0.00    0.00    0.00     0      0.00      0.00       0       0   0.00      1.00      0.00  kworker/0:1H-kblockd
15:10:39        0      2880    0.00    0.00    0.00    0.00    0.00     1      0.00      0.00       0       0   0.00      5.00      0.00  kworker/1:0-events
15:10:39        0      3514    0.00    0.00    0.00    0.00    0.00     3      0.00      0.00       0       0   0.00      1.00      0.00  kworker/3:2-mm_percpu_wq
15:10:39        0      3837    0.00    0.00    0.00    0.00    0.00     2      0.00      0.00       0       0   0.00      1.00      0.00  kworker/2:1-mm_percpu_wq
15:10:39     1000      4682    0.00    0.00    0.00    0.00    0.00     1      0.00      0.00   31444   21396   0.27     19.00      0.00  python3
15:10:39     1000      4690    0.00    0.00    0.00    0.00    0.00     1      0.00      0.00    9900    3356   0.04      1.00      0.00  vmstat
15:10:39     1000      4691    0.00    0.00    0.00    0.00    0.00     1      0.00      0.00    7712    3696   0.05      1.00      0.00  pidstat
15:10:39        0      4812    0.00    0.00    0.00    0.00    0.00     1      0.00      0.00       0       0   0.00      4.00      0.00  kworker/u16:0-events_power_efficient
15:10:39     1000      4834   95.00    5.00    0.00    0.00  100.00     0      0.00      0.00   59852   52512   0.66      0.00      5.00  /home/ubuntu/pa
15:10:39     1000      4835   14.00    8.00    0.00    0.00   22.00     2    414.00      0.00 1818556   78648   0.99      0.00      0.00  hey

# Time        UID       PID    %usr %system  %guest   %wait    %CPU   CPU  minflt/s  majflt/s     VSZ     RSS   %MEM   cswch/s nvcswch/s  Command
15:10:40        0        16    0.00    0.00    0.00    0.00    0.00     2      0.00      0.00       0       0   0.00     31.00      0.00  rcu_sched
15:10:40        0        38    0.00    0.00    0.00    0.00    0.00     3      0.00      0.00       0       0   0.00      1.00      0.00  ksoftirqd/3
15:10:40        0        53    0.00    0.00    0.00    0.00    0.00     1      0.00      0.00       0       0   0.00      2.00      0.00  kcompactd0
15:10:40        0       121    0.00    0.00    0.00    0.00    0.00     0      0.00      0.00       0       0   0.00      7.00      0.00  kworker/0:2-events
15:10:40        0       240    0.00    0.00    0.00    0.00    0.00     1      0.00      0.00  288968   27144   0.34      1.00      0.00  multipathd
15:10:40        0      2880    0.00    0.00    0.00    0.00    0.00     1      0.00      0.00       0       0   0.00      7.00      0.00  kworker/1:0-events
15:10:40        0      3514    0.00    0.00    0.00    0.00    0.00     3      0.00      0.00       0       0   0.00      4.00      0.00  kworker/3:2-events
15:10:40        0      3837    0.00    0.00    0.00    0.00    0.00     2      0.00      0.00       0       0   0.00      2.00      0.00  kworker/2:1-events
15:10:40     1000      4682    0.00    0.00    0.00    0.00    0.00     1      0.00      0.00   31444   21396   0.27     18.00      0.00  python3
15:10:40     1000      4690    0.00    0.00    0.00    0.00    0.00     1      0.00      0.00    9900    3356   0.04      1.00      0.00  vmstat
15:10:40     1000      4691    0.00    0.00    0.00    0.00    0.00     1      0.00      0.00    7712    3696   0.05      1.00      0.00  pidstat
15:10:40        0      4812    0.00    0.00    0.00    0.00    0.00     1      0.00      0.00       0       0   0.00      6.00      0.00  kworker/u16:0-events_power_efficient

# Time        UID       PID    %usr %system  %guest   %wait    %CPU   CPU  minflt/s  majflt/s     VSZ     RSS   %MEM   cswch/s nvcswch/s  Command
15:10:41        0        16    0.00    0.00    0.00    0.00    0.00     1      0.00      0.00       0       0   0.00     35.00      0.00  rcu_sched
15:10:41        0        25    0.00    0.00    0.00    0.00    0.00     1      0.00      0.00       0       0   0.00      2.00      0.00  migration/1
15:10:41        0        53    0.00    0.00    0.00    0.00    0.00     1      0.00      0.00       0       0   0.00      2.00      0.00  kcompactd0
15:10:41        0       121    0.00    0.00    0.00    1.00    0.00     0      0.00      0.00       0       0   0.00      1.00      0.00  kworker/0:2-events
15:10:41        0       240    0.00    0.00    0.00    0.00    0.00     1      0.00      0.00  288968   27144   0.34      1.00      0.00  multipathd
15:10:41        0      2880    0.00    0.00    0.00    0.00    0.00     1      0.00      0.00       0       0   0.00      7.00      0.00  kworker/1:0-events
15:10:41        0      3514    0.00    0.00    0.00    0.00    0.00     3      0.00      0.00       0       0   0.00      1.00      0.00  kworker/3:2-mm_percpu_wq
15:10:41        0      3837    0.00    0.00    0.00    0.00    0.00     2      0.00      0.00       0       0   0.00      1.00      0.00  kworker/2:1-mm_percpu_wq
15:10:41     1000      4682    1.00    0.00    0.00    0.00    1.00     1      1.00      0.00   31444   21396   0.27      8.00      0.00  python3
15:10:41     1000      4690    0.00    0.00    0.00    0.00    0.00     1      0.00      0.00    9900    3356   0.04      1.00      0.00  vmstat
15:10:41     1000      4691    0.00    1.00    0.00    0.00    1.00     1      0.00      0.00    7712    3696   0.05      1.00      0.00  pidstat
15:10:41        0      4812    0.00    0.00    0.00    0.00    0.00     1      0.00      0.00       0       0   0.00      5.00      0.00  kworker/u16:0-events_power_efficient
15:10:41     1000      4850    0.00    0.00    0.00    0.00    0.00     0    145.00      0.00    2704    1464   0.02      1.00      1.00  time
15:10:41     1000      4851   71.00    6.00    0.00    0.00   77.00     0   8343.00      0.00   49696   42588   0.54      5.00      0.00  /home/ubuntu/pa
15:10:41     1000      4852    8.00    7.00    0.00    0.00   15.00     2  10031.00      0.00 1743160   40716   0.51      4.00      3.00  hey

# Time        UID       PID    %usr %system  %guest   %wait    %CPU   CPU  minflt/s  majflt/s     VSZ     RSS   %MEM   cswch/s nvcswch/s  Command
15:10:42        0        26    0.00    0.00    0.00    0.00    0.00     1      0.00      0.00       0       0   0.00      2.00      0.00  ksoftirqd/1
15:10:42        0        49    0.00    0.00    0.00    0.00    0.00     3      0.00      0.00       0       0   0.00      1.00      0.00  kworker/u16:2-events_power_efficient
15:10:42        0        53    0.00    0.00    0.00    0.00    0.00     1      0.00      0.00       0       0   0.00      2.00      0.00  kcompactd0
15:10:42        0       121    0.00    0.00    0.00    0.00    0.00     0      0.00      0.00       0       0   0.00      6.00      0.00  kworker/0:2-events
15:10:42        0       240    0.00    0.00    0.00    0.00    0.00     1      0.00      0.00  288968   27144   0.34      1.00      0.00  multipathd
15:10:42        0      2880    0.00    0.00    0.00    0.00    0.00     1      0.00      0.00       0       0   0.00      6.00      0.00  kworker/1:0-events
15:10:42        0      3475    0.00    0.00    0.00    0.00    0.00     1      0.00      0.00       0       0   0.00      5.00      0.00  kworker/u16:3-events_power_efficient
15:10:42        0      3514    0.00    0.00    0.00    0.00    0.00     3      0.00      0.00       0       0   0.00      2.00      0.00  kworker/3:2-events
15:10:42        0      3837    0.00    0.00    0.00    0.00    0.00     2      0.00      0.00       0       0   0.00      1.00      0.00  kworker/2:1-mm_percpu_wq
15:10:42     1000      4690    0.00    0.00    0.00    0.00    0.00     1      0.00      0.00    9900    3356   0.04      1.00      0.00  vmstat
15:10:42     1000      4691    1.00    0.00    0.00    0.00    1.00     1      0.00      0.00    7712    3696   0.05      1.00      0.00  pidstat
15:10:42        0      4812    0.00    0.00    0.00    0.00    0.00     1      0.00      0.00       0       0   0.00      2.00      0.00  kworker/u16:0-events_power_efficient
15:10:42     1000      4851   93.00    7.00    0.00    0.00  100.00     0      0.00      0.00   49696   42588   0.54      0.00      6.00  /home/ubuntu/pa
15:10:42     1000      4852   13.00    9.00    0.00    0.00   22.00     2   7516.00      0.00 1817660   67340   0.85      0.00      0.00  hey

# Time        UID       PID    %usr %system  %guest   %wait    %CPU   CPU  minflt/s  majflt/s     VSZ     RSS   %MEM   cswch/s nvcswch/s  Command
15:10:43        0        14    0.00    0.00    0.00    0.00    0.00     0      0.00      0.00       0       0   0.00      1.00      0.00  ksoftirqd/0
15:10:43        0        16    0.00    0.00    0.00    0.00    0.00     1      0.00      0.00       0       0   0.00     56.00      0.00  rcu_sched
15:10:43        0        19    0.00    0.00    0.00    0.00    0.00     0      0.00      0.00       0       0   0.00      1.00      0.00  migration/0
15:10:43        0        25    0.00    0.00    0.00    0.00    0.00     1      0.00      0.00       0       0   0.00      2.00      0.00  migration/1
15:10:43        0        31    0.00    0.00    0.00    0.00    0.00     2      0.00      0.00       0       0   0.00      1.00      0.00  migration/2
15:10:43        0        32    0.00    0.00    0.00    0.00    0.00     2      0.00      0.00       0       0   0.00      9.00      0.00  ksoftirqd/2
15:10:43        0        37    0.00    0.00    0.00    0.00    0.00     3      0.00      0.00       0       0   0.00      1.00      0.00  migration/3
15:10:43        0        38    0.00    0.00    0.00    0.00    0.00     3      0.00      0.00       0       0   0.00      5.00      0.00  ksoftirqd/3
15:10:43        0        53    0.00    0.00    0.00    0.00    0.00     2      0.00      0.00       0       0   0.00      2.00      0.00  kcompactd0
15:10:43        0       121    0.00    0.00    0.00    0.00    0.00     0      0.00      0.00       0       0   0.00      1.00      0.00  kworker/0:2-events
15:10:43        0       240    0.00    0.00    0.00    0.00    0.00     1      0.00      0.00  288968   27144   0.34      1.00      0.00  multipathd
15:10:43        0      2880    0.00    0.00    0.00    0.00    0.00     1      0.00      0.00       0       0   0.00      6.00      0.00  kworker/1:0-events
15:10:43        0      3475    0.00    0.00    0.00    0.00    0.00     1      0.00      0.00       0       0   0.00      8.00      0.00  kworker/u16:3-events_power_efficient
15:10:43        0      3514    0.00    0.00    0.00    0.00    0.00     3      0.00      0.00       0       0   0.00      1.00      0.00  kworker/3:2-mm_percpu_wq
15:10:43        0      3837    0.00    0.00    0.00    0.00    0.00     2      0.00      0.00       0       0   0.00      4.00      0.00  kworker/2:1-events
15:10:43     1000      4682    0.00    0.00    0.00    0.00    0.00     1      0.00      0.00   31444   21396   0.27     16.00      0.00  python3
15:10:43     1000      4690    0.00    0.00    0.00    0.00    0.00     1      0.00      0.00    9900    3356   0.04      1.00      0.00  vmstat
15:10:43     1000      4691    0.00    1.00    0.00    0.00    1.00     1      0.00      0.00    7712    3696   0.05      1.00      0.00  pidstat
15:10:43     1000      4851   93.00    7.00    0.00    0.00  100.00     0   2983.00      0.00   61752   54492   0.69      0.00      3.00  /home/ubuntu/pa
15:10:43     1000      4852   11.00    6.00    0.00    0.00   17.00     2    599.00      0.00 1817916   69388   0.88      0.00      0.00  hey

# Time        UID       PID    %usr %system  %guest   %wait    %CPU   CPU  minflt/s  majflt/s     VSZ     RSS   %MEM   cswch/s nvcswch/s  Command
15:10:44        0        16    0.00    0.00    0.00    0.00    0.00     1      0.00      0.00       0       0   0.00      2.00      0.00  rcu_sched
15:10:44        0        26    0.00    0.00    0.00    0.00    0.00     1      0.00      0.00       0       0   0.00      1.00      0.00  ksoftirqd/1
15:10:44        0        53    0.00    0.00    0.00    0.00    0.00     2      0.00      0.00       0       0   0.00      2.00      0.00  kcompactd0
15:10:44        0       121    0.00    0.00    0.00    0.00    0.00     0      0.00      0.00       0       0   0.00      6.00      0.00  kworker/0:2-events
15:10:44        0       240    0.00    0.00    0.00    0.00    0.00     1      0.00      0.00  288968   27144   0.34      2.00      0.00  multipathd
15:10:44        0      2880    0.00    0.00    0.00    0.00    0.00     1      0.00      0.00       0       0   0.00      5.00      0.00  kworker/1:0-events
15:10:44        0      3475    0.00    0.00    0.00    0.00    0.00     1      0.00      0.00       0       0   0.00      4.00      0.00  kworker/u16:3-events_power_efficient
15:10:44        0      3514    0.00    0.00    0.00    0.00    0.00     3      0.00      0.00       0       0   0.00      1.00      0.00  kworker/3:2-mm_percpu_wq
15:10:44        0      3837    0.00    0.00    0.00    0.00    0.00     2      0.00      0.00       0       0   0.00      1.00      0.00  kworker/2:1-mm_percpu_wq
15:10:44     1000      4682    0.00    0.00    0.00    0.00    0.00     1      0.00      0.00   31444   21396   0.27     20.00      0.00  python3
15:10:44     1000      4690    0.00    0.00    0.00    0.00    0.00     1      0.00      0.00    9900    3356   0.04      1.00      0.00  vmstat
15:10:44     1000      4691    0.00    0.00    0.00    0.00    0.00     1      0.00      0.00    7712    3696   0.05      1.00      0.00  pidstat
15:10:44        0      4812    0.00    0.00    0.00    0.00    0.00     3      0.00      0.00       0       0   0.00      1.00      0.00  kworker/u16:0-events_unbound
15:10:44     1000      4851   94.00    6.00    0.00    0.00  100.00     0      0.00      0.00   61752   54492   0.69      0.00      6.00  /home/ubuntu/pa
15:10:44     1000      4852   12.00    9.00    0.00    0.00   21.00     2    656.00      0.00 1818108   71564   0.90      0.00      0.00  hey

# Time        UID       PID    %usr %system  %guest   %wait    %CPU   CPU  minflt/s  majflt/s     VSZ     RSS   %MEM   cswch/s nvcswch/s  Command
15:10:45        0        53    0.00    0.00    0.00    0.00    0.00     2      0.00      0.00       0       0   0.00      2.00      0.00  kcompactd0
15:10:45        0       121    0.00    0.00    0.00    0.00    0.00     0      0.00      0.00       0       0   0.00      1.00      0.00  kworker/0:2-events
15:10:45        0       240    0.00    0.00    0.00    0.00    0.00     1      0.00      0.00  288968   27144   0.34      1.00      0.00  multipathd
15:10:45        0      2880    0.00    0.00    0.00    0.00    0.00     1      0.00      0.00       0       0   0.00      1.00      0.00  kworker/1:0-mm_percpu_wq
15:10:45        0      3514    0.00    0.00    0.00    0.00    0.00     3      0.00      0.00       0       0   0.00      6.00      0.00  kworker/3:2-events
15:10:45        0      3837    0.00    0.00    0.00    0.00    0.00     2      0.00      0.00       0       0   0.00      1.00      0.00  kworker/2:1-mm_percpu_wq
15:10:45     1000      4682    0.00    0.00    0.00    0.00    0.00     1      0.00      0.00   31444   21396   0.27     20.00      0.00  python3
15:10:45     1000      4690    0.00    0.00    0.00    0.00    0.00     1      0.00      0.00    9900    3356   0.04      1.00      0.00  vmstat
15:10:45     1000      4691    0.00    1.00    0.00    0.00    1.00     1      0.00      0.00    7712    3696   0.05      1.00      0.00  pidstat
15:10:45        0      4812    0.00    0.00    0.00    0.00    0.00     3      0.00      0.00       0       0   0.00      5.00      0.00  kworker/u16:0-events_power_efficient
15:10:45     1000      4851   93.00    7.00    0.00    0.00  100.00     0      0.00      0.00   61752   54492   0.69      0.00      1.00  /home/ubuntu/pa
15:10:45     1000      4852   13.00    9.00    0.00    0.00   22.00     2    329.00      0.00 1818172   72716   0.92      0.00      0.00  hey

# Time        UID       PID    %usr %system  %guest   %wait    %CPU   CPU  minflt/s  majflt/s     VSZ     RSS   %MEM   cswch/s nvcswch/s  Command
15:10:46        0        53    0.00    0.00    0.00    0.00    0.00     2      0.00      0.00       0       0   0.00      1.00      0.00  kcompactd0
15:10:46        0       121    0.00    0.00    0.00    0.00    0.00     0      0.00      0.00       0       0   0.00      6.00      0.00  kworker/0:2-events
15:10:46        0       240    0.00    0.00    0.00    0.00    0.00     1      0.00      0.00  288968   27144   0.34      1.00      0.00  multipathd
15:10:46        0      2880    0.00    0.00    0.00    0.00    0.00     1      0.00      0.00       0       0   0.00      3.00      0.00  kworker/1:0-events
15:10:46        0      3514    0.00    0.00    0.00    0.00    0.00     3      0.00      0.00       0       0   0.00      4.00      0.00  kworker/3:2-events
15:10:46        0      3837    0.00    0.00    0.00    0.00    0.00     2      0.00      0.00       0       0   0.00      2.00      0.00  kworker/2:1-events
15:10:46     1000      4682    0.00    0.00    0.00    0.00    0.00     1      0.00      0.00   31444   21396   0.27     20.00      0.00  python3
15:10:46     1000      4690    0.00    0.00    0.00    0.00    0.00     1      0.00      0.00    9900    3356   0.04      1.00      0.00  vmstat
15:10:46     1000      4691    0.00    0.00    0.00    0.00    0.00     1      0.00      0.00    7712    3696   0.05      1.00      0.00  pidstat
15:10:46        0      4812    0.00    0.00    0.00    0.00    0.00     1      0.00      0.00       0       0   0.00      6.00      0.00  kworker/u16:0-events_power_efficient
15:10:46     1000      4851   95.00    5.00    0.00    0.00  100.00     0      0.00      0.00   61752   54492   0.69      0.00      6.00  /home/ubuntu/pa
15:10:46     1000      4852   14.00    7.00    0.00    0.00   21.00     2    190.00      0.00 1818300   73356   0.93      0.00      0.00  hey

# Time        UID       PID    %usr %system  %guest   %wait    %CPU   CPU  minflt/s  majflt/s     VSZ     RSS   %MEM   cswch/s nvcswch/s  Command
15:10:47        0        16    0.00    0.00    0.00    0.00    0.00     1      0.00      0.00       0       0   0.00     10.00      0.00  rcu_sched
15:10:47        0        19    0.00    0.00    0.00    0.00    0.00     0      0.00      0.00       0       0   0.00      1.00      0.00  migration/0
15:10:47        0        25    0.00    0.00    0.00    0.00    0.00     1      0.00      0.00       0       0   0.00      1.00      0.00  migration/1
15:10:47        0        31    0.00    0.00    0.00    0.00    0.00     2      0.00      0.00       0       0   0.00      1.00      0.00  migration/2
15:10:47        0        37    0.00    0.00    0.00    0.00    0.00     3      0.00      0.00       0       0   0.00      1.00      0.00  migration/3
15:10:47        0        53    0.00    0.00    0.00    0.00    0.00     1      0.00      0.00       0       0   0.00      2.00      0.00  kcompactd0
15:10:47        0       121    0.00    0.00    0.00    0.00    0.00     0      0.00      0.00       0       0   0.00      2.00      0.00  kworker/0:2-events
15:10:47        0       240    0.00    0.00    0.00    0.00    0.00     1      0.00      0.00  288968   27144   0.34      1.00      0.00  multipathd
15:10:47      110       672    0.00    0.00    0.00    0.00    0.00     1      0.00      0.00   19416    3744   0.05      2.00      0.00  chronyd
15:10:47        0      2880    0.00    0.00    0.00    0.00    0.00     1      0.00      0.00       0       0   0.00      6.00      0.00  kworker/1:0-events
15:10:47        0      3475    0.00    0.00    0.00    0.00    0.00     2      0.00      0.00       0       0   0.00      1.00      0.00  kworker/u16:3-events_power_efficient
15:10:47        0      3514    0.00    0.00    0.00    0.00    0.00     3      0.00      0.00       0       0   0.00      1.00      0.00  kworker/3:2-mm_percpu_wq
15:10:47        0      3837    0.00    0.00    0.00    0.00    0.00     2      0.00      0.00       0       0   0.00      1.00      0.00  kworker/2:1-mm_percpu_wq
15:10:47     1000      4682    0.00    0.00    0.00    0.00    0.00     1      0.00      0.00   31444   21396   0.27     20.00      0.00  python3
15:10:47     1000      4690    0.00    0.00    0.00    0.00    0.00     1      0.00      0.00    9900    3356   0.04      1.00      0.00  vmstat
15:10:47     1000      4691    0.00    1.00    0.00    0.00    1.00     1      0.00      0.00    7712    3696   0.05      1.00      0.00  pidstat
15:10:47        0      4812    0.00    0.00    0.00    0.00    0.00     1      0.00      0.00       0       0   0.00      8.00      0.00  kworker/u16:0-events_power_efficient
15:10:47     1000      4851   95.00    5.00    0.00    0.00  100.00     0      0.00      0.00   61752   54492   0.69      0.00      3.00  /home/ubuntu/pa
15:10:47     1000      4852   13.00    8.00    0.00    0.00   21.00     2    136.00      0.00 1818300   73996   0.93      0.00      0.00  hey

# Time        UID       PID    %usr %system  %guest   %wait    %CPU   CPU  minflt/s  majflt/s     VSZ     RSS   %MEM   cswch/s nvcswch/s  Command
15:10:48        0        16    0.00    0.00    0.00    0.00    0.00     1      0.00      0.00       0       0   0.00      2.00      0.00  rcu_sched
15:10:48        0        53    0.00    0.00    0.00    0.00    0.00     1      0.00      0.00       0       0   0.00      2.00      0.00  kcompactd0
15:10:48        0       121    0.00    0.00    0.00    0.00    0.00     0      0.00      0.00       0       0   0.00      6.00      0.00  kworker/0:2-events
15:10:48        0       240    0.00    0.00    0.00    0.00    0.00     1      0.00      0.00  288968   27144   0.34      1.00      0.00  multipathd
15:10:48        0       591    0.00    0.00    0.00    0.00    0.00     2      0.00      0.00   83064    4556   0.06      1.00      0.00  irqbalance
15:10:48        0      2880    0.00    0.00    0.00    0.00    0.00     1      0.00      0.00       0       0   0.00      2.00      0.00  kworker/1:0-mm_percpu_wq
15:10:48        0      3475    0.00    0.00    0.00    0.00    0.00     2      0.00      0.00       0       0   0.00      9.00      0.00  kworker/u16:3-events_power_efficient
15:10:48        0      3514    0.00    0.00    0.00    0.00    0.00     3      0.00      0.00       0       0   0.00      1.00      0.00  kworker/3:2-mm_percpu_wq
15:10:48        0      3837    0.00    0.00    0.00    0.00    0.00     2      0.00      0.00       0       0   0.00      5.00      0.00  kworker/2:1-events
15:10:48     1000      4682    0.00    0.00    0.00    0.00    0.00     1      0.00      0.00   31444   21396   0.27     20.00      0.00  python3
15:10:48     1000      4690    0.00    0.00    0.00    0.00    0.00     1      0.00      0.00    9900    3356   0.04      1.00      0.00  vmstat
15:10:48     1000      4691    0.00    0.00    0.00    0.00    0.00     1      0.00      0.00    7712    3696   0.05      1.00      0.00  pidstat
15:10:48        0      4812    0.00    0.00    0.00    0.00    0.00     1      0.00      0.00       0       0   0.00      3.00      0.00  kworker/u16:0-events_power_efficient
15:10:48     1000      4851   94.00    6.00    0.00    0.00  100.00     0      0.00      0.00   61752   54492   0.69      0.00      6.00  /home/ubuntu/pa
15:10:48     1000      4852   15.00    7.00    0.00    0.00   22.00     2    175.00      0.00 1818300   74764   0.94      0.00      0.00  hey

# Time        UID       PID    %usr %system  %guest   %wait    %CPU   CPU  minflt/s  majflt/s     VSZ     RSS   %MEM   cswch/s nvcswch/s  Command
15:10:49        0        32    0.00    0.00    0.00    0.00    0.00     2      0.00      0.00       0       0   0.00      1.00      0.00  ksoftirqd/2
15:10:49        0        53    0.00    0.00    0.00    0.00    0.00     1      0.00      0.00       0       0   0.00      2.00      0.00  kcompactd0
15:10:49        0       121    0.00    0.00    0.00    0.00    0.00     0      0.00      0.00       0       0   0.00      2.00      0.00  kworker/0:2-events
15:10:49        0       240    0.00    0.00    0.00    0.00    0.00     1      0.00      0.00  288968   27144   0.34      1.00      0.00  multipathd
15:10:49        0      2880    0.00    0.00    0.00    0.00    0.00     1      0.00      0.00       0       0   0.00      1.00      0.00  kworker/1:0-mm_percpu_wq
15:10:49        0      3475    0.00    0.00    0.00    0.00    0.00     2      0.00      0.00       0       0   0.00      5.00      0.00  kworker/u16:3-events_power_efficient
15:10:49        0      3514    0.00    0.00    0.00    0.00    0.00     3      0.00      0.00       0       0   0.00      1.00      0.00  kworker/3:2-mm_percpu_wq
15:10:49        0      3837    0.00    0.00    0.00    0.00    0.00     2      0.00      0.00       0       0   0.00      5.00      0.00  kworker/2:1-events
15:10:49     1000      4682    0.00    0.00    0.00    0.00    0.00     1      0.00      0.00   31444   21396   0.27     20.00      0.00  python3
15:10:49     1000      4690    0.00    0.00    0.00    0.00    0.00     1      0.00      0.00    9900    3356   0.04      1.00      0.00  vmstat
15:10:49     1000      4691    0.00    1.00    0.00    0.00    1.00     1      0.00      0.00    7712    3696   0.05      1.00      0.00  pidstat
15:10:49     1000      4851   95.00    5.00    0.00    0.00  100.00     0      0.00      0.00   61752   54492   0.69      0.00      2.00  /home/ubuntu/pa
15:10:49     1000      4852   14.00    8.00    0.00    0.00   22.00     2    136.00      0.00 1818300   75276   0.95      0.00      0.00  hey

# Time        UID       PID    %usr %system  %guest   %wait    %CPU   CPU  minflt/s  majflt/s     VSZ     RSS   %MEM   cswch/s nvcswch/s  Command
15:10:50        0        53    0.00    0.00    0.00    0.00    0.00     1      0.00      0.00       0       0   0.00      2.00      0.00  kcompactd0
15:10:50        0       121    0.00    0.00    0.00    0.00    0.00     0      0.00      0.00       0       0   0.00      7.00      0.00  kworker/0:2-events
15:10:50        0       240    0.00    0.00    0.00    0.00    0.00     1      0.00      0.00  288968   27144   0.34      2.00      0.00  multipathd
15:10:50        0      2880    0.00    0.00    0.00    0.00    0.00     1      0.00      0.00       0       0   0.00      1.00      0.00  kworker/1:0-mm_percpu_wq
15:10:50        0      3475    0.00    0.00    0.00    0.00    0.00     1      0.00      0.00       0       0   0.00      6.00      0.00  kworker/u16:3-events_unbound
15:10:50        0      3514    0.00    0.00    0.00    0.00    0.00     3      0.00      0.00       0       0   0.00      1.00      0.00  kworker/3:2-mm_percpu_wq
15:10:50        0      3837    0.00    0.00    0.00    0.00    0.00     2      0.00      0.00       0       0   0.00      7.00      0.00  kworker/2:1-events
15:10:50     1000      4682    0.00    1.00    0.00    0.00    1.00     1      0.00      0.00   31444   21396   0.27     20.00      0.00  python3
15:10:50     1000      4690    0.00    0.00    0.00    0.00    0.00     1      0.00      0.00    9900    3356   0.04      1.00      0.00  vmstat
15:10:50     1000      4691    0.00    0.00    0.00    0.00    0.00     1      0.00      0.00    7712    3696   0.05      1.00      0.00  pidstat
15:10:50     1000      4851   94.00    6.00    0.00    0.00  100.00     0      0.00      0.00   61752   54492   0.69      0.00      7.00  /home/ubuntu/pa
15:10:50     1000      4852   13.00    8.00    0.00    0.00   21.00     2    272.00      0.00 1818300   76172   0.96      0.00      0.00  hey

# Time        UID       PID    %usr %system  %guest   %wait    %CPU   CPU  minflt/s  majflt/s     VSZ     RSS   %MEM   cswch/s nvcswch/s  Command
15:10:51        0        16    0.00    0.00    0.00    0.00    0.00     1      0.00      0.00       0       0   0.00      2.00      0.00  rcu_sched
15:10:51        0        19    0.00    0.00    0.00    0.00    0.00     0      0.00      0.00       0       0   0.00      1.00      0.00  migration/0
15:10:51        0        25    0.00    0.00    0.00    0.00    0.00     1      0.00      0.00       0       0   0.00      1.00      0.00  migration/1
15:10:51        0        31    0.00    0.00    0.00    0.00    0.00     2      0.00      0.00       0       0   0.00      1.00      0.00  migration/2
15:10:51        0        37    0.00    0.00    0.00    0.00    0.00     3      0.00      0.00       0       0   0.00      1.00      0.00  migration/3
15:10:51        0        53    0.00    0.00    0.00    0.00    0.00     1      0.00      0.00       0       0   0.00      2.00      0.00  kcompactd0
15:10:51        0       121    0.00    0.00    0.00    0.00    0.00     0      0.00      0.00       0       0   0.00      1.00      0.00  kworker/0:2-events
15:10:51        0       240    0.00    0.00    0.00    0.00    0.00     1      0.00      0.00  288968   27144   0.34      1.00      0.00  multipathd
15:10:51        0      2880    0.00    0.00    0.00    0.00    0.00     1      0.00      0.00       0       0   0.00      5.00      0.00  kworker/1:0-events
15:10:51        0      3475    0.00    0.00    0.00    0.00    0.00     1      0.00      0.00       0       0   0.00      5.00      0.00  kworker/u16:3-events_power_efficient
15:10:51        0      3514    0.00    0.00    0.00    0.00    0.00     3      0.00      0.00       0       0   0.00      1.00      0.00  kworker/3:2-mm_percpu_wq
15:10:51        0      3837    0.00    0.00    0.00    0.00    0.00     2      0.00      0.00       0       0   0.00      1.00      0.00  kworker/2:1-mm_percpu_wq
15:10:51     1000      4666    0.00    0.00    0.00    0.00    0.00     2      0.00      0.00   15008    7192   0.09      1.00      0.00  sshd
15:10:51     1000      4682    0.00    0.00    0.00    0.00    0.00     1      0.00      0.00   31444   21396   0.27     20.00      0.00  python3
15:10:51     1000      4690    0.00    0.00    0.00    0.00    0.00     1      0.00      0.00    9900    3356   0.04      1.00      0.00  vmstat
15:10:51     1000      4691    0.00    1.00    0.00    0.00    1.00     1      0.00      0.00    7712    3696   0.05      1.00      0.00  pidstat
15:10:51     1000      4851   94.00    6.00    0.00    0.00  100.00     0      0.00      0.00   61752   54492   0.69      0.00      2.00  /home/ubuntu/pa
15:10:51     1000      4852   13.00    8.00    0.00    0.00   21.00     2    121.00      0.00 1818300   76684   0.97      0.00      0.00  hey

# Time        UID       PID    %usr %system  %guest   %wait    %CPU   CPU  minflt/s  majflt/s     VSZ     RSS   %MEM   cswch/s nvcswch/s  Command
15:10:52        0        16    0.00    0.00    0.00    0.00    0.00     1      0.00      0.00       0       0   0.00      2.00      0.00  rcu_sched
15:10:52        0        38    0.00    0.00    0.00    0.00    0.00     3      0.00      0.00       0       0   0.00      1.00      0.00  ksoftirqd/3
15:10:52        0        53    0.00    0.00    0.00    0.00    0.00     1      0.00      0.00       0       0   0.00      2.00      0.00  kcompactd0
15:10:52        0       121    0.00    0.00    0.00    0.00    0.00     0      0.00      0.00       0       0   0.00      5.00      0.00  kworker/0:2-events
15:10:52        0       240    0.00    0.00    0.00    0.00    0.00     1      0.00      0.00  288968   27144   0.34      1.00      0.00  multipathd
15:10:52        0      2880    0.00    0.00    0.00    0.00    0.00     1      0.00      0.00       0       0   0.00      6.00      0.00  kworker/1:0-events
15:10:52        0      3475    0.00    0.00    0.00    0.00    0.00     1      0.00      0.00       0       0   0.00      7.00      0.00  kworker/u16:3-events_power_efficient
15:10:52        0      3514    0.00    0.00    0.00    0.00    0.00     3      0.00      0.00       0       0   0.00      2.00      0.00  kworker/3:2-events
15:10:52        0      3837    0.00    0.00    0.00    0.00    0.00     2      0.00      0.00       0       0   0.00      1.00      0.00  kworker/2:1-mm_percpu_wq
15:10:52     1000      4682    0.00    0.00    0.00    0.00    0.00     1      0.00      0.00   31444   21396   0.27     20.00      0.00  python3
15:10:52     1000      4690    0.00    0.00    0.00    0.00    0.00     1      0.00      0.00    9900    3356   0.04      1.00      0.00  vmstat
15:10:52     1000      4691    1.00    0.00    0.00    0.00    1.00     1      0.00      0.00    7712    3696   0.05      1.00      0.00  pidstat
15:10:52     1000      4851   94.00    6.00    0.00    0.00  100.00     0      0.00      0.00   61752   54492   0.69      0.00      5.00  /home/ubuntu/pa
15:10:52     1000      4852   13.00    8.00    0.00    0.00   21.00     2    125.00      0.00 1818300   77196   0.98      0.00      0.00  hey

# Time        UID       PID    %usr %system  %guest   %wait    %CPU   CPU  minflt/s  majflt/s     VSZ     RSS   %MEM   cswch/s nvcswch/s  Command
15:10:53        0        16    0.00    0.00    0.00    0.00    0.00     1      0.00      0.00       0       0   0.00     51.00      0.00  rcu_sched
15:10:53        0        25    0.00    0.00    0.00    0.00    0.00     1      0.00      0.00       0       0   0.00      2.00      0.00  migration/1
15:10:53        0        26    0.00    0.00    0.00    0.00    0.00     1      0.00      0.00       0       0   0.00      2.00      0.00  ksoftirqd/1
15:10:53        0        38    0.00    0.00    0.00    0.00    0.00     3      0.00      0.00       0       0   0.00      1.00      0.00  ksoftirqd/3
15:10:53        0        53    0.00    0.00    0.00    0.00    0.00     1      0.00      0.00       0       0   0.00      2.00      0.00  kcompactd0
15:10:53        0       121    0.00    0.00    0.00    0.00    0.00     0      0.00      0.00       0       0   0.00      2.00      0.00  kworker/0:2-events
15:10:53        0       240    0.00    0.00    0.00    0.00    0.00     1      0.00      0.00  288968   27144   0.34      1.00      0.00  multipathd
15:10:53      110       672    0.00    0.00    0.00    0.00    0.00     3      0.00      0.00   19416    3744   0.05      1.00      0.00  chronyd
15:10:53        0      2880    0.00    0.00    0.00    0.00    0.00     1      0.00      0.00       0       0   0.00      6.00      0.00  kworker/1:0-events
15:10:53        0      3475    0.00    0.00    0.00    0.00    0.00     1      0.00      0.00       0       0   0.00      8.00      0.00  kworker/u16:3-flush-259:0
15:10:53        0      3514    0.00    0.00    0.00    1.00    0.00     3      0.00      0.00       0       0   0.00      4.00      0.00  kworker/3:2-events
15:10:53        0      3837    0.00    0.00    0.00    0.00    0.00     2      0.00      0.00       0       0   0.00      2.00      0.00  kworker/2:1-events
15:10:53     1000      4682    1.00    0.00    0.00    0.00    1.00     1      0.00      0.00   31444   21396   0.27     18.00      0.00  python3
15:10:53     1000      4690    0.00    0.00    0.00    0.00    0.00     1      0.00      0.00    9900    3356   0.04      1.00      0.00  vmstat
15:10:53     1000      4691    0.00    0.00    0.00    0.00    0.00     1      0.00      0.00    7712    3696   0.05      1.00      0.00  pidstat
15:10:53     1000      4867    0.00    0.00    0.00    0.00    0.00     0    145.00      0.00    2704    1528   0.02      1.00      1.00  time
15:10:53     1000      4868   13.00    2.00    0.00    0.00   15.00     0   8054.00      0.00   48624   41496   0.52      5.00      0.00  /home/ubuntu/pa
15:10:53     1000      4869    0.00    0.00    0.00    0.00    0.00     2   1535.00      0.00 1676788   10756   0.14      4.00      2.00  hey

# Time        UID       PID    %usr %system  %guest   %wait    %CPU   CPU  minflt/s  majflt/s     VSZ     RSS   %MEM   cswch/s nvcswch/s  Command
15:10:54        0        16    0.00    0.00    0.00    0.00    0.00     1      0.00      0.00       0       0   0.00     12.00      0.00  rcu_sched
15:10:54        0        53    0.00    0.00    0.00    0.00    0.00     1      0.00      0.00       0       0   0.00      2.00      0.00  kcompactd0
15:10:54        0       121    0.00    0.00    0.00    0.00    0.00     0      0.00      0.00       0       0   0.00      4.00      0.00  kworker/0:2-events
15:10:54        0       240    0.00    0.00    0.00    0.00    0.00     1      0.00      0.00  288968   27144   0.34      1.00      0.00  multipathd
15:10:54        0      2880    0.00    0.00    0.00    0.00    0.00     1      0.00      0.00       0       0   0.00      6.00      0.00  kworker/1:0-events
15:10:54        0      3475    0.00    0.00    0.00    0.00    0.00     1      0.00      0.00       0       0   0.00      4.00      0.00  kworker/u16:3-events_power_efficient
15:10:54        0      3514    0.00    0.00    0.00    0.00    0.00     3      0.00      0.00       0       0   0.00      2.00      0.00  kworker/3:2-events
15:10:54        0      3837    0.00    0.00    0.00    0.00    0.00     2      0.00      0.00       0       0   0.00      1.00      0.00  kworker/2:1-mm_percpu_wq
15:10:54     1000      4690    0.00    0.00    0.00    0.00    0.00     1      0.00      0.00    9900    3356   0.04      1.00      0.00  vmstat
15:10:54     1000      4691    0.00    1.00    0.00    0.00    1.00     1      0.00      0.00    7712    3696   0.05      1.00      0.00  pidstat
15:10:54     1000      4868   93.00    6.00    0.00    0.00   99.00     0    361.00      0.00   50076   42904   0.54      1.00      4.00  /home/ubuntu/pa
15:10:54     1000      4869   11.00   11.00    0.00    0.00   22.00     2  13384.00      0.00 1743480   57988   0.73      0.00      0.00  hey

# Time        UID       PID    %usr %system  %guest   %wait    %CPU   CPU  minflt/s  majflt/s     VSZ     RSS   %MEM   cswch/s nvcswch/s  Command
15:10:55        0        16    0.00    0.00    0.00    0.00    0.00     1      0.00      0.00       0       0   0.00      6.00      0.00  rcu_sched
15:10:55        0        19    0.00    0.00    0.00    0.00    0.00     0      0.00      0.00       0       0   0.00      1.00      0.00  migration/0
15:10:55        0        25    0.00    0.00    0.00    0.00    0.00     1      0.00      0.00       0       0   0.00      2.00      0.00  migration/1
15:10:55        0        31    0.00    0.00    0.00    0.00    0.00     2      0.00      0.00       0       0   0.00      1.00      0.00  migration/2
15:10:55        0        37    0.00    0.00    0.00    0.00    0.00     3      0.00      0.00       0       0   0.00      1.00      0.00  migration/3
15:10:55        0        53    0.00    0.00    0.00    0.00    0.00     1      0.00      0.00       0       0   0.00      2.00      0.00  kcompactd0
15:10:55        0       121    0.00    0.00    0.00    0.00    0.00     0      0.00      0.00       0       0   0.00      2.00      0.00  kworker/0:2-events
15:10:55        0       162    0.00    0.00    0.00    0.00    0.00     2      0.00      0.00       0       0   0.00      1.00      0.00  kworker/2:1H-kblockd
15:10:55        0       240    0.00    0.00    0.00    0.00    0.00     1      0.00      0.00  288968   27144   0.34      1.00      0.00  multipathd
15:10:55        0      2880    0.00    0.00    0.00    0.00    0.00     1      0.00      0.00       0       0   0.00      2.00      0.00  kworker/1:0-events
15:10:55        0      3475    0.00    0.00    0.00    0.00    0.00     1      0.00      0.00       0       0   0.00      6.00      0.00  kworker/u16:3-events_power_efficient
15:10:55        0      3514    0.00    0.00    0.00    0.00    0.00     3      0.00      0.00       0       0   0.00      2.00      0.00  kworker/3:2-events
15:10:55        0      3837    0.00    0.00    0.00    0.00    0.00     2      0.00      0.00       0       0   0.00      5.00      0.00  kworker/2:1-events
15:10:55     1000      4682    0.00    0.00    0.00    0.00    0.00     1      0.00      0.00   31444   21396   0.27      2.00      0.00  python3
15:10:55     1000      4690    0.00    0.00    0.00    0.00    0.00     1      0.00      0.00    9900    3356   0.04      1.00      0.00  vmstat
15:10:55     1000      4691    0.00    0.00    0.00    0.00    0.00     1      0.00      0.00    7712    3696   0.05      1.00      0.00  pidstat
15:10:55     1000      4868   95.00    6.00    0.00    0.00  101.00     0    140.00      0.00   50604   43416   0.55      0.00      3.00  /home/ubuntu/pa
15:10:55     1000      4869   12.00    8.00    0.00    0.00   20.00     2   2755.00      0.00 1817724   67644   0.85      0.00      0.00  hey
15:10:55     1000      4877    0.00    1.00    0.00    0.00    1.00     3   2499.00      0.00 1602672   11584   0.15      5.00      2.00  hey

# Time        UID       PID    %usr %system  %guest   %wait    %CPU   CPU  minflt/s  majflt/s     VSZ     RSS   %MEM   cswch/s nvcswch/s  Command
15:10:56        0        14    0.00    0.00    0.00    0.00    0.00     0      0.00      0.00       0       0   0.00      1.00      0.00  ksoftirqd/0
15:10:56        0        16    0.00    0.00    0.00    0.00    0.00     3      0.00      0.00       0       0   0.00     53.00      0.00  rcu_sched
15:10:56        0        26    0.00    0.00    0.00    0.00    0.00     1      0.00      0.00       0       0   0.00      1.00      0.00  ksoftirqd/1
15:10:56        0        32    0.00    0.00    0.00    0.00    0.00     2      0.00      0.00       0       0   0.00      4.00      0.00  ksoftirqd/2
15:10:56        0        38    0.00    0.00    0.00    0.00    0.00     3      0.00      0.00       0       0   0.00      3.00      0.00  ksoftirqd/3
15:10:56        0        53    0.00    0.00    0.00    0.00    0.00     1      0.00      0.00       0       0   0.00      2.00      0.00  kcompactd0
15:10:56        0       121    0.00    0.00    0.00    0.00    0.00     0      0.00      0.00       0       0   0.00      5.00      0.00  kworker/0:2-events
15:10:56        0       240    0.00    0.00    0.00    0.00    0.00     1      0.00      0.00  288968   27144   0.34      1.00      0.00  multipathd
15:10:56        0      2880    0.00    0.00    0.00    0.00    0.00     1      0.00      0.00       0       0   0.00      6.00      0.00  kworker/1:0-events
15:10:56        0      3475    0.00    0.00    0.00    0.00    0.00     1      0.00      0.00       0       0   0.00      5.00      0.00  kworker/u16:3-events_power_efficient
15:10:56        0      3514    0.00    0.00    0.00    0.00    0.00     3      0.00      0.00       0       0   0.00      2.00      0.00  kworker/3:2-events
15:10:56        0      3837    0.00    0.00    0.00    0.00    0.00     2      0.00      0.00       0       0   0.00      3.00      0.00  kworker/2:1-events
15:10:56     1000      4682    0.00    0.00    0.00    0.00    0.00     1      0.00      0.00   31444   21396   0.27     22.00      0.00  python3
15:10:56     1000      4690    0.00    0.00    0.00    0.00    0.00     1      0.00      0.00    9900    3356   0.04      1.00      0.00  vmstat
15:10:56     1000      4691    1.00    0.00    0.00    0.00    1.00     1      0.00      0.00    7712    3696   0.05      1.00      0.00  pidstat
15:10:56     1000      4868   94.00    6.00    0.00    0.00  100.00     0   2777.00      0.00   61716   54552   0.69      0.00      6.00  /home/ubuntu/pa
15:10:56     1000      4869   10.00    6.00    0.00    0.00   16.00     2   1417.00      0.00 1818236   72508   0.92      0.00      0.00  hey

# Time        UID       PID    %usr %system  %guest   %wait    %CPU   CPU  minflt/s  majflt/s     VSZ     RSS   %MEM   cswch/s nvcswch/s  Command
15:10:57        0        53    0.00    0.00    0.00    0.00    0.00     2      0.00      0.00       0       0   0.00      2.00      0.00  kcompactd0
15:10:57        0       121    0.00    0.00    0.00    0.00    0.00     0      0.00      0.00       0       0   0.00      1.00      0.00  kworker/0:2-events
15:10:57        0       240    0.00    0.00    0.00    0.00    0.00     1      0.00      0.00  288968   27144   0.34      1.00      0.00  multipathd
15:10:57        0      2880    0.00    0.00    0.00    0.00    0.00     1      0.00      0.00       0       0   0.00      5.00      0.00  kworker/1:0-events
15:10:57        0      3475    0.00    0.00    0.00    0.00    0.00     1      0.00      0.00       0       0   0.00      7.00      0.00  kworker/u16:3-events_power_efficient
15:10:57        0      3514    0.00    0.00    0.00    0.00    0.00     3      0.00      0.00       0       0   0.00      1.00      0.00  kworker/3:2-mm_percpu_wq
15:10:57        0      3837    0.00    0.00    0.00    0.00    0.00     2      0.00      0.00       0       0   0.00      1.00      0.00  kworker/2:1-mm_percpu_wq
15:10:57     1000      4682    0.00    0.00    0.00    0.00    0.00     1      0.00      0.00   31444   21396   0.27     20.00      0.00  python3
15:10:57     1000      4690    0.00    0.00    0.00    0.00    0.00     1      0.00      0.00    9900    3356   0.04      1.00      0.00  vmstat
15:10:57     1000      4691    0.00    1.00    0.00    0.00    1.00     1      0.00      0.00    7712    3696   0.05      1.00      1.00  pidstat
15:10:57     1000      4868   93.00    7.00    0.00    0.00  100.00     0      0.00      0.00   61716   54552   0.69      0.00      1.00  /home/ubuntu/pa
15:10:57     1000      4869   12.00    7.00    0.00    0.00   19.00     2    171.00      0.00 1818492   72892   0.92      0.00      0.00  hey

# Time        UID       PID    %usr %system  %guest   %wait    %CPU   CPU  minflt/s  majflt/s     VSZ     RSS   %MEM   cswch/s nvcswch/s  Command
15:10:58        0         1    0.00    0.00    0.00    0.00    0.00     3     11.00      0.00   22184   13224   0.17      1.00      0.00  systemd
15:10:58        0        16    0.00    0.00    0.00    0.00    0.00     1      0.00      0.00       0       0   0.00      8.00      0.00  rcu_sched
15:10:58        0        26    0.00    0.00    0.00    0.00    0.00     1      0.00      0.00       0       0   0.00      2.00      0.00  ksoftirqd/1
15:10:58        0        53    0.00    0.00    0.00    0.00    0.00     2      0.00      0.00       0       0   0.00      2.00      0.00  kcompactd0
15:10:58        0       121    0.00    0.00    0.00    0.00    0.00     0      0.00      0.00       0       0   0.00      8.00      0.00  kworker/0:2-events
15:10:58        0       178    0.00    0.00    0.00    0.00    0.00     1      0.00      0.00   66928   17524   0.22      1.00      0.00  systemd-journal
15:10:58        0       240    0.00    0.00    0.00    0.00    0.00     1      0.00      0.00  288968   27144   0.34      1.00      0.00  multipathd
15:10:58        0       244    0.00    0.00    0.00    0.00    0.00     2      0.00      0.00   29240    8108   0.10      1.00      0.00  systemd-udevd
15:10:58      991       391    0.00    0.00    0.00    0.00    0.00     3      0.00      0.00   21480   12344   0.16      1.00      0.00  systemd-resolve
15:10:58      998       541    0.00    0.00    0.00    0.00    0.00     1      0.00      0.00   22432    9924   0.13      1.00      0.00  systemd-network
15:10:58        0       591    0.00    0.00    0.00    0.00    0.00     1      0.00      0.00   83064    4556   0.06      1.00      0.00  irqbalance
15:10:58      110       672    0.00    0.00    0.00    0.00    0.00     1      0.00      0.00   19416    3744   0.05      4.00      0.00  chronyd
15:10:58        0      2880    0.00    0.00    0.00    0.00    0.00     1      0.00      0.00       0       0   0.00      7.00      0.00  kworker/1:0-events
15:10:58        0      3475    0.00    0.00    0.00    0.00    0.00     1      0.00      0.00       0       0   0.00      7.00      0.00  kworker/u16:3-events_power_efficient
15:10:58        0      3514    0.00    0.00    0.00    0.00    0.00     3      0.00      0.00       0       0   0.00      1.00      0.00  kworker/3:2-mm_percpu_wq
15:10:58        0      3837    0.00    0.00    0.00    0.00    0.00     2      0.00      0.00       0       0   0.00      2.00      0.00  kworker/2:1-events
15:10:58     1000      4682    0.00    0.00    0.00    0.00    0.00     1      0.00      0.00   31444   21396   0.27     20.00      0.00  python3
15:10:58     1000      4690    0.00    0.00    0.00    0.00    0.00     1      0.00      0.00    9900    3356   0.04      1.00      0.00  vmstat
15:10:58     1000      4691    0.00    0.00    0.00    0.00    0.00     1      0.00      0.00    7712    3696   0.05      1.00      1.00  pidstat
15:10:58     1000      4868   94.00    6.00    0.00    0.00  100.00     0      0.00      0.00   61716   54552   0.69      0.00      8.00  /home/ubuntu/pa
15:10:58     1000      4869   13.00    7.00    0.00    0.00   20.00     2    337.00      0.00 1818492   74172   0.94      0.00      0.00  hey

# Time        UID       PID    %usr %system  %guest   %wait    %CPU   CPU  minflt/s  majflt/s     VSZ     RSS   %MEM   cswch/s nvcswch/s  Command
15:10:59        0        19    0.00    0.00    0.00    0.00    0.00     0      0.00      0.00       0       0   0.00      1.00      0.00  migration/0
15:10:59        0        25    0.00    0.00    0.00    0.00    0.00     1      0.00      0.00       0       0   0.00      1.00      0.00  migration/1
15:10:59        0        31    0.00    0.00    0.00    0.00    0.00     2      0.00      0.00       0       0   0.00      1.00      0.00  migration/2
15:10:59        0        37    0.00    0.00    0.00    0.00    0.00     3      0.00      0.00       0       0   0.00      1.00      0.00  migration/3
15:10:59        0        53    0.00    0.00    0.00    0.00    0.00     2      0.00      0.00       0       0   0.00      2.00      0.00  kcompactd0
15:10:59        0       121    0.00    0.00    0.00    0.00    0.00     0      0.00      0.00       0       0   0.00      1.00      0.00  kworker/0:2-events
15:10:59        0       240    0.00    0.00    0.00    0.00    0.00     1      0.00      0.00  288968   27144   0.34      1.00      0.00  multipathd
15:10:59        0      2880    0.00    0.00    0.00    0.00    0.00     1      0.00      0.00       0       0   0.00      5.00      0.00  kworker/1:0-events
15:10:59        0      3475    0.00    0.00    0.00    0.00    0.00     1      0.00      0.00       0       0   0.00     12.00      0.00  kworker/u16:3-events_power_efficient
15:10:59        0      3514    0.00    0.00    0.00    0.00    0.00     3      0.00      0.00       0       0   0.00      1.00      0.00  kworker/3:2-mm_percpu_wq
15:10:59        0      3837    0.00    0.00    0.00    0.00    0.00     2      0.00      0.00       0       0   0.00      2.00      0.00  kworker/2:1-events
15:10:59     1000      4682    0.00    0.00    0.00    0.00    0.00     1      0.00      0.00   31444   21396   0.27     19.00      0.00  python3
15:10:59     1000      4690    0.00    0.00    0.00    0.00    0.00     1      0.00      0.00    9900    3356   0.04      1.00      0.00  vmstat
15:10:59     1000      4691    0.00    1.00    0.00    0.00    1.00     1      0.00      0.00    7712    3696   0.05      1.00      0.00  pidstat
15:10:59     1000      4868   93.00    6.00    0.00    0.00   99.00     0      0.00      0.00   61716   54552   0.69      0.00      2.00  /home/ubuntu/pa
15:10:59     1000      4869   13.00    7.00    0.00    0.00   20.00     2    184.00      0.00 1818620   74940   0.95      0.00      0.00  hey

# Time        UID       PID    %usr %system  %guest   %wait    %CPU   CPU  minflt/s  majflt/s     VSZ     RSS   %MEM   cswch/s nvcswch/s  Command
15:11:00        0        16    0.00    0.00    0.00    0.00    0.00     2      0.00      0.00       0       0   0.00      2.00      0.00  rcu_sched
15:11:00        0        53    0.00    0.00    0.00    0.00    0.00     2      0.00      0.00       0       0   0.00      2.00      0.00  kcompactd0
15:11:00        0       121    0.00    0.00    0.00    0.00    0.00     0      0.00      0.00       0       0   0.00      7.00      0.00  kworker/0:2-events
15:11:00        0       240    0.00    0.00    0.00    0.00    0.00     1      0.00      0.00  288968   27144   0.34      1.00      0.00  multipathd
15:11:00        0      2880    0.00    0.00    0.00    0.00    0.00     1      0.00      0.00       0       0   0.00      5.00      0.00  kworker/1:0-events
15:11:00        0      3475    0.00    0.00    0.00    0.00    0.00     1      0.00      0.00       0       0   0.00      4.00      0.00  kworker/u16:3-events_power_efficient
15:11:00        0      3514    0.00    0.00    0.00    0.00    0.00     3      0.00      0.00       0       0   0.00      2.00      0.00  kworker/3:2-events
15:11:00        0      3837    0.00    0.00    0.00    0.00    0.00     2      0.00      0.00       0       0   0.00      1.00      0.00  kworker/2:1-mm_percpu_wq
15:11:00     1000      4682    0.00    0.00    0.00    0.00    0.00     1      0.00      0.00   31444   21396   0.27     20.00      0.00  python3
15:11:00     1000      4690    0.00    0.00    0.00    0.00    0.00     1      0.00      0.00    9900    3356   0.04      1.00      0.00  vmstat
15:11:00     1000      4691    0.00    0.00    0.00    0.00    0.00     1      0.00      0.00    7712    3696   0.05      1.00      1.00  pidstat
15:11:00     1000      4868   93.00    8.00    0.00    0.00  101.00     0      0.00      0.00   61716   54552   0.69      0.00      7.00  /home/ubuntu/pa
15:11:00     1000      4869   12.00    8.00    0.00    0.00   20.00     2    150.00      0.00 1818620   75452   0.95      0.00      0.00  hey

# Time        UID       PID    %usr %system  %guest   %wait    %CPU   CPU  minflt/s  majflt/s     VSZ     RSS   %MEM   cswch/s nvcswch/s  Command
15:11:01        0        53    0.00    0.00    0.00    0.00    0.00     2      0.00      0.00       0       0   0.00      2.00      0.00  kcompactd0
15:11:01        0       121    0.00    0.00    0.00    0.00    0.00     0      0.00      0.00       0       0   0.00      5.00      0.00  kworker/0:2-events
15:11:01        0       240    0.00    0.00    0.00    0.00    0.00     1      0.00      0.00  288968   27144   0.34      1.00      0.00  multipathd
15:11:01        0       584    0.00    0.00    0.00    0.00    0.00     1      0.00      0.00    7236    2884   0.04      1.00      0.00  cron
15:11:01        0      2880    0.00    0.00    0.00    0.00    0.00     1      0.00      0.00       0       0   0.00      6.00      0.00  kworker/1:0-events
15:11:01        0      3475    0.00    0.00    0.00    0.00    0.00     1      0.00      0.00       0       0   0.00      6.00      0.00  kworker/u16:3-events_power_efficient
15:11:01        0      3514    0.00    0.00    0.00    0.00    0.00     3      0.00      0.00       0       0   0.00      1.00      0.00  kworker/3:2-mm_percpu_wq
15:11:01        0      3837    0.00    0.00    0.00    0.00    0.00     2      0.00      0.00       0       0   0.00      1.00      0.00  kworker/2:1-mm_percpu_wq
15:11:01     1000      4682    0.00    0.00    0.00    0.00    0.00     1      0.00      0.00   31444   21396   0.27     20.00      0.00  python3
15:11:01     1000      4690    0.00    0.00    0.00    0.00    0.00     1      0.00      0.00    9900    3356   0.04      1.00      0.00  vmstat
15:11:01     1000      4691    0.00    1.00    0.00    0.00    1.00     1      0.00      0.00    7712    3696   0.05      1.00      0.00  pidstat
15:11:01     1000      4868   93.00    7.00    0.00    0.00  100.00     0      0.00      0.00   61716   54552   0.69      0.00      5.00  /home/ubuntu/pa
15:11:01     1000      4869   11.00    7.00    0.00    0.00   18.00     2    134.00      0.00 1818620   75964   0.96      0.00      0.00  hey

# Time        UID       PID    %usr %system  %guest   %wait    %CPU   CPU  minflt/s  majflt/s     VSZ     RSS   %MEM   cswch/s nvcswch/s  Command
15:11:02        0        53    0.00    0.00    0.00    0.00    0.00     2      0.00      0.00       0       0   0.00      2.00      0.00  kcompactd0
15:11:02        0       121    0.00    0.00    0.00    0.00    0.00     0      0.00      0.00       0       0   0.00      8.00      0.00  kworker/0:2-events
15:11:02        0       240    0.00    0.00    0.00    0.00    0.00     1      0.00      0.00  288968   27144   0.34      1.00      0.00  multipathd
15:11:02        0      2880    0.00    0.00    0.00    0.00    0.00     1      0.00      0.00       0       0   0.00      7.00      0.00  kworker/1:0-events
15:11:02        0      3475    0.00    0.00    0.00    1.00    0.00     1      0.00      0.00       0       0   0.00      6.00      0.00  kworker/u16:3-events_power_efficient
15:11:02        0      3514    0.00    0.00    0.00    0.00    0.00     3      0.00      0.00       0       0   0.00      1.00      0.00  kworker/3:2-mm_percpu_wq
15:11:02        0      3837    0.00    0.00    0.00    0.00    0.00     2      0.00      0.00       0       0   0.00      2.00      0.00  kworker/2:1-events
15:11:02     1000      4682    0.00    0.00    0.00    0.00    0.00     1      0.00      0.00   31444   21396   0.27     20.00      0.00  python3
15:11:02     1000      4690    0.00    0.00    0.00    0.00    0.00     1      0.00      0.00    9900    3356   0.04      1.00      0.00  vmstat
15:11:02     1000      4691    0.00    0.00    0.00    0.00    0.00     1      0.00      0.00    7712    3696   0.05      1.00      1.00  pidstat
15:11:02     1000      4868   93.00    6.00    0.00    0.00   99.00     0      0.00      0.00   61716   54552   0.69      0.00      8.00  /home/ubuntu/pa
15:11:02     1000      4869   14.00    7.00    0.00    0.00   21.00     2    296.00      0.00 1818620   77116   0.97      0.00      0.00  hey

# Time        UID       PID    %usr %system  %guest   %wait    %CPU   CPU  minflt/s  majflt/s     VSZ     RSS   %MEM   cswch/s nvcswch/s  Command
15:11:03        0        16    0.00    0.00    0.00    0.00    0.00     2      0.00      0.00       0       0   0.00      4.00      0.00  rcu_sched
15:11:03        0        19    0.00    0.00    0.00    0.00    0.00     0      0.00      0.00       0       0   0.00      1.00      0.00  migration/0
15:11:03        0        25    0.00    0.00    0.00    0.00    0.00     1      0.00      0.00       0       0   0.00      1.00      0.00  migration/1
15:11:03        0        26    0.00    0.00    0.00    0.00    0.00     1      0.00      0.00       0       0   0.00      1.00      0.00  ksoftirqd/1
15:11:03        0        31    0.00    0.00    0.00    0.00    0.00     2      0.00      0.00       0       0   0.00      1.00      0.00  migration/2
15:11:03        0        37    0.00    0.00    0.00    0.00    0.00     3      0.00      0.00       0       0   0.00      1.00      0.00  migration/3
15:11:03        0        53    0.00    0.00    0.00    0.00    0.00     1      0.00      0.00       0       0   0.00      2.00      0.00  kcompactd0
15:11:03        0       121    0.00    0.00    0.00    0.00    0.00     0      0.00      0.00       0       0   0.00      2.00      0.00  kworker/0:2-events
15:11:03        0       240    0.00    0.00    0.00    0.00    0.00     1      0.00      0.00  288968   27144   0.34      1.00      0.00  multipathd
15:11:03      110       672    0.00    0.00    0.00    0.00    0.00     1      0.00      0.00   19416    3744   0.05      2.00      0.00  chronyd
15:11:03        0      2880    0.00    0.00    0.00    0.00    0.00     1      0.00      0.00       0       0   0.00      5.00      0.00  kworker/1:0-events
15:11:03        0      3475    0.00    0.00    0.00    0.00    0.00     1      0.00      0.00       0       0   0.00      5.00      0.00  kworker/u16:3-flush-259:0
15:11:03        0      3514    0.00    0.00    0.00    0.00    0.00     3      0.00      0.00       0       0   0.00      2.00      0.00  kworker/3:2-events
15:11:03        0      3837    0.00    0.00    0.00    0.00    0.00     2      0.00      0.00       0       0   0.00      1.00      0.00  kworker/2:1-mm_percpu_wq
15:11:03     1000      4682    0.00    0.00    0.00    0.00    0.00     1      0.00      0.00   31444   21396   0.27     20.00      0.00  python3
15:11:03     1000      4690    0.00    0.00    0.00    0.00    0.00     1      0.00      0.00    9900    3356   0.04      1.00      0.00  vmstat
15:11:03     1000      4691    1.00    0.00    0.00    0.00    1.00     1      0.00      0.00    7712    3696   0.05      1.00      0.00  pidstat
15:11:03        0      4812    0.00    0.00    0.00    0.00    0.00     1      0.00      0.00       0       0   0.00      3.00      0.00  kworker/u16:0-events_power_efficient
15:11:03     1000      4868   95.00    6.00    0.00    0.00  101.00     0      0.00      0.00   61716   54552   0.69      0.00      3.00  /home/ubuntu/pa
15:11:03     1000      4869   12.00    8.00    0.00    0.00   20.00     2    128.00      0.00 1818620   77628   0.98      0.00      0.00  hey

# Time        UID       PID    %usr %system  %guest   %wait    %CPU   CPU  minflt/s  majflt/s     VSZ     RSS   %MEM   cswch/s nvcswch/s  Command
15:11:04        0        16    0.00    0.00    0.00    0.00    0.00     2      0.00      0.00       0       0   0.00      2.00      0.00  rcu_sched
15:11:04        0        53    0.00    0.00    0.00    0.00    0.00     1      0.00      0.00       0       0   0.00      2.00      0.00  kcompactd0
15:11:04        0       121    0.00    0.00    0.00    0.00    0.00     0      0.00      0.00       0       0   0.00      7.00      0.00  kworker/0:2-events
15:11:04        0       240    0.00    0.00    0.00    0.00    0.00     1      0.00      0.00  288968   27144   0.34      2.00      0.00  multipathd
15:11:04        0      2880    0.00    0.00    0.00    0.00    0.00     1      0.00      0.00       0       0   0.00      6.00      0.00  kworker/1:0-events
15:11:04        0      3475    0.00    0.00    0.00    0.00    0.00     2      0.00      0.00       0       0   0.00      1.00      0.00  kworker/u16:3-flush-259:0
15:11:04        0      3514    0.00    0.00    0.00    0.00    0.00     3      0.00      0.00       0       0   0.00      1.00      0.00  kworker/3:2-mm_percpu_wq
15:11:04        0      3837    0.00    0.00    0.00    0.00    0.00     2      0.00      0.00       0       0   0.00      1.00      0.00  kworker/2:1-mm_percpu_wq
15:11:04     1000      4682    0.00    0.00    0.00    0.00    0.00     1      0.00      0.00   31444   21396   0.27     20.00      0.00  python3
15:11:04     1000      4690    0.00    0.00    0.00    0.00    0.00     1      0.00      0.00    9900    3356   0.04      1.00      0.00  vmstat
15:11:04     1000      4691    0.00    1.00    0.00    0.00    1.00     1      0.00      0.00    7712    3696   0.05      1.00      0.00  pidstat
15:11:04        0      4812    0.00    0.00    0.00    0.00    0.00     1      0.00      0.00       0       0   0.00      6.00      0.00  kworker/u16:0-events_power_efficient
15:11:04     1000      4868   93.00    6.00    0.00    0.00   99.00     0      0.00      0.00   61716   54552   0.69      0.00      7.00  /home/ubuntu/pa
15:11:04     1000      4869   14.00    7.00    0.00    0.00   21.00     2    271.00      0.00 1818620   78524   0.99      0.00      0.00  hey

# Time        UID       PID    %usr %system  %guest   %wait    %CPU   CPU  minflt/s  majflt/s     VSZ     RSS   %MEM   cswch/s nvcswch/s  Command
15:11:05        0        16    0.00    0.00    0.00    0.00    0.00     2      0.00      0.00       0       0   0.00      3.00      0.00  rcu_sched
15:11:05        0        53    0.00    0.00    0.00    0.00    0.00     1      0.00      0.00       0       0   0.00      2.00      0.00  kcompactd0
15:11:05        0       121    0.00    0.00    0.00    0.00    0.00     0      0.00      0.00       0       0   0.00      1.00      0.00  kworker/0:2-events
15:11:05        0       240    0.00    0.00    0.00    0.00    0.00     1      0.00      0.00  288968   27144   0.34      1.00      0.00  multipathd
15:11:05      110       672    0.00    0.00    0.00    0.00    0.00     1      0.00      0.00   19416    3744   0.05      2.00      0.00  chronyd
15:11:05        0       791    0.00    0.00    0.00    0.00    0.00     1      0.00      0.00       0       0   0.00      1.00      0.00  kworker/1:1H-kblockd
15:11:05        0      2880    0.00    0.00    0.00    0.00    0.00     1      0.00      0.00       0       0   0.00      6.00      0.00  kworker/1:0-events
15:11:05        0      3514    0.00    0.00    0.00    0.00    0.00     3      0.00      0.00       0       0   0.00      1.00      0.00  kworker/3:2-mm_percpu_wq
15:11:05        0      3837    0.00    0.00    0.00    0.00    0.00     2      0.00      0.00       0       0   0.00      1.00      0.00  kworker/2:1-mm_percpu_wq
15:11:05     1000      4682    0.00    0.00    0.00    0.00    0.00     1      0.00      0.00   31444   21396   0.27     20.00      0.00  python3
15:11:05     1000      4690    0.00    0.00    0.00    0.00    0.00     1      0.00      0.00    9900    3356   0.04      1.00      0.00  vmstat
15:11:05     1000      4691    0.00    0.00    0.00    0.00    0.00     1      0.00      0.00    7712    3696   0.05      1.00      0.00  pidstat
15:11:05        0      4812    0.00    0.00    0.00    0.00    0.00     1      0.00      0.00       0       0   0.00      5.00      0.00  kworker/u16:0-events_power_efficient
15:11:05     1000      4868   93.00    7.00    0.00    0.00  100.00     0      0.00      0.00   61716   54552   0.69      1.00      1.00  /home/ubuntu/pa
15:11:05     1000      4869   13.00    7.00    0.00    0.00   20.00     2   1411.00      0.00 1818620   84284   1.06      0.00      0.00  hey

# Time        UID       PID    %usr %system  %guest   %wait    %CPU   CPU  minflt/s  majflt/s     VSZ     RSS   %MEM   cswch/s nvcswch/s  Command
15:11:06        0        16    0.00    0.00    0.00    0.00    0.00     1      0.00      0.00       0       0   0.00     63.00      0.00  rcu_sched
15:11:06        0        25    0.00    0.00    0.00    0.00    0.00     1      0.00      0.00       0       0   0.00      2.00      0.00  migration/1
15:11:06        0        32    0.00    0.00    0.00    0.00    0.00     2      0.00      0.00       0       0   0.00      1.00      0.00  ksoftirqd/2
15:11:06        0        38    0.00    0.00    0.00    0.00    0.00     3      0.00      0.00       0       0   0.00      1.00      0.00  ksoftirqd/3
15:11:06        0        53    0.00    0.00    0.00    0.00    0.00     1      0.00      0.00       0       0   0.00      2.00      0.00  kcompactd0
15:11:06        0       121    0.00    0.00    0.00    0.00    0.00     0      0.00      0.00       0       0   0.00      6.00      0.00  kworker/0:2-events
15:11:06        0       240    0.00    0.00    0.00    0.00    0.00     1      0.00      0.00  288968   27144   0.34      1.00      0.00  multipathd
15:11:06        0      2880    0.00    0.00    0.00    0.00    0.00     1      0.00      0.00       0       0   0.00      8.00      0.00  kworker/1:0-events
15:11:06        0      3514    0.00    0.00    0.00    0.00    0.00     3      0.00      0.00       0       0   0.00      2.00      0.00  kworker/3:2-mm_percpu_wq
15:11:06        0      3837    0.00    0.00    0.00    0.00    0.00     2      0.00      0.00       0       0   0.00      4.00      0.00  kworker/2:1-events
15:11:06     1000      4666    0.00    0.00    0.00    0.00    0.00     2      0.00      0.00   15008    7192   0.09      1.00      0.00  sshd
15:11:06     1000      4682    1.00    0.00    0.00    0.00    1.00     1      1.00      0.00   31444   21396   0.27     11.00      0.00  python3
15:11:06     1000      4690    0.00    0.00    0.00    0.00    0.00     1      0.00      0.00    9900    3356   0.04      1.00      0.00  vmstat
15:11:06     1000      4691    0.00    1.00    0.00    0.00    1.00     1      0.00      0.00    7712    3696   0.05      1.00      0.00  pidstat
15:11:06        0      4812    0.00    0.00    0.00    0.00    0.00     1      0.00      0.00       0       0   0.00      5.00      0.00  kworker/u16:0-events_power_efficient
15:11:06     1000      4884    0.00    0.00    0.00    0.00    0.00     0    144.00      0.00    2704    1464   0.02      1.00      1.00  time
15:11:06     1000      4885   47.00    4.00    0.00    0.00   51.00     0   8341.00      0.00   49684   42400   0.54      6.00      1.00  /home/ubuntu/pa
15:11:06     1000      4886    4.00    4.00    0.00    0.00    8.00     2   6529.00      0.00 1816636   28560   0.36      4.00      4.00  hey

# Time        UID       PID    %usr %system  %guest   %wait    %CPU   CPU  minflt/s  majflt/s     VSZ     RSS   %MEM   cswch/s nvcswch/s  Command
15:11:07        0        16    0.00    0.00    0.00    0.00    0.00     1      0.00      0.00       0       0   0.00      2.00      0.00  rcu_sched
15:11:07        0        19    0.00    0.00    0.00    0.00    0.00     0      0.00      0.00       0       0   0.00      1.00      0.00  migration/0
15:11:07        0        25    0.00    0.00    0.00    0.00    0.00     1      0.00      0.00       0       0   0.00      1.00      0.00  migration/1
15:11:07        0        31    0.00    0.00    0.00    0.00    0.00     2      0.00      0.00       0       0   0.00      1.00      0.00  migration/2
15:11:07        0        37    0.00    0.00    0.00    0.00    0.00     3      0.00      0.00       0       0   0.00      1.00      0.00  migration/3
15:11:07        0        53    0.00    0.00    0.00    0.00    0.00     1      0.00      0.00       0       0   0.00      2.00      0.00  kcompactd0
15:11:07        0       121    0.00    0.00    0.00    0.00    0.00     0      0.00      0.00       0       0   0.00      2.00      0.00  kworker/0:2-events
15:11:07        0       240    0.00    0.00    0.00    0.00    0.00     1      0.00      0.00  288968   27144   0.34      1.00      0.00  multipathd
15:11:07        0      2880    0.00    0.00    0.00    0.00    0.00     1      0.00      0.00       0       0   0.00      6.00      0.00  kworker/1:0-events
15:11:07        0      3837    0.00    0.00    0.00    0.00    0.00     2      0.00      0.00       0       0   0.00      1.00      0.00  kworker/2:1-mm_percpu_wq
15:11:07     1000      4690    0.00    0.00    0.00    0.00    0.00     1      0.00      0.00    9900    3356   0.04      1.00      0.00  vmstat
15:11:07     1000      4691    0.00    0.00    0.00    0.00    0.00     1      0.00      0.00    7712    3696   0.05      1.00      0.00  pidstat
15:11:07        0      4812    0.00    0.00    0.00    0.00    0.00     1      0.00      0.00       0       0   0.00      6.00      0.00  kworker/u16:0-events_power_efficient
15:11:07     1000      4885   94.00    6.00    0.00    0.00  100.00     0      1.00      0.00   49684   42400   0.54      0.00      3.00  /home/ubuntu/pa
15:11:07     1000      4886   13.00   10.00    0.00    0.00   23.00     2  10975.00      0.00 1817660   67088   0.85      0.00      0.00  hey

# Time        UID       PID    %usr %system  %guest   %wait    %CPU   CPU  minflt/s  majflt/s     VSZ     RSS   %MEM   cswch/s nvcswch/s  Command
15:11:08        0        14    0.00    0.00    0.00    0.00    0.00     0      0.00      0.00       0       0   0.00      1.00      0.00  ksoftirqd/0
15:11:08        0        16    0.00    0.00    0.00    0.00    0.00     1      0.00      0.00       0       0   0.00     65.00      0.00  rcu_sched
15:11:08        0        25    0.00    0.00    0.00    0.00    0.00     1      0.00      0.00       0       0   0.00      1.00      0.00  migration/1
15:11:08        0        32    0.00    0.00    0.00    0.00    0.00     2      0.00      0.00       0       0   0.00      3.00      0.00  ksoftirqd/2
15:11:08        0        53    0.00    0.00    0.00    0.00    0.00     1      0.00      0.00       0       0   0.00      2.00      0.00  kcompactd0
15:11:08        0       121    0.00    0.00    0.00    0.00    0.00     0      0.00      0.00       0       0   0.00      7.00      0.00  kworker/0:2-events
15:11:08        0       137    0.00    0.00    0.00    0.00    0.00     2      0.00      0.00       0       0   0.00      3.00      0.00  jbd2/nvme0n1p1-8
15:11:08        0       240    0.00    0.00    0.00    0.00    0.00     1      0.00      0.00  288968   27144   0.34      1.00      0.00  multipathd
15:11:08        0       248    0.00    0.00    0.00    0.00    0.00     0      0.00      0.00       0       0   0.00      1.00      0.00  kworker/0:1H-kblockd
15:11:08        0       591    0.00    0.00    0.00    0.00    0.00     1      0.00      0.00   83064    4556   0.06      1.00      0.00  irqbalance
15:11:08        0      2880    0.00    0.00    0.00    0.00    0.00     1      0.00      0.00       0       0   0.00      6.00      0.00  kworker/1:0-events
15:11:08        0      3514    0.00    0.00    0.00    0.00    0.00     3      0.00      0.00       0       0   0.00      2.00      0.00  kworker/3:2-events
15:11:08        0      3837    0.00    0.00    0.00    0.00    0.00     2      0.00      0.00       0       0   0.00      2.00      0.00  kworker/2:1-events
15:11:08     1000      4682    0.00    0.00    0.00    0.00    0.00     1      0.00      0.00   31444   21396   0.27     11.00      0.00  python3
15:11:08     1000      4690    0.00    0.00    0.00    0.00    0.00     1      0.00      0.00    9900    3356   0.04      1.00      0.00  vmstat
15:11:08     1000      4691    0.00    1.00    0.00    0.00    1.00     1      0.00      0.00    7712    3696   0.05      1.00      0.00  pidstat
15:11:08        0      4812    0.00    0.00    0.00    0.00    0.00     1      0.00      0.00       0       0   0.00     10.00      0.00  kworker/u16:0-events_power_efficient
15:11:08     1000      4885   93.00    7.00    0.00    0.00  100.00     0   2513.00      0.00   59700   52512   0.66      0.00      9.00  /home/ubuntu/pa
15:11:08     1000      4886   12.00    6.00    0.00    0.00   18.00     2    178.00      0.00 1817788   67600   0.85      0.00      0.00  hey

# Time        UID       PID    %usr %system  %guest   %wait    %CPU   CPU  minflt/s  majflt/s     VSZ     RSS   %MEM   cswch/s nvcswch/s  Command
15:11:09        0        53    0.00    0.00    0.00    0.00    0.00     1      0.00      0.00       0       0   0.00      2.00      0.00  kcompactd0
15:11:09        0       121    0.00    0.00    0.00    0.00    0.00     0      0.00      0.00       0       0   0.00      1.00      0.00  kworker/0:2-events
15:11:09        0       240    0.00    0.00    0.00    0.00    0.00     1      0.00      0.00  288968   27144   0.34      1.00      0.00  multipathd
15:11:09        0      2880    0.00    0.00    0.00    0.00    0.00     1      0.00      0.00       0       0   0.00      6.00      0.00  kworker/1:0-events
15:11:09        0      3475    0.00    0.00    0.00    0.00    0.00     2      0.00      0.00       0       0   0.00      1.00      0.00  kworker/u16:3-events_unbound
15:11:09        0      3514    0.00    0.00    0.00    0.00    0.00     3      0.00      0.00       0       0   0.00      1.00      0.00  kworker/3:2-mm_percpu_wq
15:11:09        0      3837    0.00    0.00    0.00    0.00    0.00     2      0.00      0.00       0       0   0.00      1.00      0.00  kworker/2:1-mm_percpu_wq
15:11:09     1000      4682    0.00    0.00    0.00    0.00    0.00     1      0.00      0.00   31444   21396   0.27     20.00      0.00  python3
15:11:09     1000      4690    0.00    0.00    0.00    0.00    0.00     1      0.00      0.00    9900    3356   0.04      1.00      0.00  vmstat
15:11:09     1000      4691    0.00    0.00    0.00    0.00    0.00     1      0.00      0.00    7712    3696   0.05      1.00      0.00  pidstat
15:11:09        0      4812    0.00    0.00    0.00    0.00    0.00     1      0.00      0.00       0       0   0.00      7.00      0.00  kworker/u16:0-events_power_efficient
15:11:09     1000      4885   93.00    7.00    0.00    0.00  100.00     0      0.00      0.00   59700   52512   0.66      0.00      1.00  /home/ubuntu/pa
15:11:09     1000      4886   13.00    7.00    0.00    0.00   20.00     2   1105.00      0.00 1818300   71440   0.90      0.00      0.00  hey

# Time        UID       PID    %usr %system  %guest   %wait    %CPU   CPU  minflt/s  majflt/s     VSZ     RSS   %MEM   cswch/s nvcswch/s  Command
15:11:10        0        53    0.00    0.00    0.00    0.00    0.00     1      0.00      0.00       0       0   0.00      2.00      0.00  kcompactd0
15:11:10        0       121    0.00    0.00    0.00    0.00    0.00     0      0.00      0.00       0       0   0.00      6.00      0.00  kworker/0:2-events
15:11:10        0       240    0.00    0.00    0.00    0.00    0.00     1      0.00      0.00  288968   27144   0.34      1.00      0.00  multipathd
15:11:10        0      2880    0.00    0.00    0.00    0.00    0.00     1      0.00      0.00       0       0   0.00      2.00      0.00  kworker/1:0-events
15:11:10        0      3475    0.00    0.00    0.00    0.00    0.00     2      0.00      0.00       0       0   0.00      4.00      0.00  kworker/u16:3-events_power_efficient
15:11:10        0      3514    0.00    0.00    0.00    0.00    0.00     3      0.00      0.00       0       0   0.00      1.00      0.00  kworker/3:2-mm_percpu_wq
15:11:10        0      3837    0.00    0.00    0.00    1.00    0.00     2      0.00      0.00       0       0   0.00      5.00      0.00  kworker/2:1-events
15:11:10     1000      4682    0.00    0.00    0.00    0.00    0.00     1      0.00      0.00   31444   21396   0.27     20.00      0.00  python3
15:11:10     1000      4690    0.00    0.00    0.00    0.00    0.00     1      0.00      0.00    9900    3356   0.04      1.00      0.00  vmstat
15:11:10     1000      4691    0.00    1.00    0.00    0.00    1.00     1      0.00      0.00    7712    3696   0.05      1.00      0.00  pidstat
15:11:10     1000      4885   94.00    6.00    0.00    0.00  100.00     0      0.00      0.00   59700   52512   0.66      0.00      6.00  /home/ubuntu/pa
15:11:10     1000      4886   13.00    8.00    0.00    0.00   21.00     2    222.00      0.00 1818428   72208   0.91      0.00      0.00  hey

# Time        UID       PID    %usr %system  %guest   %wait    %CPU   CPU  minflt/s  majflt/s     VSZ     RSS   %MEM   cswch/s nvcswch/s  Command
15:11:11        0        19    0.00    0.00    0.00    0.00    0.00     0      0.00      0.00       0       0   0.00      1.00      0.00  migration/0
15:11:11        0        25    0.00    0.00    0.00    0.00    0.00     1      0.00      0.00       0       0   0.00      1.00      0.00  migration/1
15:11:11        0        31    0.00    0.00    0.00    0.00    0.00     2      0.00      0.00       0       0   0.00      1.00      0.00  migration/2
15:11:11        0        37    0.00    0.00    0.00    0.00    0.00     3      0.00      0.00       0       0   0.00      1.00      0.00  migration/3
15:11:11        0        53    0.00    0.00    0.00    0.00    0.00     1      0.00      0.00       0       0   0.00      2.00      0.00  kcompactd0
15:11:11        0       121    0.00    0.00    0.00    0.00    0.00     0      0.00      0.00       0       0   0.00      2.00      0.00  kworker/0:2-events
15:11:11        0       240    0.00    0.00    0.00    0.00    0.00     1      0.00      0.00  288968   27144   0.34      1.00      0.00  multipathd
15:11:11        0      2880    0.00    0.00    0.00    0.00    0.00     1      0.00      0.00       0       0   0.00      4.00      0.00  kworker/1:0-events
15:11:11        0      3475    0.00    0.00    0.00    0.00    0.00     1      0.00      0.00       0       0   0.00      5.00      0.00  kworker/u16:3-events_power_efficient
15:11:11        0      3514    0.00    0.00    0.00    0.00    0.00     3      0.00      0.00       0       0   0.00      1.00      0.00  kworker/3:2-mm_percpu_wq
15:11:11        0      3837    0.00    0.00    0.00    0.00    0.00     2      0.00      0.00       0       0   0.00      3.00      0.00  kworker/2:1-events
15:11:11     1000      4682    0.00    0.00    0.00    0.00    0.00     1      0.00      0.00   31444   21396   0.27     20.00      0.00  python3
15:11:11     1000      4690    0.00    0.00    0.00    0.00    0.00     1      0.00      0.00    9900    3356   0.04      1.00      0.00  vmstat
15:11:11     1000      4691    0.00    0.00    0.00    0.00    0.00     1      0.00      0.00    7712    3696   0.05      1.00      0.00  pidstat
15:11:11     1000      4885   94.00    6.00    0.00    0.00  100.00     0      0.00      0.00   59700   52512   0.66      0.00      3.00  /home/ubuntu/pa
15:11:11     1000      4886   13.00    9.00    0.00    0.00   22.00     2    316.00      0.00 1818556   73360   0.93      0.00      0.00  hey

# Time        UID       PID    %usr %system  %guest   %wait    %CPU   CPU  minflt/s  majflt/s     VSZ     RSS   %MEM   cswch/s nvcswch/s  Command
15:11:12        0        16    0.00    0.00    0.00    0.00    0.00     1      0.00      0.00       0       0   0.00      2.00      0.00  rcu_sched
15:11:12        0        53    0.00    0.00    0.00    0.00    0.00     1      0.00      0.00       0       0   0.00      2.00      0.00  kcompactd0
15:11:12        0       121    0.00    0.00    0.00    0.00    0.00     0      0.00      0.00       0       0   0.00      6.00      0.00  kworker/0:2-events
15:11:12        0       240    0.00    0.00    0.00    0.00    0.00     1      0.00      0.00  288968   27144   0.34      1.00      0.00  multipathd
15:11:12        0      2880    0.00    0.00    0.00    0.00    0.00     1      0.00      0.00       0       0   0.00      6.00      0.00  kworker/1:0-events
15:11:12        0      3475    0.00    0.00    0.00    0.00    0.00     1      0.00      0.00       0       0   0.00      6.00      0.00  kworker/u16:3-events_power_efficient
15:11:12        0      3514    0.00    0.00    0.00    0.00    0.00     3      0.00      0.00       0       0   0.00      1.00      0.00  kworker/3:2-mm_percpu_wq
15:11:12        0      3837    0.00    0.00    0.00    0.00    0.00     2      0.00      0.00       0       0   0.00      1.00      0.00  kworker/2:1-mm_percpu_wq
15:11:12     1000      4682    0.00    0.00    0.00    0.00    0.00     1      0.00      0.00   31444   21396   0.27     20.00      0.00  python3
15:11:12     1000      4690    0.00    0.00    0.00    0.00    0.00     1      0.00      0.00    9900    3356   0.04      1.00      0.00  vmstat
15:11:12     1000      4691    1.00    0.00    0.00    0.00    1.00     1      0.00      0.00    7712    3696   0.05      1.00      0.00  pidstat
15:11:12     1000      4885   94.00    7.00    0.00    0.00  101.00     0      0.00      0.00   59700   52512   0.66      0.00      6.00  /home/ubuntu/pa
15:11:12     1000      4886   13.00    8.00    0.00    0.00   21.00     2    157.00      0.00 1818556   73872   0.93      0.00      0.00  hey

# Time        UID       PID    %usr %system  %guest   %wait    %CPU   CPU  minflt/s  majflt/s     VSZ     RSS   %MEM   cswch/s nvcswch/s  Command
15:11:13        0        26    0.00    0.00    0.00    0.00    0.00     1      0.00      0.00       0       0   0.00      1.00      0.00  ksoftirqd/1
15:11:13        0        53    0.00    0.00    0.00    0.00    0.00     1      0.00      0.00       0       0   0.00      2.00      0.00  kcompactd0
15:11:13        0       121    0.00    0.00    0.00    0.00    0.00     0      0.00      0.00       0       0   0.00      1.00      0.00  kworker/0:2-events
15:11:13        0       240    0.00    0.00    0.00    0.00    0.00     1      0.00      0.00  288968   27144   0.34      1.00      0.00  multipathd
15:11:13        0      2880    0.00    0.00    0.00    0.00    0.00     1      0.00      0.00       0       0   0.00      6.00      0.00  kworker/1:0-events
15:11:13        0      3475    0.00    0.00    0.00    0.00    0.00     1      0.00      0.00       0       0   0.00      7.00      0.00  kworker/u16:3-events_power_efficient
15:11:13        0      3514    0.00    0.00    0.00    0.00    0.00     3      0.00      0.00       0       0   0.00      1.00      0.00  kworker/3:2-mm_percpu_wq
15:11:13        0      3837    0.00    0.00    0.00    0.00    0.00     2      0.00      0.00       0       0   0.00      1.00      0.00  kworker/2:1-mm_percpu_wq
15:11:13     1000      4682    0.00    0.00    0.00    0.00    0.00     1      0.00      0.00   31444   21396   0.27     20.00      0.00  python3
15:11:13     1000      4690    0.00    0.00    0.00    0.00    0.00     1      0.00      0.00    9900    3356   0.04      1.00      0.00  vmstat
15:11:13     1000      4691    0.00    1.00    0.00    0.00    1.00     1      0.00      0.00    7712    3696   0.05      1.00      0.00  pidstat
15:11:13     1000      4885   94.00    6.00    0.00    0.00  100.00     0      0.00      0.00   59700   52512   0.66      0.00      1.00  /home/ubuntu/pa
15:11:13     1000      4886   14.00    8.00    0.00    0.00   22.00     2    154.00      0.00 1818556   74640   0.94      0.00      0.00  hey

# Time        UID       PID    %usr %system  %guest   %wait    %CPU   CPU  minflt/s  majflt/s     VSZ     RSS   %MEM   cswch/s nvcswch/s  Command
15:11:14        0        26    0.00    0.00    0.00    0.00    0.00     1      0.00      0.00       0       0   0.00      1.00      0.00  ksoftirqd/1
15:11:14        0        53    0.00    0.00    0.00    0.00    0.00     1      0.00      0.00       0       0   0.00      2.00      0.00  kcompactd0
15:11:14        0       121    0.00    0.00    0.00    0.00    0.00     0      0.00      0.00       0       0   0.00      6.00      0.00  kworker/0:2-events
15:11:14        0       162    0.00    0.00    0.00    0.00    0.00     2      0.00      0.00       0       0   0.00      1.00      0.00  kworker/2:1H-kblockd
15:11:14        0       240    0.00    0.00    0.00    0.00    0.00     1      0.00      0.00  288968   27144   0.34      1.00      0.00  multipathd
15:11:14        0      2880    0.00    0.00    0.00    0.00    0.00     1      0.00      0.00       0       0   0.00      6.00      0.00  kworker/1:0-events
15:11:14        0      3475    0.00    0.00    0.00    0.00    0.00     1      0.00      0.00       0       0   0.00      9.00      0.00  kworker/u16:3-events_power_efficient
15:11:14        0      3514    0.00    0.00    0.00    0.00    0.00     3      0.00      0.00       0       0   0.00      1.00      0.00  kworker/3:2-mm_percpu_wq
15:11:14        0      3837    0.00    0.00    0.00    0.00    0.00     2      0.00      0.00       0       0   0.00      2.00      0.00  kworker/2:1-events
15:11:14     1000      4682    0.00    0.00    0.00    0.00    0.00     1      0.00      0.00   31444   21396   0.27     20.00      0.00  python3
15:11:14     1000      4690    0.00    0.00    0.00    0.00    0.00     1      0.00      0.00    9900    3356   0.04      1.00      0.00  vmstat
15:11:14     1000      4691    0.00    0.00    0.00    0.00    0.00     1      0.00      0.00    7712    3696   0.05      1.00      1.00  pidstat
15:11:14        0      4812    0.00    0.00    0.00    0.00    0.00     3      0.00      0.00       0       0   0.00      1.00      0.00  kworker/u16:0-events_power_efficient
15:11:14     1000      4885   95.00    5.00    0.00    0.00  100.00     0      0.00      0.00   59700   52512   0.66      0.00      6.00  /home/ubuntu/pa
15:11:14     1000      4886   14.00    8.00    0.00    0.00   22.00     2    149.00      0.00 1818556   75152   0.95      0.00      0.00  hey

# Time        UID       PID    %usr %system  %guest   %wait    %CPU   CPU  minflt/s  majflt/s     VSZ     RSS   %MEM   cswch/s nvcswch/s  Command
15:11:15        0        16    0.00    0.00    0.00    0.00    0.00     1      0.00      0.00       0       0   0.00      1.00      0.00  rcu_sched
15:11:15        0        19    0.00    0.00    0.00    0.00    0.00     0      0.00      0.00       0       0   0.00      1.00      0.00  migration/0
15:11:15        0        25    0.00    0.00    0.00    0.00    0.00     1      0.00      0.00       0       0   0.00      1.00      0.00  migration/1
15:11:15        0        26    0.00    0.00    0.00    0.00    0.00     1      0.00      0.00       0       0   0.00      1.00      0.00  ksoftirqd/1
15:11:15        0        31    0.00    0.00    0.00    0.00    0.00     2      0.00      0.00       0       0   0.00      1.00      0.00  migration/2
15:11:15        0        37    0.00    0.00    0.00    0.00    0.00     3      0.00      0.00       0       0   0.00      1.00      0.00  migration/3
15:11:15        0        53    0.00    0.00    0.00    0.00    0.00     1      0.00      0.00       0       0   0.00      2.00      0.00  kcompactd0
15:11:15        0       121    0.00    0.00    0.00    0.00    0.00     0      0.00      0.00       0       0   0.00      1.00      0.00  kworker/0:2-events
15:11:15        0       240    0.00    0.00    0.00    0.00    0.00     1      0.00      0.00  288968   27144   0.34      1.00      0.00  multipathd
15:11:15        0      2880    0.00    0.00    0.00    0.00    0.00     1      0.00      0.00       0       0   0.00      5.00      0.00  kworker/1:0-events
15:11:15        0      3475    0.00    0.00    0.00    0.00    0.00     1      0.00      0.00       0       0   0.00      5.00      0.00  kworker/u16:3-events_power_efficient
15:11:15        0      3514    0.00    0.00    0.00    0.00    0.00     3      0.00      0.00       0       0   0.00      1.00      0.00  kworker/3:2-mm_percpu_wq
15:11:15        0      3837    0.00    0.00    0.00    0.00    0.00     2      0.00      0.00       0       0   0.00      1.00      0.00  kworker/2:1-mm_percpu_wq
15:11:15     1000      4682    0.00    0.00    0.00    0.00    0.00     1      0.00      0.00   31444   21396   0.27     20.00      0.00  python3
15:11:15     1000      4690    0.00    0.00    0.00    0.00    0.00     1      0.00      0.00    9900    3356   0.04      1.00      0.00  vmstat
15:11:15     1000      4691    0.00    1.00    0.00    0.00    1.00     1      0.00      0.00    7712    3696   0.05      1.00      1.00  pidstat
15:11:15     1000      4885   93.00    6.00    0.00    0.00   99.00     0      0.00      0.00   59700   52512   0.66      0.00      2.00  /home/ubuntu/pa
15:11:15     1000      4886   14.00    8.00    0.00    0.00   22.00     2    274.00      0.00 1818556   76176   0.96      0.00      0.00  hey

# Time        UID       PID    %usr %system  %guest   %wait    %CPU   CPU  minflt/s  majflt/s     VSZ     RSS   %MEM   cswch/s nvcswch/s  Command
15:11:16        0        16    0.00    0.00    0.00    0.00    0.00     2      0.00      0.00       0       0   0.00      4.00      0.00  rcu_sched
15:11:16        0        53    0.00    0.00    0.00    0.00    0.00     1      0.00      0.00       0       0   0.00      2.00      0.00  kcompactd0
15:11:16        0       121    0.00    0.00    0.00    0.00    0.00     0      0.00      0.00       0       0   0.00      6.00      0.00  kworker/0:2-events
15:11:16        0       240    0.00    0.00    0.00    0.00    0.00     1      0.00      0.00  288968   27144   0.34      1.00      0.00  multipathd
15:11:16        0      2880    0.00    0.00    0.00    0.00    0.00     1      0.00      0.00       0       0   0.00      5.00      0.00  kworker/1:0-events
15:11:16        0      3475    0.00    0.00    0.00    0.00    0.00     1      0.00      0.00       0       0   0.00      5.00      0.00  kworker/u16:3-events_power_efficient
15:11:16        0      3514    0.00    0.00    0.00    0.00    0.00     3      0.00      0.00       0       0   0.00      1.00      0.00  kworker/3:2-mm_percpu_wq
15:11:16        0      3837    0.00    0.00    0.00    0.00    0.00     2      0.00      0.00       0       0   0.00      1.00      0.00  kworker/2:1-mm_percpu_wq
15:11:16     1000      4682    0.00    0.00    0.00    0.00    0.00     1      0.00      0.00   31444   21396   0.27     19.00      0.00  python3
15:11:16     1000      4690    0.00    0.00    0.00    0.00    0.00     1      0.00      0.00    9900    3356   0.04      1.00      0.00  vmstat
15:11:16     1000      4691    0.00    0.00    0.00    0.00    0.00     1      0.00      0.00    7712    3696   0.05      1.00      0.00  pidstat
15:11:16        0      4812    0.00    0.00    0.00    0.00    0.00     3      0.00      0.00       0       0   0.00      1.00      0.00  kworker/u16:0-events_power_efficient
15:11:16     1000      4885   94.00    6.00    0.00    0.00  100.00     0      0.00      0.00   59700   52512   0.66      0.00      6.00  /home/ubuntu/pa
15:11:16     1000      4886   14.00    8.00    0.00    0.00   22.00     2    112.00      0.00 1818556   76560   0.97      0.00      0.00  hey

# Time        UID       PID    %usr %system  %guest   %wait    %CPU   CPU  minflt/s  majflt/s     VSZ     RSS   %MEM   cswch/s nvcswch/s  Command
15:11:17        0        53    0.00    0.00    0.00    0.00    0.00     1      0.00      0.00       0       0   0.00      2.00      0.00  kcompactd0
15:11:17        0       121    0.00    0.00    0.00    0.00    0.00     0      0.00      0.00       0       0   0.00      1.00      0.00  kworker/0:2-events
15:11:17        0       240    0.00    0.00    0.00    0.00    0.00     1      0.00      0.00  288968   27144   0.34      2.00      0.00  multipathd
15:11:17        0      2880    0.00    0.00    0.00    0.00    0.00     1      0.00      0.00       0       0   0.00      5.00      0.00  kworker/1:0-events
15:11:17        0      3475    0.00    0.00    0.00    0.00    0.00     1      0.00      0.00       0       0   0.00      5.00      0.00  kworker/u16:3-events_power_efficient
15:11:17        0      3514    0.00    0.00    0.00    0.00    0.00     3      0.00      0.00       0       0   0.00      1.00      0.00  kworker/3:2-mm_percpu_wq
15:11:17        0      3837    0.00    0.00    0.00    0.00    0.00     2      0.00      0.00       0       0   0.00      1.00      0.00  kworker/2:1-mm_percpu_wq
15:11:17     1000      4682    0.00    0.00    0.00    0.00    0.00     1      0.00      0.00   31444   21396   0.27     20.00      0.00  python3
15:11:17     1000      4690    0.00    0.00    0.00    0.00    0.00     1      0.00      0.00    9900    3356   0.04      1.00      0.00  vmstat
15:11:17     1000      4691    0.00    1.00    0.00    0.00    1.00     1      0.00      0.00    7712    3696   0.05      1.00      0.00  pidstat
15:11:17     1000      4885   94.00    7.00    0.00    0.00  101.00     0      0.00      0.00   59700   52512   0.66      0.00      1.00  /home/ubuntu/pa
15:11:17     1000      4886   13.00    8.00    0.00    0.00   21.00     2    287.00      0.00 1818556   77584   0.98      0.00      0.00  hey

# Time        UID       PID    %usr %system  %guest   %wait    %CPU   CPU  minflt/s  majflt/s     VSZ     RSS   %MEM   cswch/s nvcswch/s  Command
15:11:18        0        16    0.00    0.00    0.00    0.00    0.00     1      0.00      0.00       0       0   0.00     31.00      0.00  rcu_sched
15:11:18        0        26    0.00    0.00    0.00    0.00    0.00     1      0.00      0.00       0       0   0.00      1.00      0.00  ksoftirqd/1
15:11:18        0        38    0.00    0.00    0.00    0.00    0.00     3      0.00      0.00       0       0   0.00      2.00      0.00  ksoftirqd/3
15:11:18        0        53    0.00    0.00    0.00    0.00    0.00     1      0.00      0.00       0       0   0.00      2.00      0.00  kcompactd0
15:11:18        0       121    0.00    0.00    0.00    0.00    0.00     0      0.00      0.00       0       0   0.00      7.00      0.00  kworker/0:2-events
15:11:18        0       240    0.00    0.00    0.00    0.00    0.00     1      0.00      0.00  288968   27144   0.34      1.00      0.00  multipathd
15:11:18        0       591    0.00    0.00    0.00    0.00    0.00     1      0.00      0.00   83064    4556   0.06      1.00      0.00  irqbalance
15:11:18        0      2880    0.00    0.00    0.00    0.00    0.00     1      0.00      0.00       0       0   0.00      6.00      0.00  kworker/1:0-events
15:11:18        0      3475    0.00    0.00    0.00    0.00    0.00     1      0.00      0.00       0       0   0.00      7.00      0.00  kworker/u16:3-events_power_efficient
15:11:18        0      3514    0.00    0.00    0.00    0.00    0.00     3      0.00      0.00       0       0   0.00      4.00      0.00  kworker/3:2-events
15:11:18        0      3837    0.00    0.00    0.00    0.00    0.00     2      0.00      0.00       0       0   0.00      3.00      0.00  kworker/2:1-events
15:11:18     1000      4682    0.00    0.00    0.00    0.00    0.00     1      1.00      0.00   31444   21396   0.27     16.00      0.00  python3
15:11:18     1000      4690    0.00    0.00    0.00    0.00    0.00     1      0.00      0.00    9900    3356   0.04      1.00      0.00  vmstat
15:11:18     1000      4691    0.00    0.00    0.00    0.00    0.00     1      0.00      0.00    7712    3696   0.05      1.00      0.00  pidstat

# Time        UID       PID    %usr %system  %guest   %wait    %CPU   CPU  minflt/s  majflt/s     VSZ     RSS   %MEM   cswch/s nvcswch/s  Command
15:11:19        0        16    0.00    0.00    0.00    0.00    0.00     1      0.00      0.00       0       0   0.00     32.00      0.00  rcu_sched
15:11:19        0        19    0.00    0.00    0.00    0.00    0.00     0      0.00      0.00       0       0   0.00      1.00      0.00  migration/0
15:11:19        0        25    0.00    0.00    0.00    0.00    0.00     1      0.00      0.00       0       0   0.00      3.00      0.00  migration/1
15:11:19        0        31    0.00    0.00    0.00    0.00    0.00     2      0.00      0.00       0       0   0.00      1.00      0.00  migration/2
15:11:19        0        37    0.00    0.00    0.00    0.00    0.00     3      0.00      0.00       0       0   0.00      1.00      0.00  migration/3
15:11:19        0        53    0.00    0.00    0.00    0.00    0.00     1      0.00      0.00       0       0   0.00      2.00      0.00  kcompactd0
15:11:19        0       121    0.00    0.00    0.00    0.00    0.00     0      0.00      0.00       0       0   0.00      2.00      0.00  kworker/0:2-events
15:11:19        0       240    0.00    0.00    0.00    0.00    0.00     1      0.00      0.00  288968   27144   0.34      1.00      0.00  multipathd
15:11:19      110       672    0.00    0.00    0.00    0.00    0.00     1      0.00      0.00   19416    3744   0.05      3.00      0.00  chronyd
15:11:19        0      2880    0.00    0.00    0.00    0.00    0.00     1      0.00      0.00       0       0   0.00      6.00      0.00  kworker/1:0-events
15:11:19        0      3475    0.00    0.00    0.00    0.00    0.00     1      0.00      0.00       0       0   0.00     11.00      0.00  kworker/u16:3-events_power_efficient
15:11:19        0      3514    0.00    0.00    0.00    0.00    0.00     3      0.00      0.00       0       0   0.00      1.00      0.00  kworker/3:2-mm_percpu_wq
15:11:19        0      3837    0.00    0.00    0.00    0.00    0.00     2      0.00      0.00       0       0   0.00      1.00      0.00  kworker/2:1-mm_percpu_wq
15:11:19     1000      4682    1.00    1.00    0.00    0.00    2.00     1      1.00      0.00   31444   21396   0.27      8.00      0.00  python3
15:11:19     1000      4690    0.00    0.00    0.00    0.00    0.00     1      0.00      0.00    9900    3356   0.04      1.00      0.00  vmstat
15:11:19     1000      4691    0.00    1.00    0.00    0.00    1.00     1      0.00      0.00    7712    3696   0.05      1.00      0.00  pidstat
15:11:19     1000      4901    0.00    0.00    0.00    0.00    0.00     0    146.00      0.00    2704    1464   0.02      1.00      1.00  time
15:11:19     1000      4902   80.00    6.00    0.00    0.00   86.00     0   8324.00      0.00   49704   42304   0.53      6.00      2.00  /home/ubuntu/pa
15:11:19     1000      4903    9.00    7.00    0.00    0.00   16.00     3  11381.00      0.00 1816956   45444   0.57      4.00      4.00  hey

# Time        UID       PID    %usr %system  %guest   %wait    %CPU   CPU  minflt/s  majflt/s     VSZ     RSS   %MEM   cswch/s nvcswch/s  Command
15:11:20        0        16    0.00    0.00    0.00    0.00    0.00     1      0.00      0.00       0       0   0.00      6.00      0.00  rcu_sched
15:11:20        0        26    0.00    0.00    0.00    0.00    0.00     1      0.00      0.00       0       0   0.00      1.00      0.00  ksoftirqd/1
15:11:20        0        53    0.00    0.00    0.00    0.00    0.00     1      0.00      0.00       0       0   0.00      2.00      0.00  kcompactd0
15:11:20        0       121    0.00    0.00    0.00    0.00    0.00     0      0.00      0.00       0       0   0.00      6.00      0.00  kworker/0:2-events
15:11:20        0       240    0.00    0.00    0.00    0.00    0.00     1      0.00      0.00  288968   27144   0.34      1.00      0.00  multipathd
15:11:20        0      2880    0.00    0.00    0.00    0.00    0.00     1      0.00      0.00       0       0   0.00      4.00      0.00  kworker/1:0-events
15:11:20        0      3475    0.00    0.00    0.00    0.00    0.00     1      0.00      0.00       0       0   0.00      5.00      0.00  kworker/u16:3-events_power_efficient
15:11:20        0      3514    0.00    0.00    0.00    0.00    0.00     3      0.00      0.00       0       0   0.00      1.00      0.00  kworker/3:2-mm_percpu_wq
15:11:20        0      3837    0.00    0.00    0.00    0.00    0.00     2      0.00      0.00       0       0   0.00      3.00      0.00  kworker/2:1-events
15:11:20     1000      4690    0.00    0.00    0.00    0.00    0.00     1      0.00      0.00    9900    3356   0.04      1.00      0.00  vmstat
15:11:20     1000      4691    0.00    0.00    0.00    0.00    0.00     1      0.00      0.00    7712    3696   0.05      1.00      0.00  pidstat
15:11:20     1000      4902   94.00    7.00    0.00    0.00  101.00     0      0.00      0.00   49704   42304   0.53      0.00      6.00  /home/ubuntu/pa
15:11:20     1000      4903   13.00    9.00    0.00    0.00   22.00     3   6386.00      0.00 1817724   67972   0.86      0.00      0.00  hey

# Time        UID       PID    %usr %system  %guest   %wait    %CPU   CPU  minflt/s  majflt/s     VSZ     RSS   %MEM   cswch/s nvcswch/s  Command
15:11:21        0        16    0.00    0.00    0.00    0.00    0.00     1      0.00      0.00       0       0   0.00    109.00      0.00  rcu_sched
15:11:21        0        25    0.00    0.00    0.00    0.00    0.00     1      0.00      0.00       0       0   0.00      1.00      0.00  migration/1
15:11:21        0        38    0.00    0.00    0.00    0.00    0.00     3      0.00      0.00       0       0   0.00      2.00      0.00  ksoftirqd/3
15:11:21        0        53    0.00    0.00    0.00    0.00    0.00     1      0.00      0.00       0       0   0.00      2.00      0.00  kcompactd0
15:11:21        0       121    0.00    0.00    0.00    0.00    0.00     0      0.00      0.00       0       0   0.00      2.00      0.00  kworker/0:2-events
15:11:21        0       240    0.00    0.00    0.00    0.00    0.00     1      0.00      0.00  288968   27144   0.34      1.00      0.00  multipathd
15:11:21        0      2880    0.00    0.00    0.00    0.00    0.00     1      0.00      0.00       0       0   0.00      1.00      0.00  kworker/1:0-mm_percpu_wq
15:11:21        0      3475    0.00    0.00    0.00    0.00    0.00     2      0.00      0.00       0       0   0.00      5.00      0.00  kworker/u16:3-events_power_efficient
15:11:21        0      3514    0.00    0.00    0.00    0.00    0.00     3      0.00      0.00       0       0   0.00      3.00      0.00  kworker/3:2-events
15:11:21        0      3837    0.00    0.00    0.00    0.00    0.00     2      0.00      0.00       0       0   0.00      7.00      0.00  kworker/2:1-events
15:11:21     1000      4666    0.00    0.00    0.00    0.00    0.00     2      0.00      0.00   15008    7192   0.09      1.00      0.00  sshd
15:11:21     1000      4682    0.00    0.00    0.00    0.00    0.00     1      0.00      0.00   31444   21396   0.27     15.00      0.00  python3
15:11:21     1000      4690    0.00    0.00    0.00    0.00    0.00     1      0.00      0.00    9900    3356   0.04      1.00      0.00  vmstat
15:11:21     1000      4691    0.00    1.00    0.00    0.00    1.00     1      0.00      0.00    7712    3696   0.05      1.00      0.00  pidstat
15:11:21     1000      4902   93.00    7.00    0.00    0.00  100.00     0   2427.00      0.00   59360   52032   0.66      0.00      2.00  /home/ubuntu/pa
15:11:21     1000      4903   12.00    5.00    0.00    0.00   17.00     3   1234.00      0.00 1817980   72196   0.91      0.00      0.00  hey

# Time        UID       PID    %usr %system  %guest   %wait    %CPU   CPU  minflt/s  majflt/s     VSZ     RSS   %MEM   cswch/s nvcswch/s  Command
15:11:22        0        53    0.00    0.00    0.00    0.00    0.00     1      0.00      0.00       0       0   0.00      2.00      0.00  kcompactd0
15:11:22        0       121    0.00    0.00    0.00    0.00    0.00     0      0.00      0.00       0       0   0.00      6.00      0.00  kworker/0:2-events
15:11:22        0       240    0.00    0.00    0.00    0.00    0.00     1      0.00      0.00  288968   27144   0.34      1.00      0.00  multipathd
15:11:22      998       541    0.00    0.00    0.00    0.00    0.00     1      0.00      0.00   22432    9924   0.13      1.00      0.00  systemd-network
15:11:22        0      2880    0.00    0.00    0.00    0.00    0.00     1      0.00      0.00       0       0   0.00      2.00      0.00  kworker/1:0-events
15:11:22        0      3475    0.00    0.00    0.00    0.00    0.00     3      0.00      0.00       0       0   0.00      6.00      0.00  kworker/u16:3-events_power_efficient
15:11:22        0      3514    0.00    0.00    0.00    0.00    0.00     3      0.00      0.00       0       0   0.00      4.00      0.00  kworker/3:2-events
15:11:22        0      3837    0.00    0.00    0.00    0.00    0.00     2      0.00      0.00       0       0   0.00      4.00      0.00  kworker/2:1-events
15:11:22     1000      4682    0.00    0.00    0.00    0.00    0.00     1      0.00      0.00   31444   21396   0.27     20.00      0.00  python3
15:11:22     1000      4690    0.00    0.00    0.00    0.00    0.00     1      0.00      0.00    9900    3356   0.04      1.00      0.00  vmstat
15:11:22     1000      4691    1.00    0.00    0.00    0.00    1.00     1      0.00      0.00    7712    3696   0.05      1.00      0.00  pidstat
15:11:22     1000      4902   93.00    7.00    0.00    0.00  100.00     0      0.00      0.00   59360   52032   0.66      0.00      6.00  /home/ubuntu/pa
15:11:22     1000      4903   12.00    7.00    0.00    0.00   19.00     3    175.00      0.00 1818108   72708   0.92      0.00      0.00  hey

# Time        UID       PID    %usr %system  %guest   %wait    %CPU   CPU  minflt/s  majflt/s     VSZ     RSS   %MEM   cswch/s nvcswch/s  Command
15:11:23        0        19    0.00    0.00    0.00    0.00    0.00     0      0.00      0.00       0       0   0.00      1.00      0.00  migration/0
15:11:23        0        25    0.00    0.00    0.00    0.00    0.00     1      0.00      0.00       0       0   0.00      1.00      0.00  migration/1
15:11:23        0        31    0.00    0.00    0.00    0.00    0.00     2      0.00      0.00       0       0   0.00      1.00      0.00  migration/2
15:11:23        0        37    0.00    0.00    0.00    0.00    0.00     3      0.00      0.00       0       0   0.00      1.00      0.00  migration/3
15:11:23        0        53    0.00    0.00    0.00    0.00    0.00     1      0.00      0.00       0       0   0.00      2.00      0.00  kcompactd0
15:11:23        0       121    0.00    0.00    0.00    0.00    0.00     0      0.00      0.00       0       0   0.00      1.00      0.00  kworker/0:2-events
15:11:23        0       240    0.00    0.00    0.00    0.00    0.00     1      0.00      0.00  288968   27144   0.34      1.00      0.00  multipathd
15:11:23        0      2880    0.00    0.00    0.00    0.00    0.00     1      0.00      0.00       0       0   0.00      2.00      0.00  kworker/1:0-events
15:11:23        0      3475    0.00    0.00    0.00    0.00    0.00     1      0.00      0.00       0       0   0.00      6.00      0.00  kworker/u16:3-events_power_efficient
15:11:23        0      3514    0.00    0.00    0.00    0.00    0.00     3      0.00      0.00       0       0   0.00      5.00      0.00  kworker/3:2-events
15:11:23        0      3837    0.00    0.00    0.00    0.00    0.00     2      0.00      0.00       0       0   0.00      1.00      0.00  kworker/2:1-mm_percpu_wq
15:11:23     1000      4682    0.00    0.00    0.00    0.00    0.00     1      0.00      0.00   31444   21396   0.27     20.00      0.00  python3
15:11:23     1000      4690    0.00    0.00    0.00    0.00    0.00     1      0.00      0.00    9900    3356   0.04      1.00      0.00  vmstat
15:11:23     1000      4691    0.00    0.00    0.00    0.00    0.00     1      0.00      0.00    7712    3696   0.05      1.00      0.00  pidstat
15:11:23     1000      4902   94.00    5.00    0.00    0.00   99.00     0      0.00      0.00   59360   52032   0.66      0.00      2.00  /home/ubuntu/pa
15:11:23     1000      4903   11.00    8.00    0.00    0.00   19.00     3    182.00      0.00 1818236   73528   0.93      0.00      0.00  hey

# Time        UID       PID    %usr %system  %guest   %wait    %CPU   CPU  minflt/s  majflt/s     VSZ     RSS   %MEM   cswch/s nvcswch/s  Command
15:11:24        0        16    0.00    0.00    0.00    0.00    0.00     1      0.00      0.00       0       0   0.00      2.00      0.00  rcu_sched
15:11:24        0        26    0.00    0.00    0.00    0.00    0.00     1      0.00      0.00       0       0   0.00      1.00      0.00  ksoftirqd/1
15:11:24        0        53    0.00    0.00    0.00    0.00    0.00     1      0.00      0.00       0       0   0.00      2.00      0.00  kcompactd0
15:11:24        0       121    0.00    0.00    0.00    0.00    0.00     0      0.00      0.00       0       0   0.00      7.00      0.00  kworker/0:2-events
15:11:24        0       240    0.00    0.00    0.00    0.00    0.00     1      0.00      0.00  288968   27144   0.34      1.00      0.00  multipathd
15:11:24        0      2880    0.00    0.00    0.00    0.00    0.00     1      0.00      0.00       0       0   0.00      6.00      0.00  kworker/1:0-events
15:11:24        0      3475    0.00    0.00    0.00    0.00    0.00     1      0.00      0.00       0       0   0.00     10.00      0.00  kworker/u16:3-events_power_efficient
15:11:24        0      3514    0.00    0.00    0.00    0.00    0.00     3      0.00      0.00       0       0   0.00      1.00      0.00  kworker/3:2-mm_percpu_wq
15:11:24        0      3837    0.00    0.00    0.00    0.00    0.00     2      0.00      0.00       0       0   0.00      1.00      0.00  kworker/2:1-mm_percpu_wq
15:11:24     1000      4682    0.00    0.00    0.00    0.00    0.00     1      0.00      0.00   31444   21396   0.27     20.00      0.00  python3
15:11:24     1000      4690    0.00    0.00    0.00    0.00    0.00     1      0.00      0.00    9900    3356   0.04      1.00      0.00  vmstat
15:11:24     1000      4691    0.00    0.00    0.00    0.00    0.00     1      0.00      0.00    7712    3696   0.05      1.00      0.00  pidstat
15:11:24     1000      4902   95.00    6.00    0.00    0.00  101.00     0      1.00      0.00   59360   52032   0.66      0.00      7.00  /home/ubuntu/pa
15:11:24     1000      4903   13.00    7.00    0.00    0.00   20.00     3    371.00      0.00 1818300   74808   0.94      0.00      0.00  hey

# Time        UID       PID    %usr %system  %guest   %wait    %CPU   CPU  minflt/s  majflt/s     VSZ     RSS   %MEM   cswch/s nvcswch/s  Command
15:11:25        0        53    0.00    0.00    0.00    0.00    0.00     1      0.00      0.00       0       0   0.00      2.00      0.00  kcompactd0
15:11:25        0       121    0.00    0.00    0.00    0.00    0.00     0      0.00      0.00       0       0   0.00      1.00      0.00  kworker/0:2-events
15:11:25        0       240    0.00    0.00    0.00    0.00    0.00     1      0.00      0.00  288968   27144   0.34      1.00      0.00  multipathd
15:11:25        0       248    0.00    0.00    0.00    0.00    0.00     0      0.00      0.00       0       0   0.00      1.00      0.00  kworker/0:1H-kblockd
15:11:25        0      2880    0.00    0.00    0.00    0.00    0.00     1      0.00      0.00       0       0   0.00      6.00      0.00  kworker/1:0-events
15:11:25        0      3475    0.00    0.00    0.00    0.00    0.00     1      0.00      0.00       0       0   0.00      5.00      0.00  kworker/u16:3-events_power_efficient
15:11:25        0      3514    0.00    0.00    0.00    0.00    0.00     3      0.00      0.00       0       0   0.00      1.00      0.00  kworker/3:2-mm_percpu_wq
15:11:25        0      3837    0.00    0.00    0.00    0.00    0.00     2      0.00      0.00       0       0   0.00      1.00      0.00  kworker/2:1-mm_percpu_wq
15:11:25     1000      4682    0.00    0.00    0.00    0.00    0.00     1      0.00      0.00   31444   21396   0.27     20.00      0.00  python3
15:11:25     1000      4690    0.00    0.00    0.00    0.00    0.00     1      0.00      0.00    9900    3356   0.04      1.00      0.00  vmstat
15:11:25     1000      4691    0.00    1.00    0.00    0.00    1.00     1      0.00      0.00    7712    3696   0.05      1.00      0.00  pidstat
15:11:25     1000      4902   94.00    6.00    0.00    0.00  100.00     0      0.00      0.00   59360   52032   0.66      0.00      2.00  /home/ubuntu/pa
15:11:25     1000      4903   12.00    9.00    0.00    0.00   21.00     3    163.00      0.00 1818300   75448   0.95      0.00      0.00  hey

# Time        UID       PID    %usr %system  %guest   %wait    %CPU   CPU  minflt/s  majflt/s     VSZ     RSS   %MEM   cswch/s nvcswch/s  Command
15:11:26        0        53    0.00    0.00    0.00    0.00    0.00     1      0.00      0.00       0       0   0.00      2.00      0.00  kcompactd0
15:11:26        0       121    0.00    0.00    0.00    0.00    0.00     0      0.00      0.00       0       0   0.00      6.00      0.00  kworker/0:2-events
15:11:26        0       240    0.00    0.00    0.00    0.00    0.00     1      0.00      0.00  288968   27144   0.34      1.00      0.00  multipathd
15:11:26        0      2880    0.00    0.00    0.00    0.00    0.00     1      0.00      0.00       0       0   0.00      5.00      0.00  kworker/1:0-events
15:11:26        0      3475    0.00    0.00    0.00    0.00    0.00     1      0.00      0.00       0       0   0.00      5.00      0.00  kworker/u16:3-events_power_efficient
15:11:26        0      3514    0.00    0.00    0.00    0.00    0.00     3      0.00      0.00       0       0   0.00      2.00      0.00  kworker/3:2-events
15:11:26        0      3837    0.00    0.00    0.00    0.00    0.00     2      0.00      0.00       0       0   0.00      1.00      0.00  kworker/2:1-mm_percpu_wq
15:11:26     1000      4682    0.00    0.00    0.00    0.00    0.00     1      0.00      0.00   31444   21396   0.27     20.00      0.00  python3
15:11:26     1000      4690    0.00    0.00    0.00    0.00    0.00     1      0.00      0.00    9900    3356   0.04      1.00      0.00  vmstat
15:11:26     1000      4691    1.00    0.00    0.00    0.00    1.00     1      0.00      0.00    7712    3696   0.05      1.00      0.00  pidstat
15:11:26     1000      4902   95.00    5.00    0.00    0.00  100.00     0      0.00      0.00   59360   52032   0.66      0.00      6.00  /home/ubuntu/pa
15:11:26     1000      4903   12.00    7.00    0.00    0.00   19.00     3    143.00      0.00 1818300   75960   0.96      0.00      0.00  hey

# Time        UID       PID    %usr %system  %guest   %wait    %CPU   CPU  minflt/s  majflt/s     VSZ     RSS   %MEM   cswch/s nvcswch/s  Command
15:11:27        0        19    0.00    0.00    0.00    0.00    0.00     0      0.00      0.00       0       0   0.00      1.00      0.00  migration/0
15:11:27        0        25    0.00    0.00    0.00    0.00    0.00     1      0.00      0.00       0       0   0.00      1.00      0.00  migration/1
15:11:27        0        31    0.00    0.00    0.00    0.00    0.00     2      0.00      0.00       0       0   0.00      1.00      0.00  migration/2
15:11:27        0        37    0.00    0.00    0.00    0.00    0.00     3      0.00      0.00       0       0   0.00      1.00      0.00  migration/3
15:11:27        0        53    0.00    0.00    0.00    0.00    0.00     1      0.00      0.00       0       0   0.00      2.00      0.00  kcompactd0
15:11:27        0       121    0.00    0.00    0.00    0.00    0.00     0      0.00      0.00       0       0   0.00      2.00      0.00  kworker/0:2-events
15:11:27        0       240    0.00    0.00    0.00    0.00    0.00     1      0.00      0.00  288968   27144   0.34      1.00      0.00  multipathd
15:11:27        0      2880    0.00    0.00    0.00    0.00    0.00     1      0.00      0.00       0       0   0.00      6.00      0.00  kworker/1:0-events
15:11:27        0      3475    0.00    0.00    0.00    0.00    0.00     1      0.00      0.00       0       0   0.00      5.00      0.00  kworker/u16:3-events_power_efficient
15:11:27        0      3514    0.00    0.00    0.00    0.00    0.00     3      0.00      0.00       0       0   0.00      1.00      0.00  kworker/3:2-mm_percpu_wq
15:11:27        0      3837    0.00    0.00    0.00    0.00    0.00     2      0.00      0.00       0       0   0.00      1.00      0.00  kworker/2:1-mm_percpu_wq
15:11:27     1000      4682    0.00    0.00    0.00    0.00    0.00     1      0.00      0.00   31444   21396   0.27     20.00      0.00  python3
15:11:27     1000      4690    0.00    0.00    0.00    0.00    0.00     1      0.00      0.00    9900    3356   0.04      1.00      0.00  vmstat
15:11:27     1000      4691    0.00    1.00    0.00    0.00    1.00     1      0.00      0.00    7712    3696   0.05      1.00      0.00  pidstat
15:11:27     1000      4902   94.00    6.00    0.00    0.00  100.00     0      0.00      0.00   59360   52032   0.66      0.00      3.00  /home/ubuntu/pa
15:11:27     1000      4903   12.00    8.00    0.00    0.00   20.00     3    155.00      0.00 1818300   76600   0.97      0.00      0.00  hey

# Time        UID       PID    %usr %system  %guest   %wait    %CPU   CPU  minflt/s  majflt/s     VSZ     RSS   %MEM   cswch/s nvcswch/s  Command
15:11:28        0        16    0.00    0.00    0.00    0.00    0.00     1      0.00      0.00       0       0   0.00      4.00      0.00  rcu_sched
15:11:28        0        53    0.00    0.00    0.00    0.00    0.00     1      0.00      0.00       0       0   0.00      2.00      0.00  kcompactd0
15:11:28        0       121    0.00    0.00    0.00    0.00    0.00     0      0.00      0.00       0       0   0.00      6.00      0.00  kworker/0:2-events
15:11:28        0       240    0.00    0.00    0.00    0.00    0.00     1      0.00      0.00  288968   27144   0.34      1.00      0.00  multipathd
15:11:28        0       591    0.00    0.00    0.00    0.00    0.00     2      0.00      0.00   83064    4556   0.06      1.00      0.00  irqbalance
15:11:28        0      2880    0.00    0.00    0.00    0.00    0.00     1      0.00      0.00       0       0   0.00      5.00      0.00  kworker/1:0-events
15:11:28        0      3475    0.00    0.00    0.00    0.00    0.00     1      0.00      0.00       0       0   0.00      5.00      0.00  kworker/u16:3-events_power_efficient
15:11:28        0      3514    0.00    0.00    0.00    0.00    0.00     3      0.00      0.00       0       0   0.00      1.00      0.00  kworker/3:2-mm_percpu_wq
15:11:28        0      3837    0.00    0.00    0.00    0.00    0.00     2      0.00      0.00       0       0   0.00      1.00      0.00  kworker/2:1-mm_percpu_wq
15:11:28     1000      4682    0.00    0.00    0.00    0.00    0.00     1      0.00      0.00   31444   21396   0.27     20.00      0.00  python3
15:11:28     1000      4690    0.00    0.00    0.00    0.00    0.00     1      0.00      0.00    9900    3356   0.04      1.00      0.00  vmstat
15:11:28     1000      4691    0.00    0.00    0.00    0.00    0.00     1      0.00      0.00    7712    3696   0.05      1.00      0.00  pidstat
15:11:28        0      4812    0.00    0.00    0.00    0.00    0.00     3      0.00      0.00       0       0   0.00      1.00      0.00  kworker/u16:0-events_power_efficient
15:11:28     1000      4902   93.00    7.00    0.00    0.00  100.00     0      0.00      0.00   59360   52032   0.66      0.00      6.00  /home/ubuntu/pa
15:11:28     1000      4903   12.00    8.00    0.00    0.00   20.00     3    282.00      0.00 1818300   77624   0.98      0.00      0.00  hey

# Time        UID       PID    %usr %system  %guest   %wait    %CPU   CPU  minflt/s  majflt/s     VSZ     RSS   %MEM   cswch/s nvcswch/s  Command
15:11:29        0        53    0.00    0.00    0.00    0.00    0.00     1      0.00      0.00       0       0   0.00      2.00      0.00  kcompactd0
15:11:29        0       121    0.00    0.00    0.00    0.00    0.00     0      0.00      0.00       0       0   0.00      1.00      0.00  kworker/0:2-events
15:11:29        0       240    0.00    0.00    0.00    0.00    0.00     1      0.00      0.00  288968   27144   0.34      1.00      0.00  multipathd
15:11:29        0      2880    0.00    0.00    0.00    0.00    0.00     1      0.00      0.00       0       0   0.00      4.00      0.00  kworker/1:0-events
15:11:29        0      3475    0.00    0.00    0.00    0.00    0.00     1      0.00      0.00       0       0   0.00      7.00      0.00  kworker/u16:3-events_power_efficient
15:11:29        0      3514    0.00    0.00    0.00    0.00    0.00     3      0.00      0.00       0       0   0.00      2.00      0.00  kworker/3:2-events
15:11:29        0      3837    0.00    0.00    0.00    0.00    0.00     2      0.00      0.00       0       0   0.00      1.00      0.00  kworker/2:1-mm_percpu_wq
15:11:29     1000      4682    1.00    0.00    0.00    0.00    1.00     1      0.00      0.00   31444   21396   0.27     20.00      0.00  python3
15:11:29     1000      4690    0.00    0.00    0.00    0.00    0.00     1      0.00      0.00    9900    3356   0.04      1.00      0.00  vmstat
15:11:29     1000      4691    1.00    0.00    0.00    0.00    1.00     1      0.00      0.00    7712    3696   0.05      1.00      0.00  pidstat
15:11:29        0      4812    0.00    0.00    0.00    0.00    0.00     3      0.00      0.00       0       0   0.00      2.00      0.00  kworker/u16:0-events_power_efficient
15:11:29     1000      4902   93.00    7.00    0.00    0.00  100.00     0      6.00      0.00   59360   52032   0.66      0.00      1.00  /home/ubuntu/pa
15:11:29     1000      4903   14.00    7.00    0.00    0.00   21.00     3    120.00      0.00 1818300   78136   0.99      0.00      0.00  hey

# Time        UID       PID    %usr %system  %guest   %wait    %CPU   CPU  minflt/s  majflt/s     VSZ     RSS   %MEM   cswch/s nvcswch/s  Command
15:11:30        0        26    0.00    0.00    0.00    0.00    0.00     1      0.00      0.00       0       0   0.00      1.00      0.00  ksoftirqd/1
15:11:30        0        53    0.00    0.00    0.00    0.00    0.00     1      0.00      0.00       0       0   0.00      2.00      0.00  kcompactd0
15:11:30        0       121    0.00    0.00    0.00    0.00    0.00     0      0.00      0.00       0       0   0.00      6.00      0.00  kworker/0:2-events
15:11:30        0       240    0.00    0.00    0.00    0.00    0.00     1      0.00      0.00  288968   27144   0.34      1.00      0.00  multipathd
15:11:30        0      2880    0.00    0.00    0.00    0.00    0.00     1      0.00      0.00       0       0   0.00      3.00      0.00  kworker/1:0-events
15:11:30        0      3514    0.00    0.00    0.00    0.00    0.00     3      0.00      0.00       0       0   0.00      6.00      0.00  kworker/3:2-events
15:11:30        0      3837    0.00    0.00    0.00    0.00    0.00     2      0.00      0.00       0       0   0.00      2.00      0.00  kworker/2:1-events
15:11:30     1000      4682    0.00    0.00    0.00    0.00    0.00     1      0.00      0.00   31444   21396   0.27     20.00      0.00  python3
15:11:30     1000      4690    0.00    0.00    0.00    0.00    0.00     1      0.00      0.00    9900    3356   0.04      1.00      0.00  vmstat
15:11:30     1000      4691    0.00    1.00    0.00    0.00    1.00     1      0.00      0.00    7712    3696   0.05      1.00      0.00  pidstat
15:11:30        0      4812    0.00    0.00    0.00    0.00    0.00     1      0.00      0.00       0       0   0.00      6.00      0.00  kworker/u16:0-events_power_efficient
15:11:30     1000      4902   95.00    5.00    0.00    0.00  100.00     0      0.00      0.00   59360   52032   0.66      0.00      6.00  /home/ubuntu/pa
15:11:30     1000      4903   14.00    7.00    0.00    0.00   21.00     3    123.00      0.00 1818300   78520   0.99      0.00      0.00  hey

# Time        UID       PID    %usr %system  %guest   %wait    %CPU   CPU  minflt/s  majflt/s     VSZ     RSS   %MEM   cswch/s nvcswch/s  Command
15:11:31        0        16    0.00    0.00    0.00    0.00    0.00     1      0.00      0.00       0       0   0.00     59.00      0.00  rcu_sched
15:11:31        0        19    0.00    0.00    0.00    0.00    0.00     0      0.00      0.00       0       0   0.00      1.00      0.00  migration/0
15:11:31        0        25    0.00    0.00    0.00    0.00    0.00     1      0.00      0.00       0       0   0.00      3.00      0.00  migration/1
15:11:31        0        31    0.00    0.00    0.00    0.00    0.00     2      0.00      0.00       0       0   0.00      1.00      0.00  migration/2
15:11:31        0        37    0.00    0.00    0.00    0.00    0.00     3      0.00      0.00       0       0   0.00      1.00      0.00  migration/3
15:11:31        0        38    0.00    0.00    0.00    0.00    0.00     3      0.00      0.00       0       0   0.00      1.00      0.00  ksoftirqd/3
15:11:31        0        53    0.00    0.00    0.00    0.00    0.00     1      0.00      0.00       0       0   0.00      2.00      0.00  kcompactd0
15:11:31        0       121    0.00    0.00    0.00    0.00    0.00     0      0.00      0.00       0       0   0.00      2.00      0.00  kworker/0:2-events
15:11:31        0       240    0.00    0.00    0.00    0.00    0.00     1      0.00      0.00  288968   27144   0.34      1.00      0.00  multipathd
15:11:31        0      2880    0.00    0.00    0.00    0.00    0.00     1      0.00      0.00       0       0   0.00      4.00      0.00  kworker/1:0-events
15:11:31        0      3514    0.00    0.00    0.00    0.00    0.00     3      0.00      0.00       0       0   0.00      4.00      0.00  kworker/3:2-events
15:11:31        0      3837    0.00    0.00    0.00    0.00    0.00     2      0.00      0.00       0       0   0.00      2.00      0.00  kworker/2:1-events
15:11:31     1000      4682    0.00    0.00    0.00    0.00    0.00     1      1.00      0.00   31444   21396   0.27     16.00      0.00  python3
15:11:31     1000      4690    0.00    0.00    0.00    0.00    0.00     1      0.00      0.00    9900    3356   0.04      1.00      0.00  vmstat
15:11:31     1000      4691    0.00    0.00    0.00    0.00    0.00     1      0.00      0.00    7712    3696   0.05      1.00      0.00  pidstat
15:11:31        0      4812    0.00    0.00    0.00    0.00    0.00     1      0.00      0.00       0       0   0.00      4.00      0.00  kworker/u16:0-events_power_efficient
15:11:31     1000      4919    0.00    0.00    0.00    0.00    0.00     0    144.00      0.00    2704    1528   0.02      1.00      1.00  time
15:11:31     1000      4920   22.00    2.00    0.00    0.00   24.00     0   8114.00      0.00   48764   41492   0.52      6.00      0.00  /home/ubuntu/pa
15:11:31     1000      4921    2.00    1.00    0.00    0.00    3.00     2   3214.00      0.00 1750776   17024   0.22      5.00      3.00  hey

# Time        UID       PID    %usr %system  %guest   %wait    %CPU   CPU  minflt/s  majflt/s     VSZ     RSS   %MEM   cswch/s nvcswch/s  Command
15:11:32        0        16    0.00    0.00    0.00    0.00    0.00     1      0.00      0.00       0       0   0.00     26.00      0.00  rcu_sched
15:11:32        0        53    0.00    0.00    0.00    0.00    0.00     1      0.00      0.00       0       0   0.00      2.00      0.00  kcompactd0
15:11:32        0       121    0.00    0.00    0.00    0.00    0.00     0      0.00      0.00       0       0   0.00      5.00      0.00  kworker/0:2-events
15:11:32        0       240    0.00    0.00    0.00    0.00    0.00     1      0.00      0.00  288968   27144   0.34      1.00      0.00  multipathd
15:11:32        0      2880    0.00    0.00    0.00    0.00    0.00     1      0.00      0.00       0       0   0.00      6.00      0.00  kworker/1:0-events
15:11:32        0      3514    0.00    0.00    0.00    0.00    0.00     3      0.00      0.00       0       0   0.00      1.00      0.00  kworker/3:2-mm_percpu_wq
15:11:32        0      3837    0.00    0.00    0.00    0.00    0.00     2      0.00      0.00       0       0   0.00      1.00      0.00  kworker/2:1-mm_percpu_wq
15:11:32     1000      4690    0.00    0.00    0.00    0.00    0.00     1      0.00      0.00    9900    3356   0.04      1.00      0.00  vmstat
15:11:32     1000      4691    0.00    0.00    0.00    0.00    0.00     1      0.00      0.00    7712    3696   0.05      1.00      0.00  pidstat
15:11:32        0      4812    0.00    0.00    0.00    0.00    0.00     1      0.00      0.00       0       0   0.00      6.00      0.00  kworker/u16:0-events_power_efficient
15:11:32     1000      4920   92.00    8.00    0.00    0.00  100.00     0    341.00      0.00   50216   42900   0.54      0.00      5.00  /home/ubuntu/pa
15:11:32     1000      4921   19.00   18.00    0.00    0.00   37.00     2  11016.00      0.00 1817212   56832   0.72      0.00      0.00  hey

# Time        UID       PID    %usr %system  %guest   %wait    %CPU   CPU  minflt/s  majflt/s     VSZ     RSS   %MEM   cswch/s nvcswch/s  Command
15:11:33        0        16    0.00    0.00    0.00    0.00    0.00     1      0.00      0.00       0       0   0.00     33.00      0.00  rcu_sched
15:11:33        0        25    0.00    0.00    0.00    0.00    0.00     1      0.00      0.00       0       0   0.00      1.00      0.00  migration/1
15:11:33        0        32    0.00    0.00    0.00    0.00    0.00     2      0.00      0.00       0       0   0.00      1.00      0.00  ksoftirqd/2
15:11:33        0        53    0.00    0.00    0.00    0.00    0.00     1      0.00      0.00       0       0   0.00      2.00      0.00  kcompactd0
15:11:33        0       121    0.00    0.00    0.00    0.00    0.00     0      0.00      0.00       0       0   0.00      1.00      0.00  kworker/0:2-events
15:11:33        0       240    0.00    0.00    0.00    0.00    0.00     1      0.00      0.00  288968   27144   0.34      1.00      0.00  multipathd
15:11:33        0      2880    0.00    0.00    0.00    0.00    0.00     1      0.00      0.00       0       0   0.00      6.00      0.00  kworker/1:0-events
15:11:33        0      3514    0.00    0.00    0.00    0.00    0.00     3      0.00      0.00       0       0   0.00      1.00      0.00  kworker/3:2-mm_percpu_wq
15:11:33        0      3837    0.00    0.00    0.00    0.00    0.00     2      0.00      0.00       0       0   0.00      1.00      0.00  kworker/2:1-mm_percpu_wq
15:11:33     1000      4682    0.00    0.00    0.00    0.00    0.00     1      0.00      0.00   31444   21396   0.27      2.00      0.00  python3
15:11:33     1000      4690    0.00    0.00    0.00    0.00    0.00     1      0.00      0.00    9900    3356   0.04      1.00      0.00  vmstat
15:11:33     1000      4691    0.00    1.00    0.00    0.00    1.00     1      0.00      0.00    7712    3696   0.05      1.00      1.00  pidstat
15:11:33        0      4812    0.00    0.00    0.00    0.00    0.00     1      0.00      0.00       0       0   0.00      6.00      0.00  kworker/u16:0-events_power_efficient
15:11:33     1000      4920   91.00    9.00    0.00    0.00  100.00     0     52.00      0.00   50348   43156   0.55      0.00      1.00  /home/ubuntu/pa
15:11:33     1000      4921   20.00   16.00    0.00    0.00   36.00     2   2990.00      0.00 1817980   67456   0.85      0.00      0.00  hey
15:11:33     1000      4929    3.00    2.00    0.00    0.00    5.00     3   6593.00      0.00 1603504   27508   0.35      5.00      3.00  hey

# Time        UID       PID    %usr %system  %guest   %wait    %CPU   CPU  minflt/s  majflt/s     VSZ     RSS   %MEM   cswch/s nvcswch/s  Command
15:11:34        0        16    0.00    0.00    0.00    0.00    0.00     1      0.00      0.00       0       0   0.00    276.00      0.00  rcu_sched
15:11:34        0        26    0.00    0.00    0.00    0.00    0.00     1      0.00      0.00       0       0   0.00      1.00      0.00  ksoftirqd/1
15:11:34        0        49    0.00    0.00    0.00    0.00    0.00     3      0.00      0.00       0       0   0.00      1.00      0.00  kworker/u16:2-events_power_efficient
15:11:34        0        53    0.00    0.00    0.00    0.00    0.00     1      0.00      0.00       0       0   0.00      2.00      0.00  kcompactd0
15:11:34        0       121    0.00    0.00    0.00    0.00    0.00     0      0.00      0.00       0       0   0.00      5.00      0.00  kworker/0:2-events
15:11:34        0       240    0.00    0.00    0.00    0.00    0.00     1      0.00      0.00  288968   27144   0.34      1.00      0.00  multipathd
15:11:34      110       672    0.00    0.00    0.00    0.00    0.00     1      0.00      0.00   19416    3744   0.05      1.00      0.00  chronyd
15:11:34        0      2880    0.00    0.00    0.00    0.00    0.00     1      0.00      0.00       0       0   0.00      6.00      0.00  kworker/1:0-events
15:11:34        0      3475    0.00    0.00    0.00    0.00    0.00     2      0.00      0.00       0       0   0.00      1.00      0.00  kworker/u16:3-events_power_efficient
15:11:34        0      3514    0.00    0.00    0.00    0.00    0.00     3      0.00      0.00       0       0   0.00      2.00      0.00  kworker/3:2-events
15:11:34        0      3837    0.00    0.00    0.00    0.00    0.00     2      0.00      0.00       0       0   0.00      2.00      0.00  kworker/2:1-events
15:11:34     1000      4690    0.00    0.00    0.00    0.00    0.00     1      0.00      0.00    9900    3356   0.04      1.00      0.00  vmstat
15:11:34     1000      4691    0.00    0.00    0.00    0.00    0.00     1      0.00      0.00    7712    3696   0.05      1.00      2.00  pidstat
15:11:34        0      4812    0.00    0.00    0.00    0.00    0.00     1      0.00      0.00       0       0   0.00      6.00      0.00  kworker/u16:0-events_power_efficient
15:11:34     1000      4920   93.00    7.00    0.00    0.00  100.00     0    642.00      0.00   52996   45716   0.58      0.00      5.00  /home/ubuntu/pa
15:11:34     1000      4921   17.00   15.00    0.00    0.00   32.00     2   1468.00      0.00 1818236   72704   0.92      0.00      0.00  hey
15:11:34     1000      4929    0.00    1.00    0.00    0.00    1.00     3    167.00      0.00 1677236   28148   0.36      0.00      0.00  hey

# Time        UID       PID    %usr %system  %guest   %wait    %CPU   CPU  minflt/s  majflt/s     VSZ     RSS   %MEM   cswch/s nvcswch/s  Command
15:11:35        0        16    0.00    0.00    0.00    0.00    0.00     1      0.00      0.00       0       0   0.00    269.00      0.00  rcu_sched
15:11:35        0        19    0.00    0.00    0.00    0.00    0.00     0      0.00      0.00       0       0   0.00      1.00      0.00  migration/0
15:11:35        0        25    0.00    0.00    0.00    0.00    0.00     1      0.00      0.00       0       0   0.00      1.00      0.00  migration/1
15:11:35        0        31    0.00    0.00    0.00    0.00    0.00     2      0.00      0.00       0       0   0.00      1.00      0.00  migration/2
15:11:35        0        37    0.00    0.00    0.00    0.00    0.00     3      0.00      0.00       0       0   0.00      1.00      0.00  migration/3
15:11:35        0        53    0.00    0.00    0.00    0.00    0.00     1      0.00      0.00       0       0   0.00      2.00      0.00  kcompactd0
15:11:35        0       121    0.00    0.00    0.00    0.00    0.00     0      0.00      0.00       0       0   0.00      1.00      0.00  kworker/0:2-events
15:11:35        0       240    0.00    0.00    0.00    0.00    0.00     1      0.00      0.00  288968   27144   0.34      1.00      0.00  multipathd
15:11:35        0      2880    0.00    0.00    0.00    0.00    0.00     1      0.00      0.00       0       0   0.00      4.00      0.00  kworker/1:0-events
15:11:35        0      3475    0.00    0.00    0.00    0.00    0.00     1      0.00      0.00       0       0   0.00      6.00      0.00  kworker/u16:3-events_power_efficient
15:11:35        0      3514    0.00    0.00    0.00    0.00    0.00     3      0.00      0.00       0       0   0.00      1.00      0.00  kworker/3:2-mm_percpu_wq
15:11:35        0      3837    0.00    0.00    0.00    0.00    0.00     2      0.00      0.00       0       0   0.00      3.00      0.00  kworker/2:1-events
15:11:35     1000      4690    0.00    0.00    0.00    0.00    0.00     1      0.00      0.00    9900    3356   0.04      1.00      0.00  vmstat
15:11:35     1000      4691    0.00    1.00    0.00    0.00    1.00     1      0.00      0.00    7712    3696   0.05      1.00      0.00  pidstat
15:11:35     1000      4920   94.00    6.00    0.00    0.00  100.00     0    643.00      0.00   55504   48276   0.61      0.00      2.00  /home/ubuntu/pa
15:11:35     1000      4921   17.00   14.00    0.00    0.00   31.00     2    130.00      0.00 1818364   73088   0.92      0.00      0.00  hey
15:11:35     1000      4929    1.00    0.00    0.00    0.00    1.00     3    122.00      0.00 1677236   28660   0.36      0.00      0.00  hey

# Time        UID       PID    %usr %system  %guest   %wait    %CPU   CPU  minflt/s  majflt/s     VSZ     RSS   %MEM   cswch/s nvcswch/s  Command
15:11:36        0        16    1.00    0.00    0.00    0.00    1.00     1      0.00      0.00       0       0   0.00    276.00      0.00  rcu_sched
15:11:36        0        26    0.00    0.00    0.00    0.00    0.00     1      0.00      0.00       0       0   0.00      3.00      0.00  ksoftirqd/1
15:11:36        0        32    0.00    0.00    0.00    0.00    0.00     2      0.00      0.00       0       0   0.00      1.00      0.00  ksoftirqd/2
15:11:36        0        53    0.00    0.00    0.00    0.00    0.00     2      0.00      0.00       0       0   0.00      2.00      0.00  kcompactd0
15:11:36        0       121    0.00    0.00    0.00    0.00    0.00     0      0.00      0.00       0       0   0.00      7.00      0.00  kworker/0:2-events
15:11:36        0       240    0.00    0.00    0.00    0.00    0.00     1      0.00      0.00  288968   27144   0.34      1.00      0.00  multipathd
15:11:36      110       672    0.00    0.00    0.00    0.00    0.00     1      0.00      0.00   19416    3744   0.05      2.00      0.00  chronyd
15:11:36        0      2880    0.00    0.00    0.00    0.00    0.00     1      0.00      0.00       0       0   0.00      4.00      0.00  kworker/1:0-events
15:11:36        0      3475    0.00    0.00    0.00    0.00    0.00     1      0.00      0.00       0       0   0.00      5.00      0.00  kworker/u16:3-events_power_efficient
15:11:36        0      3514    0.00    0.00    0.00    0.00    0.00     3      0.00      0.00       0       0   0.00      1.00      0.00  kworker/3:2-mm_percpu_wq
15:11:36        0      3837    0.00    0.00    0.00    0.00    0.00     2      0.00      0.00       0       0   0.00      1.00      0.00  kworker/2:1-mm_percpu_wq
15:11:36     1000      4666    0.00    0.00    0.00    0.00    0.00     2      0.00      0.00   15008    7192   0.09      1.00      0.00  sshd
15:11:36     1000      4690    0.00    0.00    0.00    0.00    0.00     1      0.00      0.00    9900    3356   0.04      1.00      0.00  vmstat
15:11:36     1000      4691    0.00    0.00    0.00    0.00    0.00     1      0.00      0.00    7712    3696   0.05      1.00      1.00  pidstat
15:11:36     1000      4920   94.00    6.00    0.00    0.00  100.00     0    648.00      0.00   58148   50836   0.64      0.00      7.00  /home/ubuntu/pa
15:11:36     1000      4921   17.00   15.00    0.00    0.00   32.00     2    311.00      0.00 1818428   74112   0.94      0.00      0.00  hey
15:11:36     1000      4929    0.00    1.00    0.00    0.00    1.00     3     89.00      0.00 1677236   29044   0.37      0.00      0.00  hey

# Time        UID       PID    %usr %system  %guest   %wait    %CPU   CPU  minflt/s  majflt/s     VSZ     RSS   %MEM   cswch/s nvcswch/s  Command
15:11:37        0        16    0.00    0.00    0.00    0.00    0.00     1      0.00      0.00       0       0   0.00    197.00      0.00  rcu_sched
15:11:37        0        26    0.00    0.00    0.00    0.00    0.00     1      0.00      0.00       0       0   0.00      1.00      0.00  ksoftirqd/1
15:11:37        0        32    0.00    0.00    0.00    0.00    0.00     2      0.00      0.00       0       0   0.00      2.00      0.00  ksoftirqd/2
15:11:37        0        53    0.00    0.00    0.00    0.00    0.00     1      0.00      0.00       0       0   0.00      2.00      0.00  kcompactd0
15:11:37        0       121    0.00    0.00    0.00    0.00    0.00     0      0.00      0.00       0       0   0.00      1.00      0.00  kworker/0:2-events
15:11:37        0       240    0.00    0.00    0.00    0.00    0.00     1      0.00      0.00  288968   27144   0.34      1.00      0.00  multipathd
15:11:37        0      2880    0.00    0.00    0.00    0.00    0.00     1      0.00      0.00       0       0   0.00      6.00      0.00  kworker/1:0-events
15:11:37        0      3475    0.00    0.00    0.00    0.00    0.00     1      0.00      0.00       0       0   0.00      6.00      0.00  kworker/u16:3-events_power_efficient
15:11:37        0      3514    0.00    0.00    0.00    0.00    0.00     3      0.00      0.00       0       0   0.00      1.00      0.00  kworker/3:2-mm_percpu_wq
15:11:37        0      3837    0.00    0.00    0.00    0.00    0.00     2      0.00      0.00       0       0   0.00      3.00      0.00  kworker/2:1-events
15:11:37     1000      4682    0.00    0.00    0.00    0.00    0.00     1      0.00      0.00   31444   21396   0.27     12.00      0.00  python3
15:11:37     1000      4690    0.00    0.00    0.00    0.00    0.00     1      0.00      0.00    9900    3356   0.04      1.00      0.00  vmstat
15:11:37     1000      4691    1.00    1.00    0.00    0.00    2.00     1      0.00      0.00    7712    3696   0.05      1.00      0.00  pidstat
15:11:37     1000      4920   93.00    7.00    0.00    0.00  100.00     0    456.00      0.00   59996   52628   0.66      0.00      1.00  /home/ubuntu/pa
15:11:37     1000      4921   20.00   13.00    0.00    0.00   33.00     2    150.00      0.00 1818556   74624   0.94      0.00      0.00  hey

# Time        UID       PID    %usr %system  %guest   %wait    %CPU   CPU  minflt/s  majflt/s     VSZ     RSS   %MEM   cswch/s nvcswch/s  Command
15:11:38        0        53    0.00    0.00    0.00    0.00    0.00     1      0.00      0.00       0       0   0.00      2.00      0.00  kcompactd0
15:11:38        0       121    0.00    0.00    0.00    0.00    0.00     0      0.00      0.00       0       0   0.00      5.00      0.00  kworker/0:2-events
15:11:38        0       137    0.00    0.00    0.00    0.00    0.00     1      0.00      0.00       0       0   0.00      3.00      0.00  jbd2/nvme0n1p1-8
15:11:38        0       240    0.00    0.00    0.00    0.00    0.00     1      0.00      0.00  288968   27144   0.34      1.00      0.00  multipathd
15:11:38        0       591    0.00    1.00    0.00    0.00    1.00     1      0.00      0.00   83064    4556   0.06      1.00      0.00  irqbalance
15:11:38        0      2880    0.00    0.00    0.00    0.00    0.00     1      0.00      0.00       0       0   0.00      6.00      0.00  kworker/1:0-events
15:11:38        0      3475    0.00    0.00    0.00    0.00    0.00     1      0.00      0.00       0       0   0.00      6.00      0.00  kworker/u16:3-events_power_efficient
15:11:38        0      3514    0.00    0.00    0.00    0.00    0.00     3      0.00      0.00       0       0   0.00      3.00      0.00  kworker/3:2-events
15:11:38        0      3837    0.00    0.00    0.00    0.00    0.00     2      0.00      0.00       0       0   0.00      1.00      0.00  kworker/2:1-mm_percpu_wq
15:11:38     1000      4682    0.00    0.00    0.00    0.00    0.00     1      0.00      0.00   31444   21396   0.27     20.00      0.00  python3
15:11:38     1000      4690    0.00    0.00    0.00    0.00    0.00     1      0.00      0.00    9900    3356   0.04      1.00      0.00  vmstat
15:11:38     1000      4691    0.00    0.00    0.00    0.00    0.00     1      0.00      0.00    7712    3696   0.05      1.00      0.00  pidstat
15:11:38     1000      4920   93.00    7.00    0.00    0.00  100.00     0      0.00      0.00   59996   52628   0.66      0.00      5.00  /home/ubuntu/pa
15:11:38     1000      4921   19.00   14.00    0.00    0.00   33.00     2    139.00      0.00 1818556   75264   0.95      0.00      0.00  hey

# Time        UID       PID    %usr %system  %guest   %wait    %CPU   CPU  minflt/s  majflt/s     VSZ     RSS   %MEM   cswch/s nvcswch/s  Command
15:11:39        0        19    0.00    0.00    0.00    0.00    0.00     0      0.00      0.00       0       0   0.00      1.00      0.00  migration/0
15:11:39        0        25    0.00    0.00    0.00    0.00    0.00     1      0.00      0.00       0       0   0.00      1.00      0.00  migration/1
15:11:39        0        31    0.00    0.00    0.00    0.00    0.00     2      0.00      0.00       0       0   0.00      1.00      0.00  migration/2
15:11:39        0        37    0.00    0.00    0.00    0.00    0.00     3      0.00      0.00       0       0   0.00      1.00      0.00  migration/3
15:11:39        0        49    0.00    0.00    0.00    0.00    0.00     3      0.00      0.00       0       0   0.00      1.00      0.00  kworker/u16:2-events_power_efficient
15:11:39        0        53    0.00    0.00    0.00    0.00    0.00     1      0.00      0.00       0       0   0.00      2.00      0.00  kcompactd0
15:11:39        0       121    0.00    0.00    0.00    0.00    0.00     0      0.00      0.00       0       0   0.00      1.00      0.00  kworker/0:2-events
15:11:39        0       240    0.00    0.00    0.00    0.00    0.00     1      0.00      0.00  288968   27144   0.34      1.00      0.00  multipathd
15:11:39        0      2880    0.00    1.00    0.00    0.00    1.00     1      0.00      0.00       0       0   0.00      5.00      0.00  kworker/1:0-events
15:11:39        0      3475    0.00    0.00    0.00    0.00    0.00     1      0.00      0.00       0       0   0.00      6.00      0.00  kworker/u16:3-events_power_efficient
15:11:39        0      3514    0.00    0.00    0.00    0.00    0.00     3      0.00      0.00       0       0   0.00      1.00      0.00  kworker/3:2-mm_percpu_wq
15:11:39        0      3837    0.00    0.00    0.00    0.00    0.00     2      0.00      0.00       0       0   0.00      1.00      0.00  kworker/2:1-mm_percpu_wq
15:11:39     1000      4682    0.00    0.00    0.00    0.00    0.00     1      0.00      0.00   31444   21396   0.27     20.00      0.00  python3
15:11:39     1000      4690    0.00    1.00    0.00    0.00    1.00     1      0.00      0.00    9900    3356   0.04      1.00      0.00  vmstat
15:11:39     1000      4691    0.00    1.00    0.00    0.00    1.00     1      0.00      0.00    7712    3696   0.05      1.00      0.00  pidstat
15:11:39     1000      4920   93.00    7.00    0.00    0.00  100.00     0      0.00      0.00   59996   52628   0.66      0.00      2.00  /home/ubuntu/pa
15:11:39     1000      4921   20.00   15.00    0.00    0.00   35.00     2    162.00      0.00 1818556   75776   0.96      0.00      0.00  hey

# Time        UID       PID    %usr %system  %guest   %wait    %CPU   CPU  minflt/s  majflt/s     VSZ     RSS   %MEM   cswch/s nvcswch/s  Command
15:11:40        0        16    0.00    0.00    0.00    0.00    0.00     1      0.00      0.00       0       0   0.00      2.00      0.00  rcu_sched
15:11:40        0        49    0.00    0.00    0.00    0.00    0.00     3      0.00      0.00       0       0   0.00      1.00      0.00  kworker/u16:2-events_power_efficient
15:11:40        0        53    0.00    0.00    0.00    0.00    0.00     1      0.00      0.00       0       0   0.00      2.00      0.00  kcompactd0
15:11:40        0       121    0.00    0.00    0.00    0.00    0.00     0      0.00      0.00       0       0   0.00      3.00      0.00  kworker/0:2-events
15:11:40        0       240    0.00    0.00    0.00    0.00    0.00     1      0.00      0.00  288968   27144   0.34      1.00      0.00  multipathd
15:11:40        0      2880    0.00    0.00    0.00    0.00    0.00     1      0.00      0.00       0       0   0.00      7.00      0.00  kworker/1:0-events
15:11:40        0      3475    0.00    0.00    0.00    0.00    0.00     1      0.00      0.00       0       0   0.00      8.00      0.00  kworker/u16:3-events_power_efficient
15:11:40        0      3514    0.00    0.00    0.00    0.00    0.00     3      0.00      0.00       0       0   0.00      3.00      0.00  kworker/3:2-events
15:11:40        0      3837    0.00    0.00    0.00    0.00    0.00     2      0.00      0.00       0       0   0.00      1.00      0.00  kworker/2:1-mm_percpu_wq
15:11:40     1000      4682    0.00    0.00    0.00    0.00    0.00     1      0.00      0.00   31444   21396   0.27     20.00      0.00  python3
15:11:40     1000      4690    0.00    0.00    0.00    0.00    0.00     1      0.00      0.00    9900    3356   0.04      1.00      0.00  vmstat
15:11:40     1000      4691    0.00    0.00    0.00    0.00    0.00     1      0.00      0.00    7712    3696   0.05      1.00      0.00  pidstat
15:11:40     1000      4920   93.00    7.00    0.00    0.00  100.00     0     13.00      0.00   59996   52756   0.67      0.00      3.00  /home/ubuntu/pa
15:11:40     1000      4921   20.00   14.00    0.00    0.00   34.00     2    132.00      0.00 1818556   76416   0.97      0.00      0.00  hey

# Time        UID       PID    %usr %system  %guest   %wait    %CPU   CPU  minflt/s  majflt/s     VSZ     RSS   %MEM   cswch/s nvcswch/s  Command
15:11:41        0        53    0.00    0.00    0.00    0.00    0.00     1      0.00      0.00       0       0   0.00      2.00      0.00  kcompactd0
15:11:41        0       121    0.00    0.00    0.00    0.00    0.00     0      0.00      0.00       0       0   0.00      1.00      0.00  kworker/0:2-events
15:11:41        0       240    0.00    0.00    0.00    0.00    0.00     1      0.00      0.00  288968   27144   0.34      1.00      0.00  multipathd
15:11:41        0      2880    0.00    0.00    0.00    0.00    0.00     1      0.00      0.00       0       0   0.00      5.00      0.00  kworker/1:0-events
15:11:41        0      3475    0.00    0.00    0.00    0.00    0.00     1      0.00      0.00       0       0   0.00      5.00      0.00  kworker/u16:3-events_power_efficient
15:11:41        0      3514    0.00    0.00    0.00    0.00    0.00     3      0.00      0.00       0       0   0.00      1.00      0.00  kworker/3:2-mm_percpu_wq
15:11:41        0      3837    0.00    0.00    0.00    0.00    0.00     2      0.00      0.00       0       0   0.00      1.00      0.00  kworker/2:1-mm_percpu_wq
15:11:41     1000      4682    0.00    0.00    0.00    0.00    0.00     1      0.00      0.00   31444   21396   0.27     20.00      0.00  python3
15:11:41     1000      4690    0.00    0.00    0.00    0.00    0.00     1      0.00      0.00    9900    3356   0.04      1.00      0.00  vmstat
15:11:41     1000      4691    0.00    0.00    0.00    0.00    0.00     1      0.00      0.00    7712    3696   0.05      1.00      0.00  pidstat
15:11:41     1000      4920   94.00    6.00    0.00    0.00  100.00     0      0.00      0.00   59996   52756   0.67      0.00      1.00  /home/ubuntu/pa
15:11:41     1000      4921   16.00   15.00    0.00    0.00   31.00     2    109.00      0.00 1818556   76800   0.97      0.00      0.00  hey

# Time        UID       PID    %usr %system  %guest   %wait    %CPU   CPU  minflt/s  majflt/s     VSZ     RSS   %MEM   cswch/s nvcswch/s  Command
15:11:42        0        53    0.00    0.00    0.00    0.00    0.00     1      0.00      0.00       0       0   0.00      2.00      0.00  kcompactd0
15:11:42        0       121    0.00    0.00    0.00    0.00    0.00     0      0.00      0.00       0       0   0.00      5.00      0.00  kworker/0:2-events
15:11:42        0       240    0.00    0.00    0.00    0.00    0.00     1      0.00      0.00  288968   27144   0.34      1.00      0.00  multipathd
15:11:42        0      2880    0.00    0.00    0.00    0.00    0.00     1      0.00      0.00       0       0   0.00      6.00      0.00  kworker/1:0-events
15:11:42        0      3475    0.00    0.00    0.00    0.00    0.00     1      0.00      0.00       0       0   0.00      5.00      0.00  kworker/u16:3-events_power_efficient
15:11:42        0      3514    0.00    0.00    0.00    0.00    0.00     3      0.00      0.00       0       0   0.00      3.00      0.00  kworker/3:2-events
15:11:42        0      3837    0.00    0.00    0.00    0.00    0.00     2      0.00      0.00       0       0   0.00      1.00      0.00  kworker/2:1-mm_percpu_wq
15:11:42     1000      4682    0.00    0.00    0.00    0.00    0.00     1      0.00      0.00   31444   21396   0.27     20.00      0.00  python3
15:11:42     1000      4690    0.00    0.00    0.00    0.00    0.00     1      0.00      0.00    9900    3356   0.04      1.00      0.00  vmstat
15:11:42     1000      4691    0.00    1.00    0.00    0.00    1.00     1      0.00      0.00    7712    3696   0.05      1.00      0.00  pidstat
15:11:42     1000      4920   94.00    6.00    0.00    0.00  100.00     0      0.00      0.00   59996   52756   0.67      0.00      5.00  /home/ubuntu/pa
15:11:42     1000      4921   18.00   13.00    0.00    0.00   31.00     2    264.00      0.00 1818556   77696   0.98      0.00      0.00  hey

# Time        UID       PID    %usr %system  %guest   %wait    %CPU   CPU  minflt/s  majflt/s     VSZ     RSS   %MEM   cswch/s nvcswch/s  Command
15:11:43        0        16    0.00    0.00    0.00    0.00    0.00     1      0.00      0.00       0       0   0.00     18.00      0.00  rcu_sched
15:11:43        0        19    0.00    0.00    0.00    0.00    0.00     0      0.00      0.00       0       0   0.00      1.00      0.00  migration/0
15:11:43        0        25    0.00    0.00    0.00    0.00    0.00     1      0.00      0.00       0       0   0.00      1.00      0.00  migration/1
15:11:43        0        26    0.00    0.00    0.00    0.00    0.00     1      0.00      0.00       0       0   0.00      2.00      0.00  ksoftirqd/1
15:11:43        0        31    0.00    0.00    0.00    0.00    0.00     2      0.00      0.00       0       0   0.00      1.00      0.00  migration/2
15:11:43        0        37    0.00    0.00    0.00    0.00    0.00     3      0.00      0.00       0       0   0.00      1.00      0.00  migration/3
15:11:43        0        38    0.00    0.00    0.00    0.00    0.00     3      0.00      0.00       0       0   0.00      1.00      0.00  ksoftirqd/3
15:11:43        0        53    0.00    0.00    0.00    0.00    0.00     1      0.00      0.00       0       0   0.00      2.00      0.00  kcompactd0
15:11:43        0       121    0.00    0.00    0.00    0.00    0.00     0      0.00      0.00       0       0   0.00      2.00      0.00  kworker/0:2-events
15:11:43        0       240    0.00    0.00    0.00    0.00    0.00     1      0.00      0.00  288968   27144   0.34      1.00      0.00  multipathd
15:11:43        0      2880    0.00    0.00    0.00    0.00    0.00     1      0.00      0.00       0       0   0.00      6.00      0.00  kworker/1:0-events
15:11:43        0      3475    0.00    0.00    0.00    0.00    0.00     1      0.00      0.00       0       0   0.00      7.00      0.00  kworker/u16:3-events_power_efficient
15:11:43        0      3514    0.00    0.00    0.00    0.00    0.00     3      0.00      0.00       0       0   0.00      3.00      0.00  kworker/3:2-events
15:11:43        0      3837    0.00    0.00    0.00    0.00    0.00     2      0.00      0.00       0       0   0.00      3.00      0.00  kworker/2:1-events
15:11:43     1000      4682    0.00    0.00    0.00    0.00    0.00     1      0.00      0.00   31444   21396   0.27     20.00      0.00  python3
15:11:43     1000      4690    0.00    0.00    0.00    0.00    0.00     1      0.00      0.00    9900    3356   0.04      1.00      0.00  vmstat
15:11:43     1000      4691    0.00    0.00    0.00    0.00    0.00     1      0.00      0.00    7712    3696   0.05      1.00      0.00  pidstat
15:11:43     1000      4919    0.00    0.00    0.00    0.00    0.00     0     16.00      0.00       0       0   0.00      1.00      0.00  time

# Time        UID       PID    %usr %system  %guest   %wait    %CPU   CPU  minflt/s  majflt/s     VSZ     RSS   %MEM   cswch/s nvcswch/s  Command
15:11:44        0        16    0.00    0.00    0.00    0.00    0.00     1      0.00      0.00       0       0   0.00     52.00      0.00  rcu_sched
15:11:44        0        25    0.00    0.00    0.00    0.00    0.00     1      0.00      0.00       0       0   0.00      2.00      0.00  migration/1
15:11:44        0        32    0.00    0.00    0.00    0.00    0.00     2      0.00      0.00       0       0   0.00      1.00      0.00  ksoftirqd/2
15:11:44        0        53    0.00    0.00    0.00    0.00    0.00     1      0.00      0.00       0       0   0.00      2.00      0.00  kcompactd0
15:11:44        0       121    0.00    0.00    0.00    0.00    0.00     0      0.00      0.00       0       0   0.00      5.00      0.00  kworker/0:2-events
15:11:44        0       240    0.00    0.00    0.00    0.00    0.00     1      0.00      0.00  288968   27144   0.34      1.00      0.00  multipathd
15:11:44        0       791    0.00    0.00    0.00    0.00    0.00     1      0.00      0.00       0       0   0.00      1.00      0.00  kworker/1:1H-kblockd
15:11:44        0      2880    0.00    0.00    0.00    0.00    0.00     1      0.00      0.00       0       0   0.00      7.00      0.00  kworker/1:0-events
15:11:44        0      3475    0.00    0.00    0.00    0.00    0.00     1      0.00      0.00       0       0   0.00      5.00      0.00  kworker/u16:3-events_power_efficient
15:11:44        0      3514    0.00    0.00    0.00    0.00    0.00     3      0.00      0.00       0       0   0.00      1.00      0.00  kworker/3:2-mm_percpu_wq
15:11:44        0      3837    0.00    0.00    0.00    0.00    0.00     2      0.00      0.00       0       0   0.00      1.00      0.00  kworker/2:1-mm_percpu_wq
15:11:44     1000      4682    1.00    0.00    0.00    1.00    1.00     1      0.00      0.00   31444   21396   0.27      9.00      0.00  python3
15:11:44     1000      4690    0.00    0.00    0.00    0.00    0.00     1      0.00      0.00    9900    3356   0.04      1.00      0.00  vmstat
15:11:44     1000      4691    0.00    1.00    0.00    0.00    1.00     1      0.00      0.00    7712    3696   0.05      1.00      0.00  pidstat
15:11:44     1000      4936    0.00    0.00    0.00    0.00    0.00     0    142.00      0.00    2704    1528   0.02      1.00      1.00  time
15:11:44     1000      4937   56.00    4.00    0.00    0.00   60.00     0   8345.00      0.00   49776   42552   0.54      5.00      3.00  /home/ubuntu/pa
15:11:44     1000      4938   10.00    7.00    0.00    0.00   17.00     2   6879.00      0.00 1742904   30224   0.38      3.00      3.00  hey

# Time        UID       PID    %usr %system  %guest   %wait    %CPU   CPU  minflt/s  majflt/s     VSZ     RSS   %MEM   cswch/s nvcswch/s  Command
15:11:45        0        16    0.00    0.00    0.00    0.00    0.00     1      0.00      0.00       0       0   0.00      2.00      0.00  rcu_sched
15:11:45        0        49    0.00    0.00    0.00    0.00    0.00     1      0.00      0.00       0       0   0.00      6.00      0.00  kworker/u16:2-events_power_efficient
15:11:45        0        53    0.00    0.00    0.00    0.00    0.00     1      0.00      0.00       0       0   0.00      2.00      0.00  kcompactd0
15:11:45        0       121    0.00    0.00    0.00    0.00    0.00     0      0.00      0.00       0       0   0.00      1.00      0.00  kworker/0:2-events
15:11:45        0       240    0.00    0.00    0.00    0.00    0.00     1      0.00      0.00  288968   27144   0.34      1.00      0.00  multipathd
15:11:45        0      2880    0.00    0.00    0.00    0.00    0.00     1      0.00      0.00       0       0   0.00      5.00      0.00  kworker/1:0-events
15:11:45        0      3475    0.00    0.00    0.00    0.00    0.00     1      0.00      0.00       0       0   0.00      2.00      0.00  kworker/u16:3-events_power_efficient
15:11:45        0      3837    0.00    0.00    0.00    0.00    0.00     2      0.00      0.00       0       0   0.00      1.00      0.00  kworker/2:1-mm_percpu_wq
15:11:45     1000      4690    0.00    0.00    0.00    0.00    0.00     1      0.00      0.00    9900    3356   0.04      1.00      0.00  vmstat
15:11:45     1000      4691    0.00    1.00    0.00    0.00    1.00     1      0.00      0.00    7712    3696   0.05      1.00      0.00  pidstat
15:11:45     1000      4937   92.00    8.00    0.00    0.00  100.00     0      0.00      0.00   49776   42552   0.54      0.00      1.00  /home/ubuntu/pa
15:11:45     1000      4938   21.00   18.00    0.00    0.00   39.00     2  10156.00      0.00 1817596   66960   0.85      0.00      0.00  hey

# Time        UID       PID    %usr %system  %guest   %wait    %CPU   CPU  minflt/s  majflt/s     VSZ     RSS   %MEM   cswch/s nvcswch/s  Command
15:11:46        0        16    0.00    0.00    0.00    0.00    0.00     1      0.00      0.00       0       0   0.00    126.00      0.00  rcu_sched
15:11:46        0        25    0.00    0.00    0.00    0.00    0.00     1      0.00      0.00       0       0   0.00      1.00      0.00  migration/1
15:11:46        0        49    0.00    0.00    0.00    0.00    0.00     1      0.00      0.00       0       0   0.00      4.00      0.00  kworker/u16:2-events_power_efficient
15:11:46        0        53    0.00    0.00    0.00    0.00    0.00     1      0.00      0.00       0       0   0.00      2.00      0.00  kcompactd0
15:11:46        0       121    0.00    0.00    0.00    0.00    0.00     0      0.00      0.00       0       0   0.00      5.00      0.00  kworker/0:2-events
15:11:46        0       240    0.00    0.00    0.00    0.00    0.00     1      0.00      0.00  288968   27144   0.34      1.00      0.00  multipathd
15:11:46      110       672    0.00    0.00    0.00    0.00    0.00     1      0.00      0.00   19416    3744   0.05      1.00      0.00  chronyd
15:11:46        0      2880    0.00    0.00    0.00    0.00    0.00     1      0.00      0.00       0       0   0.00      7.00      0.00  kworker/1:0-events
15:11:46        0      3514    0.00    0.00    0.00    0.00    0.00     3      0.00      0.00       0       0   0.00      2.00      0.00  kworker/3:2-events
15:11:46        0      3837    0.00    0.00    0.00    0.00    0.00     2      0.00      0.00       0       0   0.00      1.00      0.00  kworker/2:1-mm_percpu_wq
15:11:46     1000      4682    0.00    0.00    0.00    0.00    0.00     1      0.00      0.00   31444   21396   0.27      2.00      0.00  python3
15:11:46     1000      4690    0.00    0.00    0.00    0.00    0.00     1      0.00      0.00    9900    3356   0.04      1.00      0.00  vmstat
15:11:46     1000      4691    1.00    0.00    0.00    0.00    1.00     1      0.00      0.00    7712    3696   0.05      1.00      0.00  pidstat
15:11:46     1000      4937   93.00    6.00    0.00    0.00   99.00     0    299.00      0.00   50964   43704   0.55      0.00      5.00  /home/ubuntu/pa
15:11:46     1000      4938   20.00   15.00    0.00    0.00   35.00     2    186.00      0.00 1817788   67472   0.85      0.00      0.00  hey
15:11:46     1000      4946    2.00    3.00    0.00    0.00    5.00     2   6761.00      0.00 1677236   28096   0.35    127.00     71.00  hey

# Time        UID       PID    %usr %system  %guest   %wait    %CPU   CPU  minflt/s  majflt/s     VSZ     RSS   %MEM   cswch/s nvcswch/s  Command
15:11:47        0        16    0.00    0.00    0.00    0.00    0.00     1      0.00      0.00       0       0   0.00    269.00      0.00  rcu_sched
15:11:47        0        19    0.00    0.00    0.00    0.00    0.00     0      0.00      0.00       0       0   0.00      1.00      0.00  migration/0
15:11:47        0        25    0.00    0.00    0.00    0.00    0.00     1      0.00      0.00       0       0   0.00      1.00      0.00  migration/1
15:11:47        0        31    0.00    0.00    0.00    0.00    0.00     2      0.00      0.00       0       0   0.00      1.00      0.00  migration/2
15:11:47        0        37    0.00    0.00    0.00    0.00    0.00     3      0.00      0.00       0       0   0.00      1.00      0.00  migration/3
15:11:47        0        49    0.00    0.00    0.00    0.00    0.00     1      0.00      0.00       0       0   0.00      6.00      0.00  kworker/u16:2-events_power_efficient
15:11:47        0        53    0.00    0.00    0.00    0.00    0.00     1      0.00      0.00       0       0   0.00      2.00      0.00  kcompactd0
15:11:47        0       121    0.00    0.00    0.00    0.00    0.00     0      0.00      0.00       0       0   0.00      1.00      0.00  kworker/0:2-events
15:11:47        0       240    0.00    0.00    0.00    0.00    0.00     1      0.00      0.00  288968   27144   0.34      1.00      0.00  multipathd
15:11:47        0      2880    0.00    0.00    0.00    0.00    0.00     1      0.00      0.00       0       0   0.00      4.00      0.00  kworker/1:0-events
15:11:47        0      3514    0.00    0.00    0.00    0.00    0.00     3      0.00      0.00       0       0   0.00      3.00      0.00  kworker/3:2-events
15:11:47        0      3837    0.00    0.00    0.00    0.00    0.00     2      0.00      0.00       0       0   0.00      1.00      0.00  kworker/2:1-mm_percpu_wq
15:11:47     1000      4690    0.00    0.00    0.00    0.00    0.00     1      0.00      0.00    9900    3356   0.04      1.00      0.00  vmstat
15:11:47     1000      4691    0.00    0.00    0.00    0.00    0.00     1      0.00      0.00    7712    3696   0.05      1.00      0.00  pidstat
15:11:47     1000      4937   92.00    9.00    0.00    0.00  101.00     0    639.00      0.00   53472   46264   0.58      0.00      2.00  /home/ubuntu/pa
15:11:47     1000      4938   18.00   15.00    0.00    0.00   33.00     2   1206.00      0.00 1818300   71696   0.91      0.00      0.00  hey
15:11:47     1000      4946    1.00    0.00    0.00    0.00    1.00     3     75.00      0.00 1677236   28352   0.36    166.00      3.00  hey

# Time        UID       PID    %usr %system  %guest   %wait    %CPU   CPU  minflt/s  majflt/s     VSZ     RSS   %MEM   cswch/s nvcswch/s  Command
15:11:48        0        16    0.00    0.00    0.00    0.00    0.00     1      0.00      0.00       0       0   0.00    268.00      0.00  rcu_sched
15:11:48        0        49    0.00    0.00    0.00    0.00    0.00     1      0.00      0.00       0       0   0.00      5.00      0.00  kworker/u16:2-events_power_efficient
15:11:48        0        53    0.00    0.00    0.00    0.00    0.00     1      0.00      0.00       0       0   0.00      2.00      0.00  kcompactd0
15:11:48        0       121    0.00    0.00    0.00    0.00    0.00     0      0.00      0.00       0       0   0.00      5.00      0.00  kworker/0:2-events
15:11:48        0       240    0.00    0.00    0.00    0.00    0.00     1      0.00      0.00  288968   27144   0.34      1.00      0.00  multipathd
15:11:48        0       591    0.00    0.00    0.00    0.00    0.00     1      0.00      0.00   83064    4556   0.06      1.00      0.00  irqbalance
15:11:48        0      2880    0.00    0.00    0.00    0.00    0.00     1      0.00      0.00       0       0   0.00      7.00      0.00  kworker/1:0-events
15:11:48        0      3475    0.00    0.00    0.00    0.00    0.00     2      0.00      0.00       0       0   0.00      1.00      0.00  kworker/u16:3-events_power_efficient
15:11:48        0      3514    0.00    0.00    0.00    0.00    0.00     3      0.00      0.00       0       0   0.00      1.00      0.00  kworker/3:2-mm_percpu_wq
15:11:48        0      3837    0.00    0.00    0.00    0.00    0.00     2      0.00      0.00       0       0   0.00      1.00      0.00  kworker/2:1-mm_percpu_wq
15:11:48     1000      4690    0.00    0.00    0.00    0.00    0.00     1      0.00      0.00    9900    3356   0.04      1.00      0.00  vmstat
15:11:48     1000      4691    0.00    1.00    0.00    0.00    1.00     1      0.00      0.00    7712    3696   0.05      1.00      0.00  pidstat
15:11:48     1000      4937   92.00    8.00    0.00    0.00  100.00     0    639.00      0.00   55984   48824   0.62      0.00      5.00  /home/ubuntu/pa
15:11:48     1000      4938   17.00   16.00    0.00    0.00   33.00     2    118.00      0.00 1818428   72208   0.91      0.00      0.00  hey
15:11:48     1000      4946    0.00    1.00    0.00    0.00    1.00     3     91.00      0.00 1677236   28736   0.36    118.00      4.00  hey

# Time        UID       PID    %usr %system  %guest   %wait    %CPU   CPU  minflt/s  majflt/s     VSZ     RSS   %MEM   cswch/s nvcswch/s  Command
15:11:49        0        16    0.00    0.00    0.00    0.00    0.00     1      0.00      0.00       0       0   0.00    268.00      0.00  rcu_sched
15:11:49        0        26    0.00    0.00    0.00    0.00    0.00     1      0.00      0.00       0       0   0.00      1.00      0.00  ksoftirqd/1
15:11:49        0        49    0.00    0.00    0.00    0.00    0.00     1      0.00      0.00       0       0   0.00      6.00      0.00  kworker/u16:2-events_power_efficient
15:11:49        0        53    0.00    0.00    0.00    0.00    0.00     2      0.00      0.00       0       0   0.00      1.00      0.00  kcompactd0
15:11:49        0       121    0.00    0.00    0.00    0.00    0.00     0      0.00      0.00       0       0   0.00      1.00      0.00  kworker/0:2-events
15:11:49        0       240    0.00    0.00    0.00    0.00    0.00     1      0.00      0.00  288968   27144   0.34      1.00      0.00  multipathd
15:11:49        0      2880    0.00    0.00    0.00    0.00    0.00     1      0.00      0.00       0       0   0.00      4.00      0.00  kworker/1:0-events
15:11:49        0      3514    0.00    0.00    0.00    0.00    0.00     3      0.00      0.00       0       0   0.00      2.00      0.00  kworker/3:2-events
15:11:49        0      3837    0.00    0.00    0.00    0.00    0.00     2      0.00      0.00       0       0   0.00      1.00      0.00  kworker/2:1-mm_percpu_wq
15:11:49     1000      4690    0.00    0.00    0.00    0.00    0.00     1      0.00      0.00    9900    3356   0.04      1.00      0.00  vmstat
15:11:49     1000      4691    0.00    0.00    0.00    0.00    0.00     1      0.00      0.00    7712    3696   0.05      1.00      0.00  pidstat
15:11:49     1000      4937   93.00    7.00    0.00    0.00  100.00     0    638.00      0.00   58624   51384   0.65      0.00      1.00  /home/ubuntu/pa
15:11:49     1000      4938   18.00   15.00    0.00    0.00   33.00     2    310.00      0.00 1818428   73104   0.92      0.00      0.00  hey
15:11:49     1000      4946    1.00    1.00    0.00    0.00    2.00     3     58.00      0.00 1677236   28992   0.37    125.00      3.00  hey

# Time        UID       PID    %usr %system  %guest   %wait    %CPU   CPU  minflt/s  majflt/s     VSZ     RSS   %MEM   cswch/s nvcswch/s  Command
15:11:50        0        16    0.00    0.00    0.00    0.00    0.00     1      0.00      0.00       0       0   0.00    107.00      0.00  rcu_sched
15:11:50        0        38    0.00    0.00    0.00    0.00    0.00     3      0.00      0.00       0       0   0.00      1.00      0.00  ksoftirqd/3
15:11:50        0        49    0.00    0.00    0.00    0.00    0.00     1      0.00      0.00       0       0   0.00     10.00      0.00  kworker/u16:2-events_power_efficient
15:11:50        0        53    0.00    0.00    0.00    0.00    0.00     1      0.00      0.00       0       0   0.00      2.00      0.00  kcompactd0
15:11:50        0       121    0.00    0.00    0.00    0.00    0.00     0      0.00      0.00       0       0   0.00      4.00      0.00  kworker/0:2-events
15:11:50        0       240    0.00    0.00    0.00    0.00    0.00     1      0.00      0.00  288968   27144   0.34      2.00      0.00  multipathd
15:11:50        0      2880    0.00    0.00    0.00    0.00    0.00     1      0.00      0.00       0       0   0.00      7.00      0.00  kworker/1:0-events
15:11:50        0      3475    0.00    0.00    0.00    0.00    0.00     2      0.00      0.00       0       0   0.00      1.00      0.00  kworker/u16:3-events_power_efficient
15:11:50        0      3514    0.00    0.00    0.00    0.00    0.00     3      0.00      0.00       0       0   0.00      3.00      0.00  kworker/3:2-events
15:11:50        0      3837    0.00    0.00    0.00    0.00    0.00     2      0.00      0.00       0       0   0.00      2.00      0.00  kworker/2:1-events
15:11:50     1000      4682    0.00    0.00    0.00    0.00    0.00     1      0.00      0.00   31444   21396   0.27     19.00      0.00  python3
15:11:50     1000      4690    0.00    0.00    0.00    0.00    0.00     1      0.00      0.00    9900    3356   0.04      1.00      0.00  vmstat
15:11:50     1000      4691    0.00    1.00    0.00    0.00    1.00     1      0.00      0.00    7712    3696   0.05      1.00      0.00  pidstat
15:11:50        0      4812    0.00    0.00    0.00    0.00    0.00     3      0.00      0.00       0       0   0.00      1.00      0.00  kworker/u16:0-events_power_efficient
15:11:50     1000      4937   93.00    7.00    0.00    0.00  100.00     0    237.00      0.00   59548   52280   0.66      0.00      4.00  /home/ubuntu/pa
15:11:50     1000      4938   18.00   17.00    0.00    0.00   35.00     2    170.00      0.00 1818556   73908   0.93      0.00      0.00  hey

# Time        UID       PID    %usr %system  %guest   %wait    %CPU   CPU  minflt/s  majflt/s     VSZ     RSS   %MEM   cswch/s nvcswch/s  Command
15:11:51        0        19    0.00    0.00    0.00    0.00    0.00     0      0.00      0.00       0       0   0.00      1.00      0.00  migration/0
15:11:51        0        25    0.00    0.00    0.00    0.00    0.00     1      0.00      0.00       0       0   0.00      1.00      0.00  migration/1
15:11:51        0        31    0.00    0.00    0.00    0.00    0.00     2      0.00      0.00       0       0   0.00      1.00      0.00  migration/2
15:11:51        0        37    0.00    0.00    0.00    0.00    0.00     3      0.00      0.00       0       0   0.00      1.00      0.00  migration/3
15:11:51        0        49    0.00    0.00    0.00    0.00    0.00     1      0.00      0.00       0       0   0.00      4.00      0.00  kworker/u16:2-events_power_efficient
15:11:51        0        53    0.00    0.00    0.00    0.00    0.00     1      0.00      0.00       0       0   0.00      2.00      0.00  kcompactd0
15:11:51        0       121    0.00    0.00    0.00    0.00    0.00     0      0.00      0.00       0       0   0.00      1.00      0.00  kworker/0:2-events
15:11:51        0       240    0.00    0.00    0.00    0.00    0.00     1      0.00      0.00  288968   27144   0.34      1.00      0.00  multipathd
15:11:51        0      2880    0.00    0.00    0.00    0.00    0.00     1      0.00      0.00       0       0   0.00      4.00      0.00  kworker/1:0-events
15:11:51        0      3514    0.00    0.00    0.00    0.00    0.00     3      0.00      0.00       0       0   0.00      2.00      0.00  kworker/3:2-events
15:11:51        0      3837    0.00    0.00    0.00    0.00    0.00     2      0.00      0.00       0       0   0.00      1.00      0.00  kworker/2:1-mm_percpu_wq
15:11:51     1000      4666    0.00    0.00    0.00    0.00    0.00     2      0.00      0.00   15008    7192   0.09      1.00      0.00  sshd
15:11:51     1000      4682    0.00    0.00    0.00    0.00    0.00     1      0.00      0.00   31444   21396   0.27     20.00      0.00  python3
15:11:51     1000      4690    0.00    0.00    0.00    0.00    0.00     1      0.00      0.00    9900    3356   0.04      1.00      0.00  vmstat
15:11:51     1000      4691    0.00    0.00    0.00    0.00    0.00     1      0.00      0.00    7712    3696   0.05      1.00      0.00  pidstat
15:11:51        0      4812    0.00    0.00    0.00    0.00    0.00     3      0.00      0.00       0       0   0.00      2.00      0.00  kworker/u16:0-events_power_efficient
15:11:51     1000      4937   94.00    6.00    0.00    0.00  100.00     0      0.00      0.00   59548   52280   0.66      0.00      2.00  /home/ubuntu/pa
15:11:51     1000      4938   19.00   18.00    0.00    0.00   37.00     2    122.00      0.00 1818556   74548   0.94      0.00      0.00  hey

# Time        UID       PID    %usr %system  %guest   %wait    %CPU   CPU  minflt/s  majflt/s     VSZ     RSS   %MEM   cswch/s nvcswch/s  Command
15:11:52        0        16    0.00    0.00    0.00    0.00    0.00     1      0.00      0.00       0       0   0.00      4.00      0.00  rcu_sched
15:11:52        0        53    0.00    0.00    0.00    0.00    0.00     1      0.00      0.00       0       0   0.00      2.00      0.00  kcompactd0
15:11:52        0       121    0.00    0.00    0.00    0.00    0.00     0      0.00      0.00       0       0   0.00      5.00      0.00  kworker/0:2-events
15:11:52        0       240    0.00    0.00    0.00    0.00    0.00     1      0.00      0.00  288968   27144   0.34      1.00      0.00  multipathd
15:11:52      110       672    0.00    0.00    0.00    0.00    0.00     1      0.00      0.00   19416    3744   0.05      2.00      0.00  chronyd
15:11:52        0      2880    0.00    0.00    0.00    0.00    0.00     1      0.00      0.00       0       0   0.00      5.00      0.00  kworker/1:0-events
15:11:52        0      3514    0.00    0.00    0.00    0.00    0.00     3      0.00      0.00       0       0   0.00      1.00      0.00  kworker/3:2-mm_percpu_wq
15:11:52        0      3837    0.00    0.00    0.00    0.00    0.00     2      0.00      0.00       0       0   0.00      2.00      0.00  kworker/2:1-events
15:11:52     1000      4682    0.00    0.00    0.00    0.00    0.00     1      0.00      0.00   31444   21396   0.27     20.00      0.00  python3
15:11:52     1000      4690    0.00    0.00    0.00    0.00    0.00     1      0.00      0.00    9900    3356   0.04      1.00      0.00  vmstat
15:11:52     1000      4691    1.00    0.00    0.00    0.00    1.00     1      0.00      0.00    7712    3696   0.05      1.00      0.00  pidstat
15:11:52        0      4812    0.00    0.00    0.00    0.00    0.00     1      0.00      0.00       0       0   0.00      4.00      0.00  kworker/u16:0-events_power_efficient
15:11:52     1000      4937   92.00    8.00    0.00    0.00  100.00     0      0.00      0.00   59548   52280   0.66      0.00      5.00  /home/ubuntu/pa
15:11:52     1000      4938   18.00   18.00    0.00    0.00   36.00     2    302.00      0.00 1818556   75572   0.95      0.00      0.00  hey

# Time        UID       PID    %usr %system  %guest   %wait    %CPU   CPU  minflt/s  majflt/s     VSZ     RSS   %MEM   cswch/s nvcswch/s  Command
15:11:53        0        53    0.00    0.00    0.00    0.00    0.00     1      0.00      0.00       0       0   0.00      2.00      0.00  kcompactd0
15:11:53        0       121    0.00    0.00    0.00    0.00    0.00     0      0.00      0.00       0       0   0.00      1.00      0.00  kworker/0:2-events
15:11:53        0       240    0.00    0.00    0.00    0.00    0.00     1      0.00      0.00  288968   27144   0.34      1.00      0.00  multipathd
15:11:53        0      2880    0.00    0.00    0.00    0.00    0.00     1      0.00      0.00       0       0   0.00      6.00      0.00  kworker/1:0-events
15:11:53        0      3514    0.00    0.00    0.00    0.00    0.00     3      0.00      0.00       0       0   0.00      1.00      0.00  kworker/3:2-mm_percpu_wq
15:11:53        0      3837    0.00    0.00    0.00    0.00    0.00     2      0.00      0.00       0       0   0.00      1.00      0.00  kworker/2:1-mm_percpu_wq
15:11:53     1000      4682    0.00    1.00    0.00    0.00    1.00     1      0.00      0.00   31444   21396   0.27     20.00      0.00  python3
15:11:53     1000      4690    0.00    0.00    0.00    0.00    0.00     1      0.00      0.00    9900    3356   0.04      1.00      0.00  vmstat
15:11:53     1000      4691    0.00    1.00    0.00    0.00    1.00     1      0.00      0.00    7712    3696   0.05      1.00      0.00  pidstat
15:11:53        0      4812    0.00    0.00    0.00    0.00    0.00     1      0.00      0.00       0       0   0.00      7.00      0.00  kworker/u16:0-events_power_efficient
15:11:53     1000      4937   95.00    5.00    0.00    0.00  100.00     0      0.00      0.00   59548   52280   0.66      0.00      1.00  /home/ubuntu/pa
15:11:53     1000      4938   20.00   16.00    0.00    0.00   36.00     2    125.00      0.00 1818556   76084   0.96      0.00      0.00  hey

# Time        UID       PID    %usr %system  %guest   %wait    %CPU   CPU  minflt/s  majflt/s     VSZ     RSS   %MEM   cswch/s nvcswch/s  Command
15:11:54        0        26    0.00    0.00    0.00    0.00    0.00     1      0.00      0.00       0       0   0.00      2.00      0.00  ksoftirqd/1
15:11:54        0        53    0.00    0.00    0.00    0.00    0.00     1      0.00      0.00       0       0   0.00      2.00      0.00  kcompactd0
15:11:54        0       121    0.00    0.00    0.00    0.00    0.00     0      0.00      0.00       0       0   0.00      4.00      0.00  kworker/0:2-events
15:11:54        0       240    0.00    0.00    0.00    0.00    0.00     1      0.00      0.00  288968   27144   0.34      1.00      0.00  multipathd
15:11:54        0      2880    0.00    0.00    0.00    0.00    0.00     1      0.00      0.00       0       0   0.00      6.00      0.00  kworker/1:0-events
15:11:54        0      3514    0.00    0.00    0.00    0.00    0.00     3      0.00      0.00       0       0   0.00      2.00      0.00  kworker/3:2-events
15:11:54        0      3837    0.00    0.00    0.00    0.00    0.00     2      0.00      0.00       0       0   0.00      2.00      0.00  kworker/2:1-events
15:11:54     1000      4682    0.00    0.00    0.00    0.00    0.00     1      0.00      0.00   31444   21396   0.27     20.00      0.00  python3
15:11:54     1000      4690    0.00    0.00    0.00    0.00    0.00     1      0.00      0.00    9900    3356   0.04      1.00      0.00  vmstat
15:11:54     1000      4691    0.00    0.00    0.00    0.00    0.00     1      0.00      0.00    7712    3696   0.05      1.00      0.00  pidstat
15:11:54        0      4812    0.00    0.00    0.00    0.00    0.00     1      0.00      0.00       0       0   0.00      5.00      0.00  kworker/u16:0-events_power_efficient
15:11:54     1000      4937   92.00    8.00    0.00    0.00  100.00     0      0.00      0.00   59548   52280   0.66      0.00      4.00  /home/ubuntu/pa
15:11:54     1000      4938   21.00   16.00    0.00    0.00   37.00     2    100.00      0.00 1818556   76468   0.97      0.00      0.00  hey

# Time        UID       PID    %usr %system  %guest   %wait    %CPU   CPU  minflt/s  majflt/s     VSZ     RSS   %MEM   cswch/s nvcswch/s  Command
15:11:55        0        19    0.00    0.00    0.00    0.00    0.00     0      0.00      0.00       0       0   0.00      1.00      0.00  migration/0
15:11:55        0        25    0.00    0.00    0.00    0.00    0.00     1      0.00      0.00       0       0   0.00      1.00      0.00  migration/1
15:11:55        0        31    0.00    0.00    0.00    0.00    0.00     2      0.00      0.00       0       0   0.00      1.00      0.00  migration/2
15:11:55        0        37    0.00    0.00    0.00    0.00    0.00     3      0.00      0.00       0       0   0.00      1.00      0.00  migration/3
15:11:55        0        49    0.00    0.00    0.00    0.00    0.00     1      0.00      0.00       0       0   0.00      4.00      0.00  kworker/u16:2-events_power_efficient
15:11:55        0        53    0.00    0.00    0.00    0.00    0.00     1      0.00      0.00       0       0   0.00      2.00      0.00  kcompactd0
15:11:55        0       121    0.00    0.00    0.00    0.00    0.00     0      0.00      0.00       0       0   0.00      1.00      0.00  kworker/0:2-events
15:11:55        0       240    0.00    0.00    0.00    0.00    0.00     1      0.00      0.00  288968   27144   0.34      1.00      0.00  multipathd
15:11:55        0      2880    0.00    0.00    0.00    0.00    0.00     1      0.00      0.00       0       0   0.00      6.00      0.00  kworker/1:0-events
15:11:55        0      3514    0.00    0.00    0.00    0.00    0.00     3      0.00      0.00       0       0   0.00      1.00      0.00  kworker/3:2-mm_percpu_wq
15:11:55        0      3837    0.00    0.00    0.00    0.00    0.00     2      0.00      0.00       0       0   0.00      1.00      0.00  kworker/2:1-mm_percpu_wq
15:11:55     1000      4682    0.00    0.00    0.00    0.00    0.00     1      0.00      0.00   31444   21396   0.27     20.00      0.00  python3
15:11:55     1000      4690    0.00    0.00    0.00    0.00    0.00     1      0.00      0.00    9900    3356   0.04      1.00      0.00  vmstat
15:11:55     1000      4691    0.00    1.00    0.00    0.00    1.00     1      0.00      0.00    7712    3696   0.05      1.00      0.00  pidstat
15:11:55        0      4812    0.00    0.00    0.00    0.00    0.00     2      0.00      0.00       0       0   0.00      5.00      0.00  kworker/u16:0-events_unbound
15:11:55     1000      4937   92.00    8.00    0.00    0.00  100.00     0      0.00      0.00   59548   52280   0.66      0.00      2.00  /home/ubuntu/pa
15:11:55     1000      4938   20.00   15.00    0.00    0.00   35.00     2    102.00      0.00 1818556   76852   0.97      0.00      0.00  hey

# Time        UID       PID    %usr %system  %guest   %wait    %CPU   CPU  minflt/s  majflt/s     VSZ     RSS   %MEM   cswch/s nvcswch/s  Command
15:11:56        0        16    0.00    0.00    0.00    0.00    0.00     3      0.00      0.00       0       0   0.00     44.00      0.00  rcu_sched
15:11:56        0        25    0.00    0.00    0.00    0.00    0.00     1      0.00      0.00       0       0   0.00      1.00      0.00  migration/1
15:11:56        0        32    0.00    0.00    0.00    0.00    0.00     2      0.00      0.00       0       0   0.00      1.00      0.00  ksoftirqd/2
15:11:56        0        38    0.00    0.00    0.00    0.00    0.00     3      0.00      0.00       0       0   0.00      2.00      0.00  ksoftirqd/3
15:11:56        0        53    0.00    0.00    0.00    0.00    0.00     1      0.00      0.00       0       0   0.00      2.00      0.00  kcompactd0
15:11:56        0       121    0.00    0.00    0.00    0.00    0.00     0      0.00      0.00       0       0   0.00      4.00      0.00  kworker/0:2-events
15:11:56        0       240    0.00    0.00    0.00    0.00    0.00     1      0.00      0.00  288968   27144   0.34      1.00      0.00  multipathd
15:11:56        0       791    0.00    0.00    0.00    0.00    0.00     1      0.00      0.00       0       0   0.00      1.00      0.00  kworker/1:1H-kblockd
15:11:56        0      2880    0.00    0.00    0.00    0.00    0.00     1      0.00      0.00       0       0   0.00      5.00      0.00  kworker/1:0-events
15:11:56        0      3514    0.00    0.00    0.00    0.00    0.00     3      0.00      0.00       0       0   0.00      3.00      0.00  kworker/3:2-events
15:11:56        0      3837    0.00    0.00    0.00    0.00    0.00     2      0.00      0.00       0       0   0.00      5.00      0.00  kworker/2:1-events
15:11:56     1000      4682    1.00    0.00    0.00    0.00    1.00     1      0.00      0.00   31444   21396   0.27     15.00      0.00  python3
15:11:56     1000      4690    0.00    0.00    0.00    0.00    0.00     1      0.00      0.00    9900    3356   0.04      1.00      0.00  vmstat
15:11:56     1000      4691    0.00    0.00    0.00    0.00    0.00     1      0.00      0.00    7712    3696   0.05      1.00      0.00  pidstat
15:11:56        0      4812    0.00    0.00    0.00    0.00    0.00     1      0.00      0.00       0       0   0.00      5.00      0.00  kworker/u16:0-events_power_efficient
15:11:56     1000      4953    0.00    0.00    0.00    0.00    0.00     0    145.00      0.00    2704    1464   0.02      1.00      1.00  time
15:11:56     1000      4954    4.00    0.00    0.00    0.00    4.00     0   3079.00      0.00   22864   17436   0.22      0.00      0.00  perl

# Time        UID       PID    %usr %system  %guest   %wait    %CPU   CPU  minflt/s  majflt/s     VSZ     RSS   %MEM   cswch/s nvcswch/s  Command
15:11:57        0        16    0.00    0.00    0.00    0.00    0.00     1      0.00      0.00       0       0   0.00     29.00      0.00  rcu_sched
15:11:57        0        25    0.00    0.00    0.00    0.00    0.00     1      0.00      0.00       0       0   0.00      1.00      0.00  migration/1
15:11:57        0        53    0.00    0.00    0.00    0.00    0.00     1      0.00      0.00       0       0   0.00      2.00      0.00  kcompactd0
15:11:57        0       121    0.00    0.00    0.00    0.00    0.00     0      0.00      0.00       0       0   0.00      1.00      0.00  kworker/0:2-mm_percpu_wq
15:11:57        0       240    0.00    0.00    0.00    0.00    0.00     1      0.00      0.00  288968   27144   0.34      1.00      0.00  multipathd
15:11:57        0      2880    0.00    0.00    0.00    0.00    0.00     1      0.00      0.00       0       0   0.00      5.00      0.00  kworker/1:0-events
15:11:57        0      3514    0.00    0.00    0.00    0.00    0.00     3      0.00      0.00       0       0   0.00      1.00      0.00  kworker/3:2-mm_percpu_wq
15:11:57        0      3837    0.00    0.00    0.00    0.00    0.00     2      0.00      0.00       0       0   0.00      1.00      0.00  kworker/2:1-mm_percpu_wq
15:11:57     1000      4682    0.00    0.00    0.00    0.00    0.00     1      0.00      0.00   31444   21396   0.27      6.00      0.00  python3
15:11:57     1000      4690    0.00    0.00    0.00    0.00    0.00     1      0.00      0.00    9900    3356   0.04      1.00      0.00  vmstat
15:11:57     1000      4691    0.00    1.00    0.00    0.00    1.00     1      0.00      0.00    7712    3696   0.05      1.00      0.00  pidstat
15:11:57        0      4812    0.00    0.00    0.00    0.00    0.00     1      0.00      0.00       0       0   0.00      5.00      0.00  kworker/u16:0-events_unbound
15:11:57     1000      4954   84.00   10.00    0.00    0.00   94.00     0   4950.00      0.00   48520   41140   0.52      6.00      0.00  /home/ubuntu/pe
15:11:57     1000      4955   17.00   17.00    0.00    0.00   34.00     2  12494.00      0.00 1816956   50496   0.64      3.00      2.00  hey

# Time        UID       PID    %usr %system  %guest   %wait    %CPU   CPU  minflt/s  majflt/s     VSZ     RSS   %MEM   cswch/s nvcswch/s  Command
15:11:58        0         1    0.00    0.00    0.00    0.00    0.00     3      0.00      0.00   22184   13224   0.17      1.00      0.00  systemd
15:11:58        0        16    0.00    0.00    0.00    0.00    0.00     1      0.00      0.00       0       0   0.00      2.00      0.00  rcu_sched
15:11:58        0        53    0.00    0.00    0.00    0.00    0.00     1      0.00      0.00       0       0   0.00      2.00      0.00  kcompactd0
15:11:58        0       121    0.00    1.00    0.00    0.00    1.00     0      0.00      0.00       0       0   0.00      4.00      0.00  kworker/0:2-events
15:11:58        0       178    0.00    0.00    0.00    0.00    0.00     1      0.00      0.00   66928   17524   0.22      1.00      0.00  systemd-journal
15:11:58        0       240    0.00    0.00    0.00    0.00    0.00     1      0.00      0.00  288968   27144   0.34      1.00      0.00  multipathd
15:11:58        0       591    0.00    0.00    0.00    0.00    0.00     1      0.00      0.00   83064    4556   0.06      1.00      0.00  irqbalance
15:11:58        0       604    0.00    0.00    0.00    0.00    0.00     2      0.00      0.00   18172    8832   0.11      1.00      0.00  systemd-logind
15:11:58        0      2880    0.00    0.00    0.00    0.00    0.00     1      0.00      0.00       0       0   0.00      6.00      0.00  kworker/1:0-events
15:11:58        0      3514    0.00    0.00    0.00    0.00    0.00     3      0.00      0.00       0       0   0.00      2.00      0.00  kworker/3:2-events
15:11:58        0      3837    0.00    0.00    0.00    0.00    0.00     2      0.00      0.00       0       0   0.00      3.00      0.00  kworker/2:1-events
15:11:58     1000      4690    0.00    0.00    0.00    0.00    0.00     1      0.00      0.00    9900    3356   0.04      1.00      0.00  vmstat
15:11:58     1000      4691    0.00    0.00    0.00    0.00    0.00     1      0.00      0.00    7712    3696   0.05      1.00      0.00  pidstat
15:11:58        0      4812    0.00    0.00    0.00    0.00    0.00     1      0.00      0.00       0       0   0.00      6.00      0.00  kworker/u16:0-events_power_efficient
15:11:58     1000      4954   92.00    7.00    0.00    0.00   99.00     0      0.00      0.00   48520   41140   0.52      0.00      4.00  /home/ubuntu/pe
15:11:58     1000      4955   22.00   18.00    0.00    0.00   40.00     2   4836.00      0.00 1817724   67904   0.86      0.00      0.00  hey

# Time        UID       PID    %usr %system  %guest   %wait    %CPU   CPU  minflt/s  majflt/s     VSZ     RSS   %MEM   cswch/s nvcswch/s  Command
15:11:59        0        16    0.00    0.00    0.00    0.00    0.00     1      0.00      0.00       0       0   0.00    265.00      0.00  rcu_sched
15:11:59        0        19    0.00    0.00    0.00    0.00    0.00     0      0.00      0.00       0       0   0.00      1.00      0.00  migration/0
15:11:59        0        25    0.00    0.00    0.00    0.00    0.00     1      0.00      0.00       0       0   0.00      2.00      0.00  migration/1
15:11:59        0        31    0.00    0.00    0.00    0.00    0.00     2      0.00      0.00       0       0   0.00      1.00      0.00  migration/2
15:11:59        0        37    0.00    0.00    0.00    0.00    0.00     3      0.00      0.00       0       0   0.00      1.00      0.00  migration/3
15:11:59        0        38    0.00    0.00    0.00    0.00    0.00     3      0.00      0.00       0       0   0.00      1.00      0.00  ksoftirqd/3
15:11:59        0        53    0.00    0.00    0.00    0.00    0.00     1      0.00      0.00       0       0   0.00      2.00      0.00  kcompactd0
15:11:59        0       121    0.00    0.00    0.00    0.00    0.00     0      0.00      0.00       0       0   0.00      2.00      0.00  kworker/0:2-mm_percpu_wq
15:11:59        0       240    0.00    0.00    0.00    0.00    0.00     1      0.00      0.00  288968   27144   0.34      1.00      0.00  multipathd
15:11:59        0      2880    0.00    0.00    0.00    0.00    0.00     1      0.00      0.00       0       0   0.00      6.00      0.00  kworker/1:0-events
15:11:59        0      3514    0.00    0.00    0.00    0.00    0.00     3      0.00      0.00       0       0   0.00      2.00      0.00  kworker/3:2-mm_percpu_wq
15:11:59        0      3837    0.00    0.00    0.00    0.00    0.00     2      0.00      0.00       0       0   0.00      1.00      0.00  kworker/2:1-mm_percpu_wq
15:11:59     1000      4682    0.00    0.00    0.00    0.00    0.00     1      0.00      0.00   31444   21396   0.27      2.00      0.00  python3
15:11:59     1000      4690    0.00    0.00    0.00    0.00    0.00     1      0.00      0.00    9900    3356   0.04      1.00      0.00  vmstat
15:11:59     1000      4691    0.00    1.00    0.00    0.00    1.00     1      0.00      0.00    7712    3696   0.05      1.00      0.00  pidstat
15:11:59        0      4812    0.00    0.00    0.00    0.00    0.00     1      0.00      0.00       0       0   0.00      5.00      0.00  kworker/u16:0-events_power_efficient
15:11:59     1000      4954   93.00    8.00    0.00    0.00  101.00     0    562.00      0.00   50764   43444   0.55      0.00      3.00  /home/ubuntu/pe
15:11:59     1000      4955   20.00   17.00    0.00    0.00   37.00     2   1363.00      0.00 1818236   72640   0.92      0.00      0.00  hey
15:11:59     1000      4963    3.00    3.00    0.00    0.00    6.00     2   6970.00      0.00 1677236   29000   0.37    120.00    190.00  hey

# Time        UID       PID    %usr %system  %guest   %wait    %CPU   CPU  minflt/s  majflt/s     VSZ     RSS   %MEM   cswch/s nvcswch/s  Command
15:12:00        0        16    0.00    0.00    0.00    0.00    0.00     1      0.00      0.00       0       0   0.00    305.00      0.00  rcu_sched
15:12:00        0        26    0.00    0.00    0.00    0.00    0.00     1      0.00      0.00       0       0   0.00      1.00      0.00  ksoftirqd/1
15:12:00        0        38    0.00    0.00    0.00    0.00    0.00     3      0.00      0.00       0       0   0.00      1.00      0.00  ksoftirqd/3
15:12:00        0        49    0.00    0.00    0.00    0.00    0.00     2      0.00      0.00       0       0   0.00      1.00      0.00  kworker/u16:2-events_power_efficient
15:12:00        0        53    0.00    0.00    0.00    0.00    0.00     1      0.00      0.00       0       0   0.00      2.00      0.00  kcompactd0
15:12:00        0       121    0.00    0.00    0.00    0.00    0.00     0      0.00      0.00       0       0   0.00      5.00      0.00  kworker/0:2-events
15:12:00        0       240    0.00    0.00    0.00    0.00    0.00     1      0.00      0.00  288968   27144   0.34      1.00      0.00  multipathd
15:12:00        0      2880    0.00    0.00    0.00    0.00    0.00     1      0.00      0.00       0       0   0.00      6.00      0.00  kworker/1:0-events
15:12:00        0      3475    0.00    0.00    0.00    0.00    0.00     3      0.00      0.00       0       0   0.00      3.00      0.00  kworker/u16:3-events_power_efficient
15:12:00        0      3514    0.00    0.00    0.00    0.00    0.00     3      0.00      0.00       0       0   0.00      4.00      0.00  kworker/3:2-events
15:12:00        0      3837    0.00    0.00    0.00    0.00    0.00     2      0.00      0.00       0       0   0.00      3.00      0.00  kworker/2:1-events
15:12:00     1000      4690    0.00    0.00    0.00    0.00    0.00     1      0.00      0.00    9900    3356   0.04      1.00      0.00  vmstat
15:12:00     1000      4691    0.00    0.00    0.00    0.00    0.00     1      0.00      0.00    7712    3696   0.05      1.00      0.00  pidstat
15:12:00        0      4812    0.00    0.00    0.00    0.00    0.00     1      0.00      0.00       0       0   0.00      5.00      0.00  kworker/u16:0-events_power_efficient
15:12:00     1000      4954   93.00    7.00    0.00    0.00  100.00     0    675.00      0.00   53420   46132   0.58      0.00      5.00  /home/ubuntu/pe
15:12:00     1000      4955   19.00   17.00    0.00    0.00   36.00     2    145.00      0.00 1818428   73024   0.92      0.00      0.00  hey
15:12:00     1000      4963    0.00    1.00    0.00    0.00    1.00     3    136.00      0.00 1677236   29640   0.37    173.00      5.00  hey

# Time        UID       PID    %usr %system  %guest   %wait    %CPU   CPU  minflt/s  majflt/s     VSZ     RSS   %MEM   cswch/s nvcswch/s  Command
15:12:01        0        16    1.00    0.00    0.00    0.00    1.00     1      0.00      0.00       0       0   0.00    307.00      0.00  rcu_sched
15:12:01        0        53    0.00    0.00    0.00    0.00    0.00     1      0.00      0.00       0       0   0.00      2.00      0.00  kcompactd0
15:12:01        0       121    0.00    0.00    0.00    0.00    0.00     0      0.00      0.00       0       0   0.00      2.00      0.00  kworker/0:2-mm_percpu_wq
15:12:01        0       240    0.00    0.00    0.00    0.00    0.00     1      0.00      0.00  288968   27144   0.34      1.00      0.00  multipathd
15:12:01        0       584    0.00    0.00    0.00    0.00    0.00     1      0.00      0.00    7236    2884   0.04      1.00      0.00  cron
15:12:01        0      2880    0.00    0.00    0.00    0.00    0.00     1      0.00      0.00       0       0   0.00      4.00      0.00  kworker/1:0-events
15:12:01        0      3475    0.00    1.00    0.00    0.00    1.00     1      0.00      0.00       0       0   0.00      5.00      0.00  kworker/u16:3-events_power_efficient
15:12:01        0      3514    0.00    0.00    0.00    0.00    0.00     3      0.00      0.00       0       0   0.00      2.00      0.00  kworker/3:2-events
15:12:01        0      3837    0.00    0.00    0.00    0.00    0.00     2      0.00      0.00       0       0   0.00      2.00      0.00  kworker/2:1-events
15:12:01     1000      4690    0.00    0.00    0.00    0.00    0.00     1      0.00      0.00    9900    3356   0.04      1.00      0.00  vmstat
15:12:01     1000      4691    1.00    0.00    0.00    0.00    1.00     1      0.00      0.00    7712    3696   0.05      1.00      1.00  pidstat
15:12:01     1000      4954   94.00    6.00    0.00    0.00  100.00     0    676.00      0.00   56192   48820   0.62      0.00      2.00  /home/ubuntu/pe
15:12:01     1000      4955   19.00   16.00    0.00    0.00   35.00     2    178.00      0.00 1818492   73664   0.93      0.00      0.00  hey
15:12:01     1000      4963    1.00    1.00    0.00    0.00    2.00     3     91.00      0.00 1677236   30024   0.38    209.00      6.00  hey

# Time        UID       PID    %usr %system  %guest   %wait    %CPU   CPU  minflt/s  majflt/s     VSZ     RSS   %MEM   cswch/s nvcswch/s  Command
15:12:02        0        16    0.00    0.00    0.00    0.00    0.00     1      0.00      0.00       0       0   0.00    170.00      0.00  rcu_sched
15:12:02        0        53    0.00    0.00    0.00    0.00    0.00     1      0.00      0.00       0       0   0.00      2.00      0.00  kcompactd0
15:12:02        0       121    0.00    0.00    0.00    0.00    0.00     0      0.00      0.00       0       0   0.00      3.00      0.00  kworker/0:2-events
15:12:02        0       240    0.00    0.00    0.00    0.00    0.00     1      0.00      0.00  288968   27144   0.34      1.00      0.00  multipathd
15:12:02      110       672    0.00    0.00    0.00    0.00    0.00     1      0.00      0.00   19416    3744   0.05      2.00      0.00  chronyd
15:12:02        0      2880    0.00    0.00    0.00    0.00    0.00     1      0.00      0.00       0       0   0.00      4.00      0.00  kworker/1:0-events
15:12:02        0      3475    0.00    0.00    0.00    0.00    0.00     1      0.00      0.00       0       0   0.00      5.00      0.00  kworker/u16:3-events_power_efficient
15:12:02        0      3514    0.00    0.00    0.00    0.00    0.00     3      0.00      0.00       0       0   0.00      5.00      0.00  kworker/3:2-events
15:12:02        0      3837    0.00    0.00    0.00    0.00    0.00     2      0.00      0.00       0       0   0.00      5.00      0.00  kworker/2:1-events
15:12:02     1000      4682    0.00    0.00    0.00    0.00    0.00     1      0.00      0.00   31444   21396   0.27     16.00      0.00  python3
15:12:02     1000      4690    0.00    0.00    0.00    0.00    0.00     1      0.00      0.00    9900    3356   0.04      1.00      0.00  vmstat
15:12:02     1000      4691    0.00    1.00    0.00    0.00    1.00     1      0.00      0.00    7712    3696   0.05      1.00      0.00  pidstat
15:12:02     1000      4954   92.00    8.00    0.00    0.00  100.00     0    349.00      0.00   57512   50228   0.63      0.00      3.00  /home/ubuntu/pe
15:12:02     1000      4955   20.00   19.00    0.00    0.00   39.00     2    190.00      0.00 1818556   74432   0.94      0.00      0.00  hey

# Time        UID       PID    %usr %system  %guest   %wait    %CPU   CPU  minflt/s  majflt/s     VSZ     RSS   %MEM   cswch/s nvcswch/s  Command
15:12:03        0        19    0.00    0.00    0.00    0.00    0.00     0      0.00      0.00       0       0   0.00      1.00      0.00  migration/0
15:12:03        0        25    0.00    0.00    0.00    0.00    0.00     1      0.00      0.00       0       0   0.00      1.00      0.00  migration/1
15:12:03        0        31    0.00    0.00    0.00    0.00    0.00     2      0.00      0.00       0       0   0.00      1.00      0.00  migration/2
15:12:03        0        37    0.00    0.00    0.00    0.00    0.00     3      0.00      0.00       0       0   0.00      1.00      0.00  migration/3
15:12:03        0        53    0.00    0.00    0.00    0.00    0.00     2      0.00      0.00       0       0   0.00      2.00      0.00  kcompactd0
15:12:03        0       121    0.00    0.00    0.00    0.00    0.00     0      0.00      0.00       0       0   0.00      2.00      0.00  kworker/0:2-events
15:12:03        0       240    0.00    0.00    0.00    0.00    0.00     1      0.00      0.00  288968   27144   0.34      1.00      0.00  multipathd
15:12:03        0      2880    0.00    0.00    0.00    0.00    0.00     1      0.00      0.00       0       0   0.00      6.00      0.00  kworker/1:0-events
15:12:03        0      3475    0.00    0.00    0.00    0.00    0.00     1      0.00      0.00       0       0   0.00      6.00      0.00  kworker/u16:3-events_power_efficient
15:12:03        0      3514    0.00    0.00    0.00    0.00    0.00     3      0.00      0.00       0       0   0.00      1.00      0.00  kworker/3:2-mm_percpu_wq
15:12:03        0      3837    0.00    0.00    0.00    0.00    0.00     2      0.00      0.00       0       0   0.00      1.00      0.00  kworker/2:1-mm_percpu_wq
15:12:03     1000      4682    0.00    0.00    0.00    0.00    0.00     1      0.00      0.00   31444   21396   0.27     20.00      0.00  python3
15:12:03     1000      4690    0.00    0.00    0.00    0.00    0.00     1      0.00      0.00    9900    3356   0.04      1.00      0.00  vmstat
15:12:03     1000      4691    0.00    0.00    0.00    0.00    0.00     1      0.00      0.00    7712    3696   0.05      1.00      0.00  pidstat
15:12:03     1000      4954   92.00    8.00    0.00    0.00  100.00     0      0.00      0.00   57512   50228   0.63      0.00      3.00  /home/ubuntu/pe
15:12:03     1000      4955   21.00   18.00    0.00    0.00   39.00     2    158.00      0.00 1818556   75072   0.95      0.00      0.00  hey

# Time        UID       PID    %usr %system  %guest   %wait    %CPU   CPU  minflt/s  majflt/s     VSZ     RSS   %MEM   cswch/s nvcswch/s  Command
15:12:04        0        16    0.00    0.00    0.00    0.00    0.00     1      0.00      0.00       0       0   0.00      2.00      0.00  rcu_sched
15:12:04        0        26    0.00    0.00    0.00    0.00    0.00     1      0.00      0.00       0       0   0.00      1.00      0.00  ksoftirqd/1
15:12:04        0        53    0.00    0.00    0.00    0.00    0.00     1      0.00      0.00       0       0   0.00      2.00      0.00  kcompactd0
15:12:04        0       121    0.00    0.00    0.00    0.00    0.00     0      0.00      0.00       0       0   0.00      5.00      0.00  kworker/0:2-events
15:12:04        0       240    0.00    0.00    0.00    0.00    0.00     1      0.00      0.00  288968   27144   0.34      1.00      0.00  multipathd
15:12:04      110       672    0.00    0.00    0.00    0.00    0.00     1      0.00      0.00   19416    3744   0.05      1.00      0.00  chronyd
15:12:04        0      2880    0.00    0.00    0.00    0.00    0.00     1      0.00      0.00       0       0   0.00      4.00      0.00  kworker/1:0-events
15:12:04        0      3475    0.00    0.00    0.00    0.00    0.00     1      0.00      0.00       0       0   0.00      2.00      0.00  kworker/u16:3-events_power_efficient
15:12:04        0      3514    0.00    0.00    0.00    0.00    0.00     3      0.00      0.00       0       0   0.00      2.00      0.00  kworker/3:2-events
15:12:04        0      3837    0.00    0.00    0.00    0.00    0.00     2      0.00      0.00       0       0   0.00      3.00      0.00  kworker/2:1-events
15:12:04     1000      4682    0.00    0.00    0.00    0.00    0.00     1      0.00      0.00   31444   21396   0.27     20.00      0.00  python3
15:12:04     1000      4690    0.00    0.00    0.00    0.00    0.00     1      0.00      0.00    9900    3356   0.04      1.00      0.00  vmstat
15:12:04     1000      4691    0.00    1.00    0.00    0.00    1.00     1      0.00      0.00    7712    3696   0.05      1.00      0.00  pidstat
15:12:04        0      4812    0.00    0.00    0.00    0.00    0.00     1      0.00      0.00       0       0   0.00      4.00      0.00  kworker/u16:0-events_power_efficient
15:12:04     1000      4954   92.00    8.00    0.00    0.00  100.00     0      0.00      0.00   57512   50228   0.63      0.00      5.00  /home/ubuntu/pe
15:12:04     1000      4955   22.00   17.00    0.00    0.00   39.00     2    134.00      0.00 1818556   75584   0.95      0.00      0.00  hey

# Time        UID       PID    %usr %system  %guest   %wait    %CPU   CPU  minflt/s  majflt/s     VSZ     RSS   %MEM   cswch/s nvcswch/s  Command
15:12:05        0        16    0.00    0.00    0.00    0.00    0.00     1      0.00      0.00       0       0   0.00      2.00      0.00  rcu_sched
15:12:05        0        53    0.00    0.00    0.00    0.00    0.00     1      0.00      0.00       0       0   0.00      2.00      0.00  kcompactd0
15:12:05        0       121    0.00    0.00    0.00    0.00    0.00     0      0.00      0.00       0       0   0.00      2.00      0.00  kworker/0:2-mm_percpu_wq
15:12:05        0       240    0.00    1.00    0.00    0.00    1.00     1      0.00      0.00  288968   27144   0.34      1.00      0.00  multipathd
15:12:05      110       672    0.00    0.00    0.00    0.00    0.00     1      0.00      0.00   19416    3744   0.05      2.00      0.00  chronyd
15:12:05        0      2880    0.00    0.00    0.00    0.00    0.00     1      0.00      0.00       0       0   0.00      6.00      0.00  kworker/1:0-events
15:12:05        0      3475    0.00    0.00    0.00    0.00    0.00     1      0.00      0.00       0       0   0.00      5.00      0.00  kworker/u16:3-events_power_efficient
15:12:05        0      3514    0.00    0.00    0.00    0.00    0.00     3      0.00      0.00       0       0   0.00      1.00      0.00  kworker/3:2-mm_percpu_wq
15:12:05        0      3837    0.00    0.00    0.00    0.00    0.00     2      0.00      0.00       0       0   0.00      1.00      0.00  kworker/2:1-mm_percpu_wq
15:12:05     1000      4682    0.00    0.00    0.00    0.00    0.00     1      0.00      0.00   31444   21396   0.27     20.00      0.00  python3
15:12:05     1000      4690    0.00    0.00    0.00    0.00    0.00     1      0.00      0.00    9900    3356   0.04      1.00      0.00  vmstat
15:12:05     1000      4691    0.00    0.00    0.00    0.00    0.00     1      0.00      0.00    7712    3696   0.05      1.00      0.00  pidstat
15:12:05        0      4812    0.00    0.00    0.00    0.00    0.00     1      0.00      0.00       0       0   0.00      4.00      0.00  kworker/u16:0-events_power_efficient
15:12:05     1000      4954   91.00    9.00    0.00    0.00  100.00     0      0.00      0.00   57512   50228   0.63      0.00      2.00  /home/ubuntu/pe
15:12:05     1000      4955   21.00   19.00    0.00    0.00   40.00     2    298.00      0.00 1818556   76608   0.97      0.00      0.00  hey

# Time        UID       PID    %usr %system  %guest   %wait    %CPU   CPU  minflt/s  majflt/s     VSZ     RSS   %MEM   cswch/s nvcswch/s  Command
15:12:06        0        53    0.00    0.00    0.00    0.00    0.00     1      0.00      0.00       0       0   0.00      2.00      0.00  kcompactd0
15:12:06        0       121    0.00    0.00    0.00    0.00    0.00     0      0.00      0.00       0       0   0.00      5.00      0.00  kworker/0:2-events
15:12:06        0       240    0.00    0.00    0.00    0.00    0.00     1      0.00      0.00  288968   27144   0.34      1.00      0.00  multipathd
15:12:06        0      2880    0.00    0.00    0.00    0.00    0.00     1      0.00      0.00       0       0   0.00      6.00      0.00  kworker/1:0-events
15:12:06        0      3475    0.00    0.00    0.00    0.00    0.00     1      0.00      0.00       0       0   0.00      6.00      0.00  kworker/u16:3-events_power_efficient
15:12:06        0      3514    0.00    0.00    0.00    0.00    0.00     3      0.00      0.00       0       0   0.00      2.00      0.00  kworker/3:2-events
15:12:06        0      3837    0.00    0.00    0.00    0.00    0.00     2      0.00      0.00       0       0   0.00      3.00      0.00  kworker/2:1-events
15:12:06     1000      4666    0.00    0.00    0.00    0.00    0.00     2      0.00      0.00   15008    7192   0.09      1.00      0.00  sshd
15:12:06     1000      4682    0.00    0.00    0.00    0.00    0.00     1      0.00      0.00   31444   21396   0.27     20.00      0.00  python3
15:12:06     1000      4690    0.00    0.00    0.00    0.00    0.00     1      0.00      0.00    9900    3356   0.04      1.00      0.00  vmstat
15:12:06     1000      4691    0.00    1.00    0.00    0.00    1.00     1      0.00      0.00    7712    3696   0.05      1.00      1.00  pidstat
15:12:06     1000      4954   92.00    8.00    0.00    0.00  100.00     0      0.00      0.00   57512   50228   0.63      0.00      5.00  /home/ubuntu/pe
15:12:06     1000      4955   20.00   19.00    0.00    0.00   39.00     2    115.00      0.00 1818556   77120   0.97      0.00      0.00  hey

# Time        UID       PID    %usr %system  %guest   %wait    %CPU   CPU  minflt/s  majflt/s     VSZ     RSS   %MEM   cswch/s nvcswch/s  Command
15:12:07        0        19    0.00    0.00    0.00    0.00    0.00     0      0.00      0.00       0       0   0.00      1.00      0.00  migration/0
15:12:07        0        25    0.00    0.00    0.00    0.00    0.00     1      0.00      0.00       0       0   0.00      1.00      0.00  migration/1
15:12:07        0        31    0.00    0.00    0.00    0.00    0.00     2      0.00      0.00       0       0   0.00      1.00      0.00  migration/2
15:12:07        0        37    0.00    0.00    0.00    0.00    0.00     3      0.00      0.00       0       0   0.00      1.00      0.00  migration/3
15:12:07        0        53    0.00    0.00    0.00    0.00    0.00     1      0.00      0.00       0       0   0.00      2.00      0.00  kcompactd0
15:12:07        0       121    0.00    0.00    0.00    0.00    0.00     0      0.00      0.00       0       0   0.00      2.00      0.00  kworker/0:2-mm_percpu_wq
15:12:07        0       240    0.00    0.00    0.00    0.00    0.00     1      0.00      0.00  288968   27144   0.34      1.00      0.00  multipathd
15:12:07        0      2880    0.00    0.00    0.00    0.00    0.00     1      0.00      0.00       0       0   0.00      4.00      0.00  kworker/1:0-events
15:12:07        0      3475    0.00    0.00    0.00    0.00    0.00     1      0.00      0.00       0       0   0.00      4.00      0.00  kworker/u16:3-events_power_efficient
15:12:07        0      3514    0.00    0.00    0.00    0.00    0.00     3      0.00      0.00       0       0   0.00      1.00      0.00  kworker/3:2-mm_percpu_wq
15:12:07        0      3837    0.00    0.00    0.00    0.00    0.00     2      0.00      0.00       0       0   0.00      1.00      0.00  kworker/2:1-mm_percpu_wq
15:12:07     1000      4682    0.00    0.00    0.00    0.00    0.00     1      0.00      0.00   31444   21396   0.27     20.00      0.00  python3
15:12:07     1000      4690    0.00    0.00    0.00    0.00    0.00     1      0.00      0.00    9900    3356   0.04      1.00      0.00  vmstat
15:12:07     1000      4691    1.00    0.00    0.00    0.00    1.00     1      0.00      0.00    7712    3696   0.05      1.00      1.00  pidstat
15:12:07     1000      4954   93.00    7.00    0.00    0.00  100.00     0      0.00      0.00   57512   50228   0.63      0.00      3.00  /home/ubuntu/pe
15:12:07     1000      4955   25.00   15.00    0.00    0.00   40.00     2    277.00      0.00 1818556   78144   0.99      0.00      0.00  hey

# Time        UID       PID    %usr %system  %guest   %wait    %CPU   CPU  minflt/s  majflt/s     VSZ     RSS   %MEM   cswch/s nvcswch/s  Command
15:12:08        0        16    0.00    0.00    0.00    0.00    0.00     1      0.00      0.00       0       0   0.00      4.00      0.00  rcu_sched
15:12:08        0        53    0.00    0.00    0.00    0.00    0.00     1      0.00      0.00       0       0   0.00      2.00      0.00  kcompactd0
15:12:08        0       121    0.00    0.00    0.00    0.00    0.00     0      0.00      0.00       0       0   0.00      4.00      0.00  kworker/0:2-events
15:12:08        0       240    0.00    0.00    0.00    0.00    0.00     1      0.00      0.00  288968   27144   0.34      1.00      0.00  multipathd
15:12:08        0       591    0.00    0.00    0.00    0.00    0.00     1      0.00      0.00   83064    4556   0.06      1.00      0.00  irqbalance
15:12:08      110       672    0.00    0.00    0.00    0.00    0.00     1      0.00      0.00   19416    3744   0.05      2.00      0.00  chronyd
15:12:08        0      2880    0.00    0.00    0.00    0.00    0.00     1      0.00      0.00       0       0   0.00      6.00      0.00  kworker/1:0-events
15:12:08        0      3475    0.00    0.00    0.00    0.00    0.00     1      0.00      0.00       0       0   0.00      8.00      0.00  kworker/u16:3-writeback
15:12:08        0      3514    0.00    0.00    0.00    0.00    0.00     3      0.00      0.00       0       0   0.00      2.00      0.00  kworker/3:2-events
15:12:08        0      3837    0.00    0.00    0.00    0.00    0.00     2      0.00      0.00       0       0   0.00      3.00      0.00  kworker/2:1-events
15:12:08     1000      4682    0.00    0.00    0.00    0.00    0.00     1      0.00      0.00   31444   21396   0.27     19.00      0.00  python3
15:12:08     1000      4690    0.00    0.00    0.00    0.00    0.00     1      0.00      0.00    9900    3356   0.04      1.00      0.00  vmstat
15:12:08     1000      4691    0.00    0.00    0.00    0.00    0.00     1      0.00      0.00    7712    3696   0.05      1.00      0.00  pidstat
15:12:08     1000      4954   92.00    8.00    0.00    0.00  100.00     0      0.00      0.00   57512   50228   0.63      0.00      4.00  /home/ubuntu/pe
15:12:08     1000      4955   20.00   19.00    0.00    0.00   39.00     2    114.00      0.00 1818556   78528   0.99      0.00      0.00  hey

# Time        UID       PID    %usr %system  %guest   %wait    %CPU   CPU  minflt/s  majflt/s     VSZ     RSS   %MEM   cswch/s nvcswch/s  Command
15:12:09        0        16    0.00    0.00    0.00    0.00    0.00     1      0.00      0.00       0       0   0.00     64.00      0.00  rcu_sched
15:12:09        0        25    0.00    0.00    0.00    0.00    0.00     1      0.00      0.00       0       0   0.00      2.00      0.00  migration/1
15:12:09        0        26    0.00    0.00    0.00    0.00    0.00     1      0.00      0.00       0       0   0.00      1.00      0.00  ksoftirqd/1
15:12:09        0        32    0.00    0.00    0.00    0.00    0.00     2      0.00      0.00       0       0   0.00      1.00      0.00  ksoftirqd/2
15:12:09        0        53    0.00    0.00    0.00    0.00    0.00     1      0.00      0.00       0       0   0.00      2.00      0.00  kcompactd0
15:12:09        0       121    0.00    0.00    0.00    0.00    0.00     0      0.00      0.00       0       0   0.00      2.00      0.00  kworker/0:2-events
15:12:09        0       137    0.00    0.00    0.00    0.00    0.00     2      0.00      0.00       0       0   0.00      3.00      0.00  jbd2/nvme0n1p1-8
15:12:09        0       240    0.00    0.00    0.00    0.00    0.00     1      0.00      0.00  288968   27144   0.34      1.00      0.00  multipathd
15:12:09        0      2880    0.00    0.00    0.00    0.00    0.00     1      0.00      0.00       0       0   0.00      6.00      0.00  kworker/1:0-events
15:12:09        0      3475    0.00    0.00    0.00    0.00    0.00     1      0.00      0.00       0       0   0.00      6.00      0.00  kworker/u16:3-events_power_efficient
15:12:09        0      3514    0.00    0.00    0.00    0.00    0.00     3      0.00      0.00       0       0   0.00      3.00      0.00  kworker/3:2-events
15:12:09        0      3837    0.00    0.00    0.00    0.00    0.00     2      0.00      0.00       0       0   0.00      4.00      0.00  kworker/2:1-events
15:12:09     1000      4682    1.00    0.00    0.00    0.00    1.00     1      0.00      0.00   31444   21396   0.27     14.00      0.00  python3
15:12:09     1000      4690    0.00    0.00    0.00    0.00    0.00     1      0.00      0.00    9900    3356   0.04      1.00      0.00  vmstat
15:12:09     1000      4691    0.00    1.00    0.00    0.00    1.00     1      0.00      0.00    7712    3696   0.05      1.00      0.00  pidstat
15:12:09     1000      4970    0.00    0.00    0.00    0.00    0.00     0    145.00      0.00    2704    1464   0.02      1.00      1.00  time
15:12:09     1000      4971   32.00    5.00    0.00    0.00   37.00     0   8308.00      0.00   49688   42376   0.54      5.00      0.00  /home/ubuntu/pa
15:12:09     1000      4972    3.00    3.00    0.00    0.00    6.00     2   4753.00      0.00 1890048   22276   0.28      3.00      3.00  hey

# Time        UID       PID    %usr %system  %guest   %wait    %CPU   CPU  minflt/s  majflt/s     VSZ     RSS   %MEM   cswch/s nvcswch/s  Command
15:12:10        0        16    0.00    0.00    0.00    0.00    0.00     1      0.00      0.00       0       0   0.00      2.00      0.00  rcu_sched
15:12:10        0        26    0.00    0.00    0.00    0.00    0.00     1      0.00      0.00       0       0   0.00      1.00      0.00  ksoftirqd/1
15:12:10        0        53    0.00    0.00    0.00    0.00    0.00     1      0.00      0.00       0       0   0.00      2.00      0.00  kcompactd0
15:12:10        0       121    0.00    0.00    0.00    0.00    0.00     0      0.00      0.00       0       0   0.00      4.00      0.00  kworker/0:2-events
15:12:10        0       240    0.00    0.00    0.00    0.00    0.00     1      0.00      0.00  288968   27144   0.34      1.00      0.00  multipathd
15:12:10        0      2880    0.00    0.00    0.00    0.00    0.00     1      0.00      0.00       0       0   0.00      5.00      0.00  kworker/1:0-events
15:12:10        0      3475    0.00    0.00    0.00    0.00    0.00     3      0.00      0.00       0       0   0.00      6.00      0.00  kworker/u16:3-events_power_efficient
15:12:10        0      3514    0.00    0.00    0.00    0.00    0.00     3      0.00      0.00       0       0   0.00      4.00      0.00  kworker/3:2-events
15:12:10        0      3837    0.00    0.00    0.00    0.00    0.00     2      0.00      0.00       0       0   0.00      3.00      0.00  kworker/2:1-events
15:12:10     1000      4690    0.00    0.00    0.00    0.00    0.00     1      0.00      0.00    9900    3356   0.04      1.00      0.00  vmstat
15:12:10     1000      4691    0.00    0.00    0.00    0.00    0.00     1      0.00      0.00    7712    3696   0.05      1.00      0.00  pidstat
15:12:10        0      4812    0.00    0.00    0.00    0.00    0.00     1      0.00      0.00       0       0   0.00      2.00      0.00  kworker/u16:0-events_power_efficient
15:12:10     1000      4971   94.00    7.00    0.00    0.00  101.00     0      0.00      0.00   49688   42376   0.54      0.00      4.00  /home/ubuntu/pa
15:12:10     1000      4972   11.00   12.00    0.00    0.00   23.00     2  12222.00      0.00 1891264   65668   0.83      0.00      0.00  hey

# Time        UID       PID    %usr %system  %guest   %wait    %CPU   CPU  minflt/s  majflt/s     VSZ     RSS   %MEM   cswch/s nvcswch/s  Command
15:12:11        0        16    0.00    0.00    0.00    0.00    0.00     1      0.00      0.00       0       0   0.00     68.00      0.00  rcu_sched
15:12:11        0        19    0.00    0.00    0.00    0.00    0.00     0      0.00      0.00       0       0   0.00      1.00      0.00  migration/0
15:12:11        0        25    0.00    0.00    0.00    0.00    0.00     1      0.00      0.00       0       0   0.00      2.00      0.00  migration/1
15:12:11        0        26    0.00    0.00    0.00    0.00    0.00     1      0.00      0.00       0       0   0.00      1.00      0.00  ksoftirqd/1
15:12:11        0        31    0.00    0.00    0.00    0.00    0.00     2      0.00      0.00       0       0   0.00      1.00      0.00  migration/2
15:12:11        0        37    0.00    0.00    0.00    0.00    0.00     3      0.00      0.00       0       0   0.00      1.00      0.00  migration/3
15:12:11        0        53    0.00    0.00    0.00    0.00    0.00     1      0.00      0.00       0       0   0.00      2.00      0.00  kcompactd0
15:12:11        0       121    0.00    0.00    0.00    0.00    0.00     0      0.00      0.00       0       0   0.00      1.00      0.00  kworker/0:2-mm_percpu_wq
15:12:11        0       240    0.00    0.00    0.00    0.00    0.00     1      0.00      0.00  288968   27144   0.34      1.00      0.00  multipathd
15:12:11      110       672    0.00    0.00    0.00    0.00    0.00     1      0.00      0.00   19416    3744   0.05      2.00      0.00  chronyd
15:12:11        0       791    0.00    0.00    0.00    0.00    0.00     1      0.00      0.00       0       0   0.00      1.00      0.00  kworker/1:1H-kblockd
15:12:11        0      2880    0.00    0.00    0.00    0.00    0.00     1      0.00      0.00       0       0   0.00      6.00      0.00  kworker/1:0-events
15:12:11        0      3514    0.00    0.00    0.00    0.00    0.00     3      0.00      0.00       0       0   0.00      1.00      0.00  kworker/3:2-mm_percpu_wq
15:12:11        0      3837    0.00    0.00    0.00    0.00    0.00     2      0.00      0.00       0       0   0.00      1.00      0.00  kworker/2:1-mm_percpu_wq
15:12:11     1000      4682    0.00    0.00    0.00    0.00    0.00     1      0.00      0.00   31444   21396   0.27      2.00      0.00  python3
15:12:11     1000      4690    0.00    0.00    0.00    0.00    0.00     1      0.00      0.00    9900    3356   0.04      1.00      0.00  vmstat
15:12:11     1000      4691    0.00    1.00    0.00    0.00    1.00     1      0.00      0.00    7712    3696   0.05      1.00      0.00  pidstat
15:12:11        0      4812    0.00    0.00    0.00    0.00    0.00     1      0.00      0.00       0       0   0.00      5.00      0.00  kworker/u16:0-events_power_efficient
15:12:11     1000      4971   93.00    6.00    0.00    0.00   99.00     0   1494.00      0.00   55632   48392   0.61      0.00      2.00  /home/ubuntu/pa
15:12:11     1000      4972   12.00    7.00    0.00    0.00   19.00     2    532.00      0.00 1891520   67460   0.85      0.00      0.00  hey
15:12:11     1000      4981    3.00    3.00    0.00    0.00    6.00     2   6261.00      0.00 1677236   26172   0.33     10.00      5.00  hey

# Time        UID       PID    %usr %system  %guest   %wait    %CPU   CPU  minflt/s  majflt/s     VSZ     RSS   %MEM   cswch/s nvcswch/s  Command
15:12:12        0        16    0.00    0.00    0.00    0.00    0.00     1      0.00      0.00       0       0   0.00     50.00      0.00  rcu_sched
15:12:12        0        38    0.00    0.00    0.00    0.00    0.00     3      0.00      0.00       0       0   0.00      1.00      0.00  ksoftirqd/3
15:12:12        0        53    0.00    0.00    0.00    0.00    0.00     1      0.00      0.00       0       0   0.00      2.00      0.00  kcompactd0
15:12:12        0       121    0.00    0.00    0.00    0.00    0.00     0      0.00      0.00       0       0   0.00      3.00      0.00  kworker/0:2-events
15:12:12        0       240    0.00    0.00    0.00    0.00    0.00     1      0.00      0.00  288968   27144   0.34      1.00      0.00  multipathd
15:12:12        0      2880    0.00    0.00    0.00    0.00    0.00     1      0.00      0.00       0       0   0.00      5.00      0.00  kworker/1:0-events
15:12:12        0      3514    0.00    0.00    0.00    0.00    0.00     3      0.00      0.00       0       0   0.00      2.00      0.00  kworker/3:2-events
15:12:12        0      3837    0.00    0.00    0.00    0.00    0.00     2      0.00      0.00       0       0   0.00      4.00      0.00  kworker/2:1-events
15:12:12     1000      4682    0.00    0.00    0.00    0.00    0.00     1      0.00      0.00   31444   21396   0.27     23.00      0.00  python3
15:12:12     1000      4690    0.00    0.00    0.00    0.00    0.00     1      0.00      0.00    9900    3356   0.04      1.00      0.00  vmstat
15:12:12     1000      4691    0.00    0.00    0.00    0.00    0.00     1      0.00      0.00    7712    3696   0.05      1.00      0.00  pidstat
15:12:12        0      4812    0.00    0.00    0.00    0.00    0.00     2      0.00      0.00       0       0   0.00      6.00      0.00  kworker/u16:0-events_power_efficient
15:12:12     1000      4971   93.00    7.00    0.00    0.00  100.00     0    976.00      0.00   59592   52360   0.66      0.00      3.00  /home/ubuntu/pa
15:12:12     1000      4972   12.00    9.00    0.00    0.00   21.00     2   1372.00      0.00 1891776   72324   0.91      0.00      0.00  hey

# Time        UID       PID    %usr %system  %guest   %wait    %CPU   CPU  minflt/s  majflt/s     VSZ     RSS   %MEM   cswch/s nvcswch/s  Command
15:12:13        0        26    0.00    0.00    0.00    0.00    0.00     1      0.00      0.00       0       0   0.00      2.00      0.00  ksoftirqd/1
15:12:13        0        46    0.00    0.00    0.00    0.00    0.00     1      0.00      0.00       0       0   0.00      1.00      0.00  khungtaskd
15:12:13        0        53    0.00    0.00    0.00    0.00    0.00     1      0.00      0.00       0       0   0.00      2.00      0.00  kcompactd0
15:12:13        0       121    0.00    0.00    0.00    0.00    0.00     0      0.00      0.00       0       0   0.00      1.00      0.00  kworker/0:2-mm_percpu_wq
15:12:13        0       240    0.00    0.00    0.00    0.00    0.00     1      0.00      0.00  288968   27144   0.34      1.00      0.00  multipathd
15:12:13        0      2880    0.00    0.00    0.00    0.00    0.00     1      0.00      0.00       0       0   0.00      6.00      0.00  kworker/1:0-events
15:12:13        0      3514    0.00    0.00    0.00    0.00    0.00     3      0.00      0.00       0       0   0.00      1.00      0.00  kworker/3:2-mm_percpu_wq
15:12:13        0      3837    0.00    0.00    0.00    0.00    0.00     2      0.00      0.00       0       0   0.00      1.00      0.00  kworker/2:1-mm_percpu_wq
15:12:13     1000      4682    0.00    0.00    0.00    0.00    0.00     1      0.00      0.00   31444   21396   0.27     20.00      0.00  python3
15:12:13     1000      4690    0.00    0.00    0.00    0.00    0.00     1      0.00      0.00    9900    3356   0.04      1.00      0.00  vmstat
15:12:13     1000      4691    0.00    1.00    0.00    0.00    1.00     1      0.00      0.00    7712    3696   0.05      1.00      0.00  pidstat
15:12:13        0      4812    0.00    0.00    0.00    0.00    0.00     1      0.00      0.00       0       0   0.00      5.00      0.00  kworker/u16:0-events_power_efficient
15:12:13     1000      4971   93.00    8.00    0.00    0.00  101.00     0      0.00      0.00   59592   52360   0.66      0.00      1.00  /home/ubuntu/pa
15:12:13     1000      4972   16.00    7.00    0.00    0.00   23.00     2    219.00      0.00 1892160   73092   0.92      0.00      0.00  hey

# Time        UID       PID    %usr %system  %guest   %wait    %CPU   CPU  minflt/s  majflt/s     VSZ     RSS   %MEM   cswch/s nvcswch/s  Command
15:12:14        0        53    0.00    0.00    0.00    0.00    0.00     1      0.00      0.00       0       0   0.00      2.00      0.00  kcompactd0
15:12:14        0       121    0.00    0.00    0.00    0.00    0.00     0      0.00      0.00       0       0   0.00      4.00      0.00  kworker/0:2-events
15:12:14        0       240    0.00    0.00    0.00    0.00    0.00     1      0.00      0.00  288968   27144   0.34      1.00      0.00  multipathd
15:12:14        0      2880    0.00    0.00    0.00    0.00    0.00     1      0.00      0.00       0       0   0.00      6.00      0.00  kworker/1:0-events
15:12:14        0      3514    0.00    0.00    0.00    0.00    0.00     3      0.00      0.00       0       0   0.00      2.00      0.00  kworker/3:2-events
15:12:14        0      3837    0.00    0.00    0.00    0.00    0.00     2      0.00      0.00       0       0   0.00      3.00      0.00  kworker/2:1-events
15:12:14     1000      4682    0.00    0.00    0.00    0.00    0.00     1      0.00      0.00   31444   21396   0.27     20.00      0.00  python3
15:12:14     1000      4690    0.00    0.00    0.00    0.00    0.00     1      0.00      0.00    9900    3356   0.04      1.00      0.00  vmstat
15:12:14     1000      4691    1.00    0.00    0.00    0.00    1.00     1      0.00      0.00    7712    3696   0.05      1.00      0.00  pidstat
15:12:14        0      4812    0.00    0.00    0.00    0.00    0.00     1      0.00      0.00       0       0   0.00      7.00      0.00  kworker/u16:0-events_power_efficient
15:12:14     1000      4971   94.00    5.00    0.00    0.00   99.00     0      0.00      0.00   59592   52360   0.66      0.00      4.00  /home/ubuntu/pa
15:12:14     1000      4972   13.00    8.00    0.00    0.00   21.00     2    137.00      0.00 1892224   73476   0.93      0.00      0.00  hey

# Time        UID       PID    %usr %system  %guest   %wait    %CPU   CPU  minflt/s  majflt/s     VSZ     RSS   %MEM   cswch/s nvcswch/s  Command
15:12:15        0        19    0.00    0.00    0.00    0.00    0.00     0      0.00      0.00       0       0   0.00      1.00      0.00  migration/0
15:12:15        0        25    0.00    0.00    0.00    0.00    0.00     1      0.00      0.00       0       0   0.00      1.00      0.00  migration/1
15:12:15        0        31    0.00    0.00    0.00    0.00    0.00     2      0.00      0.00       0       0   0.00      1.00      0.00  migration/2
15:12:15        0        37    0.00    0.00    0.00    0.00    0.00     3      0.00      0.00       0       0   0.00      1.00      0.00  migration/3
15:12:15        0        53    0.00    0.00    0.00    0.00    0.00     2      0.00      0.00       0       0   0.00      2.00      0.00  kcompactd0
15:12:15        0       121    0.00    0.00    0.00    0.00    0.00     0      0.00      0.00       0       0   0.00      2.00      0.00  kworker/0:2-mm_percpu_wq
15:12:15        0       240    0.00    0.00    0.00    0.00    0.00     1      0.00      0.00  288968   27144   0.34      1.00      0.00  multipathd
15:12:15        0      2880    0.00    0.00    0.00    0.00    0.00     1      0.00      0.00       0       0   0.00      6.00      0.00  kworker/1:0-events
15:12:15        0      3475    0.00    0.00    0.00    0.00    0.00     1      0.00      0.00       0       0   0.00      3.00      0.00  kworker/u16:3-events_power_efficient
15:12:15        0      3514    0.00    0.00    0.00    0.00    0.00     3      0.00      0.00       0       0   0.00      1.00      0.00  kworker/3:2-mm_percpu_wq
15:12:15        0      3837    0.00    0.00    0.00    0.00    0.00     2      0.00      0.00       0       0   0.00      1.00      0.00  kworker/2:1-mm_percpu_wq
15:12:15     1000      4682    0.00    0.00    0.00    0.00    0.00     1      0.00      0.00   31444   21396   0.27     20.00      0.00  python3
15:12:15     1000      4690    0.00    0.00    0.00    0.00    0.00     1      0.00      0.00    9900    3356   0.04      1.00      0.00  vmstat
15:12:15     1000      4691    0.00    0.00    0.00    0.00    0.00     1      0.00      0.00    7712    3696   0.05      1.00      0.00  pidstat
15:12:15        0      4812    0.00    0.00    0.00    0.00    0.00     1      0.00      0.00       0       0   0.00      8.00      0.00  kworker/u16:0-events_power_efficient
15:12:15     1000      4971   94.00    6.00    0.00    0.00  100.00     0      0.00      0.00   59592   52360   0.66      0.00      3.00  /home/ubuntu/pa
15:12:15     1000      4972   14.00    8.00    0.00    0.00   22.00     2    344.00      0.00 1892288   74628   0.94      0.00      0.00  hey

# Time        UID       PID    %usr %system  %guest   %wait    %CPU   CPU  minflt/s  majflt/s     VSZ     RSS   %MEM   cswch/s nvcswch/s  Command
15:12:16        0        16    0.00    0.00    0.00    0.00    0.00     1      0.00      0.00       0       0   0.00      2.00      0.00  rcu_sched
15:12:16        0        26    0.00    0.00    0.00    0.00    0.00     1      0.00      0.00       0       0   0.00      1.00      0.00  ksoftirqd/1
15:12:16        0        53    0.00    0.00    0.00    0.00    0.00     2      0.00      0.00       0       0   0.00      2.00      0.00  kcompactd0
15:12:16        0       121    0.00    0.00    0.00    0.00    0.00     0      0.00      0.00       0       0   0.00      4.00      0.00  kworker/0:2-events
15:12:16        0       240    0.00    0.00    0.00    0.00    0.00     1      0.00      0.00  288968   27144   0.34      1.00      0.00  multipathd
15:12:16        0      2880    0.00    0.00    0.00    0.00    0.00     1      0.00      0.00       0       0   0.00      5.00      0.00  kworker/1:0-events
15:12:16        0      3475    0.00    0.00    0.00    0.00    0.00     1      0.00      0.00       0       0   0.00      4.00      0.00  kworker/u16:3-events_power_efficient
15:12:16        0      3514    0.00    0.00    0.00    0.00    0.00     3      0.00      0.00       0       0   0.00      2.00      0.00  kworker/3:2-events
15:12:16        0      3837    0.00    0.00    0.00    0.00    0.00     2      0.00      0.00       0       0   0.00      3.00      0.00  kworker/2:1-events
15:12:16     1000      4682    0.00    0.00    0.00    0.00    0.00     1      0.00      0.00   31444   21396   0.27     20.00      0.00  python3
15:12:16     1000      4690    0.00    0.00    0.00    0.00    0.00     1      0.00      0.00    9900    3356   0.04      1.00      0.00  vmstat
15:12:16     1000      4691    0.00    1.00    0.00    0.00    1.00     1      0.00      0.00    7712    3696   0.05      1.00      0.00  pidstat
15:12:16        0      4812    0.00    0.00    0.00    0.00    0.00     1      0.00      0.00       0       0   0.00      3.00      0.00  kworker/u16:0-events_power_efficient
15:12:16     1000      4971   94.00    6.00    0.00    0.00  100.00     0      0.00      0.00   59592   52360   0.66      0.00      4.00  /home/ubuntu/pa
15:12:16     1000      4972   14.00    8.00    0.00    0.00   22.00     2    171.00      0.00 1892288   75396   0.95      0.00      0.00  hey

# Time        UID       PID    %usr %system  %guest   %wait    %CPU   CPU  minflt/s  majflt/s     VSZ     RSS   %MEM   cswch/s nvcswch/s  Command
15:12:17        0        53    0.00    0.00    0.00    0.00    0.00     2      0.00      0.00       0       0   0.00      2.00      0.00  kcompactd0
15:12:17        0       121    0.00    0.00    0.00    0.00    0.00     0      0.00      0.00       0       0   0.00      1.00      0.00  kworker/0:2-mm_percpu_wq
15:12:17        0       240    0.00    0.00    0.00    0.00    0.00     1      0.00      0.00  288968   27144   0.34      1.00      0.00  multipathd
15:12:17        0      2880    0.00    0.00    0.00    0.00    0.00     1      0.00      0.00       0       0   0.00      6.00      0.00  kworker/1:0-events
15:12:17        0      3514    0.00    0.00    0.00    0.00    0.00     3      0.00      0.00       0       0   0.00      1.00      0.00  kworker/3:2-mm_percpu_wq
15:12:17        0      3837    0.00    0.00    0.00    0.00    0.00     2      0.00      0.00       0       0   0.00      1.00      0.00  kworker/2:1-mm_percpu_wq
15:12:17     1000      4682    0.00    0.00    0.00    0.00    0.00     1      0.00      0.00   31444   21396   0.27     20.00      0.00  python3
15:12:17     1000      4690    0.00    0.00    0.00    0.00    0.00     1      0.00      0.00    9900    3356   0.04      1.00      0.00  vmstat
15:12:17     1000      4691    0.00    0.00    0.00    0.00    0.00     1      0.00      0.00    7712    3696   0.05      1.00      0.00  pidstat
15:12:17        0      4812    0.00    0.00    0.00    0.00    0.00     1      0.00      0.00       0       0   0.00      6.00      0.00  kworker/u16:0-events_power_efficient
15:12:17     1000      4971   93.00    7.00    0.00    0.00  100.00     0      0.00      0.00   59592   52360   0.66      0.00      1.00  /home/ubuntu/pa
15:12:17     1000      4972   14.00    8.00    0.00    0.00   22.00     2    143.00      0.00 1892288   75908   0.96      0.00      0.00  hey

# Time        UID       PID    %usr %system  %guest   %wait    %CPU   CPU  minflt/s  majflt/s     VSZ     RSS   %MEM   cswch/s nvcswch/s  Command
15:12:18        0        53    0.00    0.00    0.00    0.00    0.00     2      0.00      0.00       0       0   0.00      2.00      0.00  kcompactd0
15:12:18        0       121    0.00    0.00    0.00    0.00    0.00     0      0.00      0.00       0       0   0.00      3.00      0.00  kworker/0:2-events
15:12:18        0       240    0.00    0.00    0.00    0.00    0.00     1      0.00      0.00  288968   27144   0.34      1.00      0.00  multipathd
15:12:18        0       591    0.00    0.00    0.00    0.00    0.00     1      0.00      0.00   83064    4556   0.06      1.00      0.00  irqbalance
15:12:18        0      2880    0.00    0.00    0.00    0.00    0.00     1      0.00      0.00       0       0   0.00      6.00      0.00  kworker/1:0-events
15:12:18        0      3514    0.00    0.00    0.00    0.00    0.00     3      0.00      0.00       0       0   0.00      2.00      0.00  kworker/3:2-events
15:12:18        0      3837    0.00    0.00    0.00    0.00    0.00     2      0.00      0.00       0       0   0.00      3.00      0.00  kworker/2:1-events
15:12:18     1000      4682    0.00    0.00    0.00    0.00    0.00     1      0.00      0.00   31444   21396   0.27     20.00      0.00  python3
15:12:18     1000      4690    0.00    0.00    0.00    0.00    0.00     1      0.00      0.00    9900    3356   0.04      1.00      0.00  vmstat
15:12:18     1000      4691    0.00    0.00    0.00    0.00    0.00     1      0.00      0.00    7712    3696   0.05      1.00      0.00  pidstat
15:12:18        0      4812    0.00    0.00    0.00    0.00    0.00     1      0.00      0.00       0       0   0.00      5.00      0.00  kworker/u16:0-events_power_efficient
15:12:18     1000      4971   93.00    7.00    0.00    0.00  100.00     0      0.00      0.00   59592   52360   0.66      0.00      3.00  /home/ubuntu/pa
15:12:18     1000      4972   13.00    9.00    0.00    0.00   22.00     2    120.00      0.00 1892288   76420   0.97      0.00      0.00  hey

# Time        UID       PID    %usr %system  %guest   %wait    %CPU   CPU  minflt/s  majflt/s     VSZ     RSS   %MEM   cswch/s nvcswch/s  Command
15:12:19        0        19    0.00    0.00    0.00    0.00    0.00     0      0.00      0.00       0       0   0.00      1.00      0.00  migration/0
15:12:19        0        25    0.00    0.00    0.00    0.00    0.00     1      0.00      0.00       0       0   0.00      1.00      0.00  migration/1
15:12:19        0        31    0.00    0.00    0.00    0.00    0.00     2      0.00      0.00       0       0   0.00      1.00      0.00  migration/2
15:12:19        0        37    0.00    0.00    0.00    0.00    0.00     3      0.00      0.00       0       0   0.00      1.00      0.00  migration/3
15:12:19        0        53    0.00    0.00    0.00    0.00    0.00     2      0.00      0.00       0       0   0.00      2.00      0.00  kcompactd0
15:12:19        0       121    0.00    0.00    0.00    0.00    0.00     0      0.00      0.00       0       0   0.00      1.00      0.00  kworker/0:2-mm_percpu_wq
15:12:19        0       240    0.00    0.00    0.00    0.00    0.00     1      0.00      0.00  288968   27144   0.34      1.00      0.00  multipathd
15:12:19        0      2880    0.00    0.00    0.00    0.00    0.00     1      0.00      0.00       0       0   0.00      5.00      0.00  kworker/1:0-events
15:12:19        0      3514    0.00    0.00    0.00    0.00    0.00     3      0.00      0.00       0       0   0.00      1.00      0.00  kworker/3:2-mm_percpu_wq
15:12:19        0      3837    0.00    0.00    0.00    0.00    0.00     2      0.00      0.00       0       0   0.00      1.00      0.00  kworker/2:1-mm_percpu_wq
15:12:19     1000      4682    0.00    0.00    0.00    0.00    0.00     1      0.00      0.00   31444   21396   0.27     20.00      0.00  python3
15:12:19     1000      4690    0.00    0.00    0.00    0.00    0.00     1      0.00      0.00    9900    3356   0.04      1.00      0.00  vmstat
15:12:19     1000      4691    0.00    1.00    0.00    0.00    1.00     1      0.00      0.00    7712    3696   0.05      1.00      0.00  pidstat
15:12:19        0      4812    0.00    0.00    0.00    0.00    0.00     1      0.00      0.00       0       0   0.00      6.00      0.00  kworker/u16:0-events_power_efficient
15:12:19     1000      4971   94.00    6.00    0.00    0.00  100.00     0      0.00      0.00   59592   52360   0.66      0.00      2.00  /home/ubuntu/pa
15:12:19     1000      4972   13.00    8.00    0.00    0.00   21.00     2    120.00      0.00 1892288   76932   0.97      0.00      0.00  hey

# Time        UID       PID    %usr %system  %guest   %wait    %CPU   CPU  minflt/s  majflt/s     VSZ     RSS   %MEM   cswch/s nvcswch/s  Command
15:12:20        0        16    0.00    0.00    0.00    0.00    0.00     1      0.00      0.00       0       0   0.00      2.00      0.00  rcu_sched
15:12:20        0        53    0.00    0.00    0.00    0.00    0.00     1      0.00      0.00       0       0   0.00      2.00      0.00  kcompactd0
15:12:20        0       121    0.00    0.00    0.00    0.00    0.00     0      0.00      0.00       0       0   0.00      5.00      0.00  kworker/0:2-events
15:12:20        0       240    0.00    0.00    0.00    0.00    0.00     1      0.00      0.00  288968   27144   0.34      1.00      0.00  multipathd
15:12:20        0      2880    0.00    0.00    0.00    0.00    0.00     1      0.00      0.00       0       0   0.00      6.00      0.00  kworker/1:0-events
15:12:20        0      3514    0.00    0.00    0.00    0.00    0.00     3      0.00      0.00       0       0   0.00      1.00      0.00  kworker/3:2-mm_percpu_wq
15:12:20        0      3837    0.00    0.00    0.00    0.00    0.00     2      0.00      0.00       0       0   0.00      2.00      0.00  kworker/2:1-events
15:12:20     1000      4682    0.00    0.00    0.00    0.00    0.00     1      0.00      0.00   31444   21396   0.27     20.00      0.00  python3
15:12:20     1000      4690    0.00    0.00    0.00    0.00    0.00     1      0.00      0.00    9900    3356   0.04      1.00      0.00  vmstat
15:12:20     1000      4691    1.00    0.00    0.00    0.00    1.00     1      0.00      0.00    7712    3696   0.05      1.00      0.00  pidstat
15:12:20        0      4812    0.00    0.00    0.00    0.00    0.00     1      0.00      0.00       0       0   0.00      6.00      0.00  kworker/u16:0-events_power_efficient
15:12:20     1000      4971   93.00    7.00    0.00    0.00  100.00     0      0.00      0.00   59592   52360   0.66      0.00      5.00  /home/ubuntu/pa
15:12:20     1000      4972   13.00   10.00    0.00    0.00   23.00     2    128.00      0.00 1892288   77444   0.98      0.00      0.00  hey

# Time        UID       PID    %usr %system  %guest   %wait    %CPU   CPU  minflt/s  majflt/s     VSZ     RSS   %MEM   cswch/s nvcswch/s  Command
15:12:21        0        16    0.00    0.00    0.00    0.00    0.00     1      0.00      0.00       0       0   0.00     32.00      0.00  rcu_sched
15:12:21        0        26    0.00    0.00    0.00    0.00    0.00     1      0.00      0.00       0       0   0.00      3.00      0.00  ksoftirqd/1
15:12:21        0        32    0.00    0.00    0.00    0.00    0.00     2      0.00      0.00       0       0   0.00      2.00      0.00  ksoftirqd/2
15:12:21        0        38    0.00    0.00    0.00    0.00    0.00     3      0.00      0.00       0       0   0.00      1.00      0.00  ksoftirqd/3
15:12:21        0        53    0.00    0.00    0.00    0.00    0.00     1      0.00      0.00       0       0   0.00      2.00      0.00  kcompactd0
15:12:21        0       121    0.00    0.00    0.00    0.00    0.00     0      0.00      0.00       0       0   0.00      3.00      0.00  kworker/0:2-events
15:12:21        0       240    0.00    0.00    0.00    0.00    0.00     1      0.00      0.00  288968   27144   0.34      1.00      0.00  multipathd
15:12:21        0      2880    0.00    0.00    0.00    0.00    0.00     1      0.00      0.00       0       0   0.00      6.00      0.00  kworker/1:0-events
15:12:21        0      3475    0.00    0.00    0.00    0.00    0.00     1      0.00      0.00       0       0   0.00      9.00      0.00  kworker/u16:3-events_power_efficient
15:12:21        0      3514    0.00    0.00    0.00    0.00    0.00     3      0.00      0.00       0       0   0.00      3.00      0.00  kworker/3:2-events
15:12:21        0      3837    0.00    0.00    0.00    0.00    0.00     2      0.00      0.00       0       0   0.00      3.00      0.00  kworker/2:1-events
15:12:21     1000      4666    0.00    0.00    0.00    0.00    0.00     2      0.00      0.00   15008    7192   0.09      1.00      0.00  sshd
15:12:21     1000      4682    0.00    1.00    0.00    0.00    1.00     1      0.00      0.00   31444   21396   0.27     18.00      0.00  python3
15:12:21     1000      4690    0.00    0.00    0.00    0.00    0.00     1      0.00      0.00    9900    3356   0.04      1.00      0.00  vmstat
15:12:21     1000      4691    0.00    1.00    0.00    0.00    1.00     1      0.00      0.00    7712    3696   0.05      1.00      0.00  pidstat
15:12:21        0      4812    0.00    0.00    0.00    0.00    0.00     1      0.00      0.00       0       0   0.00      2.00      0.00  kworker/u16:0-events_power_efficient

# Time        UID       PID    %usr %system  %guest   %wait    %CPU   CPU  minflt/s  majflt/s     VSZ     RSS   %MEM   cswch/s nvcswch/s  Command
15:12:22        0        16    0.00    0.00    0.00    0.00    0.00     1      0.00      0.00       0       0   0.00     35.00      0.00  rcu_sched
15:12:22        0        25    0.00    0.00    0.00    0.00    0.00     1      0.00      0.00       0       0   0.00      2.00      0.00  migration/1
15:12:22        0        26    0.00    0.00    0.00    0.00    0.00     1      0.00      0.00       0       0   0.00      1.00      0.00  ksoftirqd/1
15:12:22        0        53    0.00    0.00    0.00    0.00    0.00     1      0.00      0.00       0       0   0.00      2.00      0.00  kcompactd0
15:12:22        0       121    0.00    0.00    0.00    1.00    0.00     0      0.00      0.00       0       0   0.00      5.00      0.00  kworker/0:2-events
15:12:22        0       240    0.00    0.00    0.00    0.00    0.00     1      0.00      0.00  288968   27144   0.34      1.00      0.00  multipathd
15:12:22        0       791    0.00    0.00    0.00    0.00    0.00     1      0.00      0.00       0       0   0.00      1.00      0.00  kworker/1:1H-kblockd
15:12:22        0      2880    0.00    0.00    0.00    0.00    0.00     1      0.00      0.00       0       0   0.00      7.00      0.00  kworker/1:0-events
15:12:22        0      3475    0.00    0.00    0.00    0.00    0.00     1      0.00      0.00       0       0   0.00      6.00      0.00  kworker/u16:3-events_power_efficient
15:12:22        0      3514    0.00    0.00    0.00    0.00    0.00     3      0.00      0.00       0       0   0.00      1.00      0.00  kworker/3:2-mm_percpu_wq
15:12:22        0      3837    0.00    0.00    0.00    0.00    0.00     2      0.00      0.00       0       0   0.00      2.00      0.00  kworker/2:1-events
15:12:22     1000      4682    1.00    0.00    0.00    0.00    1.00     1      0.00      0.00   31444   21396   0.27      8.00      0.00  python3
15:12:22     1000      4690    0.00    0.00    0.00    0.00    0.00     1      0.00      0.00    9900    3356   0.04      1.00      0.00  vmstat
15:12:22     1000      4691    0.00    0.00    0.00    0.00    0.00     1      0.00      0.00    7712    3696   0.05      1.00      0.00  pidstat
15:12:22     1000      4988    0.00    0.00    0.00    0.00    0.00     0    145.00      0.00    2704    1464   0.02      1.00      1.00  time
15:12:22     1000      4989   65.00    8.00    0.00    0.00   73.00     0   8007.00      0.00   48392   41224   0.52      5.00      3.00  /home/ubuntu/pe
15:12:22     1000      4990   12.00   11.00    0.00    0.00   23.00     2   9208.00      0.00 1816892   38672   0.49      4.00      4.00  hey

# Time        UID       PID    %usr %system  %guest   %wait    %CPU   CPU  minflt/s  majflt/s     VSZ     RSS   %MEM   cswch/s nvcswch/s  Command
15:12:23        0        16    0.00    0.00    0.00    0.00    0.00     1      0.00      0.00       0       0   0.00      2.00      0.00  rcu_sched
15:12:23        0        19    0.00    0.00    0.00    0.00    0.00     0      0.00      0.00       0       0   0.00      1.00      0.00  migration/0
15:12:23        0        25    0.00    0.00    0.00    0.00    0.00     1      0.00      0.00       0       0   0.00      1.00      0.00  migration/1
15:12:23        0        31    0.00    0.00    0.00    0.00    0.00     2      0.00      0.00       0       0   0.00      1.00      0.00  migration/2
15:12:23        0        37    0.00    0.00    0.00    0.00    0.00     3      0.00      0.00       0       0   0.00      1.00      0.00  migration/3
15:12:23        0        53    0.00    0.00    0.00    0.00    0.00     1      0.00      0.00       0       0   0.00      2.00      0.00  kcompactd0
15:12:23        0       121    0.00    0.00    0.00    0.00    0.00     0      0.00      0.00       0       0   0.00      2.00      0.00  kworker/0:2-mm_percpu_wq
15:12:23        0       240    0.00    0.00    0.00    0.00    0.00     1      0.00      0.00  288968   27144   0.34      1.00      0.00  multipathd
15:12:23        0      2880    0.00    0.00    0.00    0.00    0.00     1      0.00      0.00       0       0   0.00      5.00      0.00  kworker/1:0-events
15:12:23        0      3475    0.00    0.00    0.00    0.00    0.00     1      0.00      0.00       0       0   0.00      4.00      0.00  kworker/u16:3-events_power_efficient
15:12:23        0      3514    0.00    0.00    0.00    0.00    0.00     3      0.00      0.00       0       0   0.00      1.00      0.00  kworker/3:2-mm_percpu_wq
15:12:23        0      3837    0.00    0.00    0.00    0.00    0.00     2      0.00      0.00       0       0   0.00      1.00      0.00  kworker/2:1-mm_percpu_wq
15:12:23     1000      4690    0.00    0.00    0.00    0.00    0.00     1      0.00      0.00    9900    3356   0.04      1.00      0.00  vmstat
15:12:23     1000      4691    0.00    1.00    0.00    0.00    1.00     1      0.00      0.00    7712    3696   0.05      1.00      0.00  pidstat
15:12:23     1000      4989   92.00    7.00    0.00    0.00   99.00     0      0.00      0.00   48392   41224   0.52      0.00      3.00  /home/ubuntu/pe
15:12:23     1000      4990   21.00   20.00    0.00    0.00   41.00     2   7952.00      0.00 1817660   67512   0.85      0.00      0.00  hey

# Time        UID       PID    %usr %system  %guest   %wait    %CPU   CPU  minflt/s  majflt/s     VSZ     RSS   %MEM   cswch/s nvcswch/s  Command
15:12:24        0        16    0.00    0.00    0.00    0.00    0.00     1      0.00      0.00       0       0   0.00    193.00      0.00  rcu_sched
15:12:24        0        25    0.00    0.00    0.00    0.00    0.00     1      0.00      0.00       0       0   0.00      1.00      0.00  migration/1
15:12:24        0        26    0.00    0.00    0.00    0.00    0.00     1      0.00      0.00       0       0   0.00      3.00      0.00  ksoftirqd/1
15:12:24        0        53    0.00    0.00    0.00    0.00    0.00     1      0.00      0.00       0       0   0.00      2.00      0.00  kcompactd0
15:12:24        0       121    0.00    0.00    0.00    0.00    0.00     0      0.00      0.00       0       0   0.00      4.00      0.00  kworker/0:2-events
15:12:24        0       240    0.00    0.00    0.00    0.00    0.00     1      0.00      0.00  288968   27144   0.34      1.00      0.00  multipathd
15:12:24      110       672    0.00    0.00    0.00    0.00    0.00     1      0.00      0.00   19416    3744   0.05      2.00      0.00  chronyd
15:12:24        0      2880    0.00    0.00    0.00    0.00    0.00     1      0.00      0.00       0       0   0.00      6.00      0.00  kworker/1:0-events
15:12:24        0      3475    0.00    0.00    0.00    0.00    0.00     1      0.00      0.00       0       0   0.00      7.00      0.00  kworker/u16:3-events_power_efficient
15:12:24        0      3514    0.00    0.00    0.00    0.00    0.00     3      0.00      0.00       0       0   0.00      1.00      0.00  kworker/3:2-mm_percpu_wq
15:12:24        0      3837    0.00    0.00    0.00    0.00    0.00     2      0.00      0.00       0       0   0.00      2.00      0.00  kworker/2:1-events
15:12:24     1000      4682    0.00    0.00    0.00    0.00    0.00     1      0.00      0.00   31444   21396   0.27      2.00      0.00  python3
15:12:24     1000      4690    0.00    0.00    0.00    0.00    0.00     1      0.00      0.00    9900    3356   0.04      1.00      0.00  vmstat
15:12:24     1000      4691    0.00    0.00    0.00    0.00    0.00     1      0.00      0.00    7712    3696   0.05      1.00      0.00  pidstat
15:12:24     1000      4989   94.00    7.00    0.00    0.00  101.00     0    402.00      0.00   49976   42888   0.54      0.00      4.00  /home/ubuntu/pe
15:12:24     1000      4990   18.00   18.00    0.00    0.00   36.00     2   1365.00      0.00 1817916   72248   0.91      0.00      0.00  hey
15:12:24     1000      4998    3.00    2.00    0.00    0.00    5.00     2   7011.00      0.00 1677236   29180   0.37    158.00    132.00  hey

# Time        UID       PID    %usr %system  %guest   %wait    %CPU   CPU  minflt/s  majflt/s     VSZ     RSS   %MEM   cswch/s nvcswch/s  Command
15:12:25        0        16    0.00    0.00    0.00    0.00    0.00     1      0.00      0.00       0       0   0.00    307.00      0.00  rcu_sched
15:12:25        0        53    0.00    0.00    0.00    0.00    0.00     1      0.00      0.00       0       0   0.00      2.00      0.00  kcompactd0
15:12:25        0       121    0.00    0.00    0.00    0.00    0.00     0      0.00      0.00       0       0   0.00      1.00      0.00  kworker/0:2-mm_percpu_wq
15:12:25        0       240    0.00    0.00    0.00    0.00    0.00     1      0.00      0.00  288968   27144   0.34      1.00      0.00  multipathd
15:12:25        0      2880    0.00    0.00    0.00    0.00    0.00     1      0.00      0.00       0       0   0.00      6.00      0.00  kworker/1:0-events
15:12:25        0      3475    0.00    0.00    0.00    0.00    0.00     1      0.00      0.00       0       0   0.00      5.00      0.00  kworker/u16:3-events_power_efficient
15:12:25        0      3514    0.00    0.00    0.00    0.00    0.00     3      0.00      0.00       0       0   0.00      1.00      0.00  kworker/3:2-mm_percpu_wq
15:12:25        0      3837    0.00    0.00    0.00    0.00    0.00     2      0.00      0.00       0       0   0.00      1.00      0.00  kworker/2:1-mm_percpu_wq
15:12:25     1000      4690    0.00    0.00    0.00    0.00    0.00     1      0.00      0.00    9900    3356   0.04      1.00      0.00  vmstat
15:12:25     1000      4691    0.00    1.00    0.00    0.00    1.00     1      0.00      0.00    7712    3696   0.05      1.00      1.00  pidstat
15:12:25     1000      4989   93.00    6.00    0.00    0.00   99.00     0    679.00      0.00   52616   45576   0.58      0.00      1.00  /home/ubuntu/pe
15:12:25     1000      4990   20.00   15.00    0.00    0.00   35.00     2    151.00      0.00 1818364   72632   0.92      0.00      0.00  hey
15:12:25     1000      4998    1.00    1.00    0.00    0.00    2.00     2    128.00      0.00 1677236   29692   0.38    165.00     10.00  hey

# Time        UID       PID    %usr %system  %guest   %wait    %CPU   CPU  minflt/s  majflt/s     VSZ     RSS   %MEM   cswch/s nvcswch/s  Command
15:12:26        0        16    0.00    0.00    0.00    0.00    0.00     1      0.00      0.00       0       0   0.00    307.00      0.00  rcu_sched
15:12:26        0        26    0.00    0.00    0.00    0.00    0.00     1      0.00      0.00       0       0   0.00      1.00      0.00  ksoftirqd/1
15:12:26        0        53    0.00    0.00    0.00    0.00    0.00     1      0.00      0.00       0       0   0.00      2.00      0.00  kcompactd0
15:12:26        0       121    0.00    0.00    0.00    0.00    0.00     0      0.00      0.00       0       0   0.00      5.00      0.00  kworker/0:2-events
15:12:26        0       240    0.00    0.00    0.00    0.00    0.00     1      0.00      0.00  288968   27144   0.34      1.00      0.00  multipathd
15:12:26        0      2880    0.00    0.00    0.00    0.00    0.00     1      0.00      0.00       0       0   0.00      6.00      0.00  kworker/1:0-events
15:12:26        0      3475    0.00    0.00    0.00    0.00    0.00     1      0.00      0.00       0       0   0.00      3.00      0.00  kworker/u16:3-events_power_efficient
15:12:26        0      3514    0.00    0.00    0.00    0.00    0.00     3      0.00      0.00       0       0   0.00      2.00      0.00  kworker/3:2-events
15:12:26        0      3837    0.00    0.00    0.00    0.00    0.00     2      0.00      0.00       0       0   0.00      3.00      0.00  kworker/2:1-events
15:12:26     1000      4690    0.00    0.00    0.00    0.00    0.00     1      0.00      0.00    9900    3356   0.04      1.00      0.00  vmstat
15:12:26     1000      4691    0.00    0.00    0.00    0.00    0.00     1      0.00      0.00    7712    3696   0.05      1.00      1.00  pidstat
15:12:26        0      4812    0.00    0.00    0.00    0.00    0.00     1      0.00      0.00       0       0   0.00      6.00      0.00  kworker/u16:0-events_power_efficient
15:12:26     1000      4989   92.00    8.00    0.00    0.00  100.00     0    690.00      0.00   55396   48264   0.61      0.00      5.00  /home/ubuntu/pe
15:12:26     1000      4990   19.00   16.00    0.00    0.00   35.00     2    185.00      0.00 1818428   73272   0.93      0.00      0.00  hey
15:12:26     1000      4998    0.00    1.00    0.00    0.00    1.00     2     77.00      0.00 1677236   29948   0.38    167.00     10.00  hey

# Time        UID       PID    %usr %system  %guest   %wait    %CPU   CPU  minflt/s  majflt/s     VSZ     RSS   %MEM   cswch/s nvcswch/s  Command
15:12:27        0        16    0.00    0.00    0.00    0.00    0.00     1      0.00      0.00       0       0   0.00    242.00      0.00  rcu_sched
15:12:27        0        19    0.00    0.00    0.00    0.00    0.00     0      0.00      0.00       0       0   0.00      1.00      0.00  migration/0
15:12:27        0        25    0.00    0.00    0.00    0.00    0.00     1      0.00      0.00       0       0   0.00      1.00      0.00  migration/1
15:12:27        0        31    0.00    0.00    0.00    0.00    0.00     2      0.00      0.00       0       0   0.00      1.00      0.00  migration/2
15:12:27        0        37    0.00    0.00    0.00    0.00    0.00     3      0.00      0.00       0       0   0.00      1.00      0.00  migration/3
15:12:27        0        38    0.00    0.00    0.00    0.00    0.00     3      0.00      0.00       0       0   0.00      1.00      0.00  ksoftirqd/3
15:12:27        0        53    0.00    0.00    0.00    0.00    0.00     1      0.00      0.00       0       0   0.00      2.00      0.00  kcompactd0
15:12:27        0       121    0.00    0.00    0.00    0.00    0.00     0      0.00      0.00       0       0   0.00      1.00      0.00  kworker/0:2-mm_percpu_wq
15:12:27        0       240    0.00    0.00    0.00    0.00    0.00     1      0.00      0.00  288968   27144   0.34      1.00      0.00  multipathd
15:12:27        0      2880    0.00    0.00    0.00    0.00    0.00     1      0.00      0.00       0       0   0.00      2.00      0.00  kworker/1:0-events
15:12:27        0      3514    0.00    0.00    0.00    0.00    0.00     3      0.00      0.00       0       0   0.00      4.00      0.00  kworker/3:2-events
15:12:27        0      3837    0.00    0.00    0.00    0.00    0.00     2      0.00      0.00       0       0   0.00      2.00      0.00  kworker/2:1-events
15:12:27     1000      4682    0.00    0.00    0.00    0.00    0.00     1      0.00      0.00   31444   21396   0.27     11.00      0.00  python3
15:12:27     1000      4690    0.00    0.00    0.00    0.00    0.00     1      0.00      0.00    9900    3356   0.04      1.00      0.00  vmstat
15:12:27     1000      4691    1.00    0.00    0.00    0.00    1.00     1      0.00      0.00    7712    3696   0.05      1.00      0.00  pidstat
15:12:27        0      4812    0.00    0.00    0.00    0.00    0.00     3      0.00      0.00       0       0   0.00      5.00      0.00  kworker/u16:0-events_power_efficient
15:12:27     1000      4989   92.00    8.00    0.00    0.00  100.00     0    518.00      0.00   57508   50440   0.64      0.00      2.00  /home/ubuntu/pe
15:12:27     1000      4990   19.00   17.00    0.00    0.00   36.00     2    177.00      0.00 1818556   74040   0.94      0.00      0.00  hey

# Time        UID       PID    %usr %system  %guest   %wait    %CPU   CPU  minflt/s  majflt/s     VSZ     RSS   %MEM   cswch/s nvcswch/s  Command
15:12:28        0         1    0.00    0.00    0.00    0.00    0.00     3      1.00      0.00   22184   13224   0.17      1.00      0.00  systemd
15:12:28        0        16    0.00    0.00    0.00    0.00    0.00     1      0.00      0.00       0       0   0.00      4.00      0.00  rcu_sched
15:12:28        0        26    0.00    0.00    0.00    0.00    0.00     1      0.00      0.00       0       0   0.00      1.00      0.00  ksoftirqd/1
15:12:28        0        53    0.00    0.00    0.00    0.00    0.00     2      0.00      0.00       0       0   0.00      2.00      0.00  kcompactd0
15:12:28        0       121    0.00    0.00    0.00    0.00    0.00     0      0.00      0.00       0       0   0.00      3.00      0.00  kworker/0:2-events
15:12:28        0       240    0.00    0.00    0.00    0.00    0.00     1      0.00      0.00  288968   27144   0.34      1.00      0.00  multipathd
15:12:28        0       591    0.00    0.00    0.00    0.00    0.00     2      0.00      0.00   83064    4556   0.06      1.00      0.00  irqbalance
15:12:28        0      2880    0.00    0.00    0.00    0.00    0.00     1      0.00      0.00       0       0   0.00      6.00      0.00  kworker/1:0-events
15:12:28        0      3514    0.00    0.00    0.00    0.00    0.00     3      0.00      0.00       0       0   0.00      1.00      0.00  kworker/3:2-mm_percpu_wq
15:12:28        0      3837    0.00    0.00    0.00    0.00    0.00     2      0.00      0.00       0       0   0.00      2.00      0.00  kworker/2:1-events
15:12:28     1000      4682    0.00    0.00    0.00    0.00    0.00     1      0.00      0.00   31444   21396   0.27     20.00      0.00  python3
15:12:28     1000      4690    0.00    0.00    0.00    0.00    0.00     1      0.00      0.00    9900    3356   0.04      1.00      0.00  vmstat
15:12:28     1000      4691    0.00    1.00    0.00    0.00    1.00     1      0.00      0.00    7712    3696   0.05      1.00      0.00  pidstat
15:12:28        0      4812    0.00    0.00    0.00    0.00    0.00     1      0.00      0.00       0       0   0.00      5.00      0.00  kworker/u16:0-events_unbound
15:12:28     1000      4989   91.00    9.00    0.00    0.00  100.00     0      1.00      0.00   57508   50440   0.64      0.00      3.00  /home/ubuntu/pe
15:12:28     1000      4990   20.00   17.00    0.00    0.00   37.00     2    138.00      0.00 1818556   74424   0.94      0.00      0.00  hey

# Time        UID       PID    %usr %system  %guest   %wait    %CPU   CPU  minflt/s  majflt/s     VSZ     RSS   %MEM   cswch/s nvcswch/s  Command
15:12:29        0        16    0.00    0.00    0.00    1.00    0.00     2      0.00      0.00       0       0   0.00      8.00      0.00  rcu_sched
15:12:29        0        53    0.00    0.00    0.00    0.00    0.00     1      0.00      0.00       0       0   0.00      2.00      0.00  kcompactd0
15:12:29        0       121    0.00    0.00    0.00    0.00    0.00     0      0.00      0.00       0       0   0.00      1.00      0.00  kworker/0:2-mm_percpu_wq
15:12:29        0       240    0.00    0.00    0.00    0.00    0.00     1      0.00      0.00  288968   27144   0.34      1.00      0.00  multipathd
15:12:29        0       931    0.00    0.00    0.00    0.00    0.00     2     23.00      0.00   12032    8112   0.10      2.00      0.00  sshd
15:12:29        0      2880    0.00    0.00    0.00    0.00    0.00     1      0.00      0.00       0       0   0.00      7.00      0.00  kworker/1:0-events
15:12:29        0      3514    0.00    0.00    0.00    0.00    0.00     3      0.00      0.00       0       0   0.00      1.00      0.00  kworker/3:2-mm_percpu_wq
15:12:29        0      3837    0.00    0.00    0.00    0.00    0.00     2      0.00      0.00       0       0   0.00      1.00      0.00  kworker/2:1-mm_percpu_wq
15:12:29     1000      4682    0.00    0.00    0.00    0.00    0.00     1      0.00      0.00   31444   21396   0.27     20.00      0.00  python3
15:12:29     1000      4690    0.00    0.00    0.00    0.00    0.00     1      0.00      0.00    9900    3356   0.04      1.00      0.00  vmstat
15:12:29     1000      4691    0.00    0.00    0.00    0.00    0.00     1      0.00      0.00    7712    3696   0.05      1.00      0.00  pidstat
15:12:29        0      4812    0.00    0.00    0.00    0.00    0.00     1      0.00      0.00       0       0   0.00      6.00      0.00  kworker/u16:0-events_power_efficient
15:12:29     1000      4989   94.00    6.00    0.00    0.00  100.00     0      0.00      0.00   57508   50440   0.64      0.00      1.00  /home/ubuntu/pe
15:12:29     1000      4990   22.00   17.00    0.00    0.00   39.00     2    181.00      0.00 1818556   75192   0.95      0.00      0.00  hey
15:12:29        0      5005    0.00    0.00    0.00    0.00    0.00     1    656.00      0.00   14096    9192   0.12      4.00      1.00  sshd
15:12:29      105      5006    1.00    0.00    0.00    0.00    1.00     3    167.00      0.00   12160    6120   0.08     11.00      5.00  sshd

# Time        UID       PID    %usr %system  %guest   %wait    %CPU   CPU  minflt/s  majflt/s     VSZ     RSS   %MEM   cswch/s nvcswch/s  Command
15:12:30        0         1    1.00    0.00    0.00    0.00    1.00     3     62.00      0.00   22184   13224   0.17     49.00      9.00  systemd
15:12:30        0        16    0.00    0.00    0.00    0.00    0.00     1      0.00      0.00       0       0   0.00    110.00      0.00  rcu_sched
15:12:30        0        25    0.00    0.00    0.00    0.00    0.00     1      0.00      0.00       0       0   0.00      4.00      0.00  migration/1
15:12:30        0        26    0.00    0.00    0.00    0.00    0.00     1      0.00      0.00       0       0   0.00      5.00      0.00  ksoftirqd/1
15:12:30        0        31    0.00    0.00    0.00    0.00    0.00     2      0.00      0.00       0       0   0.00      6.00      0.00  migration/2
15:12:30        0        32    0.00    0.00    0.00    0.00    0.00     2      0.00      0.00       0       0   0.00      4.00      0.00  ksoftirqd/2
15:12:30        0        37    0.00    0.00    0.00    0.00    0.00     3      0.00      0.00       0       0   0.00      4.00      0.00  migration/3
15:12:30        0        38    0.00    0.00    0.00    0.00    0.00     3      0.00      0.00       0       0   0.00      3.00      0.00  ksoftirqd/3
15:12:30        0        53    0.00    0.00    0.00    0.00    0.00     1      0.00      0.00       0       0   0.00      2.00      0.00  kcompactd0
15:12:30        0       121    0.00    0.00    0.00    0.00    0.00     0      0.00      0.00       0       0   0.00      5.00      0.00  kworker/0:2-rcu_gp
15:12:30        0       178    0.00    1.00    0.00    0.00    1.00     3     90.00      0.00   66928   17652   0.22     12.00      1.00  systemd-journal
15:12:30        0       240    0.00    0.00    0.00    0.00    0.00     1      0.00      0.00  288968   27144   0.34      1.00      0.00  multipathd
15:12:30      101       585    0.00    0.00    0.00    0.00    0.00     3      0.00      0.00    9908    5468   0.07     27.00      7.00  dbus-daemon
15:12:30      989       595    0.00    1.00    0.00    0.00    1.00     1      0.00      0.00  383684    9780   0.12     14.00      1.00  polkitd
15:12:30        0       604    0.00    0.00    0.00    0.00    0.00     3      0.00      0.00   18172    8832   0.11     17.00      5.00  systemd-logind
15:12:30        0       607    0.00    0.00    0.00    0.00    0.00     3      0.00      0.00  468964   13612   0.17      8.00      0.00  udisksd
15:12:30        0       756    0.00    0.00    0.00    0.00    0.00     1      0.00      0.00  318164   12612   0.16     11.00      1.00  ModemManager
15:12:30        0       931    0.00    0.00    0.00    0.00    0.00     1      1.00      0.00   12032    8112   0.10      2.00      0.00  sshd
15:12:30        0      2880    0.00    0.00    0.00    0.00    0.00     1      0.00      0.00       0       0   0.00     21.00      0.00  kworker/1:0-cgwb_release
15:12:30        0      3475    0.00    0.00    0.00    0.00    0.00     2      0.00      0.00       0       0   0.00      1.00      0.00  kworker/u16:3-events_power_efficient
15:12:30        0      3514    0.00    0.00    0.00    0.00    0.00     3      0.00      0.00       0       0   0.00     15.00      0.00  kworker/3:2-events
15:12:30        0      3837    0.00    0.00    0.00    0.00    0.00     2      0.00      0.00       0       0   0.00     11.00      0.00  kworker/2:1-events
15:12:30     1000      4682    0.00    0.00    0.00    0.00    0.00     1      0.00      0.00   31444   21396   0.27     20.00      0.00  python3
15:12:30     1000      4690    0.00    0.00    0.00    0.00    0.00     1      0.00      0.00    9900    3356   0.04      1.00      0.00  vmstat
15:12:30     1000      4691    0.00    0.00    0.00    0.00    0.00     1      0.00      0.00    7712    3696   0.05      1.00      1.00  pidstat
15:12:30        0      4763    0.00    0.00    0.00    0.00    0.00     2      0.00      0.00       0       0   0.00      1.00      0.00  kworker/2:0-cgroup_free
15:12:30        0      4812    0.00    0.00    0.00    0.00    0.00     1      0.00      0.00       0       0   0.00     15.00      0.00  kworker/u16:0-events_unbound
15:12:30     1000      4989   94.00    7.00    0.00    0.00  101.00     0      0.00      0.00   57508   50440   0.64      0.00      5.00  /home/ubuntu/pe
15:12:30     1000      4990   21.00   17.00    0.00    0.00   38.00     2    285.00      0.00 1818556   76216   0.96      0.00      0.00  hey

# Time        UID       PID    %usr %system  %guest   %wait    %CPU   CPU  minflt/s  majflt/s     VSZ     RSS   %MEM   cswch/s nvcswch/s  Command
15:12:31        0        19    0.00    0.00    0.00    0.00    0.00     0      0.00      0.00       0       0   0.00      1.00      0.00  migration/0
15:12:31        0        25    0.00    0.00    0.00    0.00    0.00     1      0.00      0.00       0       0   0.00      1.00      0.00  migration/1
15:12:31        0        31    0.00    0.00    0.00    0.00    0.00     2      0.00      0.00       0       0   0.00      1.00      0.00  migration/2
15:12:31        0        37    0.00    0.00    0.00    0.00    0.00     3      0.00      0.00       0       0   0.00      1.00      0.00  migration/3
15:12:31        0        53    0.00    0.00    0.00    0.00    0.00     1      0.00      0.00       0       0   0.00      2.00      0.00  kcompactd0
15:12:31        0       121    0.00    0.00    0.00    0.00    0.00     0      0.00      0.00       0       0   0.00      2.00      0.00  kworker/0:2-events
15:12:31        0       178    0.00    0.00    0.00    0.00    0.00     3      0.00      0.00   66928   17652   0.22      1.00      0.00  systemd-journal
15:12:31        0       240    0.00    0.00    0.00    0.00    0.00     1      0.00      0.00  288968   27144   0.34      1.00      0.00  multipathd
15:12:31        0      2880    0.00    0.00    0.00    0.00    0.00     1      0.00      0.00       0       0   0.00      6.00      0.00  kworker/1:0-events
15:12:31        0      3475    0.00    0.00    0.00    0.00    0.00     1      0.00      0.00       0       0   0.00      7.00      0.00  kworker/u16:3-events_power_efficient
15:12:31        0      3514    0.00    0.00    0.00    0.00    0.00     3      0.00      0.00       0       0   0.00      3.00      0.00  kworker/3:2-events
15:12:31        0      3837    0.00    0.00    0.00    0.00    0.00     2      0.00      0.00       0       0   0.00      2.00      0.00  kworker/2:1-events
15:12:31     1000      4682    0.00    0.00    0.00    0.00    0.00     1      0.00      0.00   31444   21396   0.27     20.00      0.00  python3
15:12:31     1000      4690    0.00    0.00    0.00    0.00    0.00     1      0.00      0.00    9900    3356   0.04      1.00      0.00  vmstat
15:12:31     1000      4691    1.00    1.00    0.00    0.00    2.00     1      0.00      0.00    7712    3696   0.05      1.00      0.00  pidstat
15:12:31        0      4812    0.00    0.00    0.00    0.00    0.00     1      0.00      0.00       0       0   0.00      3.00      0.00  kworker/u16:0-events_power_efficient
15:12:31     1000      4989   93.00    7.00    0.00    0.00  100.00     0      0.00      0.00   57508   50440   0.64      0.00      3.00  /home/ubuntu/pe
15:12:31     1000      4990   22.00   17.00    0.00    0.00   39.00     2    122.00      0.00 1818556   76728   0.97      0.00      0.00  hey

# Time        UID       PID    %usr %system  %guest   %wait    %CPU   CPU  minflt/s  majflt/s     VSZ     RSS   %MEM   cswch/s nvcswch/s  Command
15:12:32        0        16    0.00    0.00    0.00    0.00    0.00     1      0.00      0.00       0       0   0.00      2.00      0.00  rcu_sched
15:12:32        0        53    0.00    0.00    0.00    0.00    0.00     1      0.00      0.00       0       0   0.00      2.00      0.00  kcompactd0
15:12:32        0       121    0.00    0.00    0.00    0.00    0.00     0      0.00      0.00       0       0   0.00      5.00      0.00  kworker/0:2-events
15:12:32        0       240    0.00    0.00    0.00    0.00    0.00     1      0.00      0.00  288968   27144   0.34      1.00      0.00  multipathd
15:12:32        0      2880    0.00    0.00    0.00    0.00    0.00     1      0.00      0.00       0       0   0.00      7.00      0.00  kworker/1:0-events
15:12:32        0      3475    0.00    0.00    0.00    0.00    0.00     1      0.00      0.00       0       0   0.00      5.00      0.00  kworker/u16:3-events_power_efficient
15:12:32        0      3514    0.00    0.00    0.00    0.00    0.00     3      0.00      0.00       0       0   0.00      1.00      0.00  kworker/3:2-mm_percpu_wq
15:12:32        0      3837    0.00    0.00    0.00    0.00    0.00     2      0.00      0.00       0       0   0.00      4.00      0.00  kworker/2:1-events
15:12:32     1000      4682    0.00    0.00    0.00    0.00    0.00     1      0.00      0.00   31444   21396   0.27     20.00      0.00  python3
15:12:32     1000      4690    0.00    0.00    0.00    0.00    0.00     1      0.00      0.00    9900    3356   0.04      1.00      0.00  vmstat
15:12:32     1000      4691    0.00    0.00    0.00    0.00    0.00     1      0.00      0.00    7712    3696   0.05      1.00      0.00  pidstat
15:12:32     1000      4989   92.00    7.00    0.00    0.00   99.00     0      0.00      0.00   57508   50440   0.64      0.00      5.00  /home/ubuntu/pe
15:12:32     1000      4990   20.00   19.00    0.00    0.00   39.00     2    277.00      0.00 1818556   77752   0.98      0.00      0.00  hey

# Time        UID       PID    %usr %system  %guest   %wait    %CPU   CPU  minflt/s  majflt/s     VSZ     RSS   %MEM   cswch/s nvcswch/s  Command
15:12:33        0        16    0.00    0.00    0.00    0.00    0.00     1      0.00      0.00       0       0   0.00      2.00      0.00  rcu_sched
15:12:33        0        53    0.00    0.00    0.00    0.00    0.00     1      0.00      0.00       0       0   0.00      2.00      0.00  kcompactd0
15:12:33        0       121    0.00    0.00    0.00    0.00    0.00     0      0.00      0.00       0       0   0.00      3.00      0.00  kworker/0:2-events
15:12:33        0       240    0.00    0.00    0.00    0.00    0.00     1      0.00      0.00  288968   27144   0.34      1.00      0.00  multipathd
15:12:33        0      2880    0.00    0.00    0.00    0.00    0.00     1      0.00      0.00       0       0   0.00      5.00      0.00  kworker/1:0-events
15:12:33        0      3475    0.00    0.00    0.00    0.00    0.00     1      0.00      0.00       0       0   0.00      5.00      0.00  kworker/u16:3-events_power_efficient
15:12:33        0      3514    0.00    0.00    0.00    0.00    0.00     3      0.00      0.00       0       0   0.00      3.00      0.00  kworker/3:2-events
15:12:33        0      3837    0.00    0.00    0.00    0.00    0.00     2      0.00      0.00       0       0   0.00      2.00      0.00  kworker/2:1-events
15:12:33     1000      4682    0.00    0.00    0.00    0.00    0.00     1      0.00      0.00   31444   21396   0.27     20.00      0.00  python3
15:12:33     1000      4690    0.00    0.00    0.00    0.00    0.00     1      0.00      0.00    9900    3356   0.04      1.00      0.00  vmstat
15:12:33     1000      4691    0.00    1.00    0.00    0.00    1.00     1      0.00      0.00    7712    3696   0.05      1.00      0.00  pidstat
15:12:33     1000      4989   94.00    6.00    0.00    0.00  100.00     0      0.00      0.00   57508   50440   0.64      0.00      3.00  /home/ubuntu/pe
15:12:33     1000      4990   21.00   16.00    0.00    0.00   37.00     2    115.00      0.00 1818556   78264   0.99      0.00      0.00  hey

# Time        UID       PID    %usr %system  %guest   %wait    %CPU   CPU  minflt/s  majflt/s     VSZ     RSS   %MEM   cswch/s nvcswch/s  Command
15:12:34        0        16    0.00    0.00    0.00    0.00    0.00     2      0.00      0.00       0       0   0.00     61.00      0.00  rcu_sched
15:12:34        0        25    0.00    0.00    0.00    0.00    0.00     1      0.00      0.00       0       0   0.00      1.00      0.00  migration/1
15:12:34        0        26    0.00    0.00    0.00    0.00    0.00     1      0.00      0.00       0       0   0.00      2.00      0.00  ksoftirqd/1
15:12:34        0        38    0.00    0.00    0.00    0.00    0.00     3      0.00      0.00       0       0   0.00      1.00      0.00  ksoftirqd/3
15:12:34        0        53    0.00    0.00    0.00    0.00    0.00     1      0.00      0.00       0       0   0.00      2.00      0.00  kcompactd0
15:12:34        0       121    0.00    0.00    0.00    0.00    0.00     0      0.00      0.00       0       0   0.00      3.00      0.00  kworker/0:2-events
15:12:34        0       240    0.00    0.00    0.00    0.00    0.00     1      0.00      0.00  288968   27144   0.34      1.00      0.00  multipathd
15:12:34        0      2880    0.00    0.00    0.00    0.00    0.00     1      0.00      0.00       0       0   0.00      8.00      0.00  kworker/1:0-events
15:12:34        0      3475    0.00    0.00    0.00    0.00    0.00     1      0.00      0.00       0       0   0.00      5.00      0.00  kworker/u16:3-events_power_efficient
15:12:34        0      3514    0.00    0.00    0.00    0.00    0.00     3      0.00      0.00       0       0   0.00      4.00      0.00  kworker/3:2-events
15:12:34        0      3837    0.00    0.00    0.00    0.00    0.00     2      0.00      0.00       0       0   0.00      4.00      0.00  kworker/2:1-events
15:12:34     1000      4682    1.00    0.00    0.00    0.00    1.00     1      0.00      0.00   31444   21396   0.27     14.00      0.00  python3
15:12:34     1000      4690    0.00    0.00    0.00    0.00    0.00     1      0.00      0.00    9900    3356   0.04      1.00      0.00  vmstat
15:12:34     1000      4691    0.00    0.00    0.00    0.00    0.00     1      0.00      0.00    7712    3696   0.05      1.00      0.00  pidstat
15:12:34        0      4812    0.00    0.00    0.00    0.00    0.00     3      0.00      0.00       0       0   0.00      1.00      0.00  kworker/u16:0-events_power_efficient
15:12:34     1000      5077    0.00    0.00    0.00    0.00    0.00     0    145.00      0.00    2704    1528   0.02      1.00      1.00  time
15:12:34     1000      5078   12.00    2.00    0.00    0.00   14.00     0   7888.00      0.00   47944   40840   0.52      1.00      0.00  /home/ubuntu/pa

# Time        UID       PID    %usr %system  %guest   %wait    %CPU   CPU  minflt/s  majflt/s     VSZ     RSS   %MEM   cswch/s nvcswch/s  Command
15:12:35        0        16    0.00    0.00    0.00    0.00    0.00     1      0.00      0.00       0       0   0.00     10.00      0.00  rcu_sched
15:12:35        0        19    0.00    0.00    0.00    0.00    0.00     0      0.00      0.00       0       0   0.00      1.00      0.00  migration/0
15:12:35        0        25    0.00    0.00    0.00    0.00    0.00     1      0.00      0.00       0       0   0.00      2.00      0.00  migration/1
15:12:35        0        31    0.00    0.00    0.00    0.00    0.00     2      0.00      0.00       0       0   0.00      1.00      0.00  migration/2
15:12:35        0        37    0.00    0.00    0.00    0.00    0.00     3      0.00      0.00       0       0   0.00      1.00      0.00  migration/3
15:12:35        0        53    0.00    0.00    0.00    0.00    0.00     2      0.00      0.00       0       0   0.00      2.00      0.00  kcompactd0
15:12:35        0       121    0.00    0.00    0.00    0.00    0.00     0      0.00      0.00       0       0   0.00      1.00      0.00  kworker/0:2-mm_percpu_wq
15:12:35        0       240    0.00    0.00    0.00    0.00    0.00     1      0.00      0.00  288968   27144   0.34      1.00      0.00  multipathd
15:12:35        0      2880    0.00    0.00    0.00    0.00    0.00     1      0.00      0.00       0       0   0.00      6.00      0.00  kworker/1:0-events
15:12:35        0      3475    0.00    0.00    0.00    0.00    0.00     3      0.00      0.00       0       0   0.00      5.00      0.00  kworker/u16:3-flush-259:0
15:12:35        0      3514    0.00    0.00    0.00    0.00    0.00     3      0.00      0.00       0       0   0.00      1.00      0.00  kworker/3:2-mm_percpu_wq
15:12:35        0      3837    0.00    0.00    0.00    0.00    0.00     2      0.00      0.00       0       0   0.00      1.00      0.00  kworker/2:1-mm_percpu_wq
15:12:35     1000      4682    0.00    0.00    0.00    0.00    0.00     1      0.00      0.00   31444   21396   0.27      5.00      0.00  python3
15:12:35     1000      4690    0.00    0.00    0.00    0.00    0.00     1      0.00      0.00    9900    3356   0.04      1.00      0.00  vmstat
15:12:35     1000      4691    0.00    1.00    0.00    0.00    1.00     1      0.00      0.00    7712    3696   0.05      1.00      0.00  pidstat
15:12:35        0      4812    0.00    0.00    0.00    0.00    0.00     1      0.00      0.00       0       0   0.00      5.00      0.00  kworker/u16:0-events_power_efficient
15:12:35     1000      5078   88.00    6.00    0.00    0.00   94.00     0    439.00      0.00   49660   42504   0.54      5.00      2.00  /home/ubuntu/pa
15:12:35     1000      5079   11.00   10.00    0.00    0.00   21.00     2  13845.00      0.00 1817212   54720   0.69      4.00      2.00  hey

# Time        UID       PID    %usr %system  %guest   %wait    %CPU   CPU  minflt/s  majflt/s     VSZ     RSS   %MEM   cswch/s nvcswch/s  Command
15:12:36        0        16    0.00    0.00    0.00    0.00    0.00     1      0.00      0.00       0       0   0.00      2.00      0.00  rcu_sched
15:12:36        0        53    0.00    0.00    0.00    0.00    0.00     2      0.00      0.00       0       0   0.00      2.00      0.00  kcompactd0
15:12:36        0       121    0.00    0.00    0.00    0.00    0.00     0      0.00      0.00       0       0   0.00      4.00      0.00  kworker/0:2-events
15:12:36        0       240    0.00    0.00    0.00    0.00    0.00     1      0.00      0.00  288968   27144   0.34      1.00      0.00  multipathd
15:12:36        0       248    0.00    0.00    0.00    0.00    0.00     0      0.00      0.00       0       0   0.00      1.00      0.00  kworker/0:1H-kblockd
15:12:36        0      2880    0.00    0.00    0.00    0.00    0.00     1      0.00      0.00       0       0   0.00      6.00      0.00  kworker/1:0-events
15:12:36        0      3475    0.00    0.00    0.00    0.00    0.00     1      0.00      0.00       0       0   0.00      4.00      0.00  kworker/u16:3-events_power_efficient
15:12:36        0      3514    0.00    0.00    0.00    0.00    0.00     3      0.00      0.00       0       0   0.00      1.00      0.00  kworker/3:2-mm_percpu_wq
15:12:36        0      3837    0.00    0.00    0.00    0.00    0.00     2      0.00      0.00       0       0   0.00      1.00      0.00  kworker/2:1-mm_percpu_wq
15:12:36     1000      4666    0.00    0.00    0.00    0.00    0.00     2      0.00      0.00   15008    7192   0.09      1.00      0.00  sshd
15:12:36     1000      4690    0.00    0.00    0.00    0.00    0.00     1      0.00      0.00    9900    3356   0.04      1.00      0.00  vmstat
15:12:36     1000      4691    0.00    0.00    0.00    0.00    0.00     1      0.00      0.00    7712    3696   0.05      1.00      0.00  pidstat
15:12:36        0      4812    0.00    0.00    0.00    0.00    0.00     1      0.00      0.00       0       0   0.00      4.00      0.00  kworker/u16:0-events_power_efficient
15:12:36     1000      5078   93.00    7.00    0.00    0.00  100.00     0      2.00      0.00   49660   42504   0.54      0.00      5.00  /home/ubuntu/pa
15:12:36     1000      5079   12.00   12.00    0.00    0.00   24.00     2   3641.00      0.00 1817724   67648   0.85      0.00      0.00  hey

# Time        UID       PID    %usr %system  %guest   %wait    %CPU   CPU  minflt/s  majflt/s     VSZ     RSS   %MEM   cswch/s nvcswch/s  Command
15:12:37        0        14    0.00    0.00    0.00    0.00    0.00     0      0.00      0.00       0       0   0.00      2.00      0.00  ksoftirqd/0
15:12:37        0        16    0.00    0.00    0.00    0.00    0.00     1      0.00      0.00       0       0   0.00     55.00      0.00  rcu_sched
15:12:37        0        25    0.00    0.00    0.00    0.00    0.00     1      0.00      0.00       0       0   0.00      1.00      0.00  migration/1
15:12:37        0        26    0.00    0.00    0.00    0.00    0.00     1      0.00      0.00       0       0   0.00      1.00      0.00  ksoftirqd/1
15:12:37        0        32    0.00    0.00    0.00    0.00    0.00     2      0.00      0.00       0       0   0.00      2.00      0.00  ksoftirqd/2
15:12:37        0        38    0.00    0.00    0.00    0.00    0.00     3      0.00      0.00       0       0   0.00      5.00      0.00  ksoftirqd/3
15:12:37        0        53    0.00    0.00    0.00    0.00    0.00     2      0.00      0.00       0       0   0.00      2.00      0.00  kcompactd0
15:12:37        0       121    0.00    0.00    0.00    0.00    0.00     0      0.00      0.00       0       0   0.00      1.00      0.00  kworker/0:2-mm_percpu_wq
15:12:37        0       240    0.00    0.00    0.00    0.00    0.00     1      0.00      0.00  288968   27144   0.34      1.00      0.00  multipathd
15:12:37        0      2880    0.00    0.00    0.00    0.00    0.00     1      0.00      0.00       0       0   0.00      6.00      0.00  kworker/1:0-events
15:12:37        0      3475    0.00    0.00    0.00    0.00    0.00     1      0.00      0.00       0       0   0.00      7.00      0.00  kworker/u16:3-events_power_efficient
15:12:37        0      3514    0.00    0.00    0.00    0.00    0.00     3      0.00      0.00       0       0   0.00      2.00      0.00  kworker/3:2-events
15:12:37        0      3837    0.00    0.00    0.00    0.00    0.00     2      0.00      0.00       0       0   0.00      3.00      0.00  kworker/2:1-events
15:12:37     1000      4682    0.00    0.00    0.00    0.00    0.00     1      0.00      0.00   31444   21396   0.27     22.00      0.00  python3
15:12:37     1000      4690    0.00    0.00    0.00    0.00    0.00     1      0.00      0.00    9900    3356   0.04      1.00      0.00  vmstat
15:12:37     1000      4691    0.00    0.00    0.00    0.00    0.00     1      0.00      0.00    7712    3696   0.05      1.00      0.00  pidstat
15:12:37     1000      5078   93.00    7.00    0.00    0.00  100.00     0   2760.00      0.00   60744   53640   0.68      0.00      3.00  /home/ubuntu/pa
15:12:37     1000      5079   10.00    7.00    0.00    0.00   17.00     2   1082.00      0.00 1818236   71232   0.90      0.00      0.00  hey

# Time        UID       PID    %usr %system  %guest   %wait    %CPU   CPU  minflt/s  majflt/s     VSZ     RSS   %MEM   cswch/s nvcswch/s  Command
15:12:38        0        26    0.00    0.00    0.00    0.00    0.00     1      0.00      0.00       0       0   0.00      1.00      0.00  ksoftirqd/1
15:12:38        0        53    0.00    0.00    0.00    0.00    0.00     1      0.00      0.00       0       0   0.00      2.00      0.00  kcompactd0
15:12:38        0       121    0.00    0.00    0.00    0.00    0.00     0      0.00      0.00       0       0   0.00      5.00      0.00  kworker/0:2-events
15:12:38        0       240    0.00    0.00    0.00    0.00    0.00     1      0.00      0.00  288968   27144   0.34      1.00      0.00  multipathd
15:12:38        0       591    0.00    0.00    0.00    0.00    0.00     2      0.00      0.00   83064    4556   0.06      1.00      0.00  irqbalance
15:12:38        0      2880    0.00    0.00    0.00    0.00    0.00     1      0.00      0.00       0       0   0.00      4.00      0.00  kworker/1:0-events
15:12:38        0      3475    0.00    0.00    0.00    0.00    0.00     3      0.00      0.00       0       0   0.00      5.00      0.00  kworker/u16:3-events_power_efficient
15:12:38        0      3514    0.00    0.00    0.00    0.00    0.00     3      0.00      0.00       0       0   0.00      3.00      0.00  kworker/3:2-events
15:12:38        0      3837    0.00    0.00    0.00    0.00    0.00     2      0.00      0.00       0       0   0.00      2.00      0.00  kworker/2:1-events
15:12:38     1000      4682    0.00    0.00    0.00    0.00    0.00     1      0.00      0.00   31444   21396   0.27     20.00      0.00  python3
15:12:38     1000      4690    0.00    0.00    0.00    0.00    0.00     1      0.00      0.00    9900    3356   0.04      1.00      0.00  vmstat
15:12:38     1000      4691    0.00    1.00    0.00    0.00    1.00     1      0.00      0.00    7712    3696   0.05      1.00      0.00  pidstat
15:12:38     1000      5078   93.00    7.00    0.00    0.00  100.00     0      0.00      0.00   60744   53640   0.68      0.00      5.00  /home/ubuntu/pa
15:12:38     1000      5079   13.00    8.00    0.00    0.00   21.00     2    165.00      0.00 1818428   71744   0.91      0.00      0.00  hey

# Time        UID       PID    %usr %system  %guest   %wait    %CPU   CPU  minflt/s  majflt/s     VSZ     RSS   %MEM   cswch/s nvcswch/s  Command
15:12:39        0        19    0.00    0.00    0.00    0.00    0.00     0      0.00      0.00       0       0   0.00      1.00      0.00  migration/0
15:12:39        0        25    0.00    0.00    0.00    0.00    0.00     1      0.00      0.00       0       0   0.00      1.00      0.00  migration/1
15:12:39        0        31    0.00    0.00    0.00    0.00    0.00     2      0.00      0.00       0       0   0.00      1.00      0.00  migration/2
15:12:39        0        37    0.00    0.00    0.00    0.00    0.00     3      0.00      0.00       0       0   0.00      1.00      0.00  migration/3
15:12:39        0        53    0.00    0.00    0.00    0.00    0.00     1      0.00      0.00       0       0   0.00      2.00      0.00  kcompactd0
15:12:39        0       121    0.00    0.00    0.00    0.00    0.00     0      0.00      0.00       0       0   0.00      1.00      0.00  kworker/0:2-mm_percpu_wq
15:12:39        0       137    0.00    0.00    0.00    0.00    0.00     2      0.00      0.00       0       0   0.00      3.00      0.00  jbd2/nvme0n1p1-8
15:12:39        0       162    0.00    0.00    0.00    0.00    0.00     2      0.00      0.00       0       0   0.00      1.00      0.00  kworker/2:1H-kblockd
15:12:39        0       240    0.00    0.00    0.00    0.00    0.00     1      0.00      0.00  288968   27144   0.34      1.00      0.00  multipathd
15:12:39        0      2880    0.00    0.00    0.00    0.00    0.00     1      0.00      0.00       0       0   0.00      1.00      0.00  kworker/1:0-mm_percpu_wq
15:12:39        0      3475    0.00    0.00    0.00    0.00    0.00     3      0.00      0.00       0       0   0.00      8.00      0.00  kworker/u16:3-flush-259:0
15:12:39        0      3514    0.00    0.00    0.00    0.00    0.00     3      0.00      0.00       0       0   0.00      5.00      0.00  kworker/3:2-events
15:12:39        0      3837    0.00    0.00    0.00    0.00    0.00     2      0.00      0.00       0       0   0.00      1.00      0.00  kworker/2:1-mm_percpu_wq
15:12:39     1000      4682    0.00    0.00    0.00    0.00    0.00     1      0.00      0.00   31444   21396   0.27     20.00      0.00  python3
15:12:39     1000      4690    0.00    0.00    0.00    0.00    0.00     1      0.00      0.00    9900    3356   0.04      1.00      0.00  vmstat
15:12:39     1000      4691    1.00    0.00    0.00    0.00    1.00     1      0.00      0.00    7712    3696   0.05      1.00      0.00  pidstat
15:12:39     1000      5078   95.00    5.00    0.00    0.00  100.00     0      0.00      0.00   60744   53640   0.68      0.00      2.00  /home/ubuntu/pa
15:12:39     1000      5079   13.00    8.00    0.00    0.00   21.00     2    351.00      0.00 1818492   73024   0.92      0.00      0.00  hey

# Time        UID       PID    %usr %system  %guest   %wait    %CPU   CPU  minflt/s  majflt/s     VSZ     RSS   %MEM   cswch/s nvcswch/s  Command
15:12:40        0        16    0.00    0.00    0.00    0.00    0.00     2      0.00      0.00       0       0   0.00      4.00      0.00  rcu_sched
15:12:40        0        53    0.00    0.00    0.00    0.00    0.00     1      0.00      0.00       0       0   0.00      2.00      0.00  kcompactd0
15:12:40        0       121    0.00    0.00    0.00    0.00    0.00     0      0.00      0.00       0       0   0.00      5.00      0.00  kworker/0:2-events
15:12:40        0       240    0.00    0.00    0.00    0.00    0.00     1      0.00      0.00  288968   27144   0.34      1.00      0.00  multipathd
15:12:40      110       672    0.00    0.00    0.00    0.00    0.00     1      0.00      0.00   19416    3744   0.05      2.00      0.00  chronyd
15:12:40        0      2880    0.00    0.00    0.00    0.00    0.00     1      0.00      0.00       0       0   0.00      2.00      0.00  kworker/1:0-events
15:12:40        0      3475    0.00    0.00    0.00    0.00    0.00     1      0.00      0.00       0       0   0.00      8.00      0.00  kworker/u16:3-flush-259:0
15:12:40        0      3514    0.00    0.00    0.00    0.00    0.00     3      0.00      0.00       0       0   0.00      5.00      0.00  kworker/3:2-events
15:12:40        0      3837    0.00    0.00    0.00    0.00    0.00     2      0.00      0.00       0       0   0.00      1.00      0.00  kworker/2:1-mm_percpu_wq
15:12:40     1000      4682    0.00    0.00    0.00    0.00    0.00     1      0.00      0.00   31444   21396   0.27     20.00      0.00  python3
15:12:40     1000      4690    0.00    0.00    0.00    0.00    0.00     1      0.00      0.00    9900    3356   0.04      1.00      0.00  vmstat
15:12:40     1000      4691    0.00    1.00    0.00    0.00    1.00     1      0.00      0.00    7712    3696   0.05      1.00      0.00  pidstat
15:12:40        0      4812    0.00    0.00    0.00    0.00    0.00     3      0.00      0.00       0       0   0.00      2.00      0.00  kworker/u16:0-events_power_efficient
15:12:40     1000      5078   93.00    7.00    0.00    0.00  100.00     0      0.00      0.00   60744   53640   0.68      0.00      5.00  /home/ubuntu/pa
15:12:40     1000      5079   13.00    9.00    0.00    0.00   22.00     2    187.00      0.00 1818556   73664   0.93      0.00      0.00  hey

# Time        UID       PID    %usr %system  %guest   %wait    %CPU   CPU  minflt/s  majflt/s     VSZ     RSS   %MEM   cswch/s nvcswch/s  Command
15:12:41        0        53    0.00    0.00    0.00    0.00    0.00     2      0.00      0.00       0       0   0.00      2.00      0.00  kcompactd0
15:12:41        0       121    0.00    0.00    0.00    0.00    0.00     0      0.00      0.00       0       0   0.00      2.00      0.00  kworker/0:2-mm_percpu_wq
15:12:41        0       240    0.00    0.00    0.00    0.00    0.00     1      0.00      0.00  288968   27144   0.34      1.00      0.00  multipathd
15:12:41        0      2880    0.00    0.00    0.00    0.00    0.00     1      0.00      0.00       0       0   0.00      3.00      0.00  kworker/1:0-events
15:12:41        0      3475    0.00    0.00    0.00    0.00    0.00     1      0.00      0.00       0       0   0.00      5.00      0.00  kworker/u16:3-events_power_efficient
15:12:41        0      3514    0.00    0.00    0.00    0.00    0.00     3      0.00      0.00       0       0   0.00      3.00      0.00  kworker/3:2-events
15:12:41        0      3837    0.00    0.00    0.00    0.00    0.00     2      0.00      0.00       0       0   0.00      1.00      0.00  kworker/2:1-mm_percpu_wq
15:12:41     1000      4682    0.00    0.00    0.00    0.00    0.00     1      0.00      0.00   31444   21396   0.27     20.00      0.00  python3
15:12:41     1000      4690    0.00    0.00    0.00    0.00    0.00     1      0.00      0.00    9900    3356   0.04      1.00      0.00  vmstat
15:12:41     1000      4691    0.00    0.00    0.00    0.00    0.00     1      0.00      0.00    7712    3696   0.05      1.00      0.00  pidstat
15:12:41        0      4812    0.00    0.00    0.00    0.00    0.00     2      0.00      0.00       0       0   0.00      6.00      0.00  kworker/u16:0-events_power_efficient
15:12:41     1000      5078   94.00    6.00    0.00    0.00  100.00     0      0.00      0.00   60744   53640   0.68      0.00      2.00  /home/ubuntu/pa
15:12:41     1000      5079   13.00    8.00    0.00    0.00   21.00     2    319.00      0.00 1818556   74816   0.94      0.00      0.00  hey

# Time        UID       PID    %usr %system  %guest   %wait    %CPU   CPU  minflt/s  majflt/s     VSZ     RSS   %MEM   cswch/s nvcswch/s  Command
15:12:42        0        53    0.00    0.00    0.00    0.00    0.00     2      0.00      0.00       0       0   0.00      2.00      0.00  kcompactd0
15:12:42        0       121    0.00    0.00    0.00    0.00    0.00     0      0.00      0.00       0       0   0.00      5.00      0.00  kworker/0:2-events
15:12:42        0       240    0.00    0.00    0.00    0.00    0.00     1      0.00      0.00  288968   27144   0.34      1.00      0.00  multipathd
15:12:42        0      2880    0.00    0.00    0.00    0.00    0.00     1      0.00      0.00       0       0   0.00      8.00      0.00  kworker/1:0-events
15:12:42        0      3475    0.00    0.00    0.00    0.00    0.00     1      0.00      0.00       0       0   0.00      5.00      0.00  kworker/u16:3-events_power_efficient
15:12:42        0      3514    0.00    0.00    0.00    0.00    0.00     3      0.00      0.00       0       0   0.00      1.00      0.00  kworker/3:2-mm_percpu_wq
15:12:42        0      3837    0.00    0.00    0.00    0.00    0.00     2      0.00      0.00       0       0   0.00      2.00      0.00  kworker/2:1-events
15:12:42     1000      4682    0.00    0.00    0.00    0.00    0.00     1      0.00      0.00   31444   21396   0.27     20.00      0.00  python3
15:12:42     1000      4690    0.00    0.00    0.00    0.00    0.00     1      0.00      0.00    9900    3356   0.04      1.00      0.00  vmstat
15:12:42     1000      4691    0.00    1.00    0.00    0.00    1.00     1      0.00      0.00    7712    3696   0.05      1.00      0.00  pidstat
15:12:42     1000      5078   94.00    6.00    0.00    0.00  100.00     0      0.00      0.00   60744   53640   0.68      0.00      5.00  /home/ubuntu/pa
15:12:42     1000      5079   14.00    7.00    0.00    0.00   21.00     2    134.00      0.00 1818556   75328   0.95      0.00      0.00  hey

# Time        UID       PID    %usr %system  %guest   %wait    %CPU   CPU  minflt/s  majflt/s     VSZ     RSS   %MEM   cswch/s nvcswch/s  Command
15:12:43        0        19    0.00    0.00    0.00    0.00    0.00     0      0.00      0.00       0       0   0.00      1.00      0.00  migration/0
15:12:43        0        25    0.00    0.00    0.00    0.00    0.00     1      0.00      0.00       0       0   0.00      1.00      0.00  migration/1
15:12:43        0        31    0.00    0.00    0.00    0.00    0.00     2      0.00      0.00       0       0   0.00      1.00      0.00  migration/2
15:12:43        0        37    0.00    0.00    0.00    0.00    0.00     3      0.00      0.00       0       0   0.00      1.00      0.00  migration/3
15:12:43        0        53    0.00    0.00    0.00    0.00    0.00     2      0.00      0.00       0       0   0.00      2.00      0.00  kcompactd0
15:12:43        0       121    0.00    0.00    0.00    0.00    0.00     0      0.00      0.00       0       0   0.00      1.00      0.00  kworker/0:2-mm_percpu_wq
15:12:43        0       240    0.00    0.00    0.00    0.00    0.00     1      0.00      0.00  288968   27144   0.34      1.00      0.00  multipathd
15:12:43        0      2880    0.00    0.00    0.00    0.00    0.00     1      0.00      0.00       0       0   0.00      6.00      0.00  kworker/1:0-events
15:12:43        0      3475    0.00    0.00    0.00    0.00    0.00     1      0.00      0.00       0       0   0.00      6.00      0.00  kworker/u16:3-events_power_efficient
15:12:43        0      3514    0.00    0.00    0.00    0.00    0.00     3      0.00      0.00       0       0   0.00      1.00      0.00  kworker/3:2-mm_percpu_wq
15:12:43        0      3837    0.00    0.00    0.00    0.00    0.00     2      0.00      0.00       0       0   0.00      1.00      0.00  kworker/2:1-mm_percpu_wq
15:12:43     1000      4682    0.00    0.00    0.00    0.00    0.00     1      0.00      0.00   31444   21396   0.27     20.00      0.00  python3
15:12:43     1000      4690    0.00    0.00    0.00    0.00    0.00     1      0.00      0.00    9900    3356   0.04      1.00      0.00  vmstat
15:12:43     1000      4691    0.00    0.00    0.00    0.00    0.00     1      0.00      0.00    7712    3696   0.05      1.00      0.00  pidstat
15:12:43     1000      5078   94.00    6.00    0.00    0.00  100.00     0      0.00      0.00   60744   53640   0.68      0.00      2.00  /home/ubuntu/pa
15:12:43     1000      5079   12.00    9.00    0.00    0.00   21.00     2    146.00      0.00 1818556   75968   0.96      0.00      0.00  hey

# Time        UID       PID    %usr %system  %guest   %wait    %CPU   CPU  minflt/s  majflt/s     VSZ     RSS   %MEM   cswch/s nvcswch/s  Command
15:12:44        0        16    0.00    0.00    0.00    0.00    0.00     1      0.00      0.00       0       0   0.00      2.00      0.00  rcu_sched
15:12:44        0        53    0.00    0.00    0.00    0.00    0.00     2      0.00      0.00       0       0   0.00      2.00      0.00  kcompactd0
15:12:44        0       121    0.00    0.00    0.00    0.00    0.00     0      0.00      0.00       0       0   0.00      5.00      0.00  kworker/0:2-events
15:12:44        0       240    0.00    0.00    0.00    0.00    0.00     1      0.00      0.00  288968   27144   0.34      2.00      0.00  multipathd
15:12:44        0      2880    0.00    0.00    0.00    0.00    0.00     1      0.00      0.00       0       0   0.00      4.00      0.00  kworker/1:0-events
15:12:44        0      3475    0.00    0.00    0.00    0.00    0.00     1      0.00      0.00       0       0   0.00      4.00      0.00  kworker/u16:3-events_power_efficient
15:12:44        0      3514    0.00    0.00    0.00    0.00    0.00     3      0.00      0.00       0       0   0.00      1.00      0.00  kworker/3:2-mm_percpu_wq
15:12:44        0      3837    0.00    0.00    0.00    0.00    0.00     2      0.00      0.00       0       0   0.00      1.00      0.00  kworker/2:1-mm_percpu_wq
15:12:44     1000      4682    0.00    0.00    0.00    0.00    0.00     1      0.00      0.00   31444   21396   0.27     20.00      0.00  python3
15:12:44     1000      4690    0.00    0.00    0.00    0.00    0.00     1      0.00      0.00    9900    3356   0.04      1.00      0.00  vmstat
15:12:44     1000      4691    0.00    0.00    0.00    0.00    0.00     1      0.00      0.00    7712    3696   0.05      1.00      0.00  pidstat
15:12:44     1000      5078   94.00    7.00    0.00    0.00  101.00     0      0.00      0.00   60744   53640   0.68      0.00      5.00  /home/ubuntu/pa
15:12:44     1000      5079   13.00    9.00    0.00    0.00   22.00     2    278.00      0.00 1818556   76864   0.97      0.00      0.00  hey

# Time        UID       PID    %usr %system  %guest   %wait    %CPU   CPU  minflt/s  majflt/s     VSZ     RSS   %MEM   cswch/s nvcswch/s  Command
15:12:45        0        53    0.00    0.00    0.00    0.00    0.00     2      0.00      0.00       0       0   0.00      2.00      0.00  kcompactd0
15:12:45        0       121    0.00    0.00    0.00    0.00    0.00     0      0.00      0.00       0       0   0.00      1.00      0.00  kworker/0:2-mm_percpu_wq
15:12:45        0       162    0.00    0.00    0.00    0.00    0.00     2      0.00      0.00       0       0   0.00      1.00      0.00  kworker/2:1H-kblockd
15:12:45        0       240    0.00    0.00    0.00    0.00    0.00     1      0.00      0.00  288968   27144   0.34      1.00      0.00  multipathd
15:12:45        0      2880    0.00    0.00    0.00    0.00    0.00     1      0.00      0.00       0       0   0.00      4.00      0.00  kworker/1:0-events
15:12:45        0      3475    0.00    0.00    0.00    0.00    0.00     1      0.00      0.00       0       0   0.00      4.00      0.00  kworker/u16:3-flush-259:0
15:12:45        0      3514    0.00    0.00    0.00    0.00    0.00     3      0.00      0.00       0       0   0.00      1.00      0.00  kworker/3:2-mm_percpu_wq
15:12:45        0      3837    0.00    0.00    0.00    0.00    0.00     2      0.00      0.00       0       0   0.00      3.00      0.00  kworker/2:1-events
15:12:45     1000      4682    0.00    0.00    0.00    0.00    0.00     1      0.00      0.00   31444   21396   0.27     20.00      0.00  python3
15:12:45     1000      4690    0.00    0.00    0.00    0.00    0.00     1      0.00      0.00    9900    3356   0.04      1.00      0.00  vmstat
15:12:45     1000      4691    1.00    1.00    0.00    0.00    2.00     1      0.00      0.00    7712    3696   0.05      1.00      0.00  pidstat
15:12:45        0      4812    0.00    0.00    0.00    0.00    0.00     2      0.00      0.00       0       0   0.00      4.00      0.00  kworker/u16:0-events_power_efficient
15:12:45     1000      5078   94.00    5.00    0.00    0.00   99.00     0      0.00      0.00   60744   53640   0.68      0.00      1.00  /home/ubuntu/pa
15:12:45     1000      5079   12.00    8.00    0.00    0.00   20.00     2    116.00      0.00 1818556   77376   0.98      0.00      0.00  hey

# Time        UID       PID    %usr %system  %guest   %wait    %CPU   CPU  minflt/s  majflt/s     VSZ     RSS   %MEM   cswch/s nvcswch/s  Command
15:12:46        0        16    0.00    0.00    0.00    0.00    0.00     1      0.00      0.00       0       0   0.00      2.00      0.00  rcu_sched
15:12:46        0        26    0.00    0.00    0.00    0.00    0.00     1      0.00      0.00       0       0   0.00      1.00      0.00  ksoftirqd/1
15:12:46        0        53    0.00    0.00    0.00    0.00    0.00     2      0.00      0.00       0       0   0.00      2.00      0.00  kcompactd0
15:12:46        0       121    0.00    0.00    0.00    0.00    0.00     0      0.00      0.00       0       0   0.00      6.00      0.00  kworker/0:2-events
15:12:46        0       240    0.00    0.00    0.00    0.00    0.00     1      0.00      0.00  288968   27144   0.34      1.00      0.00  multipathd
15:12:46        0      2880    0.00    0.00    0.00    0.00    0.00     1      0.00      0.00       0       0   0.00      3.00      0.00  kworker/1:0-events
15:12:46        0      3475    0.00    0.00    0.00    0.00    0.00     3      0.00      0.00       0       0   0.00      5.00      0.00  kworker/u16:3-events_power_efficient
15:12:46        0      3514    0.00    0.00    0.00    0.00    0.00     3      0.00      0.00       0       0   0.00      4.00      0.00  kworker/3:2-events
15:12:46        0      3837    0.00    0.00    0.00    0.00    0.00     2      0.00      0.00       0       0   0.00      3.00      0.00  kworker/2:1-events
15:12:46     1000      4682    0.00    0.00    0.00    0.00    0.00     1      0.00      0.00   31444   21396   0.27     20.00      0.00  python3
15:12:46     1000      4690    0.00    0.00    0.00    0.00    0.00     1      0.00      0.00    9900    3356   0.04      1.00      0.00  vmstat
15:12:46     1000      4691    0.00    0.00    0.00    0.00    0.00     1      0.00      0.00    7712    3696   0.05      1.00      0.00  pidstat
15:12:46        0      4812    0.00    0.00    0.00    0.00    0.00     3      0.00      0.00       0       0   0.00      5.00      0.00  kworker/u16:0-events_power_efficient
15:12:46     1000      5078   93.00    7.00    0.00    0.00  100.00     0      0.00      0.00   60744   53640   0.68      0.00      6.00  /home/ubuntu/pa
15:12:46     1000      5079   14.00    8.00    0.00    0.00   22.00     2    113.00      0.00 1818556   77760   0.98      0.00      0.00  hey

# Time        UID       PID    %usr %system  %guest   %wait    %CPU   CPU  minflt/s  majflt/s     VSZ     RSS   %MEM   cswch/s nvcswch/s  Command
15:12:47        0        16    0.00    0.00    0.00    0.00    0.00     1      0.00      0.00       0       0   0.00     65.00      0.00  rcu_sched
15:12:47        0        19    0.00    0.00    0.00    0.00    0.00     0      0.00      0.00       0       0   0.00      1.00      0.00  migration/0
15:12:47        0        25    0.00    0.00    0.00    0.00    0.00     1      0.00      0.00       0       0   0.00      3.00      0.00  migration/1
15:12:47        0        31    0.00    0.00    0.00    0.00    0.00     2      0.00      0.00       0       0   0.00      1.00      0.00  migration/2
15:12:47        0        32    0.00    0.00    0.00    0.00    0.00     2      0.00      0.00       0       0   0.00      1.00      0.00  ksoftirqd/2
15:12:47        0        37    0.00    0.00    0.00    0.00    0.00     3      0.00      0.00       0       0   0.00      1.00      0.00  migration/3
15:12:47        0        38    0.00    0.00    0.00    0.00    0.00     3      0.00      0.00       0       0   0.00      1.00      0.00  ksoftirqd/3
15:12:47        0        53    0.00    0.00    0.00    0.00    0.00     2      0.00      0.00       0       0   0.00      2.00      0.00  kcompactd0
15:12:47        0       121    0.00    0.00    0.00    0.00    0.00     0      0.00      0.00       0       0   0.00      2.00      0.00  kworker/0:2-events
15:12:47        0       240    0.00    0.00    0.00    0.00    0.00     1      0.00      0.00  288968   27144   0.34      1.00      0.00  multipathd
15:12:47        0      2880    0.00    0.00    0.00    0.00    0.00     1      0.00      0.00       0       0   0.00      1.00      0.00  kworker/1:0-mm_percpu_wq
15:12:47        0      3514    0.00    0.00    0.00    0.00    0.00     3      0.00      0.00       0       0   0.00      8.00      0.00  kworker/3:2-events
15:12:47        0      3837    0.00    0.00    0.00    0.00    0.00     2      0.00      0.00       0       0   0.00      3.00      0.00  kworker/2:1-mm_percpu_wq
15:12:47     1000      4682    0.00    1.00    0.00    0.00    1.00     1      0.00      0.00   31444   21396   0.27     12.00      0.00  python3
15:12:47     1000      4690    0.00    0.00    0.00    0.00    0.00     1      0.00      0.00    9900    3356   0.04      1.00      0.00  vmstat
15:12:47     1000      4691    0.00    1.00    0.00    0.00    1.00     1      0.00      0.00    7712    3696   0.05      1.00      0.00  pidstat
15:12:47        0      4812    0.00    0.00    0.00    0.00    0.00     3      0.00      0.00       0       0   0.00      6.00      0.00  kworker/u16:0-events_power_efficient
15:12:47     1000      5094    0.00    0.00    0.00    0.00    0.00     0    144.00      0.00    2704    1460   0.02      1.00      1.00  time
15:12:47     1000      5095   42.00    4.00    0.00    0.00   46.00     0   8331.00      0.00   49688   42344   0.53      5.00      1.00  /home/ubuntu/pa
15:12:47     1000      5096    4.00    5.00    0.00    0.00    9.00     2   5731.00      0.00 1816572   25920   0.33      4.00      4.00  hey

# Time        UID       PID    %usr %system  %guest   %wait    %CPU   CPU  minflt/s  majflt/s     VSZ     RSS   %MEM   cswch/s nvcswch/s  Command
15:12:48        0        16    0.00    0.00    0.00    0.00    0.00     1      0.00      0.00       0       0   0.00      5.00      0.00  rcu_sched
15:12:48        0        26    0.00    0.00    0.00    0.00    0.00     1      0.00      0.00       0       0   0.00      1.00      0.00  ksoftirqd/1
15:12:48        0        53    0.00    0.00    0.00    0.00    0.00     2      0.00      0.00       0       0   0.00      2.00      0.00  kcompactd0
15:12:48        0       121    0.00    0.00    0.00    0.00    0.00     0      0.00      0.00       0       0   0.00      5.00      0.00  kworker/0:2-events
15:12:48        0       240    0.00    0.00    0.00    0.00    0.00     1      0.00      0.00  288968   27144   0.34      1.00      0.00  multipathd
15:12:48        0       591    0.00    0.00    0.00    0.00    0.00     2      0.00      0.00   83064    4556   0.06      1.00      0.00  irqbalance
15:12:48        0      2880    0.00    1.00    0.00    0.00    1.00     1      0.00      0.00       0       0   0.00      6.00      0.00  kworker/1:0-events
15:12:48        0      3837    0.00    0.00    0.00    0.00    0.00     2      0.00      0.00       0       0   0.00      1.00      0.00  kworker/2:1-mm_percpu_wq
15:12:48     1000      4690    0.00    0.00    0.00    0.00    0.00     1      0.00      0.00    9900    3356   0.04      1.00      0.00  vmstat
15:12:48     1000      4691    0.00    0.00    0.00    0.00    0.00     1      0.00      0.00    7712    3696   0.05      1.00      0.00  pidstat
15:12:48        0      4812    0.00    0.00    0.00    0.00    0.00     1      0.00      0.00       0       0   0.00      5.00      0.00  kworker/u16:0-events_power_efficient
15:12:48     1000      5095   93.00    7.00    0.00    0.00  100.00     0      3.00      0.00   49688   42472   0.54      0.00      5.00  /home/ubuntu/pa
15:12:48     1000      5096   16.00   16.00    0.00    0.00   32.00     2   7544.00      0.00 1817340   53056   0.67      0.00      0.00  hey

# Time        UID       PID    %usr %system  %guest   %wait    %CPU   CPU  minflt/s  majflt/s     VSZ     RSS   %MEM   cswch/s nvcswch/s  Command
15:12:49        0        16    0.00    0.00    0.00    0.00    0.00     1      0.00      0.00       0       0   0.00    103.00      0.00  rcu_sched
15:12:49        0        25    0.00    0.00    0.00    0.00    0.00     1      0.00      0.00       0       0   0.00      1.00      0.00  migration/1
15:12:49        0        26    0.00    0.00    0.00    0.00    0.00     1      0.00      0.00       0       0   0.00      1.00      0.00  ksoftirqd/1
15:12:49        0        53    0.00    0.00    0.00    0.00    0.00     1      0.00      0.00       0       0   0.00      2.00      0.00  kcompactd0
15:12:49        0       121    0.00    0.00    0.00    0.00    0.00     0      0.00      0.00       0       0   0.00      1.00      0.00  kworker/0:2-events
15:12:49        0       240    0.00    0.00    0.00    0.00    0.00     1      0.00      0.00  288968   27144   0.34      1.00      0.00  multipathd
15:12:49        0      2880    0.00    0.00    0.00    0.00    0.00     1      0.00      0.00       0       0   0.00      5.00      0.00  kworker/1:0-events
15:12:49        0      3514    0.00    0.00    0.00    0.00    0.00     3      0.00      0.00       0       0   0.00      1.00      0.00  kworker/3:2-mm_percpu_wq
15:12:49        0      3837    0.00    0.00    0.00    0.00    0.00     2      0.00      0.00       0       0   0.00      1.00      0.00  kworker/2:1-mm_percpu_wq
15:12:49     1000      4682    0.00    0.00    0.00    0.00    0.00     1      0.00      0.00   31444   21396   0.27      2.00      0.00  python3
15:12:49     1000      4690    0.00    0.00    0.00    0.00    0.00     1      0.00      0.00    9900    3356   0.04      1.00      0.00  vmstat
15:12:49     1000      4691    0.00    0.00    0.00    0.00    0.00     1      0.00      0.00    7712    3696   0.05      1.00      1.00  pidstat
15:12:49        0      4812    0.00    0.00    0.00    0.00    0.00     1      0.00      0.00       0       0   0.00      5.00      0.00  kworker/u16:0-events_power_efficient
15:12:49     1000      5095   94.00    6.00    0.00    0.00  100.00     0    197.00      0.00   50480   43240   0.55      0.00      1.00  /home/ubuntu/pa
15:12:49     1000      5096   16.00   13.00    0.00    0.00   29.00     2   1073.00      0.00 1817788   56640   0.72      0.00      0.00  hey
15:12:49     1000      5104    3.00    3.00    0.00    0.00    6.00     3   6835.00      0.00 1677236   28304   0.36      7.00      6.00  hey

# Time        UID       PID    %usr %system  %guest   %wait    %CPU   CPU  minflt/s  majflt/s     VSZ     RSS   %MEM   cswch/s nvcswch/s  Command
15:12:50        0        16    1.00    0.00    0.00    0.00    1.00     3      0.00      0.00       0       0   0.00    306.00      0.00  rcu_sched
15:12:50        0        26    0.00    0.00    0.00    0.00    0.00     1      0.00      0.00       0       0   0.00      4.00      0.00  ksoftirqd/1
15:12:50        0        53    0.00    0.00    0.00    0.00    0.00     1      0.00      0.00       0       0   0.00      2.00      0.00  kcompactd0
15:12:50        0       121    0.00    0.00    0.00    0.00    0.00     0      0.00      0.00       0       0   0.00      4.00      0.00  kworker/0:2-events
15:12:50        0       240    0.00    0.00    0.00    0.00    0.00     1      0.00      0.00  288968   27144   0.34      1.00      0.00  multipathd
15:12:50        0      2880    0.00    0.00    0.00    0.00    0.00     1      0.00      0.00       0       0   0.00      7.00      0.00  kworker/1:0-events
15:12:50        0      3475    0.00    0.00    0.00    0.00    0.00     3      0.00      0.00       0       0   0.00      1.00      0.00  kworker/u16:3-events_power_efficient
15:12:50        0      3514    0.00    0.00    0.00    0.00    0.00     3      0.00      0.00       0       0   0.00      2.00      0.00  kworker/3:2-events
15:12:50        0      3837    0.00    0.00    0.00    0.00    0.00     2      0.00      0.00       0       0   0.00      2.00      0.00  kworker/2:1-events
15:12:50     1000      4690    0.00    0.00    0.00    0.00    0.00     1      0.00      0.00    9900    3356   0.04      1.00      0.00  vmstat
15:12:50     1000      4691    1.00    1.00    0.00    0.00    2.00     1      0.00      0.00    7712    3696   0.05      1.00      0.00  pidstat
15:12:50        0      4812    0.00    0.00    0.00    0.00    0.00     1      0.00      0.00       0       0   0.00      6.00      0.00  kworker/u16:0-events_power_efficient
15:12:50     1000      5095   91.00    8.00    0.00    0.00   99.00     0    688.00      0.00   53252   45928   0.58      0.00      4.00  /home/ubuntu/pa
15:12:50     1000      5096   17.00   12.00    0.00    0.00   29.00     2    162.00      0.00 1817852   57280   0.72      0.00      0.00  hey
15:12:50     1000      5104    0.00    1.00    0.00    0.00    1.00     3     96.00      0.00 1677236   28560   0.36      0.00      0.00  hey

# Time        UID       PID    %usr %system  %guest   %wait    %CPU   CPU  minflt/s  majflt/s     VSZ     RSS   %MEM   cswch/s nvcswch/s  Command
15:12:51        0        16    0.00    0.00    0.00    0.00    0.00     1      0.00      0.00       0       0   0.00    293.00      0.00  rcu_sched
15:12:51        0        19    0.00    0.00    0.00    0.00    0.00     0      0.00      0.00       0       0   0.00      1.00      0.00  migration/0
15:12:51        0        25    0.00    0.00    0.00    0.00    0.00     1      0.00      0.00       0       0   0.00      1.00      0.00  migration/1
15:12:51        0        26    0.00    0.00    0.00    0.00    0.00     1      0.00      0.00       0       0   0.00      3.00      0.00  ksoftirqd/1
15:12:51        0        31    0.00    0.00    0.00    0.00    0.00     2      0.00      0.00       0       0   0.00      1.00      0.00  migration/2
15:12:51        0        37    0.00    0.00    0.00    0.00    0.00     3      0.00      0.00       0       0   0.00      1.00      0.00  migration/3
15:12:51        0        53    0.00    0.00    0.00    0.00    0.00     1      0.00      0.00       0       0   0.00      2.00      0.00  kcompactd0
15:12:51        0       121    0.00    0.00    0.00    0.00    0.00     0      0.00      0.00       0       0   0.00      1.00      0.00  kworker/0:2-events
15:12:51        0       240    0.00    0.00    0.00    0.00    0.00     1      0.00      0.00  288968   27144   0.34      1.00      0.00  multipathd
15:12:51        0      2880    0.00    0.00    0.00    0.00    0.00     1      0.00      0.00       0       0   0.00      5.00      0.00  kworker/1:0-events
15:12:51        0      3475    0.00    0.00    0.00    0.00    0.00     2      0.00      0.00       0       0   0.00      8.00      0.00  kworker/u16:3-events_power_efficient
15:12:51        0      3514    0.00    0.00    0.00    0.00    0.00     3      0.00      0.00       0       0   0.00      1.00      0.00  kworker/3:2-mm_percpu_wq
15:12:51        0      3837    0.00    0.00    0.00    0.00    0.00     2      0.00      0.00       0       0   0.00      2.00      0.00  kworker/2:1-events
15:12:51     1000      4666    0.00    0.00    0.00    0.00    0.00     1      0.00      0.00   15008    7192   0.09      1.00      0.00  sshd
15:12:51     1000      4690    0.00    0.00    0.00    0.00    0.00     1      0.00      0.00    9900    3356   0.04      1.00      0.00  vmstat
15:12:51     1000      4691    0.00    0.00    0.00    0.00    0.00     1      0.00      0.00    7712    3696   0.05      1.00      2.00  pidstat
15:12:51        0      4812    0.00    0.00    0.00    0.00    0.00     1      0.00      0.00       0       0   0.00      6.00      0.00  kworker/u16:0-writeback
15:12:51     1000      5095   93.00    7.00    0.00    0.00  100.00     0    691.00      0.00   56048   48744   0.62      0.00      2.00  /home/ubuntu/pa
15:12:51     1000      5096   16.00   12.00    0.00    0.00   28.00     2    146.00      0.00 1817916   57792   0.73      0.00      0.00  hey
15:12:51     1000      5104    0.00    1.00    0.00    0.00    1.00     3    143.00      0.00 1677236   29200   0.37      0.00      0.00  hey

# Time        UID       PID    %usr %system  %guest   %wait    %CPU   CPU  minflt/s  majflt/s     VSZ     RSS   %MEM   cswch/s nvcswch/s  Command
15:12:52        0        16    0.00    0.00    0.00    0.00    0.00     3      0.00      0.00       0       0   0.00    297.00      0.00  rcu_sched
15:12:52        0        26    0.00    0.00    0.00    0.00    0.00     1      0.00      0.00       0       0   0.00      2.00      0.00  ksoftirqd/1
15:12:52        0        53    0.00    0.00    0.00    0.00    0.00     1      0.00      0.00       0       0   0.00      1.00      0.00  kcompactd0
15:12:52        0       121    0.00    0.00    0.00    0.00    0.00     0      0.00      0.00       0       0   0.00      4.00      0.00  kworker/0:2-events
15:12:52        0       240    0.00    0.00    0.00    0.00    0.00     1      0.00      0.00  288968   27144   0.34      1.00      0.00  multipathd
15:12:52        0      2880    0.00    0.00    0.00    0.00    0.00     1      0.00      0.00       0       0   0.00      6.00      0.00  kworker/1:0-events
15:12:52        0      3514    0.00    0.00    0.00    0.00    0.00     3      0.00      0.00       0       0   0.00      2.00      0.00  kworker/3:2-events
15:12:52        0      3837    0.00    0.00    0.00    0.00    0.00     2      0.00      0.00       0       0   0.00      1.00      0.00  kworker/2:1-mm_percpu_wq
15:12:52     1000      4690    0.00    0.00    0.00    0.00    0.00     1      0.00      0.00    9900    3356   0.04      1.00      0.00  vmstat
15:12:52     1000      4691    0.00    0.00    0.00    0.00    0.00     1      0.00      0.00    7712    3696   0.05      1.00      0.00  pidstat
15:12:52        0      4812    0.00    0.00    0.00    0.00    0.00     1      0.00      0.00       0       0   0.00      5.00      0.00  kworker/u16:0-events_power_efficient
15:12:52     1000      5095   93.00    8.00    0.00    0.00  101.00     0    688.00      0.00   58852   51432   0.65      0.00      4.00  /home/ubuntu/pa
15:12:52     1000      5096   15.00   13.00    0.00    0.00   28.00     2   1406.00      0.00 1818044   62912   0.79      0.00      0.00  hey
15:12:52     1000      5104    1.00    0.00    0.00    0.00    1.00     3    126.00      0.00 1677236   29712   0.38      0.00      0.00  hey

# Time        UID       PID    %usr %system  %guest   %wait    %CPU   CPU  minflt/s  majflt/s     VSZ     RSS   %MEM   cswch/s nvcswch/s  Command
15:12:53        0        16    0.00    0.00    0.00    0.00    0.00     1      0.00      0.00       0       0   0.00     81.00      0.00  rcu_sched
15:12:53        0        26    0.00    0.00    0.00    0.00    0.00     1      0.00      0.00       0       0   0.00      2.00      0.00  ksoftirqd/1
15:12:53        0        32    0.00    0.00    0.00    0.00    0.00     2      0.00      0.00       0       0   0.00      1.00      0.00  ksoftirqd/2
15:12:53        0        53    0.00    0.00    0.00    0.00    0.00     1      0.00      0.00       0       0   0.00      2.00      0.00  kcompactd0
15:12:53        0       121    0.00    0.00    0.00    0.00    0.00     0      0.00      0.00       0       0   0.00      1.00      0.00  kworker/0:2-events
15:12:53        0       240    0.00    0.00    0.00    0.00    0.00     1      0.00      0.00  288968   27144   0.34      1.00      0.00  multipathd
15:12:53        0      2880    0.00    0.00    0.00    0.00    0.00     1      0.00      0.00       0       0   0.00      5.00      0.00  kworker/1:0-events
15:12:53        0      3514    0.00    0.00    0.00    0.00    0.00     3      0.00      0.00       0       0   0.00      1.00      0.00  kworker/3:2-mm_percpu_wq
15:12:53        0      3837    0.00    0.00    0.00    0.00    0.00     2      0.00      0.00       0       0   0.00      2.00      0.00  kworker/2:1-events
15:12:53     1000      4682    0.00    0.00    0.00    0.00    0.00     1      0.00      0.00   31444   21396   0.27     21.00      0.00  python3
15:12:53     1000      4690    0.00    0.00    0.00    0.00    0.00     1      0.00      0.00    9900    3356   0.04      1.00      0.00  vmstat
15:12:53     1000      4691    0.00    1.00    0.00    0.00    1.00     1      0.00      0.00    7712    3696   0.05      1.00      0.00  pidstat
15:12:53        0      4812    0.00    0.00    0.00    0.00    0.00     1      0.00      0.00       0       0   0.00      6.00      0.00  kworker/u16:0-events_power_efficient
15:12:53     1000      5095   92.00    7.00    0.00    0.00   99.00     0    176.00      0.00   59512   52200   0.66      0.00      1.00  /home/ubuntu/pa
15:12:53     1000      5096   18.00   14.00    0.00    0.00   32.00     2   3072.00      0.00 1818300   74048   0.94      0.00      0.00  hey

# Time        UID       PID    %usr %system  %guest   %wait    %CPU   CPU  minflt/s  majflt/s     VSZ     RSS   %MEM   cswch/s nvcswch/s  Command
15:12:54        0        53    0.00    0.00    0.00    0.00    0.00     1      0.00      0.00       0       0   0.00      2.00      0.00  kcompactd0
15:12:54        0       121    0.00    0.00    0.00    0.00    0.00     0      0.00      0.00       0       0   0.00      5.00      0.00  kworker/0:2-events
15:12:54        0       240    0.00    0.00    0.00    0.00    0.00     1      0.00      0.00  288968   27144   0.34      1.00      0.00  multipathd
15:12:54        0      2880    0.00    0.00    0.00    0.00    0.00     1      0.00      0.00       0       0   0.00      5.00      0.00  kworker/1:0-events
15:12:54        0      3514    0.00    0.00    0.00    0.00    0.00     3      0.00      0.00       0       0   0.00      2.00      0.00  kworker/3:2-events
15:12:54        0      3837    0.00    0.00    0.00    0.00    0.00     2      0.00      0.00       0       0   0.00      1.00      0.00  kworker/2:1-mm_percpu_wq
15:12:54     1000      4682    0.00    0.00    0.00    0.00    0.00     1      0.00      0.00   31444   21396   0.27     20.00      0.00  python3
15:12:54     1000      4690    0.00    0.00    0.00    0.00    0.00     1      0.00      0.00    9900    3356   0.04      1.00      0.00  vmstat
15:12:54     1000      4691    0.00    0.00    0.00    0.00    0.00     1      0.00      0.00    7712    3696   0.05      1.00      0.00  pidstat
15:12:54        0      4812    0.00    0.00    0.00    0.00    0.00     1      0.00      0.00       0       0   0.00      4.00      0.00  kworker/u16:0-events_power_efficient
15:12:54     1000      5095   92.00    9.00    0.00    0.00  101.00     0      0.00      0.00   59512   52200   0.66      0.00      5.00  /home/ubuntu/pa
15:12:54     1000      5096   18.00   13.00    0.00    0.00   31.00     2    149.00      0.00 1818364   74560   0.94      0.00      0.00  hey

# Time        UID       PID    %usr %system  %guest   %wait    %CPU   CPU  minflt/s  majflt/s     VSZ     RSS   %MEM   cswch/s nvcswch/s  Command
15:12:55        0        19    0.00    1.00    0.00    0.00    1.00     0      0.00      0.00       0       0   0.00      1.00      0.00  migration/0
15:12:55        0        25    0.00    0.00    0.00    0.00    0.00     1      0.00      0.00       0       0   0.00      1.00      0.00  migration/1
15:12:55        0        31    0.00    0.00    0.00    0.00    0.00     2      0.00      0.00       0       0   0.00      1.00      0.00  migration/2
15:12:55        0        37    0.00    0.00    0.00    0.00    0.00     3      0.00      0.00       0       0   0.00      1.00      0.00  migration/3
15:12:55        0        53    0.00    0.00    0.00    0.00    0.00     2      0.00      0.00       0       0   0.00      2.00      0.00  kcompactd0
15:12:55        0       121    0.00    0.00    0.00    0.00    0.00     0      0.00      0.00       0       0   0.00      2.00      0.00  kworker/0:2-events
15:12:55        0       240    0.00    0.00    0.00    0.00    0.00     1      0.00      0.00  288968   27144   0.34      1.00      0.00  multipathd
15:12:55        0      2880    0.00    0.00    0.00    0.00    0.00     1      0.00      0.00       0       0   0.00      6.00      0.00  kworker/1:0-events
15:12:55        0      3475    0.00    0.00    0.00    0.00    0.00     1      0.00      0.00       0       0   0.00      3.00      0.00  kworker/u16:3-events_unbound
15:12:55        0      3514    0.00    0.00    0.00    0.00    0.00     3      0.00      0.00       0       0   0.00      1.00      0.00  kworker/3:2-mm_percpu_wq
15:12:55        0      3837    0.00    0.00    0.00    0.00    0.00     2      0.00      0.00       0       0   0.00      1.00      0.00  kworker/2:1-mm_percpu_wq
15:12:55     1000      4682    1.00    0.00    0.00    0.00    1.00     1      0.00      0.00   31444   21396   0.27     20.00      0.00  python3
15:12:55     1000      4690    0.00    0.00    0.00    0.00    0.00     1      0.00      0.00    9900    3356   0.04      1.00      0.00  vmstat
15:12:55     1000      4691    0.00    1.00    0.00    0.00    1.00     1      0.00      0.00    7712    3696   0.05      1.00      1.00  pidstat
15:12:55        0      4812    0.00    0.00    0.00    0.00    0.00     1      0.00      0.00       0       0   0.00      5.00      0.00  kworker/u16:0-flush-259:0
15:12:55     1000      5095   92.00    8.00    0.00    0.00  100.00     0      0.00      0.00   59512   52200   0.66      0.00      3.00  /home/ubuntu/pa
15:12:55     1000      5096   17.00   13.00    0.00    0.00   30.00     2    141.00      0.00 1818492   74944   0.95      0.00      0.00  hey

# Time        UID       PID    %usr %system  %guest   %wait    %CPU   CPU  minflt/s  majflt/s     VSZ     RSS   %MEM   cswch/s nvcswch/s  Command
15:12:56        0        16    0.00    0.00    0.00    0.00    0.00     1      0.00      0.00       0       0   0.00      2.00      0.00  rcu_sched
15:12:56        0        26    0.00    0.00    0.00    0.00    0.00     1      0.00      0.00       0       0   0.00      1.00      0.00  ksoftirqd/1
15:12:56        0        49    0.00    0.00    0.00    0.00    0.00     3      0.00      0.00       0       0   0.00      1.00      0.00  kworker/u16:2-events_power_efficient
15:12:56        0        53    0.00    0.00    0.00    0.00    0.00     1      0.00      0.00       0       0   0.00      2.00      0.00  kcompactd0
15:12:56        0       121    0.00    0.00    0.00    0.00    0.00     0      0.00      0.00       0       0   0.00      4.00      0.00  kworker/0:2-events
15:12:56        0       240    0.00    0.00    0.00    0.00    0.00     1      0.00      0.00  288968   27144   0.34      1.00      0.00  multipathd
15:12:56        0      2880    0.00    0.00    0.00    0.00    0.00     1      0.00      0.00       0       0   0.00      6.00      0.00  kworker/1:0-events
15:12:56        0      3475    0.00    0.00    0.00    0.00    0.00     1      0.00      0.00       0       0   0.00     12.00      0.00  kworker/u16:3-events_power_efficient
15:12:56        0      3514    0.00    0.00    0.00    0.00    0.00     3      0.00      0.00       0       0   0.00      2.00      0.00  kworker/3:2-events
15:12:56        0      3837    0.00    0.00    0.00    0.00    0.00     2      0.00      0.00       0       0   0.00      1.00      0.00  kworker/2:1-mm_percpu_wq
15:12:56     1000      4682    0.00    0.00    0.00    0.00    0.00     1      0.00      0.00   31444   21396   0.27     20.00      0.00  python3
15:12:56     1000      4690    0.00    0.00    0.00    0.00    0.00     1      0.00      0.00    9900    3356   0.04      1.00      0.00  vmstat
15:12:56     1000      4691    0.00    0.00    0.00    0.00    0.00     1      0.00      0.00    7712    3696   0.05      1.00      0.00  pidstat
15:12:56        0      4812    0.00    0.00    0.00    0.00    0.00     2      0.00      0.00       0       0   0.00      1.00      0.00  kworker/u16:0-events_power_efficient
15:12:56     1000      5095   93.00    6.00    0.00    0.00   99.00     0      7.00      0.00   59512   52200   0.66      0.00      4.00  /home/ubuntu/pa
15:12:56     1000      5096   19.00   12.00    0.00    0.00   31.00     2    291.00      0.00 1818492   76096   0.96      0.00      0.00  hey

# Time        UID       PID    %usr %system  %guest   %wait    %CPU   CPU  minflt/s  majflt/s     VSZ     RSS   %MEM   cswch/s nvcswch/s  Command
15:12:57        0        16    0.00    0.00    0.00    0.00    0.00     1      0.00      0.00       0       0   0.00      2.00      0.00  rcu_sched
15:12:57        0        26    0.00    0.00    0.00    0.00    0.00     1      0.00      0.00       0       0   0.00      1.00      0.00  ksoftirqd/1
15:12:57        0        53    0.00    0.00    0.00    0.00    0.00     1      0.00      0.00       0       0   0.00      2.00      0.00  kcompactd0
15:12:57        0       121    0.00    0.00    0.00    0.00    0.00     0      0.00      0.00       0       0   0.00      1.00      0.00  kworker/0:2-events
15:12:57        0       162    0.00    0.00    0.00    0.00    0.00     2      0.00      0.00       0       0   0.00      1.00      0.00  kworker/2:1H-kblockd
15:12:57        0       240    0.00    0.00    0.00    0.00    0.00     1      0.00      0.00  288968   27144   0.34      1.00      0.00  multipathd
15:12:57      110       672    0.00    0.00    0.00    0.00    0.00     1      0.00      0.00   19416    3744   0.05      2.00      0.00  chronyd
15:12:57        0      2880    0.00    0.00    0.00    0.00    0.00     1      0.00      0.00       0       0   0.00      6.00      0.00  kworker/1:0-events
15:12:57        0      3475    0.00    0.00    0.00    0.00    0.00     1      0.00      0.00       0       0   0.00      6.00      0.00  kworker/u16:3-events_power_efficient
15:12:57        0      3514    0.00    0.00    0.00    0.00    0.00     3      0.00      0.00       0       0   0.00      1.00      0.00  kworker/3:2-mm_percpu_wq
15:12:57        0      3837    0.00    0.00    0.00    0.00    0.00     2      0.00      0.00       0       0   0.00      1.00      0.00  kworker/2:1-mm_percpu_wq
15:12:57     1000      4682    0.00    0.00    0.00    0.00    0.00     1      0.00      0.00   31444   21396   0.27     20.00      0.00  python3
15:12:57     1000      4690    0.00    0.00    0.00    0.00    0.00     1      0.00      0.00    9900    3356   0.04      1.00      0.00  vmstat
15:12:57     1000      4691    1.00    1.00    0.00    0.00    2.00     1      0.00      0.00    7712    3696   0.05      1.00      0.00  pidstat
15:12:57     1000      5095   93.00    8.00    0.00    0.00  101.00     0      0.00      0.00   59512   52200   0.66      0.00      1.00  /home/ubuntu/pa
15:12:57     1000      5096   18.00   12.00    0.00    0.00   30.00     2    131.00      0.00 1818556   76480   0.97      0.00      0.00  hey

# Time        UID       PID    %usr %system  %guest   %wait    %CPU   CPU  minflt/s  majflt/s     VSZ     RSS   %MEM   cswch/s nvcswch/s  Command
15:12:58        0         1    0.00    0.00    0.00    0.00    0.00     2      0.00      0.00   22184   13224   0.17      1.00      0.00  systemd
15:12:58        0        16    0.00    0.00    0.00    0.00    0.00     1      0.00      0.00       0       0   0.00      4.00      0.00  rcu_sched
15:12:58        0        53    0.00    0.00    0.00    0.00    0.00     1      0.00      0.00       0       0   0.00      2.00      0.00  kcompactd0
15:12:58        0       121    0.00    0.00    0.00    0.00    0.00     0      0.00      0.00       0       0   0.00      3.00      0.00  kworker/0:2-events
15:12:58        0       240    0.00    0.00    0.00    0.00    0.00     1      0.00      0.00  288968   27144   0.34      1.00      0.00  multipathd
15:12:58        0       244    0.00    0.00    0.00    0.00    0.00     2      0.00      0.00   29240    8108   0.10      1.00      1.00  systemd-udevd
15:12:58      991       391    0.00    0.00    0.00    0.00    0.00     1      0.00      0.00   21480   12344   0.16      1.00      0.00  systemd-resolve
15:12:58      998       541    0.00    0.00    0.00    0.00    0.00     1      0.00      0.00   22432    9924   0.13      1.00      0.00  systemd-network
15:12:58        0       591    0.00    0.00    0.00    0.00    0.00     2      0.00      0.00   83064    4556   0.06      1.00      0.00  irqbalance
15:12:58        0      2880    0.00    0.00    0.00    0.00    0.00     1      0.00      0.00       0       0   0.00      6.00      0.00  kworker/1:0-events
15:12:58        0      3475    0.00    0.00    0.00    0.00    0.00     1      0.00      0.00       0       0   0.00      6.00      0.00  kworker/u16:3-events_power_efficient
15:12:58        0      3514    0.00    0.00    0.00    0.00    0.00     3      0.00      0.00       0       0   0.00      4.00      0.00  kworker/3:2-events
15:12:58        0      3837    0.00    0.00    0.00    0.00    0.00     2      0.00      0.00       0       0   0.00      1.00      0.00  kworker/2:1-mm_percpu_wq
15:12:58     1000      4682    0.00    0.00    0.00    0.00    0.00     1      0.00      0.00   31444   21396   0.27     20.00      0.00  python3
15:12:58     1000      4690    0.00    0.00    0.00    0.00    0.00     1      0.00      0.00    9900    3356   0.04      1.00      0.00  vmstat
15:12:58     1000      4691    0.00    0.00    0.00    0.00    0.00     1      0.00      0.00    7712    3696   0.05      1.00      0.00  pidstat
15:12:58     1000      5095   93.00    7.00    0.00    0.00  100.00     0      0.00      0.00   59512   52200   0.66      0.00      3.00  /home/ubuntu/pa
15:12:58     1000      5096   18.00   12.00    0.00    0.00   30.00     2    298.00      0.00 1818556   77632   0.98      0.00      0.00  hey

# Time        UID       PID    %usr %system  %guest   %wait    %CPU   CPU  minflt/s  majflt/s     VSZ     RSS   %MEM   cswch/s nvcswch/s  Command
15:12:59        0        14    0.00    0.00    0.00    0.00    0.00     0      0.00      0.00       0       0   0.00      1.00      0.00  ksoftirqd/0
15:12:59        0        16    0.00    0.00    0.00    0.00    0.00     2      0.00      0.00       0       0   0.00     29.00      0.00  rcu_sched
15:12:59        0        19    0.00    0.00    0.00    0.00    0.00     0      0.00      0.00       0       0   0.00      1.00      0.00  migration/0
15:12:59        0        25    0.00    0.00    0.00    0.00    0.00     1      0.00      0.00       0       0   0.00      1.00      0.00  migration/1
15:12:59        0        26    0.00    0.00    0.00    0.00    0.00     1      0.00      0.00       0       0   0.00      1.00      0.00  ksoftirqd/1
15:12:59        0        31    0.00    0.00    0.00    0.00    0.00     2      0.00      0.00       0       0   0.00      1.00      0.00  migration/2
15:12:59        0        32    0.00    0.00    0.00    0.00    0.00     2      0.00      0.00       0       0   0.00      2.00      0.00  ksoftirqd/2
15:12:59        0        37    0.00    0.00    0.00    0.00    0.00     3      0.00      0.00       0       0   0.00      1.00      0.00  migration/3
15:12:59        0        53    0.00    0.00    0.00    0.00    0.00     1      0.00      0.00       0       0   0.00      2.00      0.00  kcompactd0
15:12:59        0       121    0.00    0.00    0.00    0.00    0.00     0      0.00      0.00       0       0   0.00      3.00      0.00  kworker/0:2-events
15:12:59        0       240    0.00    0.00    0.00    0.00    0.00     1      0.00      0.00  288968   27144   0.34      1.00      0.00  multipathd
15:12:59        0      2880    0.00    0.00    0.00    0.00    0.00     1      0.00      0.00       0       0   0.00      4.00      0.00  kworker/1:0-events
15:12:59        0      3475    0.00    0.00    0.00    0.00    0.00     1      0.00      0.00       0       0   0.00      4.00      0.00  kworker/u16:3-events_power_efficient
15:12:59        0      3514    0.00    0.00    0.00    0.00    0.00     3      0.00      0.00       0       0   0.00      4.00      0.00  kworker/3:2-events
15:12:59        0      3837    0.00    0.00    0.00    0.00    0.00     2      0.00      0.00       0       0   0.00      3.00      0.00  kworker/2:1-events
15:12:59     1000      4682    0.00    0.00    0.00    0.00    0.00     1      0.00      0.00   31444   21396   0.27     16.00      0.00  python3
15:12:59     1000      4690    0.00    0.00    0.00    0.00    0.00     1      0.00      0.00    9900    3356   0.04      1.00      0.00  vmstat
15:12:59     1000      4691    0.00    0.00    0.00    0.00    0.00     1      0.00      0.00    7712    3696   0.05      1.00      0.00  pidstat

# Time        UID       PID    %usr %system  %guest   %wait    %CPU   CPU  minflt/s  majflt/s     VSZ     RSS   %MEM   cswch/s nvcswch/s  Command
15:13:00        0        16    0.00    0.00    0.00    0.00    0.00     1      0.00      0.00       0       0   0.00     39.00      0.00  rcu_sched
15:13:00        0        25    0.00    0.00    0.00    0.00    0.00     1      0.00      0.00       0       0   0.00      2.00      0.00  migration/1
15:13:00        0        49    0.00    0.00    0.00    0.00    0.00     3      0.00      0.00       0       0   0.00      2.00      0.00  kworker/u16:2-ext4-rsv-conversion
15:13:00        0        53    0.00    0.00    0.00    0.00    0.00     1      0.00      0.00       0       0   0.00      2.00      0.00  kcompactd0
15:13:00        0       121    0.00    0.00    0.00    0.00    0.00     0      0.00      0.00       0       0   0.00      6.00      0.00  kworker/0:2-events
15:13:00        0       240    0.00    0.00    0.00    0.00    0.00     1      0.00      0.00  288968   27144   0.34      1.00      0.00  multipathd
15:13:00        0       248    0.00    0.00    0.00    0.00    0.00     0      0.00      0.00       0       0   0.00      6.00      0.00  kworker/0:1H-kblockd
15:13:00        0       791    0.00    0.00    0.00    0.00    0.00     1      0.00      0.00       0       0   0.00      3.00      0.00  kworker/1:1H-kblockd
15:13:00        0      2880    0.00    0.00    0.00    0.00    0.00     1      0.00      0.00       0       0   0.00      4.00      0.00  kworker/1:0-events
15:13:00        0      3475    0.00    0.00    0.00    0.00    0.00     1      0.00      0.00       0       0   0.00     16.00      0.00  kworker/u16:3-flush-259:0
15:13:00        0      3514    0.00    0.00    0.00    0.00    0.00     3      0.00      0.00       0       0   0.00      2.00      0.00  kworker/3:2-events
15:13:00        0      3837    0.00    0.00    0.00    0.00    0.00     2      0.00      0.00       0       0   0.00      5.00      0.00  kworker/2:1-events
15:13:00     1000      4682    0.00    0.00    0.00    0.00    0.00     1      0.00      0.00   31444   21396   0.27      8.00      0.00  python3
15:13:00     1000      4690    0.00    0.00    0.00    0.00    0.00     1      0.00      0.00    9900    3356   0.04      1.00      0.00  vmstat
15:13:00     1000      4691    0.00    1.00    0.00    0.00    1.00     1      0.00      0.00    7712    3696   0.05      1.00      0.00  pidstat
15:13:00     1000      5111    0.00    0.00    0.00    0.00    0.00     0    146.00      0.00    2704    1464   0.02      1.00      1.00  time
15:13:00     1000      5112   77.00    8.00    0.00    0.00   85.00     0   8482.00      0.00   50344   43076   0.54      5.00     12.00  /home/ubuntu/pa
15:13:00     1000      5113   10.00   12.00    0.00    0.00   22.00     2  10160.00      0.00 1816892   41860   0.53      4.00      3.00  hey

# Time        UID       PID    %usr %system  %guest   %wait    %CPU   CPU  minflt/s  majflt/s     VSZ     RSS   %MEM   cswch/s nvcswch/s  Command
15:13:01        0        49    0.00    0.00    0.00    0.00    0.00     1      0.00      0.00       0       0   0.00      8.00      0.00  kworker/u16:2-events_power_efficient
15:13:01        0        53    0.00    0.00    0.00    0.00    0.00     1      0.00      0.00       0       0   0.00      2.00      0.00  kcompactd0
15:13:01        0       121    0.00    0.00    0.00    0.00    0.00     0      0.00      0.00       0       0   0.00      3.00      0.00  kworker/0:2-events
15:13:01        0       240    0.00    0.00    0.00    0.00    0.00     1      0.00      0.00  288968   27144   0.34      1.00      0.00  multipathd
15:13:01        0       584    0.00    0.00    0.00    0.00    0.00     1      0.00      0.00    7236    2884   0.04      1.00      0.00  cron
15:13:01        0      2880    0.00    0.00    0.00    0.00    0.00     1      0.00      0.00       0       0   0.00      5.00      0.00  kworker/1:0-events
15:13:01        0      3475    0.00    0.00    0.00    0.00    0.00     2      0.00      0.00       0       0   0.00      3.00      0.00  kworker/u16:3-flush-259:0
15:13:01        0      3514    0.00    0.00    0.00    0.00    0.00     3      0.00      0.00       0       0   0.00      2.00      0.00  kworker/3:2-events
15:13:01        0      3837    0.00    0.00    0.00    0.00    0.00     2      0.00      0.00       0       0   0.00      1.00      0.00  kworker/2:1-mm_percpu_wq
15:13:01     1000      4690    0.00    0.00    0.00    0.00    0.00     1      0.00      0.00    9900    3356   0.04      1.00      0.00  vmstat
15:13:01     1000      4691    0.00    0.00    0.00    0.00    0.00     1      0.00      0.00    7712    3696   0.05      1.00      0.00  pidstat
15:13:01        0      4812    0.00    0.00    0.00    0.00    0.00     3      0.00      0.00       0       0   0.00      2.00      0.00  kworker/u16:0-events_power_efficient
15:13:01     1000      5112   93.00    7.00    0.00    0.00  100.00     0      0.00      0.00   50344   43076   0.54      0.00      3.00  /home/ubuntu/pa
15:13:01     1000      5113   18.00   15.00    0.00    0.00   33.00     2   7145.00      0.00 1817916   67588   0.85      0.00      0.00  hey

# Time        UID       PID    %usr %system  %guest   %wait    %CPU   CPU  minflt/s  majflt/s     VSZ     RSS   %MEM   cswch/s nvcswch/s  Command
15:13:02        0        16    0.00    0.00    0.00    0.00    0.00     1      0.00      0.00       0       0   0.00    214.00      0.00  rcu_sched
15:13:02        0        25    0.00    0.00    0.00    0.00    0.00     1      0.00      0.00       0       0   0.00      1.00      0.00  migration/1
15:13:02        0        53    0.00    0.00    0.00    0.00    0.00     1      0.00      0.00       0       0   0.00      2.00      0.00  kcompactd0
15:13:02        0       121    0.00    0.00    0.00    0.00    0.00     0      0.00      0.00       0       0   0.00      6.00      0.00  kworker/0:2-events
15:13:02        0       240    0.00    0.00    0.00    0.00    0.00     1      0.00      0.00  288968   27144   0.34      1.00      0.00  multipathd
15:13:02        0      2880    0.00    0.00    0.00    0.00    0.00     1      0.00      0.00       0       0   0.00      5.00      0.00  kworker/1:0-events
15:13:02        0      3514    0.00    0.00    0.00    0.00    0.00     3      0.00      0.00       0       0   0.00      5.00      0.00  kworker/3:2-events
15:13:02        0      3837    0.00    0.00    0.00    0.00    0.00     2      0.00      0.00       0       0   0.00      1.00      0.00  kworker/2:1-mm_percpu_wq
15:13:02     1000      4682    0.00    0.00    0.00    0.00    0.00     1      0.00      0.00   31444   21396   0.27      2.00      0.00  python3
15:13:02     1000      4690    0.00    0.00    0.00    0.00    0.00     1      0.00      0.00    9900    3356   0.04      1.00      0.00  vmstat
15:13:02     1000      4691    1.00    0.00    0.00    0.00    1.00     1      0.00      0.00    7712    3696   0.05      1.00      0.00  pidstat
15:13:02        0      4812    0.00    0.00    0.00    0.00    0.00     3      0.00      0.00       0       0   0.00      6.00      0.00  kworker/u16:0-events_power_efficient
15:13:02     1000      5112   93.00    6.00    0.00    0.00   99.00     0    473.00      0.00   52192   44996   0.57      0.00      6.00  /home/ubuntu/pa
15:13:02     1000      5113   16.00    9.00    0.00    0.00   25.00     2    787.00      0.00 1818172   70276   0.89      0.00      0.00  hey
15:13:02     1000      5121    3.00    3.00    0.00    0.00    6.00     3   6798.00      0.00 1677492   28476   0.36      6.00      7.00  hey

# Time        UID       PID    %usr %system  %guest   %wait    %CPU   CPU  minflt/s  majflt/s     VSZ     RSS   %MEM   cswch/s nvcswch/s  Command
15:13:03        0        16    0.00    0.00    0.00    0.00    0.00     1      0.00      0.00       0       0   0.00    290.00      0.00  rcu_sched
15:13:03        0        19    0.00    0.00    0.00    0.00    0.00     0      0.00      0.00       0       0   0.00      1.00      0.00  migration/0
15:13:03        0        25    0.00    0.00    0.00    0.00    0.00     1      0.00      0.00       0       0   0.00      1.00      0.00  migration/1
15:13:03        0        31    0.00    0.00    0.00    0.00    0.00     2      0.00      0.00       0       0   0.00      1.00      0.00  migration/2
15:13:03        0        37    0.00    0.00    0.00    0.00    0.00     3      0.00      0.00       0       0   0.00      1.00      0.00  migration/3
15:13:03        0        53    0.00    0.00    0.00    0.00    0.00     1      0.00      0.00       0       0   0.00      2.00      0.00  kcompactd0
15:13:03        0       121    0.00    0.00    0.00    0.00    0.00     0      0.00      0.00       0       0   0.00      1.00      0.00  kworker/0:2-events
15:13:03        0       240    0.00    0.00    0.00    0.00    0.00     1      0.00      0.00  288968   27144   0.34      1.00      0.00  multipathd
15:13:03      110       672    0.00    0.00    0.00    0.00    0.00     1      0.00      0.00   19416    3744   0.05      2.00      0.00  chronyd
15:13:03        0      2880    0.00    0.00    0.00    0.00    0.00     1      0.00      0.00       0       0   0.00      6.00      0.00  kworker/1:0-events
15:13:03        0      3514    0.00    0.00    0.00    0.00    0.00     3      0.00      0.00       0       0   0.00      2.00      0.00  kworker/3:2-events
15:13:03        0      3837    0.00    0.00    0.00    0.00    0.00     2      0.00      0.00       0       0   0.00      1.00      0.00  kworker/2:1-mm_percpu_wq
15:13:03     1000      4690    1.00    0.00    0.00    0.00    1.00     1      0.00      0.00    9900    3356   0.04      1.00      0.00  vmstat
15:13:03     1000      4691    0.00    1.00    0.00    0.00    1.00     1      0.00      0.00    7712    3696   0.05      1.00      1.00  pidstat
15:13:03        0      4812    0.00    0.00    0.00    0.00    0.00     3      0.00      0.00       0       0   0.00      5.00      0.00  kworker/u16:0-events_power_efficient
15:13:03     1000      5112   93.00    7.00    0.00    0.00  100.00     0    686.00      0.00   54964   47812   0.60      0.00      2.00  /home/ubuntu/pa
15:13:03     1000      5113   14.00   10.00    0.00    0.00   24.00     2    888.00      0.00 1818364   73652   0.93      0.00      0.00  hey
15:13:03     1000      5121    0.00    1.00    0.00    0.00    1.00     3     91.00      0.00 1677492   28732   0.36      0.00      0.00  hey

# Time        UID       PID    %usr %system  %guest   %wait    %CPU   CPU  minflt/s  majflt/s     VSZ     RSS   %MEM   cswch/s nvcswch/s  Command
15:13:04        0        16    0.00    0.00    0.00    0.00    0.00     1      0.00      0.00       0       0   0.00    299.00      0.00  rcu_sched
15:13:04        0        32    0.00    0.00    0.00    0.00    0.00     2      0.00      0.00       0       0   0.00      1.00      0.00  ksoftirqd/2
15:13:04        0        53    0.00    0.00    0.00    0.00    0.00     2      0.00      0.00       0       0   0.00      2.00      0.00  kcompactd0
15:13:04        0       121    0.00    0.00    0.00    0.00    0.00     0      0.00      0.00       0       0   0.00      4.00      0.00  kworker/0:2-events
15:13:04        0       240    0.00    0.00    0.00    0.00    0.00     1      0.00      0.00  288968   27144   0.34      2.00      0.00  multipathd
15:13:04        0      2880    0.00    0.00    0.00    0.00    0.00     1      0.00      0.00       0       0   0.00      2.00      0.00  kworker/1:0-events
15:13:04        0      3514    0.00    0.00    0.00    0.00    0.00     3      0.00      0.00       0       0   0.00      7.00      0.00  kworker/3:2-events
15:13:04        0      3837    0.00    0.00    0.00    0.00    0.00     2      0.00      0.00       0       0   0.00      1.00      0.00  kworker/2:1-mm_percpu_wq
15:13:04     1000      4690    0.00    0.00    0.00    0.00    0.00     1      0.00      0.00    9900    3356   0.04      1.00      0.00  vmstat
15:13:04     1000      4691    0.00    0.00    0.00    0.00    0.00     1      0.00      0.00    7712    3696   0.05      1.00      0.00  pidstat
15:13:04        0      4812    0.00    0.00    0.00    0.00    0.00     3      0.00      0.00       0       0   0.00      6.00      0.00  kworker/u16:0-events_power_efficient
15:13:04     1000      5112   93.00    7.00    0.00    0.00  100.00     0    678.00      0.00   57616   50500   0.64      0.00      4.00  /home/ubuntu/pa
15:13:04     1000      5113   13.00    9.00    0.00    0.00   22.00     2    170.00      0.00 1818428   74292   0.94      0.00      0.00  hey
15:13:04     1000      5121    1.00    0.00    0.00    0.00    1.00     3     80.00      0.00 1677492   29116   0.37      0.00      0.00  hey

# Time        UID       PID    %usr %system  %guest   %wait    %CPU   CPU  minflt/s  majflt/s     VSZ     RSS   %MEM   cswch/s nvcswch/s  Command
15:13:05        0        16    0.00    0.00    0.00    0.00    0.00     1      0.00      0.00       0       0   0.00    264.00      0.00  rcu_sched
15:13:05        0        26    0.00    0.00    0.00    0.00    0.00     1      0.00      0.00       0       0   0.00      1.00      0.00  ksoftirqd/1
15:13:05        0        53    0.00    0.00    0.00    0.00    0.00     2      0.00      0.00       0       0   0.00      2.00      0.00  kcompactd0
15:13:05        0       121    0.00    0.00    0.00    0.00    0.00     0      0.00      0.00       0       0   0.00      1.00      0.00  kworker/0:2-events
15:13:05        0       240    0.00    0.00    0.00    0.00    0.00     1      0.00      0.00  288968   27144   0.34      1.00      0.00  multipathd
15:13:05        0      2880    0.00    0.00    0.00    0.00    0.00     1      0.00      0.00       0       0   0.00      3.00      0.00  kworker/1:0-events
15:13:05        0      3514    0.00    0.00    0.00    0.00    0.00     3      0.00      0.00       0       0   0.00      6.00      0.00  kworker/3:2-events
15:13:05        0      3837    0.00    0.00    0.00    0.00    0.00     2      0.00      0.00       0       0   0.00      1.00      0.00  kworker/2:1-mm_percpu_wq
15:13:05     1000      4682    0.00    0.00    0.00    0.00    0.00     1      0.00      0.00   31444   21396   0.27      8.00      0.00  python3
15:13:05     1000      4690    0.00    0.00    0.00    0.00    0.00     1      0.00      0.00    9900    3356   0.04      1.00      0.00  vmstat
15:13:05     1000      4691    0.00    1.00    0.00    0.00    1.00     1      0.00      0.00    7712    3696   0.05      1.00      0.00  pidstat
15:13:05        0      4812    0.00    0.00    0.00    0.00    0.00     1      0.00      0.00       0       0   0.00      4.00      0.00  kworker/u16:0-events_power_efficient
15:13:05     1000      5112   94.00    7.00    0.00    0.00  101.00     0    612.00      0.00   60160   52932   0.67      0.00      1.00  /home/ubuntu/pa
15:13:05     1000      5113   15.00    9.00    0.00    0.00   24.00     2    119.00      0.00 1818556   74548   0.94      0.00      0.00  hey

# Time        UID       PID    %usr %system  %guest   %wait    %CPU   CPU  minflt/s  majflt/s     VSZ     RSS   %MEM   cswch/s nvcswch/s  Command
15:13:06        0        53    0.00    0.00    0.00    0.00    0.00     1      0.00      0.00       0       0   0.00      2.00      0.00  kcompactd0
15:13:06        0       121    0.00    0.00    0.00    0.00    0.00     0      0.00      0.00       0       0   0.00      5.00      0.00  kworker/0:2-events
15:13:06        0       240    0.00    0.00    0.00    0.00    0.00     1      0.00      0.00  288968   27144   0.34      1.00      0.00  multipathd
15:13:06        0      2880    0.00    0.00    0.00    0.00    0.00     1      0.00      0.00       0       0   0.00      7.00      0.00  kworker/1:0-events
15:13:06        0      3514    0.00    0.00    0.00    0.00    0.00     3      0.00      0.00       0       0   0.00      1.00      0.00  kworker/3:2-mm_percpu_wq
15:13:06        0      3837    0.00    0.00    0.00    0.00    0.00     2      0.00      0.00       0       0   0.00      1.00      0.00  kworker/2:1-mm_percpu_wq
15:13:06     1000      4666    0.00    0.00    0.00    0.00    0.00     1      0.00      0.00   15008    7192   0.09      1.00      0.00  sshd
15:13:06     1000      4682    0.00    0.00    0.00    0.00    0.00     1      0.00      0.00   31444   21396   0.27     20.00      0.00  python3
15:13:06     1000      4690    0.00    0.00    0.00    0.00    0.00     1      0.00      0.00    9900    3356   0.04      1.00      0.00  vmstat
15:13:06     1000      4691    0.00    0.00    0.00    0.00    0.00     1      0.00      0.00    7712    3696   0.05      1.00      0.00  pidstat
15:13:06        0      4812    0.00    0.00    0.00    0.00    0.00     1      0.00      0.00       0       0   0.00      6.00      0.00  kworker/u16:0-events_power_efficient
15:13:06     1000      5112   93.00    7.00    0.00    0.00  100.00     0      0.00      0.00   60160   52932   0.67      0.00      5.00  /home/ubuntu/pa
15:13:06     1000      5113   16.00   10.00    0.00    0.00   26.00     2    182.00      0.00 1818556   75316   0.95      0.00      0.00  hey

# Time        UID       PID    %usr %system  %guest   %wait    %CPU   CPU  minflt/s  majflt/s     VSZ     RSS   %MEM   cswch/s nvcswch/s  Command
15:13:07        0        16    0.00    0.00    0.00    0.00    0.00     1      0.00      0.00       0       0   0.00      2.00      0.00  rcu_sched
15:13:07        0        19    0.00    0.00    0.00    0.00    0.00     0      0.00      0.00       0       0   0.00      1.00      0.00  migration/0
15:13:07        0        25    0.00    0.00    0.00    0.00    0.00     1      0.00      0.00       0       0   0.00      1.00      0.00  migration/1
15:13:07        0        31    0.00    0.00    0.00    0.00    0.00     2      0.00      0.00       0       0   0.00      1.00      0.00  migration/2
15:13:07        0        37    0.00    0.00    0.00    0.00    0.00     3      0.00      0.00       0       0   0.00      1.00      0.00  migration/3
15:13:07        0        49    0.00    0.00    0.00    0.00    0.00     1      0.00      0.00       0       0   0.00      7.00      0.00  kworker/u16:2-events_power_efficient
15:13:07        0        53    0.00    0.00    0.00    0.00    0.00     1      0.00      0.00       0       0   0.00      2.00      0.00  kcompactd0
15:13:07        0       121    0.00    0.00    0.00    0.00    0.00     0      0.00      0.00       0       0   0.00      1.00      0.00  kworker/0:2-events
15:13:07        0       240    0.00    0.00    0.00    0.00    0.00     1      0.00      0.00  288968   27144   0.34      1.00      0.00  multipathd
15:13:07      110       672    0.00    0.00    0.00    0.00    0.00     3      0.00      0.00   19416    3744   0.05      2.00      0.00  chronyd
15:13:07        0       842    0.00    0.00    0.00    0.00    0.00     3      0.00      0.00       0       0   0.00      1.00      0.00  kworker/3:1H-kblockd
15:13:07        0      2880    0.00    0.00    0.00    0.00    0.00     1      0.00      0.00       0       0   0.00      6.00      0.00  kworker/1:0-events
15:13:07        0      3514    0.00    0.00    0.00    0.00    0.00     3      0.00      0.00       0       0   0.00      1.00      0.00  kworker/3:2-mm_percpu_wq
15:13:07        0      3837    0.00    0.00    0.00    0.00    0.00     2      0.00      0.00       0       0   0.00      1.00      0.00  kworker/2:1-mm_percpu_wq
15:13:07     1000      4682    0.00    0.00    0.00    0.00    0.00     1      0.00      0.00   31444   21396   0.27     20.00      0.00  python3
15:13:07     1000      4690    0.00    0.00    0.00    0.00    0.00     1      0.00      0.00    9900    3356   0.04      1.00      0.00  vmstat
15:13:07     1000      4691    0.00    1.00    0.00    0.00    1.00     1      0.00      0.00    7712    3696   0.05      1.00      0.00  pidstat
15:13:07        0      4812    0.00    0.00    0.00    0.00    0.00     1      0.00      0.00       0       0   0.00      3.00      0.00  kworker/u16:0-events_power_efficient
15:13:07     1000      5112   93.00    6.00    0.00    0.00   99.00     0     16.00      0.00   60160   52932   0.67      0.00      2.00  /home/ubuntu/pa
15:13:07     1000      5113   16.00   10.00    0.00    0.00   26.00     2    174.00      0.00 1818556   75956   0.96      0.00      0.00  hey

# Time        UID       PID    %usr %system  %guest   %wait    %CPU   CPU  minflt/s  majflt/s     VSZ     RSS   %MEM   cswch/s nvcswch/s  Command
15:13:08        0        16    0.00    0.00    0.00    0.00    0.00     1      0.00      0.00       0       0   0.00      2.00      0.00  rcu_sched
15:13:08        0        32    0.00    0.00    0.00    0.00    0.00     2      0.00      0.00       0       0   0.00      1.00      0.00  ksoftirqd/2
15:13:08        0        49    0.00    0.00    0.00    0.00    0.00     1      0.00      0.00       0       0   0.00      6.00      0.00  kworker/u16:2-events_power_efficient
15:13:08        0        53    0.00    0.00    0.00    0.00    0.00     2      0.00      0.00       0       0   0.00      2.00      0.00  kcompactd0
15:13:08        0       121    0.00    0.00    0.00    0.00    0.00     0      0.00      0.00       0       0   0.00      5.00      0.00  kworker/0:2-events
15:13:08        0       240    0.00    0.00    0.00    0.00    0.00     1      0.00      0.00  288968   27144   0.34      1.00      0.00  multipathd
15:13:08        0       591    0.00    0.00    0.00    0.00    0.00     1      0.00      0.00   83064    4556   0.06      1.00      0.00  irqbalance
15:13:08        0      2880    0.00    0.00    0.00    0.00    0.00     1      0.00      0.00       0       0   0.00      5.00      0.00  kworker/1:0-events
15:13:08        0      3514    0.00    0.00    0.00    0.00    0.00     3      0.00      0.00       0       0   0.00      1.00      0.00  kworker/3:2-mm_percpu_wq
15:13:08        0      3837    0.00    0.00    0.00    0.00    0.00     2      0.00      0.00       0       0   0.00      1.00      0.00  kworker/2:1-mm_percpu_wq
15:13:08     1000      4682    0.00    0.00    0.00    0.00    0.00     1      0.00      0.00   31444   21396   0.27     20.00      0.00  python3
15:13:08     1000      4690    0.00    0.00    0.00    0.00    0.00     1      0.00      0.00    9900    3356   0.04      1.00      0.00  vmstat
15:13:08     1000      4691    0.00    0.00    0.00    0.00    0.00     1      0.00      0.00    7712    3696   0.05      1.00      0.00  pidstat
15:13:08     1000      5112   93.00    7.00    0.00    0.00  100.00     0      1.00      0.00   60160   52932   0.67      0.00      5.00  /home/ubuntu/pa
15:13:08     1000      5113   15.00   10.00    0.00    0.00   25.00     2    287.00      0.00 1818556   77108   0.97      0.00      0.00  hey

# Time        UID       PID    %usr %system  %guest   %wait    %CPU   CPU  minflt/s  majflt/s     VSZ     RSS   %MEM   cswch/s nvcswch/s  Command
15:13:09        0        49    0.00    0.00    0.00    0.00    0.00     1      0.00      0.00       0       0   0.00      5.00      0.00  kworker/u16:2-events_power_efficient
15:13:09        0        53    0.00    0.00    0.00    0.00    0.00     2      0.00      0.00       0       0   0.00      2.00      0.00  kcompactd0
15:13:09        0       121    0.00    0.00    0.00    0.00    0.00     0      0.00      0.00       0       0   0.00      2.00      0.00  kworker/0:2-events
15:13:09        0       240    0.00    0.00    0.00    0.00    0.00     1      0.00      0.00  288968   27144   0.34      1.00      0.00  multipathd
15:13:09        0      2880    0.00    0.00    0.00    0.00    0.00     1      0.00      0.00       0       0   0.00      6.00      0.00  kworker/1:0-events
15:13:09        0      3514    0.00    0.00    0.00    0.00    0.00     3      0.00      0.00       0       0   0.00      1.00      0.00  kworker/3:2-mm_percpu_wq
15:13:09        0      3837    0.00    0.00    0.00    0.00    0.00     2      0.00      0.00       0       0   0.00      1.00      0.00  kworker/2:1-mm_percpu_wq
15:13:09     1000      4682    0.00    0.00    0.00    0.00    0.00     1      0.00      0.00   31444   21396   0.27     20.00      0.00  python3
15:13:09     1000      4690    0.00    0.00    0.00    0.00    0.00     1      0.00      0.00    9900    3356   0.04      1.00      0.00  vmstat
15:13:09     1000      4691    0.00    1.00    0.00    0.00    1.00     1      0.00      0.00    7712    3696   0.05      1.00      0.00  pidstat
15:13:09     1000      5112   93.00    7.00    0.00    0.00  100.00     0      0.00      0.00   60160   52932   0.67      0.00      2.00  /home/ubuntu/pa
15:13:09     1000      5113   15.00   11.00    0.00    0.00   26.00     2    120.00      0.00 1818556   77492   0.98      0.00      0.00  hey

# Time        UID       PID    %usr %system  %guest   %wait    %CPU   CPU  minflt/s  majflt/s     VSZ     RSS   %MEM   cswch/s nvcswch/s  Command
15:13:10        0        16    0.00    0.00    0.00    0.00    0.00     1      0.00      0.00       0       0   0.00      4.00      0.00  rcu_sched
15:13:10        0        49    0.00    0.00    0.00    0.00    0.00     1      0.00      0.00       0       0   0.00      6.00      0.00  kworker/u16:2-events_power_efficient
15:13:10        0        53    0.00    0.00    0.00    0.00    0.00     2      0.00      0.00       0       0   0.00      2.00      0.00  kcompactd0
15:13:10        0       121    0.00    0.00    0.00    0.00    0.00     0      0.00      0.00       0       0   0.00      7.00      0.00  kworker/0:2-events
15:13:10        0       137    0.00    0.00    0.00    0.00    0.00     2      0.00      0.00       0       0   0.00      3.00      0.00  jbd2/nvme0n1p1-8
15:13:10        0       240    0.00    0.00    0.00    0.00    0.00     1      0.00      0.00  288968   27144   0.34      1.00      0.00  multipathd
15:13:10      110       672    0.00    0.00    0.00    0.00    0.00     3      0.00      0.00   19416    3744   0.05      2.00      0.00  chronyd
15:13:10        0      2880    0.00    0.00    0.00    0.00    0.00     1      0.00      0.00       0       0   0.00      5.00      0.00  kworker/1:0-events
15:13:10        0      3514    0.00    0.00    0.00    0.00    0.00     3      0.00      0.00       0       0   0.00      3.00      0.00  kworker/3:2-events
15:13:10        0      3837    0.00    0.00    0.00    0.00    0.00     2      0.00      0.00       0       0   0.00      1.00      0.00  kworker/2:1-mm_percpu_wq
15:13:10     1000      4682    0.00    0.00    0.00    0.00    0.00     1      0.00      0.00   31444   21396   0.27     20.00      0.00  python3
15:13:10     1000      4690    0.00    0.00    0.00    0.00    0.00     1      0.00      0.00    9900    3356   0.04      1.00      0.00  vmstat
15:13:10     1000      4691    1.00    0.00    0.00    0.00    1.00     1      0.00      0.00    7712    3696   0.05      2.00      0.00  pidstat
15:13:10     1000      5112   93.00    7.00    0.00    0.00  100.00     0      1.00      0.00   60160   52932   0.67      0.00      7.00  /home/ubuntu/pa
15:13:10     1000      5113   17.00    9.00    0.00    0.00   26.00     2    276.00      0.00 1818556   78516   0.99      0.00      0.00  hey

# Time        UID       PID    %usr %system  %guest   %wait    %CPU   CPU  minflt/s  majflt/s     VSZ     RSS   %MEM   cswch/s nvcswch/s  Command
15:13:11        0        16    0.00    0.00    0.00    0.00    0.00     1      0.00      0.00       0       0   0.00      2.00      0.00  rcu_sched
15:13:11        0        19    0.00    0.00    0.00    0.00    0.00     0      0.00      0.00       0       0   0.00      1.00      0.00  migration/0
15:13:11        0        25    0.00    0.00    0.00    0.00    0.00     1      0.00      0.00       0       0   0.00      1.00      0.00  migration/1
15:13:11        0        26    0.00    0.00    0.00    0.00    0.00     1      0.00      0.00       0       0   0.00      1.00      0.00  ksoftirqd/1
15:13:11        0        31    0.00    0.00    0.00    0.00    0.00     2      0.00      0.00       0       0   0.00      1.00      0.00  migration/2
15:13:11        0        37    0.00    0.00    0.00    0.00    0.00     3      0.00      0.00       0       0   0.00      1.00      0.00  migration/3
15:13:11        0        49    0.00    0.00    0.00    0.00    0.00     1      0.00      0.00       0       0   0.00      5.00      0.00  kworker/u16:2-events_power_efficient
15:13:11        0        53    0.00    0.00    0.00    0.00    0.00     1      0.00      0.00       0       0   0.00      2.00      0.00  kcompactd0
15:13:11        0       121    0.00    0.00    0.00    0.00    0.00     0      0.00      0.00       0       0   0.00      2.00      0.00  kworker/0:2-events
15:13:11        0       240    0.00    0.00    0.00    0.00    0.00     1      0.00      0.00  288968   27144   0.34      1.00      0.00  multipathd
15:13:11      110       672    0.00    0.00    0.00    0.00    0.00     1      0.00      0.00   19416    3744   0.05      2.00      0.00  chronyd
15:13:11        0      2880    0.00    0.00    0.00    0.00    0.00     1      0.00      0.00       0       0   0.00      6.00      0.00  kworker/1:0-events
15:13:11        0      3514    0.00    0.00    0.00    0.00    0.00     3      0.00      0.00       0       0   0.00      1.00      0.00  kworker/3:2-mm_percpu_wq
15:13:11        0      3837    0.00    0.00    0.00    0.00    0.00     2      0.00      0.00       0       0   0.00      1.00      0.00  kworker/2:1-mm_percpu_wq
15:13:11     1000      4682    0.00    0.00    0.00    0.00    0.00     1      0.00      0.00   31444   21396   0.27     20.00      0.00  python3
15:13:11     1000      4690    0.00    0.00    0.00    0.00    0.00     1      0.00      0.00    9900    3356   0.04      1.00      0.00  vmstat
15:13:11     1000      4691    0.00    0.00    0.00    0.00    0.00     1      0.00      0.00    7712    3696   0.05      1.00      0.00  pidstat
15:13:11     1000      5112   94.00    6.00    0.00    0.00  100.00     0      0.00      0.00   60160   52932   0.67      0.00      3.00  /home/ubuntu/pa
15:13:11     1000      5113   14.00   12.00    0.00    0.00   26.00     2    115.00      0.00 1818556   79028   1.00      0.00      0.00  hey

# Time        UID       PID    %usr %system  %guest   %wait    %CPU   CPU  minflt/s  majflt/s     VSZ     RSS   %MEM   cswch/s nvcswch/s  Command
15:13:12        0        16    0.00    0.00    0.00    0.00    0.00     1      0.00      0.00       0       0   0.00     64.00      0.00  rcu_sched
15:13:12        0        25    0.00    0.00    0.00    0.00    0.00     1      0.00      0.00       0       0   0.00      2.00      0.00  migration/1
15:13:12        0        26    0.00    0.00    0.00    0.00    0.00     1      0.00      0.00       0       0   0.00      1.00      0.00  ksoftirqd/1
15:13:12        0        38    0.00    0.00    0.00    0.00    0.00     3      0.00      0.00       0       0   0.00      1.00      0.00  ksoftirqd/3
15:13:12        0        49    0.00    0.00    0.00    0.00    0.00     1      0.00      0.00       0       0   0.00      2.00      0.00  kworker/u16:2-events_power_efficient
15:13:12        0        53    0.00    0.00    0.00    0.00    0.00     1      0.00      0.00       0       0   0.00      2.00      0.00  kcompactd0
15:13:12        0       121    0.00    0.00    0.00    0.00    0.00     0      0.00      0.00       0       0   0.00      5.00      0.00  kworker/0:2-events
15:13:12        0       240    0.00    0.00    0.00    0.00    0.00     1      0.00      0.00  288968   27144   0.34      1.00      0.00  multipathd
15:13:12      110       672    0.00    0.00    0.00    0.00    0.00     1      0.00      0.00   19416    3744   0.05      2.00      0.00  chronyd
15:13:12        0      2880    0.00    0.00    0.00    0.00    0.00     1      0.00      0.00       0       0   0.00      6.00      0.00  kworker/1:0-events
15:13:12        0      3514    0.00    0.00    0.00    1.00    0.00     3      0.00      0.00       0       0   0.00      7.00      0.00  kworker/3:2-events
15:13:12        0      3837    0.00    0.00    0.00    0.00    0.00     2      0.00      0.00       0       0   0.00      2.00      0.00  kworker/2:1-events
15:13:12     1000      4682    1.00    1.00    0.00    0.00    2.00     1      0.00      0.00   31444   21396   0.27     17.00      0.00  python3
15:13:12     1000      4690    0.00    0.00    0.00    0.00    0.00     1      0.00      0.00    9900    3356   0.04      1.00      0.00  vmstat
15:13:12     1000      4691    0.00    1.00    0.00    0.00    1.00     1      0.00      0.00    7712    3696   0.05      1.00      0.00  pidstat
15:13:12        0      4812    0.00    0.00    0.00    0.00    0.00     1      0.00      0.00       0       0   0.00      6.00      0.00  kworker/u16:0-events_power_efficient
15:13:12     1000      5128    0.00    0.00    0.00    0.00    0.00     0    143.00      0.00    2704    1464   0.02      1.00      1.00  time
15:13:12     1000      5129   19.00    2.00    0.00    0.00   21.00     0   8313.00      0.00   49692   42448   0.54      5.00      1.00  /home/ubuntu/pa
15:13:12     1000      5130    1.00    1.00    0.00    0.00    2.00     2   2722.00      0.00 1676980   15168   0.19      4.00      4.00  hey

# Time        UID       PID    %usr %system  %guest   %wait    %CPU   CPU  minflt/s  majflt/s     VSZ     RSS   %MEM   cswch/s nvcswch/s  Command
15:13:13        0        16    0.00    0.00    0.00    0.00    0.00     1      0.00      0.00       0       0   0.00      4.00      0.00  rcu_sched
15:13:13        0        26    0.00    0.00    0.00    0.00    0.00     1      0.00      0.00       0       0   0.00      1.00      0.00  ksoftirqd/1
15:13:13        0        53    0.00    0.00    0.00    0.00    0.00     1      0.00      0.00       0       0   0.00      2.00      0.00  kcompactd0
15:13:13        0       121    0.00    0.00    0.00    0.00    0.00     0      0.00      0.00       0       0   0.00      2.00      0.00  kworker/0:2-mm_percpu_wq
15:13:13        0       240    0.00    0.00    0.00    0.00    0.00     1      0.00      0.00  288968   27144   0.34      1.00      0.00  multipathd
15:13:13      110       672    0.00    0.00    0.00    0.00    0.00     1      0.00      0.00   19416    3744   0.05      2.00      0.00  chronyd
15:13:13        0      2880    0.00    0.00    0.00    0.00    0.00     1      0.00      0.00       0       0   0.00      5.00      0.00  kworker/1:0-events
15:13:13        0      3514    0.00    0.00    0.00    0.00    0.00     3      0.00      0.00       0       0   0.00      1.00      0.00  kworker/3:2-mm_percpu_wq
15:13:13        0      3837    0.00    0.00    0.00    0.00    0.00     2      0.00      0.00       0       0   0.00      1.00      0.00  kworker/2:1-mm_percpu_wq
15:13:13     1000      4690    0.00    0.00    0.00    0.00    0.00     1      0.00      0.00    9900    3356   0.04      1.00      0.00  vmstat
15:13:13     1000      4691    0.00    0.00    0.00    0.00    0.00     1      0.00      0.00    7712    3696   0.05      1.00      0.00  pidstat
15:13:13        0      4812    0.00    0.00    0.00    0.00    0.00     1      0.00      0.00       0       0   0.00      5.00      0.00  kworker/u16:0-events_power_efficient
15:13:13     1000      5129   94.00    6.00    0.00    0.00  100.00     0      4.00      0.00   49692   42448   0.54      0.00      2.00  /home/ubuntu/pa
15:13:13     1000      5130   11.00   11.00    0.00    0.00   22.00     2  12708.00      0.00 1743544   59968   0.76      0.00      0.00  hey

# Time        UID       PID    %usr %system  %guest   %wait    %CPU   CPU  minflt/s  majflt/s     VSZ     RSS   %MEM   cswch/s nvcswch/s  Command
15:13:14        0        16    0.00    0.00    0.00    0.00    0.00     1      0.00      0.00       0       0   0.00     17.00      0.00  rcu_sched
15:13:14        0        25    0.00    0.00    0.00    0.00    0.00     1      0.00      0.00       0       0   0.00      1.00      0.00  migration/1
15:13:14        0        26    0.00    0.00    0.00    0.00    0.00     1      0.00      0.00       0       0   0.00      1.00      0.00  ksoftirqd/1
15:13:14        0        53    0.00    0.00    0.00    0.00    0.00     1      0.00      0.00       0       0   0.00      2.00      0.00  kcompactd0
15:13:14        0       121    0.00    0.00    0.00    0.00    0.00     0      0.00      0.00       0       0   0.00      4.00      0.00  kworker/0:2-events
15:13:14        0       240    0.00    0.00    0.00    0.00    0.00     1      0.00      0.00  288968   27144   0.34      1.00      0.00  multipathd
15:13:14        0      2880    0.00    0.00    0.00    0.00    0.00     1      0.00      0.00       0       0   0.00      7.00      0.00  kworker/1:0-events
15:13:14        0      3514    0.00    0.00    0.00    0.00    0.00     3      0.00      0.00       0       0   0.00      3.00      0.00  kworker/3:2-events
15:13:14        0      3837    0.00    0.00    0.00    0.00    0.00     2      0.00      0.00       0       0   0.00      1.00      0.00  kworker/2:1-mm_percpu_wq
15:13:14     1000      4682    0.00    0.00    0.00    0.00    0.00     1      0.00      0.00   31444   21396   0.27      2.00      0.00  python3
15:13:14     1000      4690    0.00    0.00    0.00    0.00    0.00     1      0.00      0.00    9900    3356   0.04      1.00      0.00  vmstat
15:13:14     1000      4691    0.00    1.00    0.00    0.00    1.00     1      0.00      0.00    7712    3696   0.05      1.00      0.00  pidstat
15:13:14        0      4812    0.00    0.00    0.00    0.00    0.00     1      0.00      0.00       0       0   0.00      6.00      0.00  kworker/u16:0-events_power_efficient
15:13:14     1000      5129   93.00    6.00    0.00    0.00   99.00     0   1096.00      0.00   54048   46800   0.59      0.00      4.00  /home/ubuntu/pa
15:13:14     1000      5130   11.00    8.00    0.00    0.00   19.00     2   2234.00      0.00 1817788   67648   0.85      0.00      0.00  hey
15:13:14     1000      5138    1.00    3.00    0.00    0.00    4.00     3   6924.00      0.00 1603504   28920   0.37     50.00      8.00  hey

# Time        UID       PID    %usr %system  %guest   %wait    %CPU   CPU  minflt/s  majflt/s     VSZ     RSS   %MEM   cswch/s nvcswch/s  Command
15:13:15        0        14    0.00    0.00    0.00    0.00    0.00     0      0.00      0.00       0       0   0.00      1.00      0.00  ksoftirqd/0
15:13:15        0        16    0.00    0.00    0.00    0.00    0.00     1      0.00      0.00       0       0   0.00     42.00      0.00  rcu_sched
15:13:15        0        19    0.00    0.00    0.00    0.00    0.00     0      0.00      0.00       0       0   0.00      1.00      0.00  migration/0
15:13:15        0        25    0.00    0.00    0.00    0.00    0.00     1      0.00      0.00       0       0   0.00      1.00      0.00  migration/1
15:13:15        0        31    0.00    0.00    0.00    0.00    0.00     2      0.00      0.00       0       0   0.00      1.00      0.00  migration/2
15:13:15        0        32    0.00    0.00    0.00    0.00    0.00     2      0.00      0.00       0       0   0.00      2.00      0.00  ksoftirqd/2
15:13:15        0        37    0.00    0.00    0.00    0.00    0.00     3      0.00      0.00       0       0   0.00      1.00      0.00  migration/3
15:13:15        0        38    0.00    0.00    0.00    0.00    0.00     3      0.00      0.00       0       0   0.00      3.00      0.00  ksoftirqd/3
15:13:15        0        53    0.00    0.00    0.00    0.00    0.00     1      0.00      0.00       0       0   0.00      2.00      0.00  kcompactd0
15:13:15        0       121    0.00    0.00    0.00    0.00    0.00     0      0.00      0.00       0       0   0.00      2.00      0.00  kworker/0:2-mm_percpu_wq
15:13:15        0       240    0.00    0.00    0.00    0.00    0.00     1      0.00      0.00  288968   27144   0.34      1.00      0.00  multipathd
15:13:15      110       672    0.00    1.00    0.00    0.00    1.00     1      0.00      0.00   19416    3744   0.05      2.00      0.00  chronyd
15:13:15        0      2880    0.00    0.00    0.00    0.00    0.00     1      0.00      0.00       0       0   0.00      5.00      0.00  kworker/1:0-events
15:13:15        0      3514    0.00    0.00    0.00    0.00    0.00     3      0.00      0.00       0       0   0.00      2.00      0.00  kworker/3:2-events
15:13:15        0      3837    0.00    0.00    0.00    0.00    0.00     2      0.00      0.00       0       0   0.00      2.00      0.00  kworker/2:1-events
15:13:15     1000      4682    0.00    0.00    0.00    0.00    0.00     1      0.00      0.00   31444   21396   0.27     24.00      0.00  python3
15:13:15     1000      4690    0.00    0.00    0.00    0.00    0.00     1      0.00      0.00    9900    3356   0.04      1.00      0.00  vmstat
15:13:15     1000      4691    0.00    0.00    0.00    0.00    0.00     1      0.00      0.00    7712    3696   0.05      1.00      0.00  pidstat
15:13:15        0      4812    0.00    0.00    0.00    0.00    0.00     1      0.00      0.00       0       0   0.00      5.00      0.00  kworker/u16:0-events_power_efficient
15:13:15     1000      5129   93.00    7.00    0.00    0.00  100.00     0   1446.00      0.00   59768   52560   0.66      0.00      4.00  /home/ubuntu/pa
15:13:15     1000      5130   10.00    7.00    0.00    0.00   17.00     2   1251.00      0.00 1818236   71872   0.91      0.00      0.00  hey

# Time        UID       PID    %usr %system  %guest   %wait    %CPU   CPU  minflt/s  majflt/s     VSZ     RSS   %MEM   cswch/s nvcswch/s  Command
15:13:16        0        16    0.00    0.00    0.00    0.00    0.00     1      0.00      0.00       0       0   0.00      2.00      0.00  rcu_sched
15:13:16        0        53    0.00    0.00    0.00    0.00    0.00     1      0.00      0.00       0       0   0.00      2.00      0.00  kcompactd0
15:13:16        0       121    0.00    0.00    0.00    0.00    0.00     0      0.00      0.00       0       0   0.00      6.00      0.00  kworker/0:2-events
15:13:16        0       240    0.00    0.00    0.00    0.00    0.00     1      0.00      0.00  288968   27144   0.34      1.00      0.00  multipathd
15:13:16        0       248    0.00    0.00    0.00    0.00    0.00     0      0.00      0.00       0       0   0.00      1.00      0.00  kworker/0:1H-kblockd
15:13:16        0      2880    0.00    0.00    0.00    0.00    0.00     1      0.00      0.00       0       0   0.00      5.00      0.00  kworker/1:0-events
15:13:16        0      3514    0.00    0.00    0.00    0.00    0.00     3      0.00      0.00       0       0   0.00      1.00      0.00  kworker/3:2-mm_percpu_wq
15:13:16        0      3837    0.00    0.00    0.00    0.00    0.00     2      0.00      0.00       0       0   0.00      2.00      0.00  kworker/2:1-events
15:13:16     1000      4682    0.00    0.00    0.00    0.00    0.00     1      0.00      0.00   31444   21396   0.27     20.00      0.00  python3
15:13:16     1000      4690    0.00    0.00    0.00    0.00    0.00     1      0.00      0.00    9900    3356   0.04      1.00      0.00  vmstat
15:13:16     1000      4691    0.00    1.00    0.00    0.00    1.00     1      0.00      0.00    7712    3696   0.05      1.00      0.00  pidstat
15:13:16        0      4812    0.00    0.00    0.00    0.00    0.00     2      0.00      0.00       0       0   0.00      6.00      0.00  kworker/u16:0-events_power_efficient
15:13:16     1000      5129   95.00    6.00    0.00    0.00  101.00     0      0.00      0.00   59768   52560   0.66      0.00      7.00  /home/ubuntu/pa
15:13:16     1000      5130   13.00    8.00    0.00    0.00   21.00     2    234.00      0.00 1818428   72640   0.92      0.00      0.00  hey

# Time        UID       PID    %usr %system  %guest   %wait    %CPU   CPU  minflt/s  majflt/s     VSZ     RSS   %MEM   cswch/s nvcswch/s  Command
15:13:17        0        26    0.00    0.00    0.00    0.00    0.00     1      0.00      0.00       0       0   0.00      1.00      0.00  ksoftirqd/1
15:13:17        0        49    0.00    0.00    0.00    0.00    0.00     1      0.00      0.00       0       0   0.00      3.00      0.00  kworker/u16:2-events_power_efficient
15:13:17        0        53    0.00    0.00    0.00    0.00    0.00     1      0.00      0.00       0       0   0.00      2.00      0.00  kcompactd0
15:13:17        0       121    0.00    0.00    0.00    0.00    0.00     0      0.00      0.00       0       0   0.00      2.00      0.00  kworker/0:2-mm_percpu_wq
15:13:17        0       240    0.00    0.00    0.00    0.00    0.00     1      0.00      0.00  288968   27144   0.34      1.00      0.00  multipathd
15:13:17        0      2880    0.00    0.00    0.00    0.00    0.00     1      0.00      0.00       0       0   0.00      2.00      0.00  kworker/1:0-events
15:13:17        0      3514    0.00    0.00    0.00    0.00    0.00     3      0.00      0.00       0       0   0.00      1.00      0.00  kworker/3:2-mm_percpu_wq
15:13:17        0      3837    0.00    0.00    0.00    0.00    0.00     2      0.00      0.00       0       0   0.00      5.00      0.00  kworker/2:1-events
15:13:17     1000      4682    0.00    0.00    0.00    0.00    0.00     1      0.00      0.00   31444   21396   0.27     20.00      0.00  python3
15:13:17     1000      4690    0.00    0.00    0.00    0.00    0.00     1      0.00      0.00    9900    3356   0.04      1.00      0.00  vmstat
15:13:17     1000      4691    1.00    0.00    0.00    0.00    1.00     1      0.00      0.00    7712    3696   0.05      1.00      0.00  pidstat
15:13:17        0      4812    0.00    0.00    0.00    0.00    0.00     1      0.00      0.00       0       0   0.00      8.00      0.00  kworker/u16:0-events_power_efficient
15:13:17     1000      5129   95.00    5.00    0.00    0.00  100.00     0      0.00      0.00   59768   52560   0.66      0.00      2.00  /home/ubuntu/pa
15:13:17     1000      5130   12.00    7.00    0.00    0.00   19.00     2    130.00      0.00 1818492   73152   0.92      0.00      0.00  hey

# Time        UID       PID    %usr %system  %guest   %wait    %CPU   CPU  minflt/s  majflt/s     VSZ     RSS   %MEM   cswch/s nvcswch/s  Command
15:13:18        0        26    0.00    0.00    0.00    0.00    0.00     1      0.00      0.00       0       0   0.00      1.00      0.00  ksoftirqd/1
15:13:18        0        49    0.00    0.00    0.00    0.00    0.00     1      0.00      0.00       0       0   0.00      7.00      0.00  kworker/u16:2-events_power_efficient
15:13:18        0        53    0.00    0.00    0.00    0.00    0.00     1      0.00      0.00       0       0   0.00      2.00      0.00  kcompactd0
15:13:18        0       121    0.00    0.00    0.00    0.00    0.00     0      0.00      0.00       0       0   0.00      7.00      0.00  kworker/0:2-events
15:13:18        0       240    0.00    0.00    0.00    0.00    0.00     1      0.00      0.00  288968   27144   0.34      1.00      0.00  multipathd
15:13:18        0       591    0.00    0.00    0.00    0.00    0.00     2      0.00      0.00   83064    4556   0.06      1.00      0.00  irqbalance
15:13:18        0      2880    0.00    0.00    0.00    0.00    0.00     1      0.00      0.00       0       0   0.00      6.00      0.00  kworker/1:0-events
15:13:18        0      3514    0.00    0.00    0.00    0.00    0.00     3      0.00      0.00       0       0   0.00      1.00      0.00  kworker/3:2-mm_percpu_wq
15:13:18        0      3837    0.00    0.00    0.00    0.00    0.00     2      0.00      0.00       0       0   0.00      1.00      0.00  kworker/2:1-mm_percpu_wq
15:13:18     1000      4682    0.00    0.00    0.00    1.00    0.00     1      0.00      0.00   31444   21396   0.27     20.00      0.00  python3
15:13:18     1000      4690    0.00    0.00    0.00    0.00    0.00     1      0.00      0.00    9900    3356   0.04      1.00      0.00  vmstat
15:13:18     1000      4691    0.00    0.00    0.00    0.00    0.00     1      0.00      0.00    7712    3696   0.05      1.00      1.00  pidstat
15:13:18     1000      5129   93.00    7.00    0.00    0.00  100.00     0      0.00      0.00   59768   52560   0.66      0.00      7.00  /home/ubuntu/pa
15:13:18     1000      5130   12.00    8.00    0.00    0.00   20.00     2    193.00      0.00 1818556   73920   0.93      0.00      0.00  hey

# Time        UID       PID    %usr %system  %guest   %wait    %CPU   CPU  minflt/s  majflt/s     VSZ     RSS   %MEM   cswch/s nvcswch/s  Command
15:13:19        0        19    0.00    0.00    0.00    0.00    0.00     0      0.00      0.00       0       0   0.00      1.00      0.00  migration/0
15:13:19        0        25    0.00    0.00    0.00    0.00    0.00     1      0.00      0.00       0       0   0.00      1.00      0.00  migration/1
15:13:19        0        31    0.00    0.00    0.00    0.00    0.00     2      0.00      0.00       0       0   0.00      1.00      0.00  migration/2
15:13:19        0        37    0.00    0.00    0.00    0.00    0.00     3      0.00      0.00       0       0   0.00      1.00      0.00  migration/3
15:13:19        0        49    0.00    0.00    0.00    0.00    0.00     1      0.00      0.00       0       0   0.00      5.00      0.00  kworker/u16:2-events_power_efficient
15:13:19        0        53    0.00    0.00    0.00    0.00    0.00     1      0.00      0.00       0       0   0.00      2.00      0.00  kcompactd0
15:13:19        0       121    0.00    0.00    0.00    0.00    0.00     0      0.00      0.00       0       0   0.00      2.00      0.00  kworker/0:2-mm_percpu_wq
15:13:19        0       240    0.00    0.00    0.00    0.00    0.00     1      0.00      0.00  288968   27144   0.34      1.00      0.00  multipathd
15:13:19        0      2880    0.00    0.00    0.00    0.00    0.00     1      0.00      0.00       0       0   0.00      6.00      0.00  kworker/1:0-events
15:13:19        0      3514    0.00    0.00    0.00    0.00    0.00     3      0.00      0.00       0       0   0.00      1.00      0.00  kworker/3:2-mm_percpu_wq
15:13:19        0      3837    0.00    0.00    0.00    0.00    0.00     2      0.00      0.00       0       0   0.00      1.00      0.00  kworker/2:1-mm_percpu_wq
15:13:19     1000      4682    0.00    0.00    0.00    0.00    0.00     1      0.00      0.00   31444   21396   0.27     20.00      0.00  python3
15:13:19     1000      4690    0.00    0.00    0.00    0.00    0.00     1      0.00      0.00    9900    3356   0.04      1.00      0.00  vmstat
15:13:19     1000      4691    0.00    1.00    0.00    0.00    1.00     1      0.00      0.00    7712    3696   0.05      1.00      1.00  pidstat
15:13:19     1000      5129   93.00    6.00    0.00    0.00   99.00     0      0.00      0.00   59768   52560   0.66      0.00      3.00  /home/ubuntu/pa
15:13:19     1000      5130   11.00    9.00    0.00    0.00   20.00     2    317.00      0.00 1818556   74944   0.95      0.00      0.00  hey

# Time        UID       PID    %usr %system  %guest   %wait    %CPU   CPU  minflt/s  majflt/s     VSZ     RSS   %MEM   cswch/s nvcswch/s  Command
15:13:20        0        16    0.00    0.00    0.00    0.00    0.00     1      0.00      0.00       0       0   0.00      2.00      0.00  rcu_sched
15:13:20        0        49    0.00    0.00    0.00    0.00    0.00     1      0.00      0.00       0       0   0.00      5.00      0.00  kworker/u16:2-events_power_efficient
15:13:20        0        53    0.00    0.00    0.00    0.00    0.00     1      0.00      0.00       0       0   0.00      2.00      0.00  kcompactd0
15:13:20        0       121    0.00    0.00    0.00    0.00    0.00     0      0.00      0.00       0       0   0.00      5.00      0.00  kworker/0:2-events
15:13:20        0       240    0.00    0.00    0.00    0.00    0.00     1      0.00      0.00  288968   27144   0.34      1.00      0.00  multipathd
15:13:20        0      2880    0.00    0.00    0.00    0.00    0.00     1      0.00      0.00       0       0   0.00      5.00      0.00  kworker/1:0-events
15:13:20        0      3514    0.00    0.00    0.00    0.00    0.00     3      0.00      0.00       0       0   0.00      1.00      0.00  kworker/3:2-mm_percpu_wq
15:13:20        0      3837    0.00    0.00    0.00    0.00    0.00     2      0.00      0.00       0       0   0.00      2.00      0.00  kworker/2:1-events
15:13:20     1000      4682    0.00    0.00    0.00    0.00    0.00     1      0.00      0.00   31444   21396   0.27     19.00      0.00  python3
15:13:20     1000      4690    0.00    0.00    0.00    0.00    0.00     1      0.00      0.00    9900    3356   0.04      1.00      0.00  vmstat
15:13:20     1000      4691    0.00    0.00    0.00    0.00    0.00     1      0.00      0.00    7712    3696   0.05      1.00      1.00  pidstat
15:13:20     1000      5129   92.00    8.00    0.00    0.00  100.00     0      0.00      0.00   59768   52560   0.66      0.00      5.00  /home/ubuntu/pa
15:13:20     1000      5130   12.00    9.00    0.00    0.00   21.00     2    167.00      0.00 1818556   75584   0.95      0.00      0.00  hey

# Time        UID       PID    %usr %system  %guest   %wait    %CPU   CPU  minflt/s  majflt/s     VSZ     RSS   %MEM   cswch/s nvcswch/s  Command
15:13:21        0        49    0.00    0.00    0.00    0.00    0.00     1      0.00      0.00       0       0   0.00      6.00      0.00  kworker/u16:2-events_power_efficient
15:13:21        0        53    0.00    0.00    0.00    0.00    0.00     2      0.00      0.00       0       0   0.00      2.00      0.00  kcompactd0
15:13:21        0       121    0.00    0.00    0.00    0.00    0.00     0      0.00      0.00       0       0   0.00      1.00      0.00  kworker/0:2-mm_percpu_wq
15:13:21        0       240    0.00    0.00    0.00    0.00    0.00     1      0.00      0.00  288968   27144   0.34      1.00      0.00  multipathd
15:13:21        0      2880    0.00    0.00    0.00    0.00    0.00     1      0.00      0.00       0       0   0.00      5.00      0.00  kworker/1:0-events
15:13:21        0      3514    0.00    0.00    0.00    0.00    0.00     3      0.00      0.00       0       0   0.00      1.00      0.00  kworker/3:2-mm_percpu_wq
15:13:21        0      3837    0.00    0.00    0.00    0.00    0.00     2      0.00      0.00       0       0   0.00      1.00      0.00  kworker/2:1-mm_percpu_wq
15:13:21     1000      4666    0.00    0.00    0.00    0.00    0.00     1      0.00      0.00   15008    7192   0.09      1.00      0.00  sshd
15:13:21     1000      4682    0.00    0.00    0.00    0.00    0.00     1      0.00      0.00   31444   21396   0.27     20.00      0.00  python3
15:13:21     1000      4690    0.00    0.00    0.00    0.00    0.00     1      0.00      0.00    9900    3356   0.04      1.00      0.00  vmstat
15:13:21     1000      4691    0.00    1.00    0.00    0.00    1.00     1      0.00      0.00    7712    3696   0.05      1.00      0.00  pidstat
15:13:21     1000      5129   95.00    6.00    0.00    0.00  101.00     0      0.00      0.00   59768   52560   0.66      0.00      1.00  /home/ubuntu/pa
15:13:21     1000      5130   11.00    8.00    0.00    0.00   19.00     2    115.00      0.00 1818556   76096   0.96      0.00      0.00  hey

# Time        UID       PID    %usr %system  %guest   %wait    %CPU   CPU  minflt/s  majflt/s     VSZ     RSS   %MEM   cswch/s nvcswch/s  Command
15:13:22        0        16    0.00    0.00    0.00    0.00    0.00     1      0.00      0.00       0       0   0.00      3.00      0.00  rcu_sched
15:13:22        0        49    0.00    0.00    0.00    0.00    0.00     2      0.00      0.00       0       0   0.00     11.00      0.00  kworker/u16:2-events_power_efficient
15:13:22        0        53    0.00    0.00    0.00    0.00    0.00     2      0.00      0.00       0       0   0.00      2.00      0.00  kcompactd0
15:13:22        0       121    0.00    0.00    0.00    0.00    0.00     0      0.00      0.00       0       0   0.00      5.00      0.00  kworker/0:2-events
15:13:22        0       240    0.00    0.00    0.00    0.00    0.00     1      0.00      0.00  288968   27144   0.34      1.00      0.00  multipathd
15:13:22        0      2880    0.00    0.00    0.00    0.00    0.00     1      0.00      0.00       0       0   0.00      6.00      0.00  kworker/1:0-events
15:13:22        0      3514    0.00    0.00    0.00    0.00    0.00     3      0.00      0.00       0       0   0.00      2.00      0.00  kworker/3:2-events
15:13:22        0      3837    0.00    0.00    0.00    0.00    0.00     2      0.00      0.00       0       0   0.00      2.00      0.00  kworker/2:1-events
15:13:22     1000      4682    0.00    0.00    0.00    0.00    0.00     1      0.00      0.00   31444   21396   0.27     20.00      0.00  python3
15:13:22     1000      4690    0.00    0.00    0.00    0.00    0.00     1      0.00      0.00    9900    3356   0.04      1.00      0.00  vmstat
15:13:22     1000      4691    0.00    0.00    0.00    0.00    0.00     1      0.00      0.00    7712    3696   0.05      1.00      0.00  pidstat
15:13:22        0      4812    0.00    0.00    0.00    0.00    0.00     2      0.00      0.00       0       0   0.00      1.00      0.00  kworker/u16:0-events_power_efficient
15:13:22     1000      5129   95.00    5.00    0.00    0.00  100.00     0      0.00      0.00   59768   52560   0.66      0.00      5.00  /home/ubuntu/pa
15:13:22     1000      5130   13.00    7.00    0.00    0.00   20.00     2    124.00      0.00 1818556   76608   0.97      0.00      0.00  hey

# Time        UID       PID    %usr %system  %guest   %wait    %CPU   CPU  minflt/s  majflt/s     VSZ     RSS   %MEM   cswch/s nvcswch/s  Command
15:13:23        0        19    0.00    0.00    0.00    0.00    0.00     0      0.00      0.00       0       0   0.00      1.00      0.00  migration/0
15:13:23        0        25    0.00    0.00    0.00    0.00    0.00     1      0.00      0.00       0       0   0.00      1.00      0.00  migration/1
15:13:23        0        26    0.00    0.00    0.00    0.00    0.00     1      0.00      0.00       0       0   0.00      1.00      0.00  ksoftirqd/1
15:13:23        0        31    0.00    0.00    0.00    0.00    0.00     2      0.00      0.00       0       0   0.00      1.00      0.00  migration/2
15:13:23        0        37    0.00    0.00    0.00    0.00    0.00     3      0.00      0.00       0       0   0.00      1.00      0.00  migration/3
15:13:23        0        49    0.00    0.00    0.00    0.00    0.00     1      0.00      0.00       0       0   0.00      5.00      0.00  kworker/u16:2-events_power_efficient
15:13:23        0        53    0.00    0.00    0.00    0.00    0.00     2      0.00      0.00       0       0   0.00      2.00      0.00  kcompactd0
15:13:23        0       121    0.00    0.00    0.00    0.00    0.00     0      0.00      0.00       0       0   0.00      1.00      0.00  kworker/0:2-mm_percpu_wq
15:13:23        0       240    0.00    0.00    0.00    0.00    0.00     1      0.00      0.00  288968   27144   0.34      1.00      0.00  multipathd
15:13:23        0       248    0.00    0.00    0.00    0.00    0.00     0      0.00      0.00       0       0   0.00      1.00      0.00  kworker/0:1H-kblockd
15:13:23        0      2880    0.00    0.00    0.00    0.00    0.00     1      0.00      0.00       0       0   0.00      5.00      0.00  kworker/1:0-events
15:13:23        0      3514    0.00    0.00    0.00    0.00    0.00     3      0.00      0.00       0       0   0.00      1.00      0.00  kworker/3:2-mm_percpu_wq
15:13:23        0      3837    0.00    0.00    0.00    0.00    0.00     2      0.00      0.00       0       0   0.00      1.00      0.00  kworker/2:1-mm_percpu_wq
15:13:23     1000      4682    1.00    0.00    0.00    0.00    1.00     1      0.00      0.00   31444   21396   0.27     20.00      0.00  python3
15:13:23     1000      4690    0.00    0.00    0.00    0.00    0.00     1      0.00      0.00    9900    3356   0.04      1.00      0.00  vmstat
15:13:23     1000      4691    0.00    1.00    0.00    0.00    1.00     1      0.00      0.00    7712    3696   0.05      1.00      0.00  pidstat
15:13:23        0      4812    0.00    0.00    0.00    0.00    0.00     3      0.00      0.00       0       0   0.00      1.00      0.00  kworker/u16:0-events_power_efficient
15:13:23     1000      5129   93.00    7.00    0.00    0.00  100.00     0      0.00      0.00   59768   52560   0.66      0.00      3.00  /home/ubuntu/pa
15:13:23     1000      5130   12.00    8.00    0.00    0.00   20.00     2    412.00      0.00 1818556   78016   0.99      0.00      0.00  hey

# Time        UID       PID    %usr %system  %guest   %wait    %CPU   CPU  minflt/s  majflt/s     VSZ     RSS   %MEM   cswch/s nvcswch/s  Command
15:13:24        0        16    1.00    0.00    0.00    0.00    1.00     1      0.00      0.00       0       0   0.00      9.00      0.00  rcu_sched
15:13:24        0        38    0.00    0.00    0.00    0.00    0.00     3      0.00      0.00       0       0   0.00      1.00      0.00  ksoftirqd/3
15:13:24        0        49    0.00    0.00    0.00    0.00    0.00     1      0.00      0.00       0       0   0.00      5.00      0.00  kworker/u16:2-events_power_efficient
15:13:24        0        53    0.00    0.00    0.00    0.00    0.00     2      0.00      0.00       0       0   0.00      2.00      0.00  kcompactd0
15:13:24        0       121    0.00    0.00    0.00    0.00    0.00     0      0.00      0.00       0       0   0.00      6.00      0.00  kworker/0:2-events
15:13:24        0       240    0.00    0.00    0.00    0.00    0.00     1      0.00      0.00  288968   27144   0.34      1.00      0.00  multipathd
15:13:24        0      2880    0.00    0.00    0.00    0.00    0.00     1      0.00      0.00       0       0   0.00      6.00      0.00  kworker/1:0-events
15:13:24        0      3514    0.00    0.00    0.00    0.00    0.00     3      0.00      0.00       0       0   0.00      4.00      0.00  kworker/3:2-events
15:13:24        0      3837    0.00    0.00    0.00    0.00    0.00     2      0.00      0.00       0       0   0.00      2.00      0.00  kworker/2:1-events
15:13:24     1000      4682    0.00    0.00    0.00    0.00    0.00     1      0.00      0.00   31444   21396   0.27     20.00      0.00  python3
15:13:24     1000      4690    0.00    0.00    0.00    0.00    0.00     1      0.00      0.00    9900    3356   0.04      1.00      0.00  vmstat
15:13:24     1000      4691    0.00    0.00    0.00    0.00    0.00     1      0.00      0.00    7712    3696   0.05      1.00      0.00  pidstat
15:13:24     1000      5129   89.00    5.00    0.00    0.00   94.00     0      0.00      0.00   59768   52560   0.66      2.00      6.00  /home/ubuntu/pa
15:13:24     1000      5130   14.00    8.00    0.00    0.00   22.00     2    119.00      0.00       0       0   0.00      1.00      0.00  hey
