Linux 7.0.0-1013-aws (ip-172-31-2-102) 	09/25/26 	_x86_64_	(4 CPU)

# Time        UID       PID    %usr %system  %guest   %wait    %CPU   CPU  minflt/s  majflt/s     VSZ     RSS   %MEM   cswch/s nvcswch/s  Command
00:50:57        0        11    0.00    0.00    0.00    0.00    0.00     0      0.00      0.00       0       0   0.00      2.97      0.00  kworker/0:1-events
00:50:57        0        16    0.00    0.00    0.00    0.00    0.00     1      0.00      0.00       0       0   0.00     29.70      0.00  rcu_sched
00:50:57        0        25    0.00    0.00    0.00    0.00    0.00     1      0.00      0.00       0       0   0.00      1.98      0.00  migration/1
00:50:57        0        51    0.00    0.00    0.00    0.00    0.00     3      0.00      0.00       0       0   0.00      3.96      0.00  kworker/3:1-mm_percpu_wq
00:50:57        0        52    0.00    0.00    0.00    0.00    0.00     2      0.00      0.00       0       0   0.00      1.98      0.00  kcompactd0
00:50:57        0       120    0.00    0.00    0.00    0.00    0.00     1      0.00      0.00       0       0   0.00      4.95      0.00  kworker/u16:3-events_power_efficient
00:50:57        0       121    0.00    0.99    0.00    0.00    0.99     1      0.00      0.00       0       0   0.00      6.93      0.00  kworker/1:1-mm_percpu_wq
00:50:57        0       239    0.00    0.00    0.00    0.00    0.00     2      0.00      0.00  288968   27076   0.34      1.98      0.00  multipathd
00:50:57        0      1109    0.00    0.00    0.00    0.00    0.00     2      0.00      0.00       0       0   0.00      2.97      0.00  kworker/2:3-mm_percpu_wq
00:50:57     1000      1401    0.00    0.00    0.00    0.00    0.00     1      0.99      0.00   31744   21780   0.28      5.94      0.00  python3
00:50:57     1000      1408    0.00    0.00    0.00    0.00    0.00     1      0.00      0.00    9900    3356   0.04      0.99      0.00  vmstat
00:50:57     1000      1409    0.00    0.99    0.00    0.00    0.99     1      2.97      0.00    7580    3632   0.05      0.99      0.00  pidstat
00:50:57     1000      1411   79.21    6.93    0.00    0.00   86.14     0   7569.31      0.99   46912   39656   0.50     44.55      1.98  /home/ubuntu/pe
00:50:57     1000      1412   11.88   13.86    0.00    0.00   25.74     2  10863.37     67.33 1816956   45368   0.57     64.36      1.98  hey

# Time        UID       PID    %usr %system  %guest   %wait    %CPU   CPU  minflt/s  majflt/s     VSZ     RSS   %MEM   cswch/s nvcswch/s  Command
00:50:58        0        11    0.00    0.00    0.00    0.00    0.00     0      0.00      0.00       0       0   0.00      2.00      0.00  kworker/0:1-mm_percpu_wq
00:50:58        0        16    0.00    0.00    0.00    0.00    0.00     1      0.00      0.00       0       0   0.00      9.00      0.00  rcu_sched
00:50:58        0        25    0.00    0.00    0.00    0.00    0.00     1      0.00      0.00       0       0   0.00      1.00      0.00  migration/1
00:50:58        0        26    0.00    0.00    0.00    0.00    0.00     1      0.00      0.00       0       0   0.00      2.00      0.00  ksoftirqd/1
00:50:58        0        38    0.00    0.00    0.00    0.00    0.00     3      0.00      0.00       0       0   0.00      1.00      0.00  ksoftirqd/3
00:50:58        0        51    0.00    0.00    0.00    0.00    0.00     3      0.00      0.00       0       0   0.00      4.00      0.00  kworker/3:1-mm_percpu_wq
00:50:58        0        52    0.00    0.00    0.00    0.00    0.00     1      0.00      0.00       0       0   0.00      2.00      0.00  kcompactd0
00:50:58        0       120    0.00    0.00    0.00    0.00    0.00     1      0.00      0.00       0       0   0.00      6.00      0.00  kworker/u16:3-events_power_efficient
00:50:58        0       121    0.00    0.00    0.00    0.00    0.00     1      0.00      0.00       0       0   0.00      7.00      0.00  kworker/1:1-events
00:50:58        0       239    0.00    0.00    0.00    0.00    0.00     2      0.00      0.00  288968   27076   0.34      2.00      0.00  multipathd
00:50:58        0      1109    0.00    0.00    0.00    0.00    0.00     2      0.00      0.00       0       0   0.00      4.00      0.00  kworker/2:3-events
00:50:58     1000      1401    0.00    0.00    0.00    0.00    0.00     1      0.00      0.00   31744   21780   0.28      3.00      0.00  python3
00:50:58     1000      1408    0.00    0.00    0.00    0.00    0.00     1      0.00      0.00    9900    3356   0.04      1.00      0.00  vmstat
00:50:58     1000      1409    0.00    0.00    0.00    0.00    0.00     1      5.00      0.00    7580    3632   0.05      1.00      0.00  pidstat
00:50:58     1000      1411   91.00    8.00    0.00    0.00   99.00     0     39.00      0.00   47176   39912   0.50      2.00      3.00  /home/ubuntu/pe
00:50:58     1000      1420   15.00   17.00    0.00    0.00   32.00     3  10444.00      0.00 1816956   43448   0.55      3.00      2.00  hey

# Time        UID       PID    %usr %system  %guest   %wait    %CPU   CPU  minflt/s  majflt/s     VSZ     RSS   %MEM   cswch/s nvcswch/s  Command
00:50:59        0        11    0.00    0.00    0.00    0.00    0.00     0      0.00      0.00       0       0   0.00      2.00      0.00  kworker/0:1-events
00:50:59        0        16    0.00    0.00    0.00    0.00    0.00     1      0.00      0.00       0       0   0.00      2.00      0.00  rcu_sched
00:50:59        0        51    0.00    0.00    0.00    0.00    0.00     3      0.00      0.00       0       0   0.00      2.00      0.00  kworker/3:1-mm_percpu_wq
00:50:59        0        52    0.00    0.00    0.00    0.00    0.00     1      0.00      0.00       0       0   0.00      2.00      0.00  kcompactd0
00:50:59        0       120    0.00    0.00    0.00    0.00    0.00     1      0.00      0.00       0       0   0.00      5.00      0.00  kworker/u16:3-events_power_efficient
00:50:59        0       121    0.00    0.00    0.00    0.00    0.00     1      0.00      0.00       0       0   0.00      8.00      0.00  kworker/1:1-events
00:50:59        0       239    0.00    0.00    0.00    0.00    0.00     2      0.00      0.00  288968   27076   0.34      2.00      0.00  multipathd
00:50:59        0      1109    0.00    0.00    0.00    0.00    0.00     2      0.00      0.00       0       0   0.00      2.00      0.00  kworker/2:3-mm_percpu_wq
00:50:59     1000      1408    0.00    0.00    0.00    0.00    0.00     1      0.00      0.00    9900    3356   0.04      1.00      0.00  vmstat
00:50:59     1000      1409    0.00    0.00    0.00    0.00    0.00     1      2.00      0.00    7580    3632   0.05      1.00      0.00  pidstat
00:50:59     1000      1411   92.00    8.00    0.00    0.00  100.00     0      0.00      0.00   47176   39912   0.50      0.00      3.00  /home/ubuntu/pe
00:50:59     1000      1420   19.00   19.00    0.00    0.00   38.00     3   2668.00      0.00 1817404   53048   0.67      0.00      0.00  hey

# Time        UID       PID    %usr %system  %guest   %wait    %CPU   CPU  minflt/s  majflt/s     VSZ     RSS   %MEM   cswch/s nvcswch/s  Command
00:51:00        0        11    0.00    0.00    0.00    0.00    0.00     0      0.00      0.00       0       0   0.00      1.00      0.00  kworker/0:1-mm_percpu_wq
00:51:00        0        16    0.00    0.00    0.00    0.00    0.00     1      0.00      0.00       0       0   0.00     50.00      0.00  rcu_sched
00:51:00        0        19    0.00    0.00    0.00    0.00    0.00     0      0.00      0.00       0       0   0.00      1.00      0.00  migration/0
00:51:00        0        25    0.00    0.00    0.00    0.00    0.00     1      0.00      0.00       0       0   0.00      3.00      0.00  migration/1
00:51:00        0        26    0.00    0.00    0.00    0.00    0.00     1      0.00      0.00       0       0   0.00      1.00      0.00  ksoftirqd/1
00:51:00        0        31    0.00    0.00    0.00    0.00    0.00     2      0.00      0.00       0       0   0.00      1.00      0.00  migration/2
00:51:00        0        32    0.00    0.00    0.00    0.00    0.00     2      0.00      0.00       0       0   0.00      1.00      0.00  ksoftirqd/2
00:51:00        0        37    0.00    0.00    0.00    0.00    0.00     3      0.00      0.00       0       0   0.00      1.00      0.00  migration/3
00:51:00        0        51    0.00    0.00    0.00    0.00    0.00     3      0.00      0.00       0       0   0.00      4.00      0.00  kworker/3:1-mm_percpu_wq
00:51:00        0        52    0.00    0.00    0.00    0.00    0.00     1      0.00      0.00       0       0   0.00      2.00      0.00  kcompactd0
00:51:00        0       120    0.00    0.00    0.00    0.00    0.00     3      0.00      0.00       0       0   0.00      4.00      0.00  kworker/u16:3-events_power_efficient
00:51:00        0       121    0.00    0.00    0.00    0.00    0.00     1      0.00      0.00       0       0   0.00      5.00      0.00  kworker/1:1-mm_percpu_wq
00:51:00        0       239    0.00    0.00    0.00    0.00    0.00     2      0.00      0.00  288968   27076   0.34      1.00      0.00  multipathd
00:51:00        0       590    0.00    0.00    0.00    0.00    0.00     1      0.00      0.00   83064    4704   0.06      1.00      0.00  irqbalance
00:51:00        0      1045    0.00    0.00    0.00    0.00    0.00     1      0.00      0.00       0       0   0.00      4.00      0.00  kworker/u16:1-flush-259:0
00:51:00        0      1109    0.00    0.00    0.00    0.00    0.00     2      0.00      0.00       0       0   0.00      3.00      0.00  kworker/2:3-mm_percpu_wq
00:51:00     1000      1401    1.00    0.00    0.00    0.00    1.00     1      0.00      0.00   31744   21780   0.28     11.00      0.00  python3
00:51:00     1000      1408    0.00    0.00    0.00    0.00    0.00     1      0.00      0.00    9900    3356   0.04      1.00      0.00  vmstat
00:51:00     1000      1409    0.00    1.00    0.00    0.00    1.00     1      0.00      0.00    7580    3632   0.05      1.00      0.00  pidstat
00:51:00     1000      1428    0.00    0.00    0.00    0.00    0.00     0    147.00      0.00    2704    1464   0.02      1.00      1.00  time
00:51:00     1000      1429   25.00    3.00    0.00    0.00   28.00     0   7910.00      0.00   48044   40676   0.51      5.00      1.00  /home/ubuntu/pa
00:51:00     1000      1430    3.00    2.00    0.00    0.00    5.00     2   2638.00      0.00 1676980   15100   0.19      4.00      4.00  hey

# Time        UID       PID    %usr %system  %guest   %wait    %CPU   CPU  minflt/s  majflt/s     VSZ     RSS   %MEM   cswch/s nvcswch/s  Command
00:51:01        0        11    0.00    0.00    0.00    0.00    0.00     0      0.00      0.00       0       0   0.00      2.00      0.00  kworker/0:1-events
00:51:01        0        16    0.00    0.00    0.00    0.00    0.00     1      0.00      0.00       0       0   0.00     12.00      0.00  rcu_sched
00:51:01        0        25    0.00    0.00    0.00    0.00    0.00     1      0.00      0.00       0       0   0.00      1.00      0.00  migration/1
00:51:01        0        26    0.00    0.00    0.00    0.00    0.00     1      0.00      0.00       0       0   0.00      2.00      0.00  ksoftirqd/1
00:51:01        0        38    0.00    0.00    0.00    0.00    0.00     3      0.00      0.00       0       0   0.00      1.00      0.00  ksoftirqd/3
00:51:01        0        51    0.00    0.00    0.00    0.00    0.00     3      0.00      0.00       0       0   0.00      5.00      0.00  kworker/3:1-mm_percpu_wq
00:51:01        0        52    0.00    0.00    0.00    0.00    0.00     1      0.00      0.00       0       0   0.00      2.00      0.00  kcompactd0
00:51:01        0       120    0.00    0.00    0.00    0.00    0.00     1      0.00      0.00       0       0   0.00      2.00      0.00  kworker/u16:3-events_power_efficient
00:51:01        0       121    0.00    0.00    0.00    0.00    0.00     1      0.00      0.00       0       0   0.00      7.00      0.00  kworker/1:1-mm_percpu_wq
00:51:01        0       162    0.00    0.00    0.00    0.00    0.00     2      0.00      0.00       0       0   0.00      1.00      0.00  kworker/2:1H-kblockd
00:51:01        0       239    0.00    0.00    0.00    0.00    0.00     2      0.00      0.00  288968   27076   0.34      2.00      0.00  multipathd
00:51:01        0       501    0.00    0.00    0.00    0.00    0.00     1      0.00      0.00       0       0   0.00      1.00      0.00  kworker/1:1H-kblockd
00:51:01      110       689    0.00    0.00    0.00    0.00    0.00     2      0.00      0.00   19416    3776   0.05      1.00      0.00  chronyd
00:51:01        0      1045    0.00    0.00    0.00    0.00    0.00     1      0.00      0.00       0       0   0.00      5.00      0.00  kworker/u16:1-events_power_efficient
00:51:01        0      1109    0.00    0.00    0.00    0.00    0.00     2      0.00      0.00       0       0   0.00      4.00      0.00  kworker/2:3-mm_percpu_wq
00:51:01     1000      1401    0.00    0.00    0.00    0.00    0.00     1      0.00      0.00   31744   21780   0.28      3.00      0.00  python3
00:51:01     1000      1408    0.00    0.00    0.00    0.00    0.00     1      0.00      0.00    9900    3356   0.04      1.00      0.00  vmstat
00:51:01     1000      1409    0.00    0.00    0.00    0.00    0.00     1      4.00      0.00    7580    3632   0.05      1.00      0.00  pidstat
00:51:01     1000      1429   93.00    6.00    0.00    0.00   99.00     0     49.00      0.00   48308   40932   0.52      2.00      3.00  /home/ubuntu/pa
00:51:01     1000      1438    3.00    2.00    0.00    0.00    5.00     3   2522.00      0.00 1677044   14884   0.19      4.00      2.00  hey

# Time        UID       PID    %usr %system  %guest   %wait    %CPU   CPU  minflt/s  majflt/s     VSZ     RSS   %MEM   cswch/s nvcswch/s  Command
00:51:02        0        11    0.00    0.00    0.00    0.00    0.00     0      0.00      0.00       0       0   0.00      1.00      0.00  kworker/0:1-mm_percpu_wq
00:51:02        0        16    0.00    0.00    0.00    0.00    0.00     1      0.00      0.00       0       0   0.00      2.00      0.00  rcu_sched
00:51:02        0        51    0.00    0.00    0.00    0.00    0.00     3      0.00      0.00       0       0   0.00      1.00      0.00  kworker/3:1-mm_percpu_wq
00:51:02        0        52    0.00    0.00    0.00    0.00    0.00     1      0.00      0.00       0       0   0.00      2.00      0.00  kcompactd0
00:51:02        0       121    0.00    0.00    0.00    0.00    0.00     1      0.00      0.00       0       0   0.00      7.00      0.00  kworker/1:1-mm_percpu_wq
00:51:02        0       239    0.00    0.00    0.00    0.00    0.00     2      0.00      0.00  288968   27076   0.34      1.00      0.00  multipathd
00:51:02        0       583    0.00    0.00    0.00    0.00    0.00     3      0.00      0.00    7236    2820   0.04      1.00      0.00  cron
00:51:02      110       689    0.00    0.00    0.00    0.00    0.00     2      0.00      0.00   19416    3776   0.05      1.00      0.00  chronyd
00:51:02        0      1045    0.00    0.00    0.00    0.00    0.00     1      0.00      0.00       0       0   0.00      7.00      0.00  kworker/u16:1-events_power_efficient
00:51:02        0      1109    0.00    0.00    0.00    0.00    0.00     2      0.00      0.00       0       0   0.00      1.00      0.00  kworker/2:3-mm_percpu_wq
00:51:02     1000      1408    0.00    0.00    0.00    0.00    0.00     1      0.00      0.00    9900    3356   0.04      1.00      0.00  vmstat
00:51:02     1000      1409    0.00    1.00    0.00    0.00    1.00     1      0.00      0.00    7580    3632   0.05      1.00      1.00  pidstat
00:51:02     1000      1429   92.00    8.00    0.00    0.00  100.00     0      2.00      0.00   48308   40932   0.52      0.00      2.00  /home/ubuntu/pa
00:51:02     1000      1438   17.00   16.00    0.00    0.00   33.00     3   9486.00      0.00 1817020   49316   0.62      0.00      0.00  hey

# Time        UID       PID    %usr %system  %guest   %wait    %CPU   CPU  minflt/s  majflt/s     VSZ     RSS   %MEM   cswch/s nvcswch/s  Command
00:51:03        0        11    0.00    0.00    0.00    0.00    0.00     0      0.00      0.00       0       0   0.00      3.00      0.00  kworker/0:1-events
00:51:03        0        16    0.00    0.00    0.00    0.00    0.00     1      0.00      0.00       0       0   0.00     24.00      0.00  rcu_sched
00:51:03        0        26    0.00    0.00    0.00    0.00    0.00     1      0.00      0.00       0       0   0.00      1.00      0.00  ksoftirqd/1
00:51:03        0        32    0.00    0.00    0.00    0.00    0.00     2      0.00      0.00       0       0   0.00      1.00      0.00  ksoftirqd/2
00:51:03        0        51    0.00    0.00    0.00    0.00    0.00     3      0.00      0.00       0       0   0.00      2.00      0.00  kworker/3:1-events
00:51:03        0        52    0.00    0.00    0.00    0.00    0.00     1      0.00      0.00       0       0   0.00      2.00      0.00  kcompactd0
00:51:03        0       121    0.00    0.00    0.00    0.00    0.00     1      0.00      0.00       0       0   0.00      8.00      0.00  kworker/1:1-events
00:51:03        0       239    0.00    0.00    0.00    0.00    0.00     2      0.00      0.00  288968   27076   0.34      1.00      0.00  multipathd
00:51:03      110       689    0.00    0.00    0.00    0.00    0.00     2      0.00      0.00   19416    3776   0.05      2.00      0.00  chronyd
00:51:03        0      1045    0.00    0.00    0.00    0.00    0.00     1      0.00      0.00       0       0   0.00      5.00      0.00  kworker/u16:1-events_power_efficient
00:51:03        0      1109    0.00    0.00    0.00    0.00    0.00     2      0.00      0.00       0       0   0.00      3.00      0.00  kworker/2:3-mm_percpu_wq
00:51:03     1000      1401    1.00    0.00    0.00    0.00    1.00     1      0.00      0.00   31744   21780   0.28      3.00      0.00  python3
00:51:03     1000      1408    0.00    0.00    0.00    0.00    0.00     1      0.00      0.00    9900    3356   0.04      1.00      0.00  vmstat
00:51:03     1000      1409    1.00    0.00    0.00    0.00    1.00     1      0.00      0.00    7580    3632   0.05      1.00      0.00  pidstat

# Time        UID       PID    %usr %system  %guest   %wait    %CPU   CPU  minflt/s  majflt/s     VSZ     RSS   %MEM   cswch/s nvcswch/s  Command
00:51:04        0        11    0.00    0.00    0.00    0.00    0.00     0      0.00      0.00       0       0   0.00      2.00      0.00  kworker/0:1-mm_percpu_wq
00:51:04        0        16    0.00    0.00    0.00    0.00    0.00     1      0.00      0.00       0       0   0.00     26.00      0.00  rcu_sched
00:51:04        0        19    0.00    0.00    0.00    0.00    0.00     0      0.00      0.00       0       0   0.00      1.00      0.00  migration/0
00:51:04        0        25    0.00    0.00    0.00    0.00    0.00     1      0.00      0.00       0       0   0.00      3.00      0.00  migration/1
00:51:04        0        31    0.00    0.00    0.00    0.00    0.00     2      0.00      0.00       0       0   0.00      1.00      0.00  migration/2
00:51:04        0        37    0.00    0.00    0.00    0.00    0.00     3      0.00      0.00       0       0   0.00      1.00      0.00  migration/3
00:51:04        0        51    0.00    0.00    0.00    0.00    0.00     3      0.00      0.00       0       0   0.00      2.00      0.00  kworker/3:1-events
00:51:04        0        52    0.00    0.00    0.00    0.00    0.00     1      0.00      0.00       0       0   0.00      2.00      0.00  kcompactd0
00:51:04        0       120    0.00    0.00    0.00    0.00    0.00     3      0.00      0.00       0       0   0.00      1.00      0.00  kworker/u16:3-events_power_efficient
00:51:04        0       121    0.00    0.00    0.00    0.00    0.00     1      0.00      0.00       0       0   0.00      7.00      0.00  kworker/1:1-events
00:51:04        0       239    0.00    0.00    0.00    0.00    0.00     2      0.00      0.00  288968   27076   0.34      1.00      0.00  multipathd
00:51:04        0      1045    0.00    0.00    0.00    0.00    0.00     1      0.00      0.00       0       0   0.00      5.00      0.00  kworker/u16:1-events_unbound
00:51:04        0      1109    0.00    0.00    0.00    0.00    0.00     2      0.00      0.00       0       0   0.00      1.00      0.00  kworker/2:3-mm_percpu_wq
00:51:04     1000      1401    1.00    1.00    0.00    0.00    2.00     1      0.00      0.00   31744   21780   0.28      8.00      0.00  python3
00:51:04     1000      1408    0.00    0.00    0.00    0.00    0.00     1      0.00      0.00    9900    3356   0.04      1.00      0.00  vmstat
00:51:04     1000      1409    0.00    0.00    0.00    0.00    0.00     1      0.00      0.00    7580    3632   0.05      1.00      0.00  pidstat
00:51:04     1000      1446    0.00    0.00    0.00    0.00    0.00     0    143.00      0.00    2704    1464   0.02      1.00      1.00  time
00:51:04     1000      1447   63.00    6.00    0.00    0.00   69.00     0   7932.00      0.00   48104   40708   0.51      5.00      2.00  /home/ubuntu/pa
00:51:04     1000      1448    9.00   11.00    0.00    0.00   20.00     3   7150.00      0.00 1816700   31436   0.40      5.00      4.00  hey

# Time        UID       PID    %usr %system  %guest   %wait    %CPU   CPU  minflt/s  majflt/s     VSZ     RSS   %MEM   cswch/s nvcswch/s  Command
00:51:05        0         2    0.00    0.00    0.00    0.00    0.00     1      0.00      0.00       0       0   0.00      1.00      0.00  kthreadd
00:51:05        0        11    0.00    0.00    0.00    0.00    0.00     0      0.00      0.00       0       0   0.00      2.00      0.00  kworker/0:1-events
00:51:05        0        16    0.00    0.00    0.00    0.00    0.00     1      0.00      0.00       0       0   0.00     10.00      0.00  rcu_sched
00:51:05        0        25    0.00    0.00    0.00    0.00    0.00     1      0.00      0.00       0       0   0.00      1.00      0.00  migration/1
00:51:05        0        38    0.00    0.00    0.00    0.00    0.00     3      0.00      0.00       0       0   0.00      1.00      0.00  ksoftirqd/3
00:51:05        0        46    0.00    0.00    0.00    0.00    0.00     1      0.00      0.00       0       0   0.00      1.00      0.00  khungtaskd
00:51:05        0        51    0.00    0.00    0.00    0.00    0.00     3      0.00      0.00       0       0   0.00      2.00      0.00  kworker/3:1-mm_percpu_wq
00:51:05        0        52    0.00    0.00    0.00    0.00    0.00     1      0.00      0.00       0       0   0.00      2.00      0.00  kcompactd0
00:51:05        0       120    0.00    0.00    0.00    0.00    0.00     2      0.00      0.00       0       0   0.00      7.00      0.00  kworker/u16:3-events_power_efficient
00:51:05        0       121    0.00    0.00    0.00    0.00    0.00     1      0.00      0.00       0       0   0.00      6.00      0.00  kworker/1:1-mm_percpu_wq
00:51:05        0       239    0.00    0.00    0.00    0.00    0.00     2      0.00      0.00  288968   27076   0.34      2.00      0.00  multipathd
00:51:05        0       247    0.00    0.00    0.00    0.00    0.00     0      0.00      0.00       0       0   0.00      5.00      0.00  kworker/0:1H-kblockd
00:51:05        0       501    0.00    0.00    0.00    0.00    0.00     1      0.00      0.00       0       0   0.00      2.00      0.00  kworker/1:1H-kblockd
00:51:05        0       796    0.00    0.00    0.00    0.00    0.00     3      0.00      0.00       0       0   0.00      6.00      0.00  kworker/3:1H-kblockd
00:51:05        0      1036    0.00    0.00    0.00    0.00    0.00     1      0.00      0.00       0       0   0.00      2.00      0.00  kworker/u16:4-flush-259:0
00:51:05        0      1045    0.00    0.00    0.00    0.00    0.00     3      0.00      0.00       0       0   0.00     19.00      0.00  kworker/u16:1-flush-259:0
00:51:05        0      1109    0.00    0.00    0.00    0.00    0.00     2      0.00      0.00       0       0   0.00      5.00      0.00  kworker/2:3-mm_percpu_wq
00:51:05     1000      1401    0.00    0.00    0.00    0.00    0.00     1      0.00      0.00   31744   21780   0.28      3.00      0.00  python3
00:51:05     1000      1408    0.00    0.00    0.00    0.00    0.00     1      0.00      0.00    9900    3356   0.04      1.00      0.00  vmstat
00:51:05     1000      1409    0.00    1.00    0.00    0.00    1.00     1      0.00      0.00    7580    3632   0.05      1.00      0.00  pidstat
00:51:05     1000      1447   92.00    7.00    0.00    0.00   99.00     0     48.00      0.00   48368   40964   0.52      2.00      8.00  /home/ubuntu/pa
00:51:05        0      1456    0.00    0.00    0.00    0.00    0.00     1      0.00      0.00       0       0   0.00      3.00      0.00  kworker/u16:0
00:51:05     1000      1457    9.00   10.00    0.00    0.00   19.00     3   6986.00      0.00 1816636   30960   0.39      4.00      3.00  hey

# Time        UID       PID    %usr %system  %guest   %wait    %CPU   CPU  minflt/s  majflt/s     VSZ     RSS   %MEM   cswch/s nvcswch/s  Command
00:51:06        0        11    0.00    0.00    0.00    0.00    0.00     0      0.00      0.00       0       0   0.00      2.00      0.00  kworker/0:1-mm_percpu_wq
00:51:06        0        16    0.00    0.00    0.00    0.00    0.00     1      0.00      0.00       0       0   0.00      2.00      0.00  rcu_sched
00:51:06        0        51    0.00    0.00    0.00    0.00    0.00     3      0.00      0.00       0       0   0.00      4.00      0.00  kworker/3:1-events
00:51:06        0        52    0.00    0.00    0.00    0.00    0.00     2      0.00      0.00       0       0   0.00      2.00      0.00  kcompactd0
00:51:06        0       120    0.00    0.00    0.00    0.00    0.00     2      0.00      0.00       0       0   0.00      1.00      0.00  kworker/u16:3-events_power_efficient
00:51:06        0       121    0.00    0.00    0.00    1.00    0.00     1      0.00      0.00       0       0   0.00      4.00      0.00  kworker/1:1-mm_percpu_wq
00:51:06        0       239    0.00    0.00    0.00    0.00    0.00     2      0.00      0.00  288968   27076   0.34      2.00      0.00  multipathd
00:51:06        0      1045    0.00    0.00    0.00    0.00    0.00     1      0.00      0.00       0       0   0.00      1.00      0.00  kworker/u16:1-events_power_efficient
00:51:06        0      1109    0.00    0.00    0.00    0.00    0.00     2      0.00      0.00       0       0   0.00      1.00      0.00  kworker/2:3-mm_percpu_wq
00:51:06     1000      1408    0.00    0.00    0.00    0.00    0.00     1      0.00      0.00    9900    3356   0.04      1.00      0.00  vmstat
00:51:06     1000      1409    0.00    0.00    0.00    0.00    0.00     1      0.00      0.00    7580    3632   0.05      1.00      1.00  pidstat
00:51:06     1000      1447   93.00    7.00    0.00    0.00  100.00     0      4.00      0.00   48368   40964   0.52      0.00      3.00  /home/ubuntu/pa
00:51:06        0      1456    0.00    0.00    0.00    0.00    0.00     1      0.00      0.00       0       0   0.00      7.00      0.00  kworker/u16:0-events_power_efficient
00:51:06     1000      1457   16.00   15.00    0.00    0.00   31.00     3   5095.00      0.00 1817084   49264   0.62      0.00      0.00  hey

# Time        UID       PID    %usr %system  %guest   %wait    %CPU   CPU  minflt/s  majflt/s     VSZ     RSS   %MEM   cswch/s nvcswch/s  Command
00:51:07        0        11    0.00    0.00    0.00    0.00    0.00     0      0.00      0.00       0       0   0.00      7.00      0.00  kworker/0:1-events
00:51:07        0        16    0.00    0.00    0.00    0.00    0.00     2      0.00      0.00       0       0   0.00     51.00      0.00  rcu_sched
00:51:07        0        25    0.00    0.00    0.00    0.00    0.00     1      0.00      0.00       0       0   0.00      1.00      0.00  migration/1
00:51:07        0        26    0.00    0.00    0.00    0.00    0.00     1      0.00      0.00       0       0   0.00      1.00      0.00  ksoftirqd/1
00:51:07        0        38    0.00    0.00    0.00    0.00    0.00     3      0.00      0.00       0       0   0.00      1.00      0.00  ksoftirqd/3
00:51:07        0        51    0.00    0.00    0.00    0.00    0.00     3      0.00      0.00       0       0   0.00      4.00      0.00  kworker/3:1-events
00:51:07        0        52    0.00    0.00    0.00    0.00    0.00     1      0.00      0.00       0       0   0.00      2.00      0.00  kcompactd0
00:51:07        0       120    0.00    0.00    0.00    0.00    0.00     3      0.00      0.00       0       0   0.00      5.00      0.00  kworker/u16:3-events_power_efficient
00:51:07        0       121    0.00    0.00    0.00    0.00    0.00     1      0.00      0.00       0       0   0.00      3.00      0.00  kworker/1:1-mm_percpu_wq
00:51:07        0       239    0.00    0.00    0.00    0.00    0.00     2      0.00      0.00  288968   27076   0.34      2.00      0.00  multipathd
00:51:07      110       689    0.00    0.00    0.00    0.00    0.00     1      0.00      0.00   19416    3776   0.05      2.00      0.00  chronyd
00:51:07        0      1109    0.00    0.00    0.00    0.00    0.00     2      0.00      0.00       0       0   0.00      2.00      0.00  kworker/2:3-mm_percpu_wq
00:51:07     1000      1401    1.00    0.00    0.00    0.00    1.00     1      0.00      0.00   31744   21780   0.28      6.00      0.00  python3
00:51:07     1000      1408    0.00    0.00    0.00    0.00    0.00     1      0.00      0.00    9900    3356   0.04      1.00      0.00  vmstat
00:51:07     1000      1409    1.00    0.00    0.00    0.00    1.00     1      0.00      0.00    7580    3632   0.05      1.00      0.00  pidstat
00:51:07        0      1456    0.00    0.00    0.00    0.00    0.00     1      0.00      0.00       0       0   0.00      1.00      0.00  kworker/u16:0-events_power_efficient
00:51:07     1000      1465    0.00    0.00    0.00    0.00    0.00     0    142.00      0.00    2704    1464   0.02      1.00      1.00  time
00:51:07     1000      1466   12.00    2.00    0.00    0.00   14.00     0   7874.00      0.00   47936   40600   0.51      1.00      1.00  /home/ubuntu/pa

# Time        UID       PID    %usr %system  %guest   %wait    %CPU   CPU  minflt/s  majflt/s     VSZ     RSS   %MEM   cswch/s nvcswch/s  Command
00:51:08        0        11    0.00    0.00    0.00    0.00    0.00     0      0.00      0.00       0       0   0.00      1.00      0.00  kworker/0:1-mm_percpu_wq
00:51:08        0        16    0.00    0.00    0.00    0.00    0.00     1      0.00      0.00       0       0   0.00      7.00      0.00  rcu_sched
00:51:08        0        19    0.00    0.00    0.00    0.00    0.00     0      0.00      0.00       0       0   0.00      1.00      0.00  migration/0
00:51:08        0        25    0.00    0.00    0.00    0.00    0.00     1      0.00      0.00       0       0   0.00      2.00      0.00  migration/1
00:51:08        0        26    0.00    0.00    0.00    0.00    0.00     1      0.00      0.00       0       0   0.00      2.00      0.00  ksoftirqd/1
00:51:08        0        31    0.00    0.00    0.00    0.00    0.00     2      0.00      0.00       0       0   0.00      1.00      0.00  migration/2
00:51:08        0        37    0.00    0.00    0.00    0.00    0.00     3      0.00      0.00       0       0   0.00      1.00      0.00  migration/3
00:51:08        0        51    0.00    0.00    0.00    0.00    0.00     3      0.00      0.00       0       0   0.00      4.00      0.00  kworker/3:1-events
00:51:08        0        52    0.00    0.00    0.00    0.00    0.00     1      0.00      0.00       0       0   0.00      2.00      0.00  kcompactd0
00:51:08        0       120    0.00    0.00    0.00    0.00    0.00     1      0.00      0.00       0       0   0.00      5.00      0.00  kworker/u16:3-events_power_efficient
00:51:08        0       121    0.00    0.00    0.00    0.00    0.00     1      0.00      0.00       0       0   0.00      4.00      0.00  kworker/1:1-events
00:51:08        0       239    0.00    0.00    0.00    0.00    0.00     2      0.00      0.00  288968   27076   0.34      1.00      0.00  multipathd
00:51:08        0      1109    0.00    0.00    0.00    0.00    0.00     2      0.00      0.00       0       0   0.00      1.00      0.00  kworker/2:3-mm_percpu_wq
00:51:08     1000      1401    0.00    0.00    0.00    0.00    0.00     1      0.00      0.00   31744   21780   0.28      5.00      0.00  python3
00:51:08     1000      1408    0.00    0.00    0.00    0.00    0.00     1      0.00      0.00    9900    3356   0.04      1.00      0.00  vmstat
00:51:08     1000      1409    0.00    1.00    0.00    0.00    1.00     1      0.00      0.00    7580    3632   0.05      1.00      0.00  pidstat
00:51:08     1000      1466   88.00    7.00    0.00    0.00   95.00     0     60.00      0.00   48068   40856   0.52      4.00      3.00  /home/ubuntu/pa
00:51:08     1000      1467   17.00   17.00    0.00    0.00   34.00     2  11242.00      0.00 1816956   46372   0.59      4.00      4.00  hey

# Time        UID       PID    %usr %system  %guest   %wait    %CPU   CPU  minflt/s  majflt/s     VSZ     RSS   %MEM   cswch/s nvcswch/s  Command
00:51:09        0        11    0.00    0.00    0.00    0.00    0.00     0      0.00      0.00       0       0   0.00      4.00      0.00  kworker/0:1-events
00:51:09        0        16    0.00    0.00    0.00    0.00    0.00     1      0.00      0.00       0       0   0.00      9.00      0.00  rcu_sched
00:51:09        0        25    0.00    0.00    0.00    0.00    0.00     1      0.00      0.00       0       0   0.00      1.00      0.00  migration/1
00:51:09        0        26    0.00    0.00    0.00    0.00    0.00     1      0.00      0.00       0       0   0.00      3.00      0.00  ksoftirqd/1
00:51:09        0        51    0.00    0.00    0.00    0.00    0.00     3      0.00      0.00       0       0   0.00      2.00      0.00  kworker/3:1-mm_percpu_wq
00:51:09        0        52    0.00    0.00    0.00    0.00    0.00     1      0.00      0.00       0       0   0.00      2.00      0.00  kcompactd0
00:51:09        0       120    0.00    0.00    0.00    0.00    0.00     1      0.00      0.00       0       0   0.00      7.00      0.00  kworker/u16:3-events_power_efficient
00:51:09        0       121    0.00    0.00    0.00    0.00    0.00     1      0.00      0.00       0       0   0.00      9.00      0.00  kworker/1:1-events
00:51:09        0       239    0.00    0.00    0.00    0.00    0.00     2      0.00      0.00  288968   27076   0.34      1.00      0.00  multipathd
00:51:09        0      1109    0.00    0.00    0.00    0.00    0.00     2      0.00      0.00       0       0   0.00      2.00      0.00  kworker/2:3-mm_percpu_wq
00:51:09     1000      1401    0.00    0.00    0.00    0.00    0.00     1      0.00      0.00   31744   21780   0.28      3.00      0.00  python3
00:51:09     1000      1408    0.00    0.00    0.00    0.00    0.00     1      0.00      0.00    9900    3356   0.04      1.00      0.00  vmstat
00:51:09     1000      1409    0.00    0.00    0.00    0.00    0.00     1      0.00      0.00    7580    3632   0.05      1.00      0.00  pidstat
00:51:09     1000      1466   91.00    8.00    0.00    0.00   99.00     0     48.00      0.00   48332   41112   0.52      3.00      5.00  /home/ubuntu/pa
00:51:09     1000      1475   18.00   17.00    0.00    0.00   35.00     3  11097.00      0.00 1743224   45828   0.58      3.00      3.00  hey

# Time        UID       PID    %usr %system  %guest   %wait    %CPU   CPU  minflt/s  majflt/s     VSZ     RSS   %MEM   cswch/s nvcswch/s  Command
00:51:10        0        11    0.00    0.00    0.00    0.00    0.00     0      0.00      0.00       0       0   0.00      1.00      0.00  kworker/0:1-mm_percpu_wq
00:51:10        0        51    0.00    0.00    0.00    0.00    0.00     3      0.00      0.00       0       0   0.00      1.00      0.00  kworker/3:1-mm_percpu_wq
00:51:10        0        52    0.00    0.00    0.00    0.00    0.00     1      0.00      0.00       0       0   0.00      2.00      0.00  kcompactd0
00:51:10        0       120    0.00    0.00    0.00    0.00    0.00     1      0.00      0.00       0       0   0.00      6.00      0.00  kworker/u16:3-flush-259:0
00:51:10        0       121    0.00    0.00    0.00    0.00    0.00     1      0.00      0.00       0       0   0.00      5.00      0.00  kworker/1:1-mm_percpu_wq
00:51:10        0       239    0.00    0.00    0.00    0.00    0.00     2      0.00      0.00  288968   27076   0.34      2.00      0.00  multipathd
00:51:10        0       590    0.00    0.00    0.00    0.00    0.00     1      0.00      0.00   83064    4704   0.06      1.00      0.00  irqbalance
00:51:10        0      1109    0.00    0.00    0.00    0.00    0.00     2      0.00      0.00       0       0   0.00      1.00      0.00  kworker/2:3-mm_percpu_wq
00:51:10     1000      1408    0.00    0.00    0.00    0.00    0.00     1      0.00      0.00    9900    3356   0.04      1.00      0.00  vmstat
00:51:10     1000      1409    0.00    0.00    0.00    0.00    0.00     1      0.00      0.00    7580    3632   0.05      1.00      1.00  pidstat
00:51:10        0      1456    0.00    0.00    0.00    0.00    0.00     1      0.00      0.00       0       0   0.00      2.00      0.00  kworker/u16:0-events_power_efficient
00:51:10     1000      1466   94.00    6.00    0.00    0.00  100.00     0      1.00      0.00   48332   41112   0.52      0.00      2.00  /home/ubuntu/pa
00:51:10     1000      1475   18.00   14.00    0.00    0.00   32.00     3    937.00      0.00 1743672   49156   0.62      0.00      0.00  hey

# Time        UID       PID    %usr %system  %guest   %wait    %CPU   CPU  minflt/s  majflt/s     VSZ     RSS   %MEM   cswch/s nvcswch/s  Command
00:51:11        0        11    0.00    0.00    0.00    0.00    0.00     0      0.00      0.00       0       0   0.00      5.00      0.00  kworker/0:1-events
00:51:11        0        16    0.00    0.00    0.00    0.00    0.00     1      0.00      0.00       0       0   0.00     57.00      0.00  rcu_sched
00:51:11        0        25    0.00    0.00    0.00    0.00    0.00     1      0.00      0.00       0       0   0.00      2.00      0.00  migration/1
00:51:11        0        26    0.00    0.00    0.00    0.00    0.00     1      0.00      0.00       0       0   0.00      1.00      0.00  ksoftirqd/1
00:51:11        0        32    0.00    0.00    0.00    0.00    0.00     2      0.00      0.00       0       0   0.00      2.00      0.00  ksoftirqd/2
00:51:11        0        51    0.00    0.00    0.00    0.00    0.00     3      0.00      0.00       0       0   0.00      2.00      0.00  kworker/3:1-mm_percpu_wq
00:51:11        0        52    0.00    0.00    0.00    0.00    0.00     1      0.00      0.00       0       0   0.00      2.00      0.00  kcompactd0
00:51:11        0       120    0.00    0.00    0.00    0.00    0.00     1      0.00      0.00       0       0   0.00      3.00      0.00  kworker/u16:3-events_power_efficient
00:51:11        0       121    0.00    0.00    0.00    0.00    0.00     1      0.00      0.00       0       0   0.00      5.00      0.00  kworker/1:1-mm_percpu_wq
00:51:11        0       239    0.00    0.00    0.00    0.00    0.00     2      0.00      0.00  288968   27076   0.34      1.00      0.00  multipathd
00:51:11      110       689    0.00    0.00    0.00    0.00    0.00     1      0.00      0.00   19416    3776   0.05      2.00      0.00  chronyd
00:51:11        0       796    0.00    0.00    0.00    0.00    0.00     3      0.00      0.00       0       0   0.00      1.00      0.00  kworker/3:1H-kblockd
00:51:11        0      1109    0.00    0.00    0.00    0.00    0.00     2      0.00      0.00       0       0   0.00      6.00      0.00  kworker/2:3-mm_percpu_wq
00:51:11     1000      1401    2.00    1.00    0.00    0.00    3.00     1      0.00      0.00   31744   21780   0.28     11.00      0.00  python3
00:51:11     1000      1408    0.00    0.00    0.00    0.00    0.00     1      0.00      0.00    9900    3356   0.04      1.00      0.00  vmstat
00:51:11     1000      1409    0.00    1.00    0.00    0.00    1.00     1      0.00      0.00    7580    3632   0.05      1.00      0.00  pidstat
00:51:11        0      1456    0.00    0.00    0.00    0.00    0.00     2      0.00      0.00       0       0   0.00      4.00      0.00  kworker/u16:0-events_power_efficient
00:51:11     1000      1482    0.00    0.00    0.00    0.00    0.00     0    143.00      0.00    2704    1464   0.02      1.00      1.00  time
00:51:11     1000      1483   47.00    2.00    0.00    0.00   49.00     0   7937.00      0.00   48056   40772   0.51      5.00      3.00  /home/ubuntu/pa
00:51:11     1000      1484    6.00    7.00    0.00    0.00   13.00     2   5168.00      0.00 1816380   24504   0.31      4.00      3.00  hey

# Time        UID       PID    %usr %system  %guest   %wait    %CPU   CPU  minflt/s  majflt/s     VSZ     RSS   %MEM   cswch/s nvcswch/s  Command
00:51:12        0        11    0.00    0.00    0.00    0.00    0.00     0      0.00      0.00       0       0   0.00      1.00      0.00  kworker/0:1-mm_percpu_wq
00:51:12        0        16    0.00    0.00    0.00    0.00    0.00     1      0.00      0.00       0       0   0.00      9.00      0.00  rcu_sched
00:51:12        0        19    0.00    0.00    0.00    0.00    0.00     0      0.00      0.00       0       0   0.00      1.00      0.00  migration/0
00:51:12        0        25    0.00    0.00    0.00    0.00    0.00     1      0.00      0.00       0       0   0.00      2.00      0.00  migration/1
00:51:12        0        31    0.00    0.00    0.00    0.00    0.00     2      0.00      0.00       0       0   0.00      1.00      0.00  migration/2
00:51:12        0        37    0.00    0.00    0.00    0.00    0.00     3      0.00      0.00       0       0   0.00      1.00      0.00  migration/3
00:51:12        0        51    0.00    0.00    0.00    0.00    0.00     3      0.00      0.00       0       0   0.00      3.00      0.00  kworker/3:1-events
00:51:12        0        52    0.00    0.00    0.00    0.00    0.00     1      0.00      0.00       0       0   0.00      2.00      0.00  kcompactd0
00:51:12        0       120    0.00    0.00    0.00    0.00    0.00     1      0.00      0.00       0       0   0.00      5.00      0.00  kworker/u16:3-events_power_efficient
00:51:12        0       121    0.00    0.00    0.00    0.00    0.00     1      0.00      0.00       0       0   0.00      7.00      0.00  kworker/1:1-mm_percpu_wq
00:51:12        0       239    0.00    0.00    0.00    0.00    0.00     2      0.00      0.00  288968   27076   0.34      2.00      0.00  multipathd
00:51:12        0      1109    0.00    0.00    0.00    0.00    0.00     2      0.00      0.00       0       0   0.00      2.00      0.00  kworker/2:3-mm_percpu_wq
00:51:12     1000      1401    0.00    0.00    0.00    0.00    0.00     1      0.00      0.00   31744   21780   0.28      3.00      0.00  python3
00:51:12     1000      1408    0.00    0.00    0.00    0.00    0.00     1      0.00      0.00    9900    3356   0.04      1.00      0.00  vmstat
00:51:12     1000      1409    1.00    0.00    0.00    0.00    1.00     1      3.00      0.00    7580    3760   0.05      1.00      0.00  pidstat
00:51:12     1000      1483   91.00    9.00    0.00    0.00  100.00     0     41.00      0.00   48320   41028   0.52      2.00      3.00  /home/ubuntu/pa
00:51:12     1000      1492    7.00    6.00    0.00    0.00   13.00     3   4957.00      0.00 1742840   23676   0.30      3.00      2.00  hey

# Time        UID       PID    %usr %system  %guest   %wait    %CPU   CPU  minflt/s  majflt/s     VSZ     RSS   %MEM   cswch/s nvcswch/s  Command
00:51:13        0        11    0.00    0.00    0.00    0.00    0.00     0      0.00      0.00       0       0   0.00      4.00      0.00  kworker/0:1-events
00:51:13        0        16    0.00    0.00    0.00    0.00    0.00     1      0.00      0.00       0       0   0.00      2.00      0.00  rcu_sched
00:51:13        0        51    0.00    0.00    0.00    0.00    0.00     3      0.00      0.00       0       0   0.00      2.00      0.00  kworker/3:1-mm_percpu_wq
00:51:13        0        52    0.00    0.00    0.00    0.00    0.00     1      0.00      0.00       0       0   0.00      2.00      0.00  kcompactd0
00:51:13        0       120    0.00    0.00    0.00    0.00    0.00     1      0.00      0.00       0       0   0.00      6.00      0.00  kworker/u16:3-events_power_efficient
00:51:13        0       121    0.00    0.00    0.00    0.00    0.00     1      0.00      0.00       0       0   0.00      8.00      0.00  kworker/1:1-mm_percpu_wq
00:51:13        0       239    0.00    0.00    0.00    0.00    0.00     2      0.00      0.00  288968   27076   0.34      1.00      0.00  multipathd
00:51:13        0      1109    0.00    0.00    0.00    0.00    0.00     2      0.00      0.00       0       0   0.00      1.00      0.00  kworker/2:3-mm_percpu_wq
00:51:13     1000      1408    0.00    0.00    0.00    0.00    0.00     1      0.00      0.00    9900    3356   0.04      1.00      0.00  vmstat
00:51:13     1000      1409    0.00    1.00    0.00    0.00    1.00     1      0.00      0.00    7580    3760   0.05      1.00      0.00  pidstat
00:51:13     1000      1483   93.00    6.00    0.00    0.00   99.00     0      3.00      0.00   48320   41028   0.52      0.00      5.00  /home/ubuntu/pa
00:51:13     1000      1492   18.00   18.00    0.00    0.00   36.00     3   7133.00      0.00 1817340   49404   0.62      0.00      0.00  hey

# Time        UID       PID    %usr %system  %guest   %wait    %CPU   CPU  minflt/s  majflt/s     VSZ     RSS   %MEM   cswch/s nvcswch/s  Command
00:51:14        0        11    0.00    0.00    0.00    0.00    0.00     0      0.00      0.00       0       0   0.00      2.00      0.00  kworker/0:1-mm_percpu_wq
00:51:14        0        16    0.00    0.00    0.00    0.00    0.00     1      0.00      0.00       0       0   0.00     19.00      0.00  rcu_sched
00:51:14        0        32    0.00    0.00    0.00    0.00    0.00     2      0.00      0.00       0       0   0.00      1.00      0.00  ksoftirqd/2
00:51:14        0        51    0.00    0.00    0.00    0.00    0.00     3      0.00      0.00       0       0   0.00      1.00      0.00  kworker/3:1-events
00:51:14        0        52    0.00    0.00    0.00    0.00    0.00     1      0.00      0.00       0       0   0.00      2.00      0.00  kcompactd0
00:51:14        0       120    0.00    0.00    0.00    0.00    0.00     1      0.00      0.00       0       0   0.00      5.00      0.00  kworker/u16:3-events_power_efficient
00:51:14        0       121    0.00    0.00    0.00    0.00    0.00     1      0.00      0.00       0       0   0.00      7.00      0.00  kworker/1:1-events
00:51:14        0       239    0.00    0.00    0.00    0.00    0.00     2      0.00      0.00  288968   27076   0.34      2.00      0.00  multipathd
00:51:14        0      1109    0.00    0.00    0.00    0.00    0.00     2      0.00      0.00       0       0   0.00      3.00      0.00  kworker/2:3-events
00:51:14     1000      1401    0.00    0.00    0.00    0.00    0.00     1      0.00      0.00   31744   21780   0.28      3.00      0.00  python3
00:51:14     1000      1408    0.00    0.00    0.00    0.00    0.00     1      0.00      0.00    9900    3356   0.04      1.00      0.00  vmstat
00:51:14     1000      1409    0.00    0.00    0.00    0.00    0.00     1      0.00      0.00    7580    3760   0.05      1.00      0.00  pidstat

# Time        UID       PID    %usr %system  %guest   %wait    %CPU   CPU  minflt/s  majflt/s     VSZ     RSS   %MEM   cswch/s nvcswch/s  Command
00:51:15        0        11    0.00    0.00    0.00    0.00    0.00     0      0.00      0.00       0       0   0.00      5.00      0.00  kworker/0:1-events
00:51:15        0        16    0.00    0.00    0.00    0.00    0.00     1      0.00      0.00       0       0   0.00     33.00      0.00  rcu_sched
00:51:15        0        25    0.00    0.00    0.00    0.00    0.00     1      0.00      0.00       0       0   0.00      2.00      0.00  migration/1
00:51:15        0        26    0.00    0.00    0.00    0.00    0.00     1      0.00      0.00       0       0   0.00      3.00      0.00  ksoftirqd/1
00:51:15        0        51    0.00    0.00    0.00    0.00    0.00     3      0.00      0.00       0       0   0.00      2.00      0.00  kworker/3:1-mm_percpu_wq
00:51:15        0        52    0.00    0.00    0.00    0.00    0.00     1      0.00      0.00       0       0   0.00      2.00      0.00  kcompactd0
00:51:15        0       120    0.00    0.00    0.00    0.00    0.00     1      0.00      0.00       0       0   0.00      7.00      0.00  kworker/u16:3-events_power_efficient
00:51:15        0       121    0.00    0.00    0.00    0.00    0.00     1      0.00      0.00       0       0   0.00      6.00      0.00  kworker/1:1-events
00:51:15        0       239    0.00    0.00    0.00    0.00    0.00     2      0.00      0.00  288968   27076   0.34      2.00      0.00  multipathd
00:51:15        0      1109    0.00    0.00    0.00    0.00    0.00     2      0.00      0.00       0       0   0.00      1.00      0.00  kworker/2:3-mm_percpu_wq
00:51:15     1000      1401    1.00    0.00    0.00    0.00    1.00     1      0.00      0.00   31744   21780   0.28      8.00      0.00  python3
00:51:15     1000      1408    0.00    0.00    0.00    0.00    0.00     1      0.00      0.00    9900    3356   0.04      1.00      0.00  vmstat
00:51:15     1000      1409    0.00    1.00    0.00    0.00    1.00     1      0.00      0.00    7580    3760   0.05      1.00      0.00  pidstat
00:51:15     1000      1500    0.00    0.00    0.00    0.00    0.00     0    143.00      0.00    2704    1460   0.02      1.00      1.00  time
00:51:15     1000      1501   84.00    5.00    0.00    0.00   89.00     0   7659.00      0.00   47028   39780   0.50      5.00      6.00  /home/ubuntu/pe
00:51:15     1000      1502   16.00   14.00    0.00    0.00   30.00     3  11106.00      0.00 1816956   45924   0.58      4.00      6.00  hey

# Time        UID       PID    %usr %system  %guest   %wait    %CPU   CPU  minflt/s  majflt/s     VSZ     RSS   %MEM   cswch/s nvcswch/s  Command
00:51:16        0        11    0.00    0.00    0.00    0.00    0.00     0      0.00      0.00       0       0   0.00      1.00      0.00  kworker/0:1-mm_percpu_wq
00:51:16        0        16    0.00    0.00    0.00    0.00    0.00     1      0.00      0.00       0       0   0.00     14.00      0.00  rcu_sched
00:51:16        0        19    0.00    0.00    0.00    0.00    0.00     0      0.00      0.00       0       0   0.00      1.00      0.00  migration/0
00:51:16        0        25    0.00    0.00    0.00    0.00    0.00     1      0.00      0.00       0       0   0.00      2.00      0.00  migration/1
00:51:16        0        26    0.00    0.00    0.00    0.00    0.00     1      0.00      0.00       0       0   0.00      2.00      0.00  ksoftirqd/1
00:51:16        0        31    0.00    0.00    0.00    0.00    0.00     2      0.00      0.00       0       0   0.00      1.00      0.00  migration/2
00:51:16        0        32    0.00    0.00    0.00    0.00    0.00     2      0.00      0.00       0       0   0.00      1.00      0.00  ksoftirqd/2
00:51:16        0        37    0.00    0.00    0.00    0.00    0.00     3      0.00      0.00       0       0   0.00      1.00      0.00  migration/3
00:51:16        0        38    0.00    0.00    0.00    0.00    0.00     3      0.00      0.00       0       0   0.00      2.00      0.00  ksoftirqd/3
00:51:16        0        51    0.00    0.00    0.00    0.00    0.00     3      0.00      0.00       0       0   0.00      2.00      0.00  kworker/3:1-mm_percpu_wq
00:51:16        0        52    0.00    0.00    0.00    0.00    0.00     1      0.00      0.00       0       0   0.00      2.00      0.00  kcompactd0
00:51:16        0       120    0.00    1.00    0.00    0.00    1.00     1      0.00      0.00       0       0   0.00      4.00      0.00  kworker/u16:3-events_power_efficient
00:51:16        0       121    0.00    0.00    0.00    0.00    0.00     1      0.00      0.00       0       0   0.00      5.00      0.00  kworker/1:1-mm_percpu_wq
00:51:16        0       239    0.00    0.00    0.00    0.00    0.00     2      0.00      0.00  288968   27076   0.34      2.00      0.00  multipathd
00:51:16        0      1109    0.00    0.00    0.00    0.00    0.00     2      0.00      0.00       0       0   0.00      2.00      0.00  kworker/2:3-mm_percpu_wq
00:51:16     1000      1401    0.00    0.00    0.00    0.00    0.00     1      0.00      0.00   31744   21780   0.28      3.00      0.00  python3
00:51:16     1000      1408    0.00    0.00    0.00    0.00    0.00     1      0.00      0.00    9900    3356   0.04      1.00      0.00  vmstat
00:51:16     1000      1409    0.00    0.00    0.00    0.00    0.00     1      0.00      0.00    7580    3760   0.05      1.00      0.00  pidstat
00:51:16        0      1456    0.00    0.00    0.00    0.00    0.00     1      0.00      0.00       0       0   0.00      4.00      0.00  kworker/u16:0-events_power_efficient
00:51:16     1000      1501   92.00    8.00    0.00    0.00  100.00     0     40.00      0.00   47160   40036   0.51      2.00      3.00  /home/ubuntu/pe
00:51:16     1000      1510   15.00   14.00    0.00    0.00   29.00     3  10998.00      0.00 1816956   45424   0.57      3.00      3.00  hey

# Time        UID       PID    %usr %system  %guest   %wait    %CPU   CPU  minflt/s  majflt/s     VSZ     RSS   %MEM   cswch/s nvcswch/s  Command
00:51:17        0        11    0.00    0.00    0.00    0.00    0.00     0      0.00      0.00       0       0   0.00      4.00      0.00  kworker/0:1-events
00:51:17        0        26    0.00    0.00    0.00    0.00    0.00     1      0.00      0.00       0       0   0.00      2.00      0.00  ksoftirqd/1
00:51:17        0        51    0.00    0.00    0.00    0.00    0.00     3      0.00      0.00       0       0   0.00      2.00      0.00  kworker/3:1-mm_percpu_wq
00:51:17        0        52    0.00    0.00    0.00    0.00    0.00     1      0.00      0.00       0       0   0.00      2.00      0.00  kcompactd0
00:51:17        0       120    0.00    0.00    0.00    0.00    0.00     1      0.00      0.00       0       0   0.00      7.00      0.00  kworker/u16:3-events_power_efficient
00:51:17        0       121    0.00    0.00    0.00    0.00    0.00     1      0.00      0.00       0       0   0.00      6.00      0.00  kworker/1:1-mm_percpu_wq
00:51:17        0       239    0.00    0.00    0.00    0.00    0.00     2      0.00      0.00  288968   27076   0.34      1.00      0.00  multipathd
00:51:17        0      1109    0.00    0.00    0.00    0.00    0.00     2      0.00      0.00       0       0   0.00      3.00      0.00  kworker/2:3-mm_percpu_wq
00:51:17     1000      1408    0.00    0.00    0.00    0.00    0.00     1      0.00      0.00    9900    3356   0.04      1.00      0.00  vmstat
00:51:17     1000      1409    0.00    1.00    0.00    0.00    1.00     1      0.00      0.00    7580    3760   0.05      1.00      0.00  pidstat
00:51:17     1000      1501   94.00    6.00    0.00    0.00  100.00     0      0.00      0.00   47160   40036   0.51      0.00      5.00  /home/ubuntu/pe
00:51:17     1000      1510   22.00   15.00    0.00    0.00   37.00     3   2895.00      0.00 1817724   55844   0.71      0.00      0.00  hey

# Time        UID       PID    %usr %system  %guest   %wait    %CPU   CPU  minflt/s  majflt/s     VSZ     RSS   %MEM   cswch/s nvcswch/s  Command
00:51:18        0        11    0.00    0.00    0.00    0.00    0.00     0      0.00      0.00       0       0   0.00      2.00      0.00  kworker/0:1-mm_percpu_wq
00:51:18        0        16    0.00    0.00    0.00    0.00    0.00     1      0.00      0.00       0       0   0.00     46.00      0.00  rcu_sched
00:51:18        0        25    0.00    0.00    0.00    0.00    0.00     1      0.00      0.00       0       0   0.00      2.00      0.00  migration/1
00:51:18        0        32    0.00    0.00    0.00    0.00    0.00     2      0.00      0.00       0       0   0.00      1.00      0.00  ksoftirqd/2
00:51:18        0        51    0.00    0.00    0.00    0.00    0.00     3      0.00      0.00       0       0   0.00      3.00      0.00  kworker/3:1-mm_percpu_wq
00:51:18        0        52    0.00    0.00    0.00    0.00    0.00     1      0.00      0.00       0       0   0.00      2.00      0.00  kcompactd0
00:51:18        0       120    0.00    0.00    0.00    0.00    0.00     1      0.00      0.00       0       0   0.00      5.00      0.00  kworker/u16:3-events_power_efficient
00:51:18        0       121    0.00    0.00    0.00    0.00    0.00     1      0.00      0.00       0       0   0.00      7.00      0.00  kworker/1:1-mm_percpu_wq
00:51:18        0       239    0.00    0.00    0.00    0.00    0.00     2      0.00      0.00  288968   27076   0.34      1.00      0.00  multipathd
00:51:18        0      1109    0.00    0.00    0.00    0.00    0.00     2      0.00      0.00       0       0   0.00      3.00      0.00  kworker/2:3-mm_percpu_wq
00:51:18     1000      1401    2.00    1.00    0.00    0.00    3.00     1      0.00      0.00   31744   21780   0.28     11.00      0.00  python3
00:51:18     1000      1408    0.00    0.00    0.00    0.00    0.00     1      0.00      0.00    9900    3356   0.04      1.00      0.00  vmstat
00:51:18     1000      1409    0.00    0.00    0.00    0.00    0.00     1      0.00      0.00    7580    3760   0.05      1.00      1.00  pidstat
00:51:18     1000      1518    0.00    0.00    0.00    0.00    0.00     0    143.00      0.00    2704    1528   0.02      1.00      1.00  time
00:51:18     1000      1519   28.00    2.00    0.00    0.00   30.00     0   7937.00      0.00   48100   40896   0.52      5.00      1.00  /home/ubuntu/pa
00:51:18     1000      1520    3.00    2.00    0.00    0.00    5.00     2   2994.00      0.00 1750712   16572   0.21      5.00      5.00  hey

# Time        UID       PID    %usr %system  %guest   %wait    %CPU   CPU  minflt/s  majflt/s     VSZ     RSS   %MEM   cswch/s nvcswch/s  Command
00:51:19        0        11    0.00    0.00    0.00    0.00    0.00     0      0.00      0.00       0       0   0.00      5.00      0.00  kworker/0:1-events
00:51:19        0        16    0.00    0.00    0.00    0.00    0.00     1      0.00      0.00       0       0   0.00     13.00      0.00  rcu_sched
00:51:19        0        25    0.00    0.00    0.00    0.00    0.00     1      0.00      0.00       0       0   0.00      1.00      0.00  migration/1
00:51:19        0        38    0.00    0.00    0.00    0.00    0.00     3      0.00      0.00       0       0   0.00      1.00      0.00  ksoftirqd/3
00:51:19        0        51    0.00    0.00    0.00    0.00    0.00     3      0.00      0.00       0       0   0.00      2.00      0.00  kworker/3:1-mm_percpu_wq
00:51:19        0        52    0.00    0.00    0.00    0.00    0.00     1      0.00      0.00       0       0   0.00      2.00      0.00  kcompactd0
00:51:19        0       120    0.00    0.00    0.00    0.00    0.00     1      0.00      0.00       0       0   0.00      6.00      0.00  kworker/u16:3-events_power_efficient
00:51:19        0       121    0.00    0.00    0.00    0.00    0.00     1      0.00      0.00       0       0   0.00      6.00      0.00  kworker/1:1-events
00:51:19        0       239    0.00    0.00    0.00    0.00    0.00     2      0.00      0.00  288968   27076   0.34      2.00      0.00  multipathd
00:51:19        0      1109    0.00    0.00    0.00    0.00    0.00     2      0.00      0.00       0       0   0.00      2.00      0.00  kworker/2:3-mm_percpu_wq
00:51:19     1000      1401    0.00    0.00    0.00    0.00    0.00     1      0.00      0.00   31744   21780   0.28      3.00      0.00  python3
00:51:19     1000      1408    0.00    0.00    0.00    0.00    0.00     1      0.00      0.00    9900    3356   0.04      1.00      0.00  vmstat
00:51:19     1000      1409    1.00    0.00    0.00    0.00    1.00     1      0.00      0.00    7580    3760   0.05      1.00      0.00  pidstat
00:51:19     1000      1519   93.00    6.00    0.00    0.00   99.00     0     49.00      0.00   48232   41152   0.52      2.00      6.00  /home/ubuntu/pa
00:51:19     1000      1528    2.00    3.00    0.00    0.00    5.00     3   2859.00      0.00 1676980   16108   0.20      3.00      3.00  hey

# Time        UID       PID    %usr %system  %guest   %wait    %CPU   CPU  minflt/s  majflt/s     VSZ     RSS   %MEM   cswch/s nvcswch/s  Command
00:51:20        0        11    0.00    0.00    0.00    0.00    0.00     0      0.00      0.00       0       0   0.00      1.00      0.00  kworker/0:1-mm_percpu_wq
00:51:20        0        16    0.00    0.00    0.00    0.00    0.00     1      0.00      0.00       0       0   0.00      2.00      0.00  rcu_sched
00:51:20        0        19    0.00    0.00    0.00    0.00    0.00     0      0.00      0.00       0       0   0.00      1.00      0.00  migration/0
00:51:20        0        25    0.00    0.00    0.00    0.00    0.00     1      0.00      0.00       0       0   0.00      1.00      0.00  migration/1
00:51:20        0        26    0.00    0.00    0.00    0.00    0.00     1      0.00      0.00       0       0   0.00      2.00      0.00  ksoftirqd/1
00:51:20        0        31    0.00    0.00    0.00    0.00    0.00     2      0.00      0.00       0       0   0.00      1.00      0.00  migration/2
00:51:20        0        37    0.00    0.00    0.00    0.00    0.00     3      0.00      0.00       0       0   0.00      1.00      0.00  migration/3
00:51:20        0        51    0.00    0.00    0.00    0.00    0.00     3      0.00      0.00       0       0   0.00      1.00      0.00  kworker/3:1-mm_percpu_wq
00:51:20        0        52    0.00    0.00    0.00    0.00    0.00     1      0.00      0.00       0       0   0.00      2.00      0.00  kcompactd0
00:51:20        0       120    0.00    0.00    0.00    0.00    0.00     1      0.00      0.00       0       0   0.00      6.00      0.00  kworker/u16:3-events_power_efficient
00:51:20        0       121    0.00    0.00    0.00    0.00    0.00     1      0.00      0.00       0       0   0.00      7.00      0.00  kworker/1:1-events
00:51:20        0       239    0.00    0.00    0.00    0.00    0.00     2      0.00      0.00  288968   27076   0.34      2.00      0.00  multipathd
00:51:20        0       590    0.00    0.00    0.00    0.00    0.00     1      0.00      0.00   83064    4704   0.06      1.00      0.00  irqbalance
00:51:20        0      1109    0.00    0.00    0.00    0.00    0.00     2      0.00      0.00       0       0   0.00      1.00      0.00  kworker/2:3-mm_percpu_wq
00:51:20     1000      1408    0.00    0.00    0.00    0.00    0.00     1      0.00      0.00    9900    3356   0.04      1.00      0.00  vmstat
00:51:20     1000      1409    0.00    1.00    0.00    0.00    1.00     1      0.00      0.00    7580    3760   0.05      1.00      0.00  pidstat
00:51:20     1000      1519   96.00    5.00    0.00    0.00  101.00     0      2.00      0.00   48364   41152   0.52      0.00      3.00  /home/ubuntu/pa
00:51:20     1000      1528   18.00   16.00    0.00    0.00   34.00     3   9070.00      0.00 1817276   48748   0.62      0.00      0.00  hey

# Time        UID       PID    %usr %system  %guest   %wait    %CPU   CPU  minflt/s  majflt/s     VSZ     RSS   %MEM   cswch/s nvcswch/s  Command
00:51:21        0         1    0.00    0.00    0.00    0.00    0.00     1      1.00      0.00   22160   13100   0.17      1.00      0.00  systemd
00:51:21        0        11    0.00    0.00    0.00    0.00    0.00     0      0.00      0.00       0       0   0.00      4.00      0.00  kworker/0:1-events
00:51:21        0        16    0.00    0.00    0.00    0.00    0.00     1      0.00      0.00       0       0   0.00     22.00      0.00  rcu_sched
00:51:21        0        26    0.00    0.00    0.00    0.00    0.00     1      0.00      0.00       0       0   0.00      2.00      0.00  ksoftirqd/1
00:51:21        0        32    0.00    0.00    0.00    0.00    0.00     2      0.00      0.00       0       0   0.00      1.00      0.00  ksoftirqd/2
00:51:21        0        51    0.00    0.00    0.00    0.00    0.00     3      0.00      0.00       0       0   0.00      7.00      0.00  kworker/3:1-events
00:51:21        0        52    0.00    0.00    0.00    0.00    0.00     1      0.00      0.00       0       0   0.00      2.00      0.00  kcompactd0
00:51:21        0       120    0.00    0.00    0.00    0.00    0.00     3      0.00      0.00       0       0   0.00      2.00      0.00  kworker/u16:3-events_power_efficient
00:51:21        0       121    0.00    0.00    0.00    0.00    0.00     1      0.00      0.00       0       0   0.00      3.00      0.00  kworker/1:1-mm_percpu_wq
00:51:21        0       239    0.00    0.00    0.00    0.00    0.00     2      0.00      0.00  288968   27076   0.34      1.00      0.00  multipathd
00:51:21        0      1045    0.00    0.00    0.00    0.00    0.00     1      0.00      0.00       0       0   0.00      2.00      0.00  kworker/u16:1-events_power_efficient
00:51:21        0      1109    0.00    0.00    0.00    0.00    0.00     2      0.00      0.00       0       0   0.00      1.00      0.00  kworker/2:3-events
00:51:21     1000      1401    0.00    0.00    0.00    0.00    0.00     1      0.00      0.00   31744   21780   0.28      3.00      0.00  python3
00:51:21     1000      1408    0.00    0.00    0.00    0.00    0.00     1      0.00      0.00    9900    3356   0.04      1.00      0.00  vmstat
00:51:21     1000      1409    0.00    0.00    0.00    0.00    0.00     1      0.00      0.00    7580    3760   0.05      1.00      0.00  pidstat
00:51:21        0      1456    0.00    0.00    0.00    0.00    0.00     1      0.00      0.00       0       0   0.00      6.00      0.00  kworker/u16:0-events_unbound

# Time        UID       PID    %usr %system  %guest   %wait    %CPU   CPU  minflt/s  majflt/s     VSZ     RSS   %MEM   cswch/s nvcswch/s  Command
00:51:22        0        11    0.00    0.00    0.00    0.00    0.00     0      0.00      0.00       0       0   0.00      1.00      0.00  kworker/0:1-mm_percpu_wq
00:51:22        0        16    0.00    0.00    0.00    0.00    0.00     1      0.00      0.00       0       0   0.00     27.00      0.00  rcu_sched
00:51:22        0        25    0.00    0.00    0.00    0.00    0.00     1      0.00      0.00       0       0   0.00      2.00      0.00  migration/1
00:51:22        0        51    0.00    0.00    0.00    0.00    0.00     3      0.00      0.00       0       0   0.00      2.00      0.00  kworker/3:1-events
00:51:22        0        52    0.00    0.00    0.00    0.00    0.00     1      0.00      0.00       0       0   0.00      2.00      0.00  kcompactd0
00:51:22        0       121    0.00    0.00    0.00    0.00    0.00     1      0.00      0.00       0       0   0.00      6.00      0.00  kworker/1:1-mm_percpu_wq
00:51:22        0       239    0.00    0.00    0.00    0.00    0.00     2      0.00      0.00  288968   27076   0.34      1.00      0.00  multipathd
00:51:22        0      1045    0.00    0.00    0.00    0.00    0.00     1      0.00      0.00       0       0   0.00      5.00      0.00  kworker/u16:1-events_power_efficient
00:51:22        0      1109    0.00    0.00    0.00    0.00    0.00     2      0.00      0.00       0       0   0.00      2.00      0.00  kworker/2:3-events
00:51:22     1000      1401    1.00    0.00    0.00    1.00    1.00     1      1.00      0.00   31744   21780   0.28      8.00      0.00  python3
00:51:22     1000      1408    0.00    0.00    0.00    0.00    0.00     1      0.00      0.00    9900    3356   0.04      1.00      0.00  vmstat
00:51:22     1000      1409    0.00    0.00    0.00    0.00    0.00     1      0.00      0.00    7580    3760   0.05      1.00      0.00  pidstat
00:51:22     1000      1536    0.00    0.00    0.00    0.00    0.00     0    144.00      0.00    2704    1528   0.02      1.00      1.00  time
00:51:22     1000      1537   65.00    6.00    0.00    0.00   71.00     0   7936.00      0.00   48064   40704   0.51      5.00      1.00  /home/ubuntu/pa
00:51:22     1000      1538   11.00   10.00    0.00    0.00   21.00     2   7712.00      0.00 1816636   33392   0.42      4.00      2.00  hey

# Time        UID       PID    %usr %system  %guest   %wait    %CPU   CPU  minflt/s  majflt/s     VSZ     RSS   %MEM   cswch/s nvcswch/s  Command
00:51:23        0        11    0.00    0.00    0.00    0.00    0.00     0      0.00      0.00       0       0   0.00      2.00      0.00  kworker/0:1-events
00:51:23        0        16    0.00    0.00    0.00    0.00    0.00     1      0.00      0.00       0       0   0.00     15.00      0.00  rcu_sched
00:51:23        0        25    0.00    0.00    0.00    0.00    0.00     1      0.00      0.00       0       0   0.00      1.00      0.00  migration/1
00:51:23        0        51    0.00    0.00    0.00    0.00    0.00     3      0.00      0.00       0       0   0.00      3.00      0.00  kworker/3:1-mm_percpu_wq
00:51:23        0        52    0.00    0.00    0.00    0.00    0.00     1      0.00      0.00       0       0   0.00      2.00      0.00  kcompactd0
00:51:23        0       121    0.00    0.00    0.00    0.00    0.00     1      0.00      0.00       0       0   0.00      7.00      0.00  kworker/1:1-mm_percpu_wq
00:51:23        0       239    0.00    0.00    0.00    0.00    0.00     2      0.00      0.00  288968   27076   0.34      2.00      0.00  multipathd
00:51:23      110       689    0.00    0.00    0.00    0.00    0.00     1      0.00      0.00   19416    3776   0.05      2.00      0.00  chronyd
00:51:23        0      1045    0.00    0.00    0.00    0.00    0.00     2      0.00      0.00       0       0   0.00      6.00      0.00  kworker/u16:1-events_power_efficient
00:51:23        0      1109    0.00    0.00    0.00    0.00    0.00     2      0.00      0.00       0       0   0.00      4.00      0.00  kworker/2:3-mm_percpu_wq
00:51:23     1000      1401    0.00    0.00    0.00    0.00    0.00     1      0.00      0.00   31744   21780   0.28      3.00      0.00  python3
00:51:23     1000      1408    0.00    0.00    0.00    0.00    0.00     1      0.00      0.00    9900    3356   0.04      1.00      0.00  vmstat
00:51:23     1000      1409    0.00    1.00    0.00    0.00    1.00     1      0.00      0.00    7580    3760   0.05      1.00      0.00  pidstat
00:51:23     1000      1537   93.00    6.00    0.00    0.00   99.00     0     51.00      0.00   48328   40960   0.52      2.00      3.00  /home/ubuntu/pa
00:51:23     1000      1546   11.00   10.00    0.00    0.00   21.00     3   7521.00      0.00 1816892   32864   0.42      3.00      3.00  hey

# Time        UID       PID    %usr %system  %guest   %wait    %CPU   CPU  minflt/s  majflt/s     VSZ     RSS   %MEM   cswch/s nvcswch/s  Command
00:51:24        0        11    0.00    0.00    0.00    0.00    0.00     0      0.00      0.00       0       0   0.00      1.00      0.00  kworker/0:1-mm_percpu_wq
00:51:24        0        19    0.00    0.00    0.00    0.00    0.00     0      0.00      0.00       0       0   0.00      1.00      0.00  migration/0
00:51:24        0        25    0.00    0.00    0.00    0.00    0.00     1      0.00      0.00       0       0   0.00      1.00      0.00  migration/1
00:51:24        0        26    0.00    0.00    0.00    0.00    0.00     1      0.00      0.00       0       0   0.00      1.00      0.00  ksoftirqd/1
00:51:24        0        31    0.00    0.00    0.00    0.00    0.00     2      0.00      0.00       0       0   0.00      1.00      0.00  migration/2
00:51:24        0        37    0.00    0.00    0.00    0.00    0.00     3      0.00      0.00       0       0   0.00      1.00      0.00  migration/3
00:51:24        0        51    0.00    0.00    0.00    0.00    0.00     3      0.00      0.00       0       0   0.00      2.00      0.00  kworker/3:1-mm_percpu_wq
00:51:24        0        52    0.00    0.00    0.00    0.00    0.00     1      0.00      0.00       0       0   0.00      2.00      0.00  kcompactd0
00:51:24        0       121    0.00    0.00    0.00    0.00    0.00     1      0.00      0.00       0       0   0.00      1.00      0.00  kworker/1:1-mm_percpu_wq
00:51:24        0       239    0.00    0.00    0.00    0.00    0.00     2      0.00      0.00  288968   27076   0.34      1.00      0.00  multipathd
00:51:24        0      1045    0.00    0.00    0.00    0.00    0.00     2      0.00      0.00       0       0   0.00      5.00      0.00  kworker/u16:1-events_power_efficient
00:51:24        0      1109    1.00    0.00    0.00    0.00    1.00     2      0.00      0.00       0       0   0.00      8.00      0.00  kworker/2:3-events
00:51:24     1000      1408    0.00    0.00    0.00    0.00    0.00     1      0.00      0.00    9900    3356   0.04      1.00      0.00  vmstat
00:51:24     1000      1409    1.00    0.00    0.00    0.00    1.00     1      0.00      0.00    7580    3760   0.05      1.00      0.00  pidstat
00:51:24     1000      1537   93.00    7.00    0.00    0.00  100.00     0      1.00      0.00   48328   40960   0.52      0.00      3.00  /home/ubuntu/pa
00:51:24     1000      1546   18.00   14.00    0.00    0.00   32.00     3   4497.00      0.00 1817340   48992   0.62      0.00      0.00  hey

# Time        UID       PID    %usr %system  %guest   %wait    %CPU   CPU  minflt/s  majflt/s     VSZ     RSS   %MEM   cswch/s nvcswch/s  Command
00:51:25        0        11    0.00    0.00    0.00    0.00    0.00     0      0.00      0.00       0       0   0.00      3.00      0.00  kworker/0:1-events
00:51:25        0        16    0.00    0.00    0.00    0.00    0.00     2      0.00      0.00       0       0   0.00     51.00      0.00  rcu_sched
00:51:25        0        25    0.00    0.00    0.00    0.00    0.00     1      0.00      0.00       0       0   0.00      1.00      0.00  migration/1
00:51:25        0        26    0.00    0.00    0.00    0.00    0.00     1      0.00      0.00       0       0   0.00      2.00      0.00  ksoftirqd/1
00:51:25        0        32    0.00    0.00    0.00    0.00    0.00     2      0.00      0.00       0       0   0.00      1.00      0.00  ksoftirqd/2
00:51:25        0        51    0.00    0.00    0.00    0.00    0.00     3      0.00      0.00       0       0   0.00      4.00      0.00  kworker/3:1-mm_percpu_wq
00:51:25        0        52    0.00    0.00    0.00    0.00    0.00     1      0.00      0.00       0       0   0.00      2.00      0.00  kcompactd0
00:51:25        0       121    0.00    0.00    0.00    0.00    0.00     1      0.00      0.00       0       0   0.00      7.00      0.00  kworker/1:1-events
00:51:25        0       136    0.00    0.00    0.00    0.00    0.00     2      0.00      0.00       0       0   0.00      3.00      0.00  jbd2/nvme0n1p1-8
00:51:25        0       239    0.00    0.00    0.00    0.00    0.00     2      0.00      0.00  288968   27076   0.34      2.00      0.00  multipathd
00:51:25        0      1045    0.00    0.00    0.00    0.00    0.00     1      0.00      0.00       0       0   0.00      9.00      0.00  kworker/u16:1-writeback
00:51:25        0      1109    0.00    0.00    0.00    0.00    0.00     2      0.00      0.00       0       0   0.00      4.00      0.00  kworker/2:3-mm_percpu_wq
00:51:25     1000      1401    1.00    1.00    0.00    0.00    2.00     1      0.00      0.00   31744   21780   0.28      7.00      0.00  python3
00:51:25     1000      1408    0.00    0.00    0.00    0.00    0.00     1      0.00      0.00    9900    3356   0.04      1.00      0.00  vmstat
00:51:25     1000      1409    0.00    1.00    0.00    0.00    1.00     1      0.00      0.00    7580    3760   0.05      1.00      0.00  pidstat
00:51:25     1000      1554    0.00    0.00    0.00    0.00    0.00     0    144.00      0.00    2704    1460   0.02      1.00      1.00  time
00:51:25     1000      1555   12.00    1.00    0.00    0.00   13.00     0   7876.00      0.00   47928   40568   0.51      1.00      1.00  /home/ubuntu/pa

# Time        UID       PID    %usr %system  %guest   %wait    %CPU   CPU  minflt/s  majflt/s     VSZ     RSS   %MEM   cswch/s nvcswch/s  Command
00:51:26        0        11    0.00    0.00    0.00    0.00    0.00     0      0.00      0.00       0       0   0.00      1.00      0.00  kworker/0:1-mm_percpu_wq
00:51:26        0        16    0.00    0.00    0.00    0.00    0.00     1      0.00      0.00       0       0   0.00      5.00      0.00  rcu_sched
00:51:26        0        25    0.00    0.00    0.00    0.00    0.00     1      0.00      0.00       0       0   0.00      1.00      0.00  migration/1
00:51:26        0        26    0.00    0.00    0.00    0.00    0.00     1      0.00      0.00       0       0   0.00      1.00      0.00  ksoftirqd/1
00:51:26        0        51    0.00    0.00    0.00    0.00    0.00     3      0.00      0.00       0       0   0.00      1.00      0.00  kworker/3:1-mm_percpu_wq
00:51:26        0        52    0.00    0.00    0.00    0.00    0.00     1      0.00      0.00       0       0   0.00      2.00      0.00  kcompactd0
00:51:26        0       121    0.00    0.00    0.00    0.00    0.00     1      0.00      0.00       0       0   0.00      5.00      0.00  kworker/1:1-mm_percpu_wq
00:51:26        0       162    0.00    0.00    0.00    0.00    0.00     2      0.00      0.00       0       0   0.00      1.00      0.00  kworker/2:1H-kblockd
00:51:26        0       239    0.00    0.00    0.00    0.00    0.00     2      0.00      0.00  288968   27076   0.34      2.00      0.00  multipathd
00:51:26        0       501    0.00    0.00    0.00    0.00    0.00     1      0.00      0.00       0       0   0.00      1.00      0.00  kworker/1:1H-kblockd
00:51:26        0       796    0.00    0.00    0.00    0.00    0.00     3      0.00      0.00       0       0   0.00      1.00      0.00  kworker/3:1H-kblockd
00:51:26        0      1045    0.00    0.00    0.00    0.00    0.00     3      0.00      0.00       0       0   0.00      6.00      0.00  kworker/u16:1-flush-259:0
00:51:26        0      1109    0.00    0.00    0.00    0.00    0.00     2      0.00      0.00       0       0   0.00      2.00      0.00  kworker/2:3-events
00:51:26     1000      1401    0.00    0.00    0.00    0.00    0.00     1      0.00      0.00   31744   21780   0.28      5.00      0.00  python3
00:51:26     1000      1408    0.00    0.00    0.00    0.00    0.00     1      0.00      0.00    9900    3356   0.04      1.00      0.00  vmstat
00:51:26     1000      1409    0.00    0.00    0.00    0.00    0.00     1      0.00      0.00    7580    3760   0.05      1.00      1.00  pidstat
00:51:26        0      1456    0.00    0.00    0.00    0.00    0.00     1      0.00      0.00       0       0   0.00     25.00      0.00  kworker/u16:0-events_power_efficient
00:51:26     1000      1555   90.00    8.00    0.00    0.00   98.00     0     59.00      0.00   48060   40824   0.52      4.00      2.00  /home/ubuntu/pa
00:51:26     1000      1556   18.00   16.00    0.00    0.00   34.00     2  11884.00      0.00 1817276   48548   0.61      3.00      4.00  hey

# Time        UID       PID    %usr %system  %guest   %wait    %CPU   CPU  minflt/s  majflt/s     VSZ     RSS   %MEM   cswch/s nvcswch/s  Command
00:51:27        0        11    0.00    0.00    0.00    0.00    0.00     0      0.00      0.00       0       0   0.00      3.00      0.00  kworker/0:1-events
00:51:27        0        16    0.00    0.00    0.00    0.00    0.00     1      0.00      0.00       0       0   0.00     13.00      0.00  rcu_sched
00:51:27        0        25    0.00    0.00    0.00    0.00    0.00     1      0.00      0.00       0       0   0.00      1.00      0.00  migration/1
00:51:27        0        26    0.00    0.00    0.00    0.00    0.00     1      0.00      0.00       0       0   0.00      1.00      0.00  ksoftirqd/1
00:51:27        0        32    0.00    0.00    0.00    0.00    0.00     2      0.00      0.00       0       0   0.00      1.00      0.00  ksoftirqd/2
00:51:27        0        51    0.00    0.00    0.00    0.00    0.00     3      0.00      0.00       0       0   0.00      3.00      0.00  kworker/3:1-mm_percpu_wq
00:51:27        0        52    0.00    0.00    0.00    0.00    0.00     1      0.00      0.00       0       0   0.00      2.00      0.00  kcompactd0
00:51:27        0       121    0.00    0.00    0.00    0.00    0.00     1      0.00      0.00       0       0   0.00      6.00      0.00  kworker/1:1-events
00:51:27        0       239    0.00    0.00    0.00    0.00    0.00     2      0.00      0.00  288968   27076   0.34      1.00      0.00  multipathd
00:51:27        0      1045    0.00    0.00    0.00    0.00    0.00     3      0.00      0.00       0       0   0.00      6.00      0.00  kworker/u16:1-events_unbound
00:51:27        0      1109    0.00    0.00    0.00    0.00    0.00     2      0.00      0.00       0       0   0.00      2.00      0.00  kworker/2:3-mm_percpu_wq
00:51:27     1000      1401    0.00    0.00    0.00    0.00    0.00     1      0.00      0.00   31744   21780   0.28      3.00      0.00  python3
00:51:27     1000      1408    0.00    0.00    0.00    0.00    0.00     1      0.00      0.00    9900    3356   0.04      1.00      0.00  vmstat
00:51:27     1000      1409    0.00    0.00    0.00    0.00    0.00     1      0.00      0.00    7580    3760   0.05      1.00      0.00  pidstat
00:51:27     1000      1555   93.00    6.00    0.00    0.00   99.00     0     48.00      0.00   48324   41080   0.52      3.00      4.00  /home/ubuntu/pa
00:51:27     1000      1564   18.00   17.00    0.00    0.00   35.00     3  12030.00      0.00 1817276   49068   0.62      3.00      3.00  hey

# Time        UID       PID    %usr %system  %guest   %wait    %CPU   CPU  minflt/s  majflt/s     VSZ     RSS   %MEM   cswch/s nvcswch/s  Command
00:51:28        0        11    0.00    0.00    0.00    0.00    0.00     0      0.00      0.00       0       0   0.00      1.00      0.00  kworker/0:1-mm_percpu_wq
00:51:28        0        19    0.00    0.00    0.00    0.00    0.00     0      0.00      0.00       0       0   0.00      1.00      0.00  migration/0
00:51:28        0        25    0.00    0.00    0.00    0.00    0.00     1      0.00      0.00       0       0   0.00      1.00      0.00  migration/1
00:51:28        0        31    0.00    0.00    0.00    0.00    0.00     2      0.00      0.00       0       0   0.00      1.00      0.00  migration/2
00:51:28        0        37    0.00    0.00    0.00    0.00    0.00     3      0.00      0.00       0       0   0.00      1.00      0.00  migration/3
00:51:28        0        51    0.00    0.00    0.00    0.00    0.00     3      0.00      0.00       0       0   0.00      6.00      0.00  kworker/3:1-mm_percpu_wq
00:51:28        0        52    0.00    0.00    0.00    0.00    0.00     1      0.00      0.00       0       0   0.00      2.00      0.00  kcompactd0
00:51:28        0       121    0.00    0.00    0.00    0.00    0.00     1      0.00      0.00       0       0   0.00      1.00      0.00  kworker/1:1-mm_percpu_wq
00:51:28        0       239    0.00    0.00    0.00    0.00    0.00     2      0.00      0.00  288968   27076   0.34      1.00      0.00  multipathd
00:51:28        0      1045    0.00    0.00    0.00    0.00    0.00     3      0.00      0.00       0       0   0.00      5.00      0.00  kworker/u16:1-events_power_efficient
00:51:28        0      1109    0.00    0.00    0.00    0.00    0.00     2      0.00      0.00       0       0   0.00      2.00      0.00  kworker/2:3-events
00:51:28     1000      1408    0.00    0.00    0.00    0.00    0.00     1      0.00      0.00    9900    3356   0.04      1.00      0.00  vmstat
00:51:28     1000      1409    0.00    1.00    0.00    0.00    1.00     1      0.00      0.00    7580    3760   0.05      1.00      0.00  pidstat
00:51:28     1000      1555   95.00    6.00    0.00    0.00  101.00     0      0.00      0.00   48324   41080   0.52      0.00      3.00  /home/ubuntu/pa
00:51:28     1000      1564   19.00   14.00    0.00    0.00   33.00     3   1370.00      0.00 1817724   53932   0.68      0.00      0.00  hey

# Time        UID       PID    %usr %system  %guest   %wait    %CPU   CPU  minflt/s  majflt/s     VSZ     RSS   %MEM   cswch/s nvcswch/s  Command
00:51:29        0        11    0.00    0.00    0.00    1.00    0.00     0      0.00      0.00       0       0   0.00      3.00      0.00  kworker/0:1-events
00:51:29        0        16    0.00    0.00    0.00    0.00    0.00     1      0.00      0.00       0       0   0.00     53.00      0.00  rcu_sched
00:51:29        0        25    0.00    0.00    0.00    0.00    0.00     1      0.00      0.00       0       0   0.00      2.00      0.00  migration/1
00:51:29        0        26    0.00    0.00    0.00    0.00    0.00     1      0.00      0.00       0       0   0.00      1.00      0.00  ksoftirqd/1
00:51:29        0        32    0.00    0.00    0.00    0.00    0.00     2      0.00      0.00       0       0   0.00      1.00      0.00  ksoftirqd/2
00:51:29        0        38    0.00    0.00    0.00    0.00    0.00     3      0.00      0.00       0       0   0.00      1.00      0.00  ksoftirqd/3
00:51:29        0        51    0.00    0.00    0.00    0.00    0.00     3      0.00      0.00       0       0   0.00      6.00      0.00  kworker/3:1-mm_percpu_wq
00:51:29        0        52    0.00    0.00    0.00    0.00    0.00     1      0.00      0.00       0       0   0.00      2.00      0.00  kcompactd0
00:51:29        0       121    0.00    0.00    0.00    0.00    0.00     1      0.00      0.00       0       0   0.00      6.00      0.00  kworker/1:1-mm_percpu_wq
00:51:29        0       239    0.00    1.00    0.00    0.00    1.00     2      0.00      0.00  288968   27076   0.34      1.00      0.00  multipathd
00:51:29        0      1045    0.00    0.00    0.00    0.00    0.00     1      0.00      0.00       0       0   0.00      5.00      0.00  kworker/u16:1-events_power_efficient
00:51:29        0      1109    0.00    0.00    0.00    0.00    0.00     2      0.00      0.00       0       0   0.00      3.00      0.00  kworker/2:3-mm_percpu_wq
00:51:29     1000      1401    2.00    0.00    0.00    0.00    2.00     1      0.00      0.00   31744   21780   0.28     11.00      0.00  python3
00:51:29     1000      1408    0.00    0.00    0.00    0.00    0.00     1      0.00      0.00    9900    3356   0.04      1.00      0.00  vmstat
00:51:29     1000      1409    0.00    0.00    0.00    0.00    0.00     1      0.00      0.00    7580    3760   0.05      1.00      0.00  pidstat
00:51:29     1000      1572    0.00    0.00    0.00    0.00    0.00     0    145.00      0.00    2704    1464   0.02      1.00      2.00  time
00:51:29     1000      1573   47.00    5.00    0.00    0.00   52.00     0   7949.00      0.00   48144   40972   0.52      5.00      1.00  /home/ubuntu/pa
00:51:29     1000      1574    8.00    7.00    0.00    0.00   15.00     2   5597.00      0.00 1742648   25972   0.33      4.00      5.00  hey

# Time        UID       PID    %usr %system  %guest   %wait    %CPU   CPU  minflt/s  majflt/s     VSZ     RSS   %MEM   cswch/s nvcswch/s  Command
00:51:30        0        11    0.00    0.00    0.00    0.00    0.00     0      0.00      0.00       0       0   0.00      1.00      0.00  kworker/0:1-mm_percpu_wq
00:51:30        0        16    0.00    0.00    0.00    0.00    0.00     1      0.00      0.00       0       0   0.00     12.00      0.00  rcu_sched
00:51:30        0        25    0.00    0.00    0.00    0.00    0.00     1      0.00      0.00       0       0   0.00      1.00      0.00  migration/1
00:51:30        0        26    0.00    0.00    0.00    0.00    0.00     1      0.00      0.00       0       0   0.00      2.00      0.00  ksoftirqd/1
00:51:30        0        51    0.00    0.00    0.00    0.00    0.00     3      0.00      0.00       0       0   0.00      2.00      0.00  kworker/3:1-mm_percpu_wq
00:51:30        0        52    0.00    0.00    0.00    0.00    0.00     1      0.00      0.00       0       0   0.00      2.00      0.00  kcompactd0
00:51:30        0       121    0.00    0.00    0.00    0.00    0.00     1      0.00      0.00       0       0   0.00      6.00      0.00  kworker/1:1-events
00:51:30        0       239    0.00    0.00    0.00    0.00    0.00     2      0.00      0.00  288968   27076   0.34      1.00      0.00  multipathd
00:51:30        0       590    0.00    0.00    0.00    0.00    0.00     1      0.00      0.00   83064    4704   0.06      1.00      0.00  irqbalance
00:51:30        0      1045    0.00    0.00    0.00    0.00    0.00     1      0.00      0.00       0       0   0.00      8.00      0.00  kworker/u16:1-events_power_efficient
00:51:30        0      1109    0.00    0.00    0.00    0.00    0.00     2      0.00      0.00       0       0   0.00      4.00      0.00  kworker/2:3-events
00:51:30     1000      1401    0.00    0.00    0.00    0.00    0.00     1      0.00      0.00   31744   21780   0.28      3.00      0.00  python3
00:51:30     1000      1408    0.00    0.00    0.00    0.00    0.00     1      0.00      0.00    9900    3356   0.04      1.00      0.00  vmstat
00:51:30     1000      1409    0.00    1.00    0.00    0.00    1.00     1      0.00      0.00    7580    3760   0.05      1.00      0.00  pidstat
00:51:30     1000      1573   93.00    6.00    0.00    0.00   99.00     0     50.00      0.00   48408   41228   0.52      2.00      2.00  /home/ubuntu/pa
00:51:30     1000      1582    7.00    7.00    0.00    0.00   14.00     3   5473.00      0.00 1742648   25344   0.32      3.00      2.00  hey

# Time        UID       PID    %usr %system  %guest   %wait    %CPU   CPU  minflt/s  majflt/s     VSZ     RSS   %MEM   cswch/s nvcswch/s  Command
00:51:31        0        11    0.00    0.00    0.00    0.00    0.00     0      0.00      0.00       0       0   0.00      2.00      0.00  kworker/0:1-events
00:51:31        0        16    0.00    0.00    0.00    0.00    0.00     1      0.00      0.00       0       0   0.00      2.00      0.00  rcu_sched
00:51:31        0        51    0.00    0.00    0.00    0.00    0.00     3      0.00      0.00       0       0   0.00      1.00      0.00  kworker/3:1-mm_percpu_wq
00:51:31        0        52    0.00    0.00    0.00    0.00    0.00     1      0.00      0.00       0       0   0.00      2.00      0.00  kcompactd0
00:51:31        0       121    0.00    0.00    0.00    0.00    0.00     1      0.00      0.00       0       0   0.00      6.00      0.00  kworker/1:1-mm_percpu_wq
00:51:31        0       162    0.00    0.00    0.00    0.00    0.00     2      0.00      0.00       0       0   0.00      1.00      0.00  kworker/2:1H-kblockd
00:51:31        0       239    0.00    0.00    0.00    0.00    0.00     2      0.00      0.00  288968   27076   0.34      1.00      0.00  multipathd
00:51:31        0      1045    0.00    0.00    0.00    0.00    0.00     1      0.00      0.00       0       0   0.00      9.00      0.00  kworker/u16:1-events_power_efficient
00:51:31        0      1109    0.00    0.00    0.00    0.00    0.00     2      0.00      0.00       0       0   0.00      3.00      0.00  kworker/2:3-mm_percpu_wq
00:51:31     1000      1408    0.00    0.00    0.00    0.00    0.00     1      0.00      0.00    9900    3356   0.04      1.00      0.00  vmstat
00:51:31     1000      1409    0.00    0.00    0.00    0.00    0.00     1      0.00      0.00    7580    3760   0.05      1.00      0.00  pidstat
00:51:31        0      1456    0.00    0.00    0.00    0.00    0.00     3      0.00      0.00       0       0   0.00      1.00      0.00  kworker/u16:0-events_power_efficient
00:51:31     1000      1573   95.00    5.00    0.00    0.00  100.00     0      1.00      0.00   48408   41228   0.52      0.00      3.00  /home/ubuntu/pa
00:51:31     1000      1582   21.00   16.00    0.00    0.00   37.00     3   6661.00      0.00 1743608   49408   0.62      0.00      0.00  hey

# Time        UID       PID    %usr %system  %guest   %wait    %CPU   CPU  minflt/s  majflt/s     VSZ     RSS   %MEM   cswch/s nvcswch/s  Command
00:51:32        0        11    0.00    0.00    0.00    0.00    0.00     0      0.00      0.00       0       0   0.00      1.00      0.00  kworker/0:1-events
00:51:32        0        16    0.00    0.00    0.00    0.00    0.00     1      0.00      0.00       0       0   0.00     20.00      0.00  rcu_sched
00:51:32        0        19    0.00    0.00    0.00    0.00    0.00     0      0.00      0.00       0       0   0.00      1.00      0.00  migration/0
00:51:32        0        25    0.00    0.00    0.00    0.00    0.00     1      0.00      0.00       0       0   0.00      1.00      0.00  migration/1
00:51:32        0        31    0.00    0.00    0.00    0.00    0.00     2      0.00      0.00       0       0   0.00      1.00      0.00  migration/2
00:51:32        0        37    0.00    0.00    0.00    0.00    0.00     3      0.00      0.00       0       0   0.00      1.00      0.00  migration/3
00:51:32        0        38    0.00    0.00    0.00    0.00    0.00     3      0.00      0.00       0       0   0.00      1.00      0.00  ksoftirqd/3
00:51:32        0        51    0.00    0.00    0.00    0.00    0.00     3      0.00      0.00       0       0   0.00      3.00      0.00  kworker/3:1-events
00:51:32        0        52    0.00    0.00    0.00    0.00    0.00     2      0.00      0.00       0       0   0.00      2.00      0.00  kcompactd0
00:51:32        0       121    0.00    0.00    0.00    0.00    0.00     1      0.00      0.00       0       0   0.00      6.00      0.00  kworker/1:1-mm_percpu_wq
00:51:32        0       239    0.00    0.00    0.00    0.00    0.00     2      0.00      0.00  288968   27076   0.34      1.00      0.00  multipathd
00:51:32        0      1109    0.00    0.00    0.00    0.00    0.00     2      0.00      0.00       0       0   0.00      2.00      0.00  kworker/2:3-mm_percpu_wq
00:51:32     1000      1401    0.00    0.00    0.00    0.00    0.00     1      0.00      0.00   31744   21780   0.28      3.00      2.00  python3
00:51:32     1000      1408    0.00    0.00    0.00    0.00    0.00     1      0.00      0.00    9900    3356   0.04      1.00      0.00  vmstat
00:51:32     1000      1409    1.00    0.00    0.00    0.00    1.00     1      0.00      0.00    7580    3760   0.05      1.00      1.00  pidstat
00:51:32        0      1456    0.00    0.00    0.00    0.00    0.00     1      0.00      0.00       0       0   0.00      7.00      0.00  kworker/u16:0-events_power_efficient

# Time        UID       PID    %usr %system  %guest   %wait    %CPU   CPU  minflt/s  majflt/s     VSZ     RSS   %MEM   cswch/s nvcswch/s  Command
00:51:33        0        11    0.00    0.00    0.00    0.00    0.00     0      0.00      0.00       0       0   0.00      4.00      0.00  kworker/0:1-events
00:51:33        0        16    0.00    0.00    0.00    0.00    0.00     2      0.00      0.00       0       0   0.00     35.00      0.00  rcu_sched
00:51:33        0        25    0.00    0.00    0.00    0.00    0.00     1      0.00      0.00       0       0   0.00      2.00      0.00  migration/1
00:51:33        0        51    0.00    0.00    0.00    0.00    0.00     3      0.00      0.00       0       0   0.00      1.00      0.00  kworker/3:1-mm_percpu_wq
00:51:33        0        52    0.00    0.00    0.00    0.00    0.00     2      0.00      0.00       0       0   0.00      2.00      0.00  kcompactd0
00:51:33        0       121    0.00    0.00    0.00    0.00    0.00     1      0.00      0.00       0       0   0.00     10.00      0.00  kworker/1:1-mm_percpu_wq
00:51:33        0       239    0.00    0.00    0.00    0.00    0.00     2      0.00      0.00  288968   27076   0.34      1.00      0.00  multipathd
00:51:33        0      1109    0.00    0.00    0.00    0.00    0.00     2      0.00      0.00       0       0   0.00      3.00      0.00  kworker/2:3-mm_percpu_wq
00:51:33     1000      1401    1.00    1.00    0.00    0.00    2.00     1      0.00      0.00   31744   21780   0.28     10.00      0.00  python3
00:51:33     1000      1408    0.00    0.00    0.00    0.00    0.00     1      0.00      0.00    9900    3356   0.04      1.00      0.00  vmstat
00:51:33     1000      1409    0.00    1.00    0.00    0.00    1.00     1      0.00      0.00    7580    3760   0.05      1.00      1.00  pidstat
00:51:33        0      1456    0.00    0.00    0.00    0.00    0.00     1      0.00      0.00       0       0   0.00      5.00      0.00  kworker/u16:0-events_power_efficient
00:51:33     1000      1589    0.00    0.00    0.00    0.00    0.00     0    145.00      0.00    2704    1464   0.02      1.00      1.00  time
00:51:33     1000      1590   81.00    8.00    0.00    0.00   89.00     0   7692.00      0.00   47080   39748   0.50      7.00      4.00  /home/ubuntu/pe
00:51:33     1000      1591   15.00   13.00    0.00    0.00   28.00     2  10188.00      0.00 1816956   42812   0.54      3.00      2.00  hey

# Time        UID       PID    %usr %system  %guest   %wait    %CPU   CPU  minflt/s  majflt/s     VSZ     RSS   %MEM   cswch/s nvcswch/s  Command
00:51:34        0         1    0.00    0.00    0.00    0.00    0.00     2      2.00      0.00   22160   13100   0.17      1.00      0.00  systemd
00:51:34        0        11    0.00    0.00    0.00    0.00    0.00     0      0.00      0.00       0       0   0.00      1.00      0.00  kworker/0:1-mm_percpu_wq
00:51:34        0        16    0.00    0.00    0.00    0.00    0.00     1      0.00      0.00       0       0   0.00     13.00      0.00  rcu_sched
00:51:34        0        25    0.00    0.00    0.00    0.00    0.00     1      0.00      0.00       0       0   0.00      1.00      0.00  migration/1
00:51:34        0        26    0.00    0.00    0.00    0.00    0.00     1      0.00      0.00       0       0   0.00      2.00      0.00  ksoftirqd/1
00:51:34        0        51    0.00    0.00    0.00    0.00    0.00     3      0.00      0.00       0       0   0.00      2.00      0.00  kworker/3:1-mm_percpu_wq
00:51:34        0        52    0.00    0.00    0.00    0.00    0.00     2      0.00      0.00       0       0   0.00      2.00      0.00  kcompactd0
00:51:34        0       121    0.00    0.00    0.00    0.00    0.00     1      0.00      0.00       0       0   0.00      6.00      0.00  kworker/1:1-mm_percpu_wq
00:51:34        0       239    0.00    0.00    0.00    0.00    0.00     2      0.00      0.00  288968   27076   0.34      2.00      0.00  multipathd
00:51:34      991       424    0.00    0.00    0.00    0.00    0.00     1      0.00      0.00   21480   12368   0.16      1.00      0.00  systemd-resolve
00:51:34      998       540    0.00    0.00    0.00    0.00    0.00     1      0.00      0.00   22432    9924   0.13      1.00      0.00  systemd-network
00:51:34        0      1109    0.00    0.00    0.00    0.00    0.00     2      0.00      0.00       0       0   0.00      2.00      0.00  kworker/2:3-events
00:51:34     1000      1401    0.00    0.00    0.00    0.00    0.00     1      0.00      0.00   31744   21780   0.28      3.00      0.00  python3
00:51:34     1000      1408    0.00    0.00    0.00    0.00    0.00     1      0.00      0.00    9900    3356   0.04      1.00      0.00  vmstat
00:51:34     1000      1409    0.00    1.00    0.00    0.00    1.00     1      0.00      0.00    7580    3760   0.05      1.00      0.00  pidstat
00:51:34        0      1456    0.00    0.00    0.00    0.00    0.00     1      0.00      0.00       0       0   0.00      6.00      0.00  kworker/u16:0-events_power_efficient
00:51:34     1000      1590   91.00    8.00    0.00    0.00   99.00     0     51.00      0.00   47212   40004   0.51      2.00      2.00  /home/ubuntu/pe
00:51:34     1000      1599   15.00   14.00    0.00    0.00   29.00     3   9974.00      0.00 1743224   42024   0.53      4.00      3.00  hey

# Time        UID       PID    %usr %system  %guest   %wait    %CPU   CPU  minflt/s  majflt/s     VSZ     RSS   %MEM   cswch/s nvcswch/s  Command
00:51:35        0        11    0.00    0.00    0.00    0.00    0.00     0      0.00      0.00       0       0   0.00      4.00      0.00  kworker/0:1-events
00:51:35        0        16    0.00    0.00    0.00    0.00    0.00     1      0.00      0.00       0       0   0.00      2.00      0.00  rcu_sched
00:51:35        0        26    0.00    0.00    0.00    0.00    0.00     1      0.00      0.00       0       0   0.00      1.00      0.00  ksoftirqd/1
00:51:35        0        51    0.00    0.00    0.00    0.00    0.00     3      0.00      0.00       0       0   0.00      1.00      0.00  kworker/3:1-mm_percpu_wq
00:51:35        0        52    0.00    0.00    0.00    0.00    0.00     1      0.00      0.00       0       0   0.00      2.00      0.00  kcompactd0
00:51:35        0       121    0.00    0.00    0.00    0.00    0.00     1      0.00      0.00       0       0   0.00      7.00      0.00  kworker/1:1-events
00:51:35        0       239    0.00    0.00    0.00    0.00    0.00     2      0.00      0.00  288968   27076   0.34      1.00      0.00  multipathd
00:51:35        0      1109    0.00    0.00    0.00    0.00    0.00     2      0.00      0.00       0       0   0.00      2.00      0.00  kworker/2:3-mm_percpu_wq
00:51:35     1000      1408    0.00    0.00    0.00    0.00    0.00     1      0.00      0.00    9900    3356   0.04      1.00      0.00  vmstat
00:51:35     1000      1409    0.00    0.00    0.00    0.00    0.00     1      0.00      0.00    7580    3760   0.05      1.00      0.00  pidstat
00:51:35        0      1456    0.00    0.00    0.00    0.00    0.00     1      0.00      0.00       0       0   0.00      5.00      0.00  kworker/u16:0-events_power_efficient
00:51:35     1000      1590   95.00    5.00    0.00    0.00  100.00     0      0.00      0.00   47212   40004   0.51      0.00      5.00  /home/ubuntu/pe
00:51:35     1000      1599   17.00   18.00    0.00    0.00   35.00     3   1973.00      0.00 1743928   49064   0.62      0.00      0.00  hey

# Time        UID       PID    %usr %system  %guest   %wait    %CPU   CPU  minflt/s  majflt/s     VSZ     RSS   %MEM   cswch/s nvcswch/s  Command
00:51:36        0        11    0.00    0.00    0.00    0.00    0.00     0      0.00      0.00       0       0   0.00      2.00      0.00  kworker/0:1-mm_percpu_wq
00:51:36        0        16    0.00    0.00    0.00    0.00    0.00     1      0.00      0.00       0       0   0.00     50.00      0.00  rcu_sched
00:51:36        0        19    0.00    0.00    0.00    0.00    0.00     0      0.00      0.00       0       0   0.00      1.00      0.00  migration/0
00:51:36        0        25    0.00    0.00    0.00    0.00    0.00     1      0.00      0.00       0       0   0.00      3.00      0.00  migration/1
00:51:36        0        26    0.00    0.00    0.00    0.00    0.00     1      0.00      0.00       0       0   0.00      1.00      0.00  ksoftirqd/1
00:51:36        0        31    0.00    0.00    0.00    0.00    0.00     2      0.00      0.00       0       0   0.00      1.00      0.00  migration/2
00:51:36        0        32    0.00    0.00    0.00    0.00    0.00     2      0.00      0.00       0       0   0.00      1.00      0.00  ksoftirqd/2
00:51:36        0        37    0.00    0.00    0.00    0.00    0.00     3      0.00      0.00       0       0   0.00      1.00      0.00  migration/3
00:51:36        0        51    0.00    0.00    0.00    0.00    0.00     3      0.00      0.00       0       0   0.00      2.00      0.00  kworker/3:1-mm_percpu_wq
00:51:36        0        52    0.00    0.00    0.00    0.00    0.00     1      0.00      0.00       0       0   0.00      2.00      0.00  kcompactd0
00:51:36        0       121    0.00    0.00    0.00    0.00    0.00     1      0.00      0.00       0       0   0.00      7.00      0.00  kworker/1:1-events
00:51:36        0       239    0.00    0.00    0.00    0.00    0.00     2      0.00      0.00  288968   27076   0.34      1.00      0.00  multipathd
00:51:36        0      1045    0.00    0.00    0.00    0.00    0.00     2      0.00      0.00       0       0   0.00      1.00      0.00  kworker/u16:1-events_power_efficient
00:51:36        0      1109    0.00    0.00    0.00    0.00    0.00     2      0.00      0.00       0       0   0.00      5.00      0.00  kworker/2:3-events
00:51:36     1000      1401    1.00    0.00    0.00    0.00    1.00     1      0.00      0.00   31744   21780   0.28     13.00      0.00  python3
00:51:36     1000      1408    0.00    0.00    0.00    0.00    0.00     1      0.00      0.00    9900    3356   0.04      1.00      0.00  vmstat
00:51:36     1000      1409    0.00    1.00    0.00    0.00    1.00     1      0.00      0.00    7580    3760   0.05      1.00      0.00  pidstat
00:51:36        0      1456    0.00    0.00    0.00    0.00    0.00     1      0.00      0.00       0       0   0.00     10.00      0.00  kworker/u16:0-events_power_efficient
00:51:36     1000      1607    0.00    0.00    0.00    0.00    0.00     0    145.00      0.00    2704    1528   0.02      1.00      1.00  time
00:51:36     1000      1608   25.00    3.00    0.00    0.00   28.00     0   7954.00      0.00   48192   41000   0.52      7.00      1.00  /home/ubuntu/pa
00:51:36     1000      1609    2.00    2.00    0.00    0.00    4.00     2   2509.00      0.00 1750456   14712   0.19      4.00      2.00  hey

# Time        UID       PID    %usr %system  %guest   %wait    %CPU   CPU  minflt/s  majflt/s     VSZ     RSS   %MEM   cswch/s nvcswch/s  Command
00:51:37        0        11    0.00    0.00    0.00    0.00    0.00     0      0.00      0.00       0       0   0.00      4.00      0.00  kworker/0:1-events
00:51:37        0        16    0.00    0.00    0.00    0.00    0.00     1      0.00      0.00       0       0   0.00      9.00      0.00  rcu_sched
00:51:37        0        25    0.00    0.00    0.00    0.00    0.00     1      0.00      0.00       0       0   0.00      1.00      0.00  migration/1
00:51:37        0        26    0.00    0.00    0.00    0.00    0.00     1      0.00      0.00       0       0   0.00      1.00      0.00  ksoftirqd/1
00:51:37        0        38    0.00    0.00    0.00    0.00    0.00     3      0.00      0.00       0       0   0.00      1.00      0.00  ksoftirqd/3
00:51:37        0        51    0.00    0.00    0.00    0.00    0.00     3      0.00      0.00       0       0   0.00      3.00      0.00  kworker/3:1-mm_percpu_wq
00:51:37        0        52    0.00    0.00    0.00    0.00    0.00     1      0.00      0.00       0       0   0.00      2.00      0.00  kcompactd0
00:51:37        0       121    0.00    0.00    0.00    0.00    0.00     1      0.00      0.00       0       0   0.00      7.00      0.00  kworker/1:1-mm_percpu_wq
00:51:37        0       239    0.00    0.00    0.00    0.00    0.00     2      0.00      0.00  288968   27076   0.34      2.00      0.00  multipathd
00:51:37        0      1045    0.00    0.00    0.00    0.00    0.00     1      0.00      0.00       0       0   0.00      5.00      0.00  kworker/u16:1-events_power_efficient
00:51:37        0      1109    0.00    0.00    0.00    0.00    0.00     2      0.00      0.00       0       0   0.00      2.00      0.00  kworker/2:3-mm_percpu_wq
00:51:37     1000      1401    0.00    0.00    0.00    0.00    0.00     1      0.00      0.00   31744   21780   0.28      3.00      0.00  python3
00:51:37     1000      1408    0.00    0.00    0.00    0.00    0.00     1      0.00      0.00    9900    3356   0.04      1.00      0.00  vmstat
00:51:37     1000      1409    0.00    0.00    0.00    0.00    0.00     1      0.00      0.00    7580    3760   0.05      1.00      0.00  pidstat
00:51:37        0      1456    0.00    0.00    0.00    0.00    0.00     1      0.00      0.00       0       0   0.00      1.00      0.00  kworker/u16:0-events_power_efficient
00:51:37     1000      1608   94.00    5.00    0.00    0.00   99.00     0     64.00      0.00   48456   41256   0.52      2.00      5.00  /home/ubuntu/pa
00:51:37     1000      1617    2.00    2.00    0.00    0.00    4.00     3   2437.00      0.00 1676980   14448   0.18      3.00      2.00  hey

# Time        UID       PID    %usr %system  %guest   %wait    %CPU   CPU  minflt/s  majflt/s     VSZ     RSS   %MEM   cswch/s nvcswch/s  Command
00:51:38        0        11    0.00    0.00    0.00    0.00    0.00     0      0.00      0.00       0       0   0.00      1.00      0.00  kworker/0:1-mm_percpu_wq
00:51:38        0        51    0.00    0.00    0.00    0.00    0.00     3      0.00      0.00       0       0   0.00      1.00      0.00  kworker/3:1-mm_percpu_wq
00:51:38        0        52    0.00    0.00    0.00    0.00    0.00     1      0.00      0.00       0       0   0.00      2.00      0.00  kcompactd0
00:51:38        0       121    0.00    0.00    0.00    0.00    0.00     1      0.00      0.00       0       0   0.00      4.00      0.00  kworker/1:1-mm_percpu_wq
00:51:38        0       239    0.00    0.00    0.00    0.00    0.00     2      0.00      0.00  288968   27076   0.34      2.00      0.00  multipathd
00:51:38        0      1045    0.00    0.00    0.00    0.00    0.00     1      0.00      0.00       0       0   0.00      3.00      0.00  kworker/u16:1-events_power_efficient
00:51:38        0      1109    0.00    0.00    0.00    0.00    0.00     2      0.00      0.00       0       0   0.00      4.00      0.00  kworker/2:3-events
00:51:38     1000      1408    0.00    0.00    0.00    0.00    0.00     1      0.00      0.00    9900    3356   0.04      1.00      0.00  vmstat
00:51:38     1000      1409    0.00    0.00    0.00    0.00    0.00     1      0.00      0.00    7580    3760   0.05      1.00      0.00  pidstat
00:51:38        0      1456    0.00    0.00    0.00    0.00    0.00     2      0.00      0.00       0       0   0.00      3.00      0.00  kworker/u16:0-events_power_efficient
00:51:38     1000      1608   94.00    6.00    0.00    0.00  100.00     0      3.00      0.00   48456   41256   0.52      0.00      2.00  /home/ubuntu/pa
00:51:38     1000      1617   19.00   14.00    0.00    0.00   33.00     3   9339.00      0.00 1743544   48676   0.61      0.00      0.00  hey

# Time        UID       PID    %usr %system  %guest   %wait    %CPU   CPU  minflt/s  majflt/s     VSZ     RSS   %MEM   cswch/s nvcswch/s  Command
00:51:39        0        11    0.00    0.00    0.00    0.00    0.00     0      0.00      0.00       0       0   0.00      2.00      0.00  kworker/0:1-events
00:51:39        0        16    0.00    0.00    0.00    0.00    0.00     1      0.00      0.00       0       0   0.00     22.00      0.00  rcu_sched
00:51:39        0        32    0.00    0.00    0.00    0.00    0.00     2      0.00      0.00       0       0   0.00      1.00      0.00  ksoftirqd/2
00:51:39        0        51    0.00    0.00    0.00    0.00    0.00     3      0.00      0.00       0       0   0.00      1.00      0.00  kworker/3:1-events
00:51:39        0        52    0.00    0.00    0.00    0.00    0.00     1      0.00      0.00       0       0   0.00      2.00      0.00  kcompactd0
00:51:39        0       121    0.00    0.00    0.00    0.00    0.00     1      0.00      0.00       0       0   0.00      7.00      0.00  kworker/1:1-events
00:51:39        0       239    0.00    0.00    0.00    0.00    0.00     2      0.00      0.00  288968   27076   0.34      2.00      0.00  multipathd
00:51:39      110       689    0.00    0.00    0.00    0.00    0.00     1      0.00      0.00   19416    3776   0.05      2.00      0.00  chronyd
00:51:39        0      1109    0.00    0.00    0.00    0.00    0.00     2      0.00      0.00       0       0   0.00      4.00      0.00  kworker/2:3-events
00:51:39     1000      1401    0.00    0.00    0.00    0.00    0.00     1      0.00      0.00   31744   21780   0.28      3.00      0.00  python3
00:51:39     1000      1408    0.00    0.00    0.00    0.00    0.00     1      0.00      0.00    9900    3356   0.04      1.00      0.00  vmstat
00:51:39     1000      1409    0.00    1.00    0.00    0.00    1.00     1      0.00      0.00    7580    3760   0.05      1.00      0.00  pidstat
00:51:39        0      1456    0.00    0.00    0.00    0.00    0.00     1      0.00      0.00       0       0   0.00      5.00      0.00  kworker/u16:0-events_power_efficient

# Time        UID       PID    %usr %system  %guest   %wait    %CPU   CPU  minflt/s  majflt/s     VSZ     RSS   %MEM   cswch/s nvcswch/s  Command
00:51:40        0        11    0.00    0.00    0.00    0.00    0.00     0      0.00      0.00       0       0   0.00      1.00      0.00  kworker/0:1-events
00:51:40        0        16    0.00    0.00    0.00    0.00    0.00     1      0.00      0.00       0       0   0.00     31.00      0.00  rcu_sched
00:51:40        0        19    0.00    0.00    0.00    0.00    0.00     0      0.00      0.00       0       0   0.00      1.00      0.00  migration/0
00:51:40        0        25    0.00    0.00    0.00    0.00    0.00     1      0.00      0.00       0       0   0.00      3.00      0.00  migration/1
00:51:40        0        31    0.00    0.00    0.00    0.00    0.00     2      0.00      0.00       0       0   0.00      1.00      0.00  migration/2
00:51:40        0        37    0.00    0.00    0.00    0.00    0.00     3      0.00      0.00       0       0   0.00      1.00      0.00  migration/3
00:51:40        0        51    0.00    0.00    0.00    0.00    0.00     3      0.00      0.00       0       0   0.00      1.00      0.00  kworker/3:1-mm_percpu_wq
00:51:40        0        52    0.00    0.00    0.00    0.00    0.00     1      0.00      0.00       0       0   0.00      2.00      0.00  kcompactd0
00:51:40        0       121    0.00    0.00    0.00    0.00    0.00     1      0.00      0.00       0       0   0.00      5.00      0.00  kworker/1:1-events
00:51:40        0       239    0.00    0.00    0.00    0.00    0.00     2      0.00      0.00  288968   27076   0.34      1.00      0.00  multipathd
00:51:40        0       590    0.00    0.00    0.00    0.00    0.00     1      0.00      0.00   83064    4704   0.06      1.00      0.00  irqbalance
00:51:40        0      1109    0.00    0.00    0.00    0.00    0.00     2      0.00      0.00       0       0   0.00      2.00      0.00  kworker/2:3-events
00:51:40     1000      1401    1.00    1.00    0.00    0.00    2.00     1      0.00      0.00   31744   21780   0.28     10.00      0.00  python3
00:51:40     1000      1408    0.00    0.00    0.00    0.00    0.00     1      0.00      0.00    9900    3356   0.04      1.00      0.00  vmstat
00:51:40     1000      1409    1.00    0.00    0.00    0.00    1.00     1      0.00      0.00    7580    3760   0.05      1.00      0.00  pidstat
00:51:40        0      1456    0.00    0.00    0.00    0.00    0.00     1      0.00      0.00       0       0   0.00      6.00      0.00  kworker/u16:0-events_power_efficient
00:51:40     1000      1625    0.00    0.00    0.00    0.00    0.00     0    145.00      0.00    2704    1464   0.02      1.00      1.00  time
00:51:40     1000      1626   62.00    5.00    0.00    0.00   67.00     0   7952.00      0.00   48208   41116   0.52      7.00      1.00  /home/ubuntu/pa
00:51:40     1000      1627    9.00    9.00    0.00    0.00   18.00     3   6641.00      0.00 1816636   29804   0.38      5.00      4.00  hey

# Time        UID       PID    %usr %system  %guest   %wait    %CPU   CPU  minflt/s  majflt/s     VSZ     RSS   %MEM   cswch/s nvcswch/s  Command
00:51:41        0        11    0.00    0.00    0.00    0.00    0.00     0      0.00      0.00       0       0   0.00      3.00      0.00  kworker/0:1-mm_percpu_wq
00:51:41        0        16    0.00    0.00    0.00    0.00    0.00     1      0.00      0.00       0       0   0.00     11.00      0.00  rcu_sched
00:51:41        0        25    0.00    0.00    0.00    0.00    0.00     1      0.00      0.00       0       0   0.00      1.00      0.00  migration/1
00:51:41        0        26    0.00    0.00    0.00    0.00    0.00     1      0.00      0.00       0       0   0.00      1.00      0.00  ksoftirqd/1
00:51:41        0        51    0.00    0.00    0.00    0.00    0.00     3      0.00      0.00       0       0   0.00      1.00      0.00  kworker/3:1-mm_percpu_wq
00:51:41        0        52    0.00    0.00    0.00    0.00    0.00     1      0.00      0.00       0       0   0.00      2.00      0.00  kcompactd0
00:51:41        0       121    0.00    0.00    0.00    0.00    0.00     1      0.00      0.00       0       0   0.00     10.00      0.00  kworker/1:1-events
00:51:41        0       239    0.00    0.00    0.00    0.00    0.00     2      0.00      0.00  288968   27076   0.34      2.00      0.00  multipathd
00:51:41        0      1109    0.00    0.00    0.00    0.00    0.00     2      0.00      0.00       0       0   0.00      3.00      0.00  kworker/2:3-mm_percpu_wq
00:51:41     1000      1401    0.00    0.00    0.00    0.00    0.00     1      0.00      0.00   31744   21780   0.28      3.00      0.00  python3
00:51:41     1000      1408    0.00    0.00    0.00    0.00    0.00     1      0.00      0.00    9900    3356   0.04      1.00      0.00  vmstat
00:51:41     1000      1409    0.00    1.00    0.00    0.00    1.00     1      0.00      0.00    7580    3760   0.05      1.00      0.00  pidstat
00:51:41        0      1456    0.00    0.00    0.00    0.00    0.00     1      0.00      0.00       0       0   0.00      9.00      0.00  kworker/u16:0-events_power_efficient
00:51:41     1000      1626   93.00    6.00    0.00    0.00   99.00     0     59.00      0.00   48472   41372   0.52      2.00      4.00  /home/ubuntu/pa
00:51:41     1000      1635    8.00   10.00    0.00    0.00   18.00     3   6511.00      0.00 1742648   29356   0.37      4.00      2.00  hey

# Time        UID       PID    %usr %system  %guest   %wait    %CPU   CPU  minflt/s  majflt/s     VSZ     RSS   %MEM   cswch/s nvcswch/s  Command
00:51:42        0        11    0.00    0.00    0.00    0.00    0.00     0      0.00      0.00       0       0   0.00      1.00      0.00  kworker/0:1-events
00:51:42        0        16    0.00    0.00    0.00    0.00    0.00     1      0.00      0.00       0       0   0.00     10.00      0.00  rcu_sched
00:51:42        0        26    0.00    0.00    0.00    0.00    0.00     1      0.00      0.00       0       0   0.00      1.00      0.00  ksoftirqd/1
00:51:42        0        32    0.00    0.00    0.00    0.00    0.00     2      0.00      0.00       0       0   0.00      1.00      0.00  ksoftirqd/2
00:51:42        0        51    0.00    0.00    0.00    0.00    0.00     3      0.00      0.00       0       0   0.00      2.00      0.00  kworker/3:1-mm_percpu_wq
00:51:42        0        52    0.00    0.00    0.00    0.00    0.00     1      0.00      0.00       0       0   0.00      1.00      0.00  kcompactd0
00:51:42        0       121    0.00    0.00    0.00    0.00    0.00     1      0.00      0.00       0       0   0.00      2.00      0.00  kworker/1:1-mm_percpu_wq
00:51:42        0       239    0.00    0.00    0.00    0.00    0.00     2      0.00      0.00  288968   27076   0.34      2.00      0.00  multipathd
00:51:42        0       501    0.00    0.00    0.00    0.00    0.00     1      0.00      0.00       0       0   0.00      1.00      0.00  kworker/1:1H-kblockd
00:51:42        0      1045    0.00    0.00    0.00    0.00    0.00     2      0.00      0.00       0       0   0.00      6.00      0.00  kworker/u16:1-events_unbound
00:51:42        0      1109    0.00    0.00    0.00    0.00    0.00     2      0.00      0.00       0       0   0.00      7.00      0.00  kworker/2:3-events
00:51:42     1000      1408    0.00    0.00    0.00    0.00    0.00     1      0.00      0.00    9900    3356   0.04      1.00      0.00  vmstat
00:51:42     1000      1409    0.00    0.00    0.00    0.00    0.00     1      0.00      0.00    7580    3760   0.05      1.00      0.00  pidstat
00:51:42        0      1456    0.00    0.00    0.00    0.00    0.00     3      0.00      0.00       0       0   0.00      5.00      0.00  kworker/u16:0-events_power_efficient
00:51:42     1000      1626   94.00    6.00    0.00    0.00  100.00     0      4.00      0.00   48472   41372   0.52      0.00      2.00  /home/ubuntu/pa
00:51:42     1000      1635   18.00   16.00    0.00    0.00   34.00     3   5373.00      0.00 1817340   48812   0.62      0.00      0.00  hey

# Time        UID       PID    %usr %system  %guest   %wait    %CPU   CPU  minflt/s  majflt/s     VSZ     RSS   %MEM   cswch/s nvcswch/s  Command
00:51:43        0        11    0.00    0.00    0.00    0.00    0.00     0      0.00      0.00       0       0   0.00      3.00      0.00  kworker/0:1-mm_percpu_wq
00:51:43        0        16    0.00    0.00    0.00    0.00    0.00     2      0.00      0.00       0       0   0.00     42.00      0.00  rcu_sched
00:51:43        0        25    0.00    0.00    0.00    0.00    0.00     1      0.00      0.00       0       0   0.00      1.00      0.00  migration/1
00:51:43        0        26    0.00    0.00    0.00    0.00    0.00     1      0.00      0.00       0       0   0.00      1.00      0.00  ksoftirqd/1
00:51:43        0        32    0.00    0.00    0.00    0.00    0.00     2      0.00      0.00       0       0   0.00      1.00      0.00  ksoftirqd/2
00:51:43        0        51    0.00    0.00    0.00    0.00    0.00     3      0.00      0.00       0       0   0.00      7.00      0.00  kworker/3:1-events
00:51:43        0        52    0.00    0.00    0.00    0.00    0.00     1      0.00      0.00       0       0   0.00      2.00      0.00  kcompactd0
00:51:43        0       121    0.00    0.00    0.00    0.00    0.00     1      0.00      0.00       0       0   0.00      3.00      0.00  kworker/1:1-events
00:51:43        0       239    0.00    0.00    0.00    0.00    0.00     2      0.00      0.00  288968   27076   0.34      1.00      0.00  multipathd
00:51:43        0      1109    0.00    0.00    0.00    0.00    0.00     2      0.00      0.00       0       0   0.00      4.00      0.00  kworker/2:3-mm_percpu_wq
00:51:43     1000      1401    2.00    0.00    0.00    1.00    2.00     1      0.00      0.00   31744   21780   0.28      6.00      0.00  python3
00:51:43     1000      1408    0.00    0.00    0.00    0.00    0.00     1      0.00      0.00    9900    3356   0.04      1.00      0.00  vmstat
00:51:43     1000      1409    0.00    0.00    0.00    0.00    0.00     1      0.00      0.00    7580    3760   0.05      1.00      0.00  pidstat
00:51:43        0      1456    0.00    0.00    0.00    0.00    0.00     3      0.00      0.00       0       0   0.00      5.00      0.00  kworker/u16:0-events_power_efficient
00:51:43     1000      1643    0.00    0.00    0.00    0.00    0.00     0    145.00      0.00    2704    1464   0.02      1.00      1.00  time
00:51:43     1000      1644   11.00    2.00    0.00    0.00   13.00     0   7442.00      0.00   46060   38792   0.49      0.00      1.00  /home/ubuntu/pa

# Time        UID       PID    %usr %system  %guest   %wait    %CPU   CPU  minflt/s  majflt/s     VSZ     RSS   %MEM   cswch/s nvcswch/s  Command
00:51:44        0        11    0.00    0.00    0.00    0.00    0.00     0      0.00      0.00       0       0   0.00      1.00      0.00  kworker/0:1-events
00:51:44        0        16    0.00    0.00    0.00    0.00    0.00     2      0.00      0.00       0       0   0.00      8.00      0.00  rcu_sched
00:51:44        0        19    0.00    0.00    0.00    0.00    0.00     0      0.00      0.00       0       0   0.00      1.00      0.00  migration/0
00:51:44        0        25    0.00    0.00    0.00    0.00    0.00     1      0.00      0.00       0       0   0.00      2.00      0.00  migration/1
00:51:44        0        26    0.00    0.00    0.00    0.00    0.00     1      0.00      0.00       0       0   0.00      1.00      0.00  ksoftirqd/1
00:51:44        0        31    0.00    0.00    0.00    0.00    0.00     2      0.00      0.00       0       0   0.00      1.00      0.00  migration/2
00:51:44        0        37    0.00    0.00    0.00    0.00    0.00     3      0.00      0.00       0       0   0.00      1.00      0.00  migration/3
00:51:44        0        51    0.00    0.00    0.00    0.00    0.00     3      0.00      0.00       0       0   0.00      2.00      0.00  kworker/3:1-mm_percpu_wq
00:51:44        0        52    0.00    0.00    0.00    0.00    0.00     1      0.00      0.00       0       0   0.00      2.00      0.00  kcompactd0
00:51:44        0       121    0.00    0.00    0.00    0.00    0.00     1      0.00      0.00       0       0   0.00      5.00      0.00  kworker/1:1-mm_percpu_wq
00:51:44        0       239    0.00    0.00    0.00    0.00    0.00     2      0.00      0.00  288968   27076   0.34      2.00      0.00  multipathd
00:51:44        0      1109    0.00    0.00    0.00    0.00    0.00     2      0.00      0.00       0       0   0.00      2.00      0.00  kworker/2:3-events
00:51:44     1000      1401    0.00    1.00    0.00    0.00    1.00     1      0.00      0.00   31744   21780   0.28      7.00      0.00  python3
00:51:44     1000      1408    0.00    0.00    0.00    0.00    0.00     1      0.00      0.00    9900    3356   0.04      1.00      0.00  vmstat
00:51:44     1000      1409    0.00    1.00    0.00    0.00    1.00     1      0.00      0.00    7580    3760   0.05      1.00      0.00  pidstat
00:51:44        0      1456    0.00    0.00    0.00    0.00    0.00     1      0.00      0.00       0       0   0.00      6.00      0.00  kworker/u16:0-events_power_efficient
00:51:44     1000      1644   86.00    6.00    0.00    0.00   92.00     0    503.00      0.00   48244   40976   0.52      7.00      3.00  /home/ubuntu/pa
00:51:44     1000      1645   17.00   15.00    0.00    0.00   32.00     2  10560.00      0.00 1816956   44272   0.56      4.00      2.00  hey

# Time        UID       PID    %usr %system  %guest   %wait    %CPU   CPU  minflt/s  majflt/s     VSZ     RSS   %MEM   cswch/s nvcswch/s  Command
00:51:45        0        11    0.00    0.00    0.00    0.00    0.00     0      0.00      0.00       0       0   0.00      2.00      0.00  kworker/0:1-mm_percpu_wq
00:51:45        0        16    0.00    0.00    0.00    0.00    0.00     1      0.00      0.00       0       0   0.00     12.00      0.00  rcu_sched
00:51:45        0        25    0.00    0.00    0.00    0.00    0.00     1      0.00      0.00       0       0   0.00      1.00      0.00  migration/1
00:51:45        0        26    0.00    0.00    0.00    0.00    0.00     1      0.00      0.00       0       0   0.00      1.00      0.00  ksoftirqd/1
00:51:45        0        32    0.00    0.00    0.00    0.00    0.00     2      0.00      0.00       0       0   0.00      1.00      0.00  ksoftirqd/2
00:51:45        0        51    0.00    0.00    0.00    0.00    0.00     3      0.00      0.00       0       0   0.00      2.00      0.00  kworker/3:1-events
00:51:45        0        52    0.00    0.00    0.00    0.00    0.00     2      0.00      0.00       0       0   0.00      2.00      0.00  kcompactd0
00:51:45        0       121    0.00    0.00    0.00    0.00    0.00     1      0.00      0.00       0       0   0.00      7.00      0.00  kworker/1:1-mm_percpu_wq
00:51:45        0       239    0.00    0.00    0.00    0.00    0.00     2      0.00      0.00  288968   27076   0.34      1.00      0.00  multipathd
00:51:45        0      1109    0.00    0.00    0.00    0.00    0.00     2      0.00      0.00       0       0   0.00      4.00      0.00  kworker/2:3-mm_percpu_wq
00:51:45     1000      1401    0.00    0.00    0.00    0.00    0.00     1      0.00      0.00   31744   21780   0.28      3.00      0.00  python3
00:51:45     1000      1408    0.00    0.00    0.00    0.00    0.00     1      0.00      0.00    9900    3356   0.04      1.00      0.00  vmstat
00:51:45     1000      1409    0.00    0.00    0.00    0.00    0.00     1      0.00      0.00    7580    3760   0.05      1.00      0.00  pidstat
00:51:45        0      1456    0.00    0.00    0.00    0.00    0.00     3      0.00      0.00       0       0   0.00      5.00      0.00  kworker/u16:0-events_power_efficient
00:51:45     1000      1644   93.00    6.00    0.00    0.00   99.00     0     64.00      0.00   48508   41232   0.52      2.00      3.00  /home/ubuntu/pa
00:51:45     1000      1653   16.00   14.00    0.00    0.00   30.00     3  10505.00      0.00 1743224   43896   0.55      3.00      2.00  hey

# Time        UID       PID    %usr %system  %guest   %wait    %CPU   CPU  minflt/s  majflt/s     VSZ     RSS   %MEM   cswch/s nvcswch/s  Command
00:51:46        0        11    0.00    0.00    0.00    0.00    0.00     0      0.00      0.00       0       0   0.00      1.00      0.00  kworker/0:1-events
00:51:46        0        26    0.00    0.00    0.00    0.00    0.00     1      0.00      0.00       0       0   0.00      2.00      0.00  ksoftirqd/1
00:51:46        0        51    0.00    0.00    0.00    0.00    0.00     3      0.00      0.00       0       0   0.00      1.00      0.00  kworker/3:1-mm_percpu_wq
00:51:46        0        52    0.00    0.00    0.00    0.00    0.00     2      0.00      0.00       0       0   0.00      2.00      0.00  kcompactd0
00:51:46        0       120    0.00    0.00    0.00    0.00    0.00     3      0.00      0.00       0       0   0.00      2.00      0.00  kworker/u16:3-events_unbound
00:51:46        0       121    0.00    0.00    0.00    0.00    0.00     1      0.00      0.00       0       0   0.00      5.00      0.00  kworker/1:1-events
00:51:46        0       239    0.00    0.00    0.00    0.00    0.00     2      0.00      0.00  288968   27076   0.34      2.00      0.00  multipathd
00:51:46        0      1045    0.00    0.00    0.00    0.00    0.00     2      0.00      0.00       0       0   0.00      1.00      0.00  kworker/u16:1-events_power_efficient
00:51:46        0      1109    0.00    0.00    0.00    0.00    0.00     2      0.00      0.00       0       0   0.00      3.00      0.00  kworker/2:3-events
00:51:46     1000      1408    0.00    0.00    0.00    0.00    0.00     1      0.00      0.00    9900    3356   0.04      1.00      0.00  vmstat
00:51:46     1000      1409    0.00    1.00    0.00    0.00    1.00     1      0.00      0.00    7580    3760   0.05      1.00      0.00  pidstat
00:51:46        0      1456    0.00    0.00    0.00    0.00    0.00     1      0.00      0.00       0       0   0.00      7.00      0.00  kworker/u16:0-writeback
00:51:46     1000      1644   94.00    6.00    0.00    0.00  100.00     0      3.00      0.00   48508   41232   0.52      0.00      2.00  /home/ubuntu/pa
00:51:46     1000      1653   16.00   15.00    0.00    0.00   31.00     3   1574.00      0.00 1743672   49656   0.63      0.00      0.00  hey

# Time        UID       PID    %usr %system  %guest   %wait    %CPU   CPU  minflt/s  majflt/s     VSZ     RSS   %MEM   cswch/s nvcswch/s  Command
00:51:47        0        11    0.00    1.00    0.00    0.00    1.00     0      0.00      0.00       0       0   0.00      3.00      0.00  kworker/0:1-mm_percpu_wq
00:51:47        0        16    0.00    0.00    0.00    0.00    0.00     1      0.00      0.00       0       0   0.00     53.00      0.00  rcu_sched
00:51:47        0        25    0.00    0.00    0.00    0.00    0.00     1      0.00      0.00       0       0   0.00      2.00      0.00  migration/1
00:51:47        0        32    0.00    0.00    0.00    0.00    0.00     2      0.00      0.00       0       0   0.00      1.00      0.00  ksoftirqd/2
00:51:47        0        51    0.00    0.00    0.00    0.00    0.00     3      0.00      0.00       0       0   0.00      4.00      0.00  kworker/3:1-mm_percpu_wq
00:51:47        0        52    0.00    0.00    0.00    0.00    0.00     2      0.00      0.00       0       0   0.00      2.00      0.00  kcompactd0
00:51:47        0       120    0.00    0.00    0.00    0.00    0.00     1      0.00      0.00       0       0   0.00      4.00      0.00  kworker/u16:3-events_power_efficient
00:51:47        0       121    0.00    0.00    0.00    0.00    0.00     1      0.00      0.00       0       0   0.00      4.00      0.00  kworker/1:1-mm_percpu_wq
00:51:47        0       239    0.00    0.00    0.00    0.00    0.00     2      0.00      0.00  288968   27076   0.34      1.00      0.00  multipathd
00:51:47        0      1109    0.00    0.00    0.00    0.00    0.00     2      0.00      0.00       0       0   0.00      5.00      0.00  kworker/2:3-mm_percpu_wq
00:51:47     1000      1401    1.00    0.00    0.00    0.00    1.00     1      0.00      0.00   31744   21780   0.28     13.00      0.00  python3
00:51:47     1000      1408    0.00    0.00    0.00    0.00    0.00     1      0.00      0.00    9900    3356   0.04      1.00      0.00  vmstat
00:51:47     1000      1409    0.00    0.00    0.00    0.00    0.00     1      0.00      0.00    7580    3760   0.05      1.00      0.00  pidstat
00:51:47        0      1456    0.00    0.00    0.00    0.00    0.00     1      0.00      0.00       0       0   0.00      2.00      0.00  kworker/u16:0-events_power_efficient
00:51:47     1000      1660    0.00    0.00    0.00    0.00    0.00     0    144.00      0.00    2704    1460   0.02      1.00      1.00  time
00:51:47     1000      1661   40.00    3.00    0.00    0.00   43.00     0   7959.00      0.00   48200   41056   0.52      7.00      2.00  /home/ubuntu/pa
00:51:47     1000      1662    5.00    6.00    0.00    0.00   11.00     2   4274.00      0.00 1816572   21176   0.27      3.00      3.00  hey

# Time        UID       PID    %usr %system  %guest   %wait    %CPU   CPU  minflt/s  majflt/s     VSZ     RSS   %MEM   cswch/s nvcswch/s  Command
00:51:48        0        11    0.00    0.00    0.00    0.00    0.00     0      0.00      0.00       0       0   0.00      1.00      0.00  kworker/0:1-events
00:51:48        0        16    0.00    0.00    0.00    0.00    0.00     1      0.00      0.00       0       0   0.00     14.00      0.00  rcu_sched
00:51:48        0        19    0.00    0.00    0.00    0.00    0.00     0      0.00      0.00       0       0   0.00      1.00      0.00  migration/0
00:51:48        0        25    0.00    0.00    0.00    0.00    0.00     1      0.00      0.00       0       0   0.00      2.00      0.00  migration/1
00:51:48        0        31    0.00    0.00    0.00    0.00    0.00     2      0.00      0.00       0       0   0.00      1.00      0.00  migration/2
00:51:48        0        37    0.00    0.00    0.00    0.00    0.00     3      0.00      0.00       0       0   0.00      1.00      0.00  migration/3
00:51:48        0        38    0.00    0.00    0.00    0.00    0.00     3      0.00      0.00       0       0   0.00      1.00      0.00  ksoftirqd/3
00:51:48        0        51    0.00    0.00    0.00    0.00    0.00     3      0.00      0.00       0       0   0.00      4.00      0.00  kworker/3:1-mm_percpu_wq
00:51:48        0        52    0.00    0.00    0.00    0.00    0.00     1      0.00      0.00       0       0   0.00      2.00      0.00  kcompactd0
00:51:48        0       120    0.00    0.00    0.00    0.00    0.00     1      0.00      0.00       0       0   0.00      3.00      0.00  kworker/u16:3-events_power_efficient
00:51:48        0       121    0.00    0.00    0.00    0.00    0.00     1      0.00      0.00       0       0   0.00      4.00      0.00  kworker/1:1-mm_percpu_wq
00:51:48        0       239    0.00    0.00    0.00    0.00    0.00     2      0.00      0.00  288968   27076   0.34      1.00      0.00  multipathd
00:51:48        0      1109    0.00    0.00    0.00    0.00    0.00     2      0.00      0.00       0       0   0.00      3.00      0.00  kworker/2:3-events
00:51:48     1000      1401    0.00    0.00    0.00    0.00    0.00     1      0.00      0.00   31744   21780   0.28      3.00      0.00  python3
00:51:48     1000      1408    0.00    0.00    0.00    0.00    0.00     1      0.00      0.00    9900    3356   0.04      1.00      0.00  vmstat
00:51:48     1000      1409    1.00    0.00    0.00    0.00    1.00     1      0.00      0.00    7580    3760   0.05      1.00      0.00  pidstat
00:51:48        0      1456    0.00    0.00    0.00    0.00    0.00     3      0.00      0.00       0       0   0.00      4.00      0.00  kworker/u16:0-events_power_efficient
00:51:48     1000      1661   91.00    8.00    0.00    0.00   99.00     0     63.00      0.00   48464   41312   0.52      2.00      3.00  /home/ubuntu/pa
00:51:48     1000      1670    4.00    7.00    0.00    0.00   11.00     3   4043.00      0.00 1816316   20460   0.26      3.00      3.00  hey

# Time        UID       PID    %usr %system  %guest   %wait    %CPU   CPU  minflt/s  majflt/s     VSZ     RSS   %MEM   cswch/s nvcswch/s  Command
00:51:49        0        11    0.00    0.00    0.00    0.00    0.00     0      0.00      0.00       0       0   0.00      2.00      0.00  kworker/0:1-mm_percpu_wq
00:51:49        0        51    0.00    0.00    0.00    0.00    0.00     3      0.00      0.00       0       0   0.00      1.00      0.00  kworker/3:1-mm_percpu_wq
00:51:49        0        52    0.00    0.00    0.00    0.00    0.00     1      0.00      0.00       0       0   0.00      2.00      0.00  kcompactd0
00:51:49        0       121    0.00    0.00    0.00    0.00    0.00     1      0.00      0.00       0       0   0.00      8.00      0.00  kworker/1:1-mm_percpu_wq
00:51:49        0       239    0.00    0.00    0.00    0.00    0.00     2      0.00      0.00  288968   27076   0.34      1.00      0.00  multipathd
00:51:49        0      1109    0.00    0.00    0.00    0.00    0.00     2      0.00      0.00       0       0   0.00      3.00      0.00  kworker/2:3-mm_percpu_wq
00:51:49     1000      1408    0.00    0.00    0.00    0.00    0.00     1      0.00      0.00    9900    3356   0.04      1.00      0.00  vmstat
00:51:49     1000      1409    0.00    1.00    0.00    0.00    1.00     1      0.00      0.00    7580    3760   0.05      1.00      0.00  pidstat
00:51:49        0      1456    0.00    0.00    0.00    0.00    0.00     1      0.00      0.00       0       0   0.00      5.00      0.00  kworker/u16:0-events_power_efficient
00:51:49     1000      1661   94.00    6.00    0.00    0.00  100.00     0      7.00      0.00   48464   41312   0.52      0.00      3.00  /home/ubuntu/pa
00:51:49     1000      1670   17.00   15.00    0.00    0.00   32.00     3   7919.00      0.00 1817020   49260   0.62      0.00      0.00  hey

# Time        UID       PID    %usr %system  %guest   %wait    %CPU   CPU  minflt/s  majflt/s     VSZ     RSS   %MEM   cswch/s nvcswch/s  Command
00:51:50        0        11    0.00    0.00    0.00    0.00    0.00     0      0.00      0.00       0       0   0.00      2.00      0.00  kworker/0:1-events
00:51:50        0        16    0.00    0.00    0.00    0.00    0.00     2      0.00      0.00       0       0   0.00     18.00      0.00  rcu_sched
00:51:50        0        26    0.00    0.00    0.00    0.00    0.00     1      0.00      0.00       0       0   0.00      1.00      0.00  ksoftirqd/1
00:51:50        0        32    0.00    0.00    0.00    0.00    0.00     2      0.00      0.00       0       0   0.00      1.00      0.00  ksoftirqd/2
00:51:50        0        38    0.00    0.00    0.00    0.00    0.00     3      0.00      0.00       0       0   0.00      1.00      0.00  ksoftirqd/3
00:51:50        0        51    0.00    0.00    0.00    0.00    0.00     3      0.00      0.00       0       0   0.00      2.00      0.00  kworker/3:1-events
00:51:50        0        52    0.00    0.00    0.00    0.00    0.00     1      0.00      0.00       0       0   0.00      2.00      0.00  kcompactd0
00:51:50        0       121    0.00    0.00    0.00    0.00    0.00     1      0.00      0.00       0       0   0.00      7.00      0.00  kworker/1:1-events
00:51:50        0       239    0.00    0.00    0.00    0.00    0.00     2      0.00      0.00  288968   27076   0.34      1.00      0.00  multipathd
00:51:50        0       590    0.00    0.00    0.00    0.00    0.00     1      0.00      0.00   83064    4704   0.06      1.00      0.00  irqbalance
00:51:50        0      1109    0.00    0.00    0.00    0.00    0.00     2      0.00      0.00       0       0   0.00      3.00      0.00  kworker/2:3-mm_percpu_wq
00:51:50     1000      1401    0.00    0.00    0.00    0.00    0.00     1      0.00      0.00   31744   21780   0.28      3.00      0.00  python3
00:51:50     1000      1408    0.00    0.00    0.00    0.00    0.00     1      0.00      0.00    9900    3356   0.04      1.00      0.00  vmstat
00:51:50     1000      1409    0.00    0.00    0.00    0.00    0.00     1      0.00      0.00    7580    3760   0.05      1.00      0.00  pidstat
00:51:50        0      1456    0.00    0.00    0.00    0.00    0.00     1      0.00      0.00       0       0   0.00      5.00      0.00  kworker/u16:0-events_power_efficient

# Time        UID       PID    %usr %system  %guest   %wait    %CPU   CPU  minflt/s  majflt/s     VSZ     RSS   %MEM   cswch/s nvcswch/s  Command
00:51:51        0        11    0.00    0.00    0.00    0.00    0.00     0      0.00      0.00       0       0   0.00      3.00      0.00  kworker/0:1-events
00:51:51        0        16    0.00    0.00    0.00    0.00    0.00     1      0.00      0.00       0       0   0.00     28.00      0.00  rcu_sched
00:51:51        0        25    0.00    0.00    0.00    0.00    0.00     1      0.00      0.00       0       0   0.00      2.00      0.00  migration/1
00:51:51        0        51    0.00    0.00    0.00    0.00    0.00     3      0.00      0.00       0       0   0.00      2.00      0.00  kworker/3:1-mm_percpu_wq
00:51:51        0        52    0.00    0.00    0.00    0.00    0.00     1      0.00      0.00       0       0   0.00      2.00      0.00  kcompactd0
00:51:51        0       121    0.00    0.00    0.00    0.00    0.00     1      0.00      0.00       0       0   0.00      7.00      0.00  kworker/1:1-events
00:51:51        0       239    0.00    0.00    0.00    0.00    0.00     2      0.00      0.00  288968   27076   0.34      1.00      0.00  multipathd
00:51:51        0      1109    0.00    0.00    0.00    0.00    0.00     2      0.00      0.00       0       0   0.00      1.00      0.00  kworker/2:3-mm_percpu_wq
00:51:51     1000      1401    2.00    0.00    0.00    0.00    2.00     1      0.00      0.00   31744   21780   0.28      8.00      0.00  python3
00:51:51     1000      1408    0.00    0.00    0.00    0.00    0.00     1      0.00      0.00    9900    3356   0.04      1.00      0.00  vmstat
00:51:51     1000      1409    0.00    1.00    0.00    0.00    1.00     1      0.00      0.00    7580    3760   0.05      1.00      0.00  pidstat
00:51:51        0      1456    0.00    0.00    0.00    0.00    0.00     1      0.00      0.00       0       0   0.00     10.00      0.00  kworker/u16:0-events_power_efficient
00:51:51     1000      1678    0.00    0.00    0.00    0.00    0.00     0    146.00      0.00    2704    1464   0.02      1.00      1.00  time
00:51:51     1000      1679   77.00    5.00    0.00    0.00   82.00     0   8205.00      0.00   49400   42000   0.53      5.00      4.00  /home/ubuntu/pe
00:51:51     1000      1680    3.00    3.00    0.00    0.00    6.00     2   1771.00      0.00 1676980   12116   0.15      5.00      4.00  hey

# Time        UID       PID    %usr %system  %guest   %wait    %CPU   CPU  minflt/s  majflt/s     VSZ     RSS   %MEM   cswch/s nvcswch/s  Command
00:51:52        0        11    0.00    0.00    0.00    0.00    0.00     0      0.00      0.00       0       0   0.00      1.00      0.00  kworker/0:1-events
00:51:52        0        16    0.00    0.00    0.00    0.00    0.00     1      0.00      0.00       0       0   0.00     10.00      0.00  rcu_sched
00:51:52        0        19    0.00    0.00    0.00    0.00    0.00     0      0.00      0.00       0       0   0.00      1.00      0.00  migration/0
00:51:52        0        25    0.00    0.00    0.00    0.00    0.00     1      0.00      0.00       0       0   0.00      2.00      0.00  migration/1
00:51:52        0        31    0.00    0.00    0.00    0.00    0.00     2      0.00      0.00       0       0   0.00      1.00      0.00  migration/2
00:51:52        0        32    0.00    0.00    0.00    0.00    0.00     2      0.00      0.00       0       0   0.00      1.00      0.00  ksoftirqd/2
00:51:52        0        37    0.00    0.00    0.00    0.00    0.00     3      0.00      0.00       0       0   0.00      1.00      0.00  migration/3
00:51:52        0        51    0.00    0.00    0.00    0.00    0.00     3      0.00      0.00       0       0   0.00      3.00      0.00  kworker/3:1-mm_percpu_wq
00:51:52        0        52    0.00    0.00    0.00    0.00    0.00     1      0.00      0.00       0       0   0.00      2.00      0.00  kcompactd0
00:51:52        0       120    0.00    0.00    0.00    0.00    0.00     3      0.00      0.00       0       0   0.00      3.00      0.00  kworker/u16:3-events_power_efficient
00:51:52        0       121    0.00    0.00    0.00    0.00    0.00     1      0.00      0.00       0       0   0.00      5.00      0.00  kworker/1:1-events
00:51:52        0       239    0.00    0.00    0.00    0.00    0.00     2      0.00      0.00  288968   27076   0.34      1.00      0.00  multipathd
00:51:52        0       501    0.00    0.00    0.00    0.00    0.00     1      0.00      0.00       0       0   0.00      1.00      0.00  kworker/1:1H-kblockd
00:51:52        0      1109    0.00    0.00    0.00    0.00    0.00     2      0.00      0.00       0       0   0.00      2.00      0.00  kworker/2:3-mm_percpu_wq
00:51:52     1000      1401    0.00    0.00    0.00    0.00    0.00     1      0.00      0.00   31744   21780   0.28      3.00      0.00  python3
00:51:52     1000      1408    0.00    0.00    0.00    0.00    0.00     1      0.00      0.00    9900    3356   0.04      1.00      0.00  vmstat
00:51:52     1000      1409    0.00    0.00    0.00    0.00    0.00     1      0.00      0.00    7580    3760   0.05      1.00      0.00  pidstat
00:51:52        0      1456    0.00    0.00    0.00    0.00    0.00     1      0.00      0.00       0       0   0.00      4.00      0.00  kworker/u16:0-events_power_efficient
00:51:52     1000      1679   96.00    4.00    0.00    0.00  100.00     0    175.00      0.00   50116   42640   0.54      2.00      3.00  /home/ubuntu/pe
00:51:52     1000      1687    2.00    3.00    0.00    0.00    5.00     3   1776.00      0.00 1750712   11948   0.15      3.00      2.00  hey

# Time        UID       PID    %usr %system  %guest   %wait    %CPU   CPU  minflt/s  majflt/s     VSZ     RSS   %MEM   cswch/s nvcswch/s  Command
00:51:53        0        11    0.00    0.00    0.00    0.00    0.00     0      0.00      0.00       0       0   0.00      2.00      0.00  kworker/0:1-mm_percpu_wq
00:51:53        0        51    0.00    0.00    0.00    0.00    0.00     3      0.00      0.00       0       0   0.00      6.00      0.00  kworker/3:1-mm_percpu_wq
00:51:53        0        52    0.00    0.00    0.00    0.00    0.00     1      0.00      0.00       0       0   0.00      2.00      0.00  kcompactd0
00:51:53        0       120    0.00    0.00    0.00    0.00    0.00     3      0.00      0.00       0       0   0.00      6.00      0.00  kworker/u16:3-events_power_efficient
00:51:53        0       121    0.00    0.00    0.00    0.00    0.00     1      0.00      0.00       0       0   0.00      4.00      0.00  kworker/1:1-mm_percpu_wq
00:51:53        0       239    0.00    0.00    0.00    0.00    0.00     2      0.00      0.00  288968   27076   0.34      1.00      0.00  multipathd
00:51:53        0      1109    0.00    0.00    0.00    0.00    0.00     2      0.00      0.00       0       0   0.00      2.00      0.00  kworker/2:3-mm_percpu_wq
00:51:53     1000      1408    0.00    0.00    0.00    0.00    0.00     1      0.00      0.00    9900    3356   0.04      1.00      0.00  vmstat
00:51:53     1000      1409    0.00    1.00    0.00    0.00    1.00     1      0.00      0.00    7580    3760   0.05      1.00      0.00  pidstat
00:51:53     1000      1679   98.00    3.00    0.00    0.00  101.00     0      0.00      0.00   50116   42640   0.54      0.00      3.00  /home/ubuntu/pe
00:51:53     1000      1687    5.00    3.00    0.00    0.00    8.00     3    771.00      0.00 1750712   14764   0.19      0.00      0.00  hey

# Time        UID       PID    %usr %system  %guest   %wait    %CPU   CPU  minflt/s  majflt/s     VSZ     RSS   %MEM   cswch/s nvcswch/s  Command
00:51:54        0        11    0.00    0.00    0.00    0.00    0.00     0      0.00      0.00       0       0   0.00      2.00      0.00  kworker/0:1-events
00:51:54        0        16    0.00    0.00    0.00    0.00    0.00     1      0.00      0.00       0       0   0.00     56.00      0.00  rcu_sched
00:51:54        0        25    0.00    0.00    0.00    0.00    0.00     1      0.00      0.00       0       0   0.00      2.00      0.00  migration/1
00:51:54        0        32    0.00    0.00    0.00    0.00    0.00     2      0.00      0.00       0       0   0.00      1.00      0.00  ksoftirqd/2
00:51:54        0        51    0.00    0.00    0.00    0.00    0.00     3      0.00      0.00       0       0   0.00      7.00      0.00  kworker/3:1-mm_percpu_wq
00:51:54        0        52    0.00    0.00    0.00    0.00    0.00     1      0.00      0.00       0       0   0.00      2.00      0.00  kcompactd0
00:51:54        0       120    0.00    0.00    0.00    0.00    0.00     3      0.00      0.00       0       0   0.00      5.00      0.00  kworker/u16:3-events_power_efficient
00:51:54        0       121    0.00    0.00    0.00    0.00    0.00     1      0.00      0.00       0       0   0.00      2.00      0.00  kworker/1:1-events
00:51:54        0       239    0.00    0.00    0.00    0.00    0.00     2      0.00      0.00  288968   27076   0.34      1.00      0.00  multipathd
00:51:54        0      1109    0.00    0.00    0.00    0.00    0.00     2      0.00      0.00       0       0   0.00      4.00      0.00  kworker/2:3-mm_percpu_wq
00:51:54     1000      1401    1.00    1.00    0.00    0.00    2.00     1      0.00      0.00   31744   21780   0.28     11.00      0.00  python3
00:51:54     1000      1408    0.00    0.00    0.00    0.00    0.00     1      0.00      0.00    9900    3356   0.04      1.00      0.00  vmstat
00:51:54     1000      1409    0.00    0.00    0.00    0.00    0.00     1      0.00      0.00    7580    3760   0.05      1.00      0.00  pidstat
00:51:54     1000      1695    0.00    0.00    0.00    0.00    0.00     0    144.00      0.00    2704    1464   0.02      1.00      1.00  time
00:51:54     1000      1696   22.00    2.00    0.00    0.00   24.00     0   8488.00      0.00   50564   43104   0.54      5.00      1.00  /home/ubuntu/pa
00:51:54     1000      1697    0.00    1.00    0.00    0.00    1.00     2   1282.00      0.00 1676788   10300   0.13      4.00      4.00  hey

# Time        UID       PID    %usr %system  %guest   %wait    %CPU   CPU  minflt/s  majflt/s     VSZ     RSS   %MEM   cswch/s nvcswch/s  Command
00:51:55        0        11    0.00    0.00    0.00    0.00    0.00     0      0.00      0.00       0       0   0.00      3.00      0.00  kworker/0:1-mm_percpu_wq
00:51:55        0        16    0.00    0.00    0.00    0.00    0.00     2      0.00      0.00       0       0   0.00     13.00      0.00  rcu_sched
00:51:55        0        25    0.00    0.00    0.00    0.00    0.00     1      0.00      0.00       0       0   0.00      1.00      0.00  migration/1
00:51:55        0        26    0.00    0.00    0.00    0.00    0.00     1      0.00      0.00       0       0   0.00      1.00      0.00  ksoftirqd/1
00:51:55        0        51    0.00    0.00    0.00    0.00    0.00     3      0.00      0.00       0       0   0.00      5.00      0.00  kworker/3:1-mm_percpu_wq
00:51:55        0        52    0.00    0.00    0.00    0.00    0.00     1      0.00      0.00       0       0   0.00      2.00      0.00  kcompactd0
00:51:55        0       120    0.00    0.00    0.00    0.00    0.00     3      0.00      0.00       0       0   0.00      7.00      0.00  kworker/u16:3-events_unbound
00:51:55        0       121    0.00    0.00    0.00    0.00    0.00     1      0.00      0.00       0       0   0.00      2.00      0.00  kworker/1:1-mm_percpu_wq
00:51:55        0       136    0.00    0.00    0.00    0.00    0.00     2      0.00      0.00       0       0   0.00      3.00      0.00  jbd2/nvme0n1p1-8
00:51:55        0       239    0.00    0.00    0.00    0.00    0.00     2      0.00      0.00  288968   27076   0.34      1.00      0.00  multipathd
00:51:55      110       689    0.00    0.00    0.00    0.00    0.00     1      0.00      0.00   19416    3776   0.05      2.00      0.00  chronyd
00:51:55        0      1109    0.00    0.00    0.00    0.00    0.00     2      0.00      0.00       0       0   0.00      2.00      0.00  kworker/2:3-events
00:51:55     1000      1401    0.00    0.00    0.00    0.00    0.00     1      0.00      0.00   31744   21780   0.28      4.00      0.00  python3
00:51:55     1000      1408    0.00    0.00    0.00    0.00    0.00     1      0.00      0.00    9900    3356   0.04      1.00      0.00  vmstat
00:51:55     1000      1409    1.00    0.00    0.00    0.00    1.00     1      0.00      0.00    7580    3760   0.05      1.00      0.00  pidstat
00:51:55     1000      1696   95.00    4.00    0.00    0.00   99.00     0    116.00      0.00   50720   43616   0.55      2.00      4.00  /home/ubuntu/pa
00:51:55     1000      1704    0.00    0.00    0.00    0.00    0.00     3   1255.00      0.00 1676724   10236   0.13      3.00      2.00  hey

# Time        UID       PID    %usr %system  %guest   %wait    %CPU   CPU  minflt/s  majflt/s     VSZ     RSS   %MEM   cswch/s nvcswch/s  Command
00:51:56        0        11    0.00    0.00    0.00    0.00    0.00     0      0.00      0.00       0       0   0.00      1.00      0.00  kworker/0:1-events
00:51:56        0        19    0.00    0.00    0.00    0.00    0.00     0      0.00      0.00       0       0   0.00      1.00      0.00  migration/0
00:51:56        0        25    0.00    0.00    0.00    0.00    0.00     1      0.00      0.00       0       0   0.00      1.00      0.00  migration/1
00:51:56        0        31    0.00    0.00    0.00    0.00    0.00     2      0.00      0.00       0       0   0.00      1.00      0.00  migration/2
00:51:56        0        37    0.00    0.00    0.00    0.00    0.00     3      0.00      0.00       0       0   0.00      1.00      0.00  migration/3
00:51:56        0        51    0.00    0.00    0.00    0.00    0.00     3      0.00      0.00       0       0   0.00      3.00      0.00  kworker/3:1-mm_percpu_wq
00:51:56        0        52    0.00    0.00    0.00    0.00    0.00     1      0.00      0.00       0       0   0.00      2.00      0.00  kcompactd0
00:51:56        0       120    0.00    0.00    0.00    0.00    0.00     1      0.00      0.00       0       0   0.00      9.00      0.00  kworker/u16:3-events_power_efficient
00:51:56        0       121    0.00    0.00    0.00    0.00    0.00     1      0.00      0.00       0       0   0.00      4.00      0.00  kworker/1:1-events
00:51:56        0       239    0.00    0.00    0.00    0.00    0.00     2      0.00      0.00  288968   27076   0.34      1.00      0.00  multipathd
00:51:56        0       501    0.00    0.00    0.00    0.00    0.00     1      0.00      0.00       0       0   0.00      2.00      0.00  kworker/1:1H-kblockd
00:51:56        0      1109    0.00    0.00    0.00    0.00    0.00     2      0.00      0.00       0       0   0.00      1.00      0.00  kworker/2:3-mm_percpu_wq
00:51:56     1000      1408    0.00    0.00    0.00    0.00    0.00     1      0.00      0.00    9900    3356   0.04      1.00      0.00  vmstat
00:51:56     1000      1409    0.00    1.00    0.00    0.00    1.00     1      0.00      0.00    7580    3760   0.05      1.00      0.00  pidstat
00:51:56     1000      1696   98.00    2.00    0.00    0.00  100.00     0     17.00      0.00   50916   43616   0.55      0.00      3.00  /home/ubuntu/pa
00:51:56     1000      1704    4.00    4.00    0.00    0.00    8.00     3    742.00      0.00 1676980   12796   0.16      0.00      0.00  hey

# Time        UID       PID    %usr %system  %guest   %wait    %CPU   CPU  minflt/s  majflt/s     VSZ     RSS   %MEM   cswch/s nvcswch/s  Command
00:51:57        0        11    0.00    0.00    0.00    0.00    0.00     0      0.00      0.00       0       0   0.00      5.00      0.00  kworker/0:1-events
00:51:57        0        16    0.00    1.00    0.00    0.00    1.00     3      0.00      0.00       0       0   0.00     11.00      0.00  rcu_sched
00:51:57        0        32    0.00    0.00    0.00    0.00    0.00     2      0.00      0.00       0       0   0.00      1.00      0.00  ksoftirqd/2
00:51:57        0        51    0.00    0.00    0.00    0.00    0.00     3      0.00      0.00       0       0   0.00      4.00      0.00  kworker/3:1-events
00:51:57        0        52    0.00    0.00    0.00    0.00    0.00     1      0.00      0.00       0       0   0.00      2.00      0.00  kcompactd0
00:51:57        0       120    0.00    0.00    0.00    0.00    0.00     1      0.00      0.00       0       0   0.00      6.00      0.00  kworker/u16:3-events_power_efficient
00:51:57        0       121    0.00    0.00    0.00    0.00    0.00     1      0.00      0.00       0       0   0.00      7.00      0.00  kworker/1:1-mm_percpu_wq
00:51:57        0       239    0.00    0.00    0.00    0.00    0.00     2      0.00      0.00  288968   27076   0.34      1.00      0.00  multipathd
00:51:57        0      1109    0.00    0.00    0.00    0.00    0.00     2      0.00      0.00       0       0   0.00      5.00      0.00  kworker/2:3-events
00:51:57     1000      1401    0.00    0.00    0.00    0.00    0.00     1      0.00      0.00   31744   21780   0.28      2.00      0.00  python3
00:51:57     1000      1408    0.00    0.00    0.00    0.00    0.00     1      0.00      0.00    9900    3356   0.04      1.00      0.00  vmstat
00:51:57     1000      1409    0.00    0.00    0.00    0.00    0.00     1      0.00      0.00    7580    3760   0.05      1.00      0.00  pidstat
00:51:57        0      1456    0.00    0.00    0.00    0.00    0.00     3      0.00      0.00       0       0   0.00      4.00      0.00  kworker/u16:0-events_power_efficient
00:51:57     1000      1695    0.00    0.00    0.00    0.00    0.00     0     17.00      0.00       0       0   0.00      1.00      0.00  time

# Time        UID       PID    %usr %system  %guest   %wait    %CPU   CPU  minflt/s  majflt/s     VSZ     RSS   %MEM   cswch/s nvcswch/s  Command
00:51:58        0        11    0.00    0.00    0.00    0.00    0.00     0      0.00      0.00       0       0   0.00      1.00      0.00  kworker/0:1-events
00:51:58        0        16    0.00    0.00    0.00    0.00    0.00     1      0.00      0.00       0       0   0.00     37.00      0.00  rcu_sched
00:51:58        0        25    0.00    0.00    0.00    0.00    0.00     1      0.00      0.00       0       0   0.00      2.00      0.00  migration/1
00:51:58        0        51    0.00    0.00    0.00    0.00    0.00     3      0.00      0.00       0       0   0.00      6.00      0.00  kworker/3:1-mm_percpu_wq
00:51:58        0        52    0.00    0.00    0.00    0.00    0.00     1      0.00      0.00       0       0   0.00      2.00      0.00  kcompactd0
00:51:58        0       121    0.00    0.00    0.00    0.00    0.00     1      0.00      0.00       0       0   0.00      1.00      0.00  kworker/1:1-mm_percpu_wq
00:51:58        0       239    0.00    0.00    0.00    0.00    0.00     2      0.00      0.00  288968   27076   0.34      1.00      0.00  multipathd
00:51:58        0      1109    0.00    0.00    0.00    0.00    0.00     2      0.00      0.00       0       0   0.00      1.00      0.00  kworker/2:3-mm_percpu_wq
00:51:58     1000      1401    1.00    1.00    0.00    0.00    2.00     1      0.00      0.00   31744   21780   0.28      9.00      0.00  python3
00:51:58     1000      1408    0.00    0.00    0.00    0.00    0.00     1      0.00      0.00    9900    3356   0.04      1.00      0.00  vmstat
00:51:58     1000      1409    0.00    0.00    0.00    0.00    0.00     1      0.00      0.00    7580    3760   0.05      1.00      1.00  pidstat
00:51:58        0      1456    0.00    0.00    0.00    0.00    0.00     3      0.00      0.00       0       0   0.00      5.00      0.00  kworker/u16:0-events_power_efficient
00:51:58     1000      1711    0.00    0.00    0.00    0.00    0.00     0    146.00      0.00    2704    1464   0.02      1.00      1.00  time
00:51:58     1000      1712   58.00    3.00    0.00    0.00   61.00     0   8642.00      0.00   50908   43832   0.55      5.00      2.00  /home/ubuntu/pa
00:51:58     1000      1713    1.00    2.00    0.00    0.00    3.00     2   1603.00      0.00 1676980   11436   0.14      5.00      2.00  hey

# Time        UID       PID    %usr %system  %guest   %wait    %CPU   CPU  minflt/s  majflt/s     VSZ     RSS   %MEM   cswch/s nvcswch/s  Command
00:51:59        0        11    0.00    0.00    0.00    0.00    0.00     0      0.00      0.00       0       0   0.00      4.00      0.00  kworker/0:1-events
00:51:59        0        16    0.00    0.00    0.00    0.00    0.00     1      0.00      0.00       0       0   0.00     10.00      0.00  rcu_sched
00:51:59        0        25    0.00    0.00    0.00    0.00    0.00     1      0.00      0.00       0       0   0.00      1.00      0.00  migration/1
00:51:59        0        32    0.00    0.00    0.00    0.00    0.00     2      0.00      0.00       0       0   0.00      1.00      0.00  ksoftirqd/2
00:51:59        0        51    0.00    0.00    0.00    0.00    0.00     3      0.00      0.00       0       0   0.00      6.00      0.00  kworker/3:1-mm_percpu_wq
00:51:59        0        52    0.00    0.00    0.00    0.00    0.00     1      0.00      0.00       0       0   0.00      2.00      0.00  kcompactd0
00:51:59        0       121    0.00    0.00    0.00    0.00    0.00     1      0.00      0.00       0       0   0.00      2.00      0.00  kworker/1:1-mm_percpu_wq
00:51:59        0       239    0.00    0.00    0.00    0.00    0.00     2      0.00      0.00  288968   27076   0.34      1.00      0.00  multipathd
00:51:59        0      1109    0.00    0.00    0.00    0.00    0.00     2      0.00      0.00       0       0   0.00      2.00      0.00  kworker/2:3-mm_percpu_wq
00:51:59     1000      1401    0.00    0.00    0.00    0.00    0.00     1      0.00      0.00   31744   21780   0.28      3.00      0.00  python3
00:51:59     1000      1408    0.00    0.00    0.00    0.00    0.00     1      0.00      0.00    9900    3356   0.04      1.00      0.00  vmstat
00:51:59     1000      1409    1.00    1.00    0.00    0.00    2.00     1      0.00      0.00    7580    3760   0.05      1.00      1.00  pidstat
00:51:59        0      1456    0.00    0.00    0.00    0.00    0.00     3      0.00      0.00       0       0   0.00      6.00      0.00  kworker/u16:0-events_power_efficient
00:51:59     1000      1712   96.00    3.00    0.00    0.00   99.00     0     92.00      0.00   50740   43520   0.55      2.00      5.00  /home/ubuntu/pa
00:51:59     1000      1720    1.00    2.00    0.00    0.00    3.00     3   1572.00      0.00 1676980   11456   0.14      3.00      2.00  hey

# Time        UID       PID    %usr %system  %guest   %wait    %CPU   CPU  minflt/s  majflt/s     VSZ     RSS   %MEM   cswch/s nvcswch/s  Command
00:52:00        0        11    0.00    0.00    0.00    0.00    0.00     0      0.00      0.00       0       0   0.00      1.00      0.00  kworker/0:1-events
00:52:00        0        19    0.00    0.00    0.00    0.00    0.00     0      0.00      0.00       0       0   0.00      1.00      0.00  migration/0
00:52:00        0        25    0.00    0.00    0.00    0.00    0.00     1      0.00      0.00       0       0   0.00      1.00      0.00  migration/1
00:52:00        0        31    0.00    0.00    0.00    0.00    0.00     2      0.00      0.00       0       0   0.00      1.00      0.00  migration/2
00:52:00        0        37    0.00    0.00    0.00    0.00    0.00     3      0.00      0.00       0       0   0.00      1.00      0.00  migration/3
00:52:00        0        51    0.00    0.00    0.00    0.00    0.00     3      0.00      0.00       0       0   0.00      5.00      0.00  kworker/3:1-events
00:52:00        0        52    0.00    0.00    0.00    0.00    0.00     2      0.00      0.00       0       0   0.00      2.00      0.00  kcompactd0
00:52:00        0       121    0.00    0.00    0.00    0.00    0.00     1      0.00      0.00       0       0   0.00      1.00      0.00  kworker/1:1-mm_percpu_wq
00:52:00        0       239    0.00    0.00    0.00    0.00    0.00     2      0.00      0.00  288968   27076   0.34      1.00      0.00  multipathd
00:52:00        0       590    0.00    0.00    0.00    0.00    0.00     1      0.00      0.00   83064    4704   0.06      1.00      0.00  irqbalance
00:52:00        0      1109    0.00    0.00    0.00    0.00    0.00     2      0.00      0.00       0       0   0.00      1.00      0.00  kworker/2:3-mm_percpu_wq
00:52:00     1000      1408    0.00    0.00    0.00    0.00    0.00     1      0.00      0.00    9900    3356   0.04      1.00      0.00  vmstat
00:52:00     1000      1409    0.00    0.00    0.00    0.00    0.00     1      0.00      0.00    7580    3760   0.05      1.00      1.00  pidstat
00:52:00        0      1456    0.00    0.00    0.00    0.00    0.00     3      0.00      0.00       0       0   0.00      5.00      0.00  kworker/u16:0-events_power_efficient
00:52:00     1000      1712   96.00    4.00    0.00    0.00  100.00     0      0.00      0.00   50740   43520   0.55      0.00      3.00  /home/ubuntu/pa
00:52:00     1000      1720    5.00    4.00    0.00    0.00    9.00     3    736.00      0.00 1676980   14144   0.18      0.00      0.00  hey

# Time        UID       PID    %usr %system  %guest   %wait    %CPU   CPU  minflt/s  majflt/s     VSZ     RSS   %MEM   cswch/s nvcswch/s  Command
00:52:01        0        11    0.00    0.00    0.00    0.00    0.00     0      0.00      0.00       0       0   0.00      3.00      0.00  kworker/0:1-mm_percpu_wq
00:52:01        0        16    0.00    0.00    0.00    0.00    0.00     1      0.00      0.00       0       0   0.00     31.00      0.00  rcu_sched
00:52:01        0        25    0.00    0.00    0.00    0.00    0.00     1      0.00      0.00       0       0   0.00      1.00      0.00  migration/1
00:52:01        0        32    0.00    0.00    0.00    0.00    0.00     2      0.00      0.00       0       0   0.00      1.00      0.00  ksoftirqd/2
00:52:01        0        51    0.00    0.00    0.00    0.00    0.00     3      0.00      0.00       0       0   0.00      7.00      0.00  kworker/3:1-mm_percpu_wq
00:52:01        0        52    0.00    0.00    0.00    0.00    0.00     1      0.00      0.00       0       0   0.00      2.00      0.00  kcompactd0
00:52:01        0       120    0.00    0.00    0.00    0.00    0.00     1      0.00      0.00       0       0   0.00      2.00      0.00  kworker/u16:3-events_power_efficient
00:52:01        0       121    0.00    0.00    0.00    0.00    0.00     1      0.00      0.00       0       0   0.00      4.00      0.00  kworker/1:1-events
00:52:01        0       239    0.00    0.00    0.00    0.00    0.00     2      0.00      0.00  288968   27076   0.34      1.00      0.00  multipathd
00:52:01        0      1109    0.00    0.00    0.00    0.00    0.00     2      0.00      0.00       0       0   0.00      4.00      0.00  kworker/2:3-events
00:52:01     1000      1401    1.00    0.00    0.00    0.00    1.00     1      0.00      0.00   31744   21780   0.28      5.00      0.00  python3
00:52:01     1000      1408    0.00    0.00    0.00    0.00    0.00     1      0.00      0.00    9900    3356   0.04      1.00      0.00  vmstat
00:52:01     1000      1409    0.00    0.00    0.00    0.00    0.00     1      0.00      0.00    7580    3760   0.05      1.00      1.00  pidstat
00:52:01        0      1456    0.00    0.00    0.00    0.00    0.00     3      0.00      0.00       0       0   0.00      4.00      0.00  kworker/u16:0-events_power_efficient
00:52:01     1000      1727    0.00    0.00    0.00    0.00    0.00     0    146.00      0.00    2704    1464   0.02      1.00      1.00  time
00:52:01     1000      1728    6.00    1.00    0.00    0.00    7.00     0   4415.00      0.00   28292   23000   0.29      0.00      1.00  /home/ubuntu/pa

# Time        UID       PID    %usr %system  %guest   %wait    %CPU   CPU  minflt/s  majflt/s     VSZ     RSS   %MEM   cswch/s nvcswch/s  Command
00:52:02        0        11    0.00    0.00    0.00    0.00    0.00     0      0.00      0.00       0       0   0.00      2.00      0.00  kworker/0:1-events
00:52:02        0        16    0.00    0.00    0.00    0.00    0.00     1      0.00      0.00       0       0   0.00     17.00      0.00  rcu_sched
00:52:02        0        25    0.00    0.00    0.00    0.00    0.00     1      0.00      0.00       0       0   0.00      1.00      0.00  migration/1
00:52:02        0        26    0.00    0.00    0.00    0.00    0.00     1      0.00      0.00       0       0   0.00      2.00      0.00  ksoftirqd/1
00:52:02        0        51    0.00    0.00    0.00    0.00    0.00     3      0.00      0.00       0       0   0.00      4.00      0.00  kworker/3:1-mm_percpu_wq
00:52:02        0        52    0.00    0.00    0.00    0.00    0.00     1      0.00      0.00       0       0   0.00      2.00      0.00  kcompactd0
00:52:02        0       120    0.00    0.00    0.00    0.00    0.00     3      0.00      0.00       0       0   0.00      7.00      0.00  kworker/u16:3-events_power_efficient
00:52:02        0       121    0.00    0.00    0.00    0.00    0.00     1      0.00      0.00       0       0   0.00      3.00      0.00  kworker/1:1-events
00:52:02        0       162    0.00    0.00    0.00    0.00    0.00     2      0.00      0.00       0       0   0.00      1.00      0.00  kworker/2:1H-kblockd
00:52:02        0       239    0.00    0.00    0.00    0.00    0.00     2      0.00      0.00  288968   27076   0.34      2.00      0.00  multipathd
00:52:02        0       583    0.00    0.00    0.00    0.00    0.00     3      0.00      0.00    7236    2820   0.04      1.00      0.00  cron
00:52:02        0      1109    0.00    0.00    0.00    0.00    0.00     2      0.00      0.00       0       0   0.00      3.00      0.00  kworker/2:3-mm_percpu_wq
00:52:02     1000      1401    0.00    0.00    0.00    0.00    0.00     1      0.00      0.00   31744   21780   0.28      7.00      0.00  python3
00:52:02     1000      1408    0.00    0.00    0.00    0.00    0.00     1      0.00      0.00    9900    3356   0.04      1.00      0.00  vmstat
00:52:02     1000      1409    0.00    1.00    0.00    0.00    1.00     1      0.00      0.00    7580    3760   0.05      1.00      1.00  pidstat
00:52:02        0      1456    0.00    0.00    0.00    0.00    0.00     1      0.00      0.00       0       0   0.00      3.00      0.00  kworker/u16:0-events_power_efficient
00:52:02     1000      1728   90.00    4.00    0.00    0.00   94.00     0   4082.00      0.00   50464   43040   0.54      5.00      3.00  /home/ubuntu/pa
00:52:02     1000      1729    2.00    5.00    0.00    0.00    7.00     2   3825.00      0.00 1676980   20220   0.26      5.00      3.00  hey

# Time        UID       PID    %usr %system  %guest   %wait    %CPU   CPU  minflt/s  majflt/s     VSZ     RSS   %MEM   cswch/s nvcswch/s  Command
00:52:03        0        11    0.00    0.00    0.00    0.00    0.00     0      0.00      0.00       0       0   0.00      3.00      0.00  kworker/0:1-events
00:52:03        0        16    0.00    0.00    0.00    0.00    0.00     1      0.00      0.00       0       0   0.00      9.00      0.00  rcu_sched
00:52:03        0        25    0.00    0.00    0.00    0.00    0.00     1      0.00      0.00       0       0   0.00      1.00      0.00  migration/1
00:52:03        0        26    0.00    0.00    0.00    0.00    0.00     1      0.00      0.00       0       0   0.00      1.00      0.00  ksoftirqd/1
00:52:03        0        32    0.00    0.00    0.00    0.00    0.00     2      0.00      0.00       0       0   0.00      1.00      0.00  ksoftirqd/2
00:52:03        0        51    0.00    0.00    0.00    0.00    0.00     3      0.00      0.00       0       0   0.00      2.00      0.00  kworker/3:1-mm_percpu_wq
00:52:03        0        52    0.00    0.00    0.00    0.00    0.00     2      0.00      0.00       0       0   0.00      2.00      0.00  kcompactd0
00:52:03        0       120    0.00    0.00    0.00    0.00    0.00     3      0.00      0.00       0       0   0.00      1.00      0.00  kworker/u16:3-events_power_efficient
00:52:03        0       121    0.00    0.00    0.00    0.00    0.00     1      0.00      0.00       0       0   0.00      7.00      0.00  kworker/1:1-mm_percpu_wq
00:52:03        0       239    0.00    0.00    0.00    0.00    0.00     2      0.00      0.00  288968   27076   0.34      2.00      0.00  multipathd
00:52:03        0      1109    0.00    0.00    0.00    0.00    0.00     2      0.00      0.00       0       0   0.00      2.00      0.00  kworker/2:3-mm_percpu_wq
00:52:03     1000      1401    0.00    0.00    0.00    0.00    0.00     1      0.00      0.00   31744   21780   0.28      3.00      0.00  python3
00:52:03     1000      1408    0.00    0.00    0.00    0.00    0.00     1      0.00      0.00    9900    3356   0.04      1.00      0.00  vmstat
00:52:03     1000      1409    0.00    0.00    0.00    0.00    0.00     1      0.00      0.00    7580    3760   0.05      1.00      1.00  pidstat
00:52:03        0      1456    0.00    0.00    0.00    0.00    0.00     1      0.00      0.00       0       0   0.00      5.00      0.00  kworker/u16:0-events_unbound
00:52:03     1000      1728   95.00    4.00    0.00    0.00   99.00     0    296.00      0.00   50732   43328   0.55      2.00      4.00  /home/ubuntu/pa
00:52:03     1000      1736    2.00    4.00    0.00    0.00    6.00     3   1887.00      0.00 1676980   12352   0.16      3.00      3.00  hey

# Time        UID       PID    %usr %system  %guest   %wait    %CPU   CPU  minflt/s  majflt/s     VSZ     RSS   %MEM   cswch/s nvcswch/s  Command
00:52:04        0        11    0.00    0.00    0.00    0.00    0.00     0      0.00      0.00       0       0   0.00      1.00      0.00  kworker/0:1-events
00:52:04        0        19    0.00    0.00    0.00    0.00    0.00     0      0.00      0.00       0       0   0.00      1.00      0.00  migration/0
00:52:04        0        25    0.00    0.00    0.00    0.00    0.00     1      0.00      0.00       0       0   0.00      1.00      0.00  migration/1
00:52:04        0        31    0.00    0.00    0.00    0.00    0.00     2      0.00      0.00       0       0   0.00      1.00      0.00  migration/2
00:52:04        0        37    0.00    0.00    0.00    0.00    0.00     3      0.00      0.00       0       0   0.00      1.00      0.00  migration/3
00:52:04        0        51    0.00    0.00    0.00    0.00    0.00     3      0.00      0.00       0       0   0.00      2.00      0.00  kworker/3:1-mm_percpu_wq
00:52:04        0        52    0.00    0.00    0.00    0.00    0.00     2      0.00      0.00       0       0   0.00      2.00      0.00  kcompactd0
00:52:04        0       121    0.00    0.00    0.00    0.00    0.00     1      0.00      0.00       0       0   0.00      6.00      0.00  kworker/1:1-mm_percpu_wq
00:52:04        0       239    0.00    0.00    0.00    0.00    0.00     2      0.00      0.00  288968   27076   0.34      2.00      0.00  multipathd
00:52:04        0      1109    0.00    0.00    0.00    0.00    0.00     2      0.00      0.00       0       0   0.00      1.00      0.00  kworker/2:3-mm_percpu_wq
00:52:04     1000      1408    0.00    0.00    0.00    0.00    0.00     1      0.00      0.00    9900    3356   0.04      1.00      0.00  vmstat
00:52:04     1000      1409    0.00    1.00    0.00    0.00    1.00     1      0.00      0.00    7580    3760   0.05      1.00      2.00  pidstat
00:52:04        0      1456    0.00    0.00    0.00    0.00    0.00     1      0.00      0.00       0       0   0.00      5.00      0.00  kworker/u16:0-events_power_efficient
00:52:04     1000      1728   96.00    4.00    0.00    0.00  100.00     0      0.00      0.00   50732   43328   0.55      0.00      3.00  /home/ubuntu/pa
00:52:04     1000      1736    5.00    3.00    0.00    0.00    8.00     3    748.00      0.00 1750712   15168   0.19      0.00      0.00  hey

# Time        UID       PID    %usr %system  %guest   %wait    %CPU   CPU  minflt/s  majflt/s     VSZ     RSS   %MEM   cswch/s nvcswch/s  Command
00:52:05        0        11    0.00    0.00    0.00    1.00    0.00     0      0.00      0.00       0       0   0.00      6.00      0.00  kworker/0:1-events
00:52:05        0        16    0.00    0.00    0.00    0.00    0.00     1      0.00      0.00       0       0   0.00     47.00      0.00  rcu_sched
00:52:05        0        25    0.00    0.00    0.00    0.00    0.00     1      0.00      0.00       0       0   0.00      2.00      0.00  migration/1
00:52:05        0        26    0.00    0.00    0.00    0.00    0.00     1      0.00      0.00       0       0   0.00      1.00      0.00  ksoftirqd/1
00:52:05        0        38    0.00    0.00    0.00    0.00    0.00     3      0.00      0.00       0       0   0.00      1.00      0.00  ksoftirqd/3
00:52:05        0        51    0.00    0.00    0.00    0.00    0.00     3      0.00      0.00       0       0   0.00      3.00      0.00  kworker/3:1-mm_percpu_wq
00:52:05        0        52    0.00    0.00    0.00    0.00    0.00     2      0.00      0.00       0       0   0.00      2.00      0.00  kcompactd0
00:52:05        0       120    0.00    0.00    0.00    0.00    0.00     2      0.00      0.00       0       0   0.00      1.00      0.00  kworker/u16:3-events_unbound
00:52:05        0       121    0.00    0.00    0.00    0.00    0.00     1      0.00      0.00       0       0   0.00      7.00      0.00  kworker/1:1-mm_percpu_wq
00:52:05        0       239    0.00    0.00    0.00    0.00    0.00     2      0.00      0.00  288968   27076   0.34      1.00      0.00  multipathd
00:52:05      110       689    0.00    0.00    0.00    0.00    0.00     2      0.00      0.00   19416    3776   0.05      1.00      0.00  chronyd
00:52:05        0      1109    0.00    0.00    0.00    0.00    0.00     2      0.00      0.00       0       0   0.00      3.00      0.00  kworker/2:3-mm_percpu_wq
00:52:05     1000      1401    1.00    1.00    0.00    0.00    2.00     1      0.00      0.00   31744   21780   0.28     11.00      0.00  python3
00:52:05     1000      1408    0.00    0.00    0.00    0.00    0.00     1      0.00      0.00    9900    3356   0.04      1.00      0.00  vmstat
00:52:05     1000      1409    0.00    0.00    0.00    0.00    0.00     1      0.00      0.00    7580    3760   0.05      1.00      1.00  pidstat
00:52:05        0      1456    0.00    0.00    0.00    0.00    0.00     1      0.00      0.00       0       0   0.00      5.00      0.00  kworker/u16:0-events_power_efficient
00:52:05     1000      1744    0.00    0.00    0.00    0.00    0.00     0    143.00      0.00    2704    1528   0.02      1.00      1.00  time
00:52:05     1000      1745   38.00    3.00    0.00    0.00   41.00     0   8638.00      0.00   51044   43660   0.55      5.00      2.00  /home/ubuntu/pa
00:52:05     1000      1746    0.00    1.00    0.00    0.00    1.00     2   1431.00      0.00 1750456   10876   0.14      5.00      4.00  hey

# Time        UID       PID    %usr %system  %guest   %wait    %CPU   CPU  minflt/s  majflt/s     VSZ     RSS   %MEM   cswch/s nvcswch/s  Command
00:52:06        0        11    0.00    0.00    0.00    0.00    0.00     0      0.00      0.00       0       0   0.00      3.96      0.00  kworker/0:1-events
00:52:06        0        16    0.00    0.00    0.00    0.00    0.00     1      0.00      0.00       0       0   0.00      9.90      0.00  rcu_sched
00:52:06        0        25    0.00    0.00    0.00    0.00    0.00     1      0.00      0.00       0       0   0.00      0.99      0.00  migration/1
00:52:06        0        38    0.00    0.00    0.00    0.00    0.00     3      0.00      0.00       0       0   0.00      0.99      0.00  ksoftirqd/3
00:52:06        0        51    0.00    0.00    0.00    0.00    0.00     3      0.00      0.00       0       0   0.00      2.97      0.00  kworker/3:1-events
00:52:06        0        52    0.00    0.00    0.00    0.00    0.00     2      0.00      0.00       0       0   0.00      1.98      0.00  kcompactd0
00:52:06        0       120    0.00    0.00    0.00    0.00    0.00     3      0.00      0.00       0       0   0.00      4.95      0.00  kworker/u16:3-events_power_efficient
00:52:06        0       121    0.00    0.00    0.00    0.99    0.00     1      0.00      0.00       0       0   0.00      0.99      0.00  kworker/1:1-mm_percpu_wq
00:52:06        0       239    0.00    0.00    0.00    0.00    0.00     2      0.00      0.00  288968   27076   0.34      0.99      0.00  multipathd
00:52:06      110       689    0.00    0.00    0.00    0.00    0.00     2      0.00      0.00   19416    3776   0.05      0.99      0.00  chronyd
00:52:06        0      1109    0.00    0.00    0.00    0.00    0.00     2      0.00      0.00       0       0   0.00      3.96      0.00  kworker/2:3-mm_percpu_wq
00:52:06     1000      1401    0.99    0.00    0.00    0.00    0.99     1      0.00      0.00   31744   21780   0.28      2.97      0.00  python3
00:52:06     1000      1408    0.00    0.00    0.00    0.00    0.00     1      0.00      0.00    9900    3356   0.04      0.99      0.00  vmstat
00:52:06     1000      1409    0.00    0.99    0.00    0.99    0.99     1      0.00      0.00    7580    3760   0.05      0.99      1.98  pidstat
00:52:06     1000      1745   95.05    3.96    0.00    0.00   99.01     0    381.19      0.00   51220   43700   0.55      1.98      4.95  /home/ubuntu/pa
00:52:06     1000      1754    0.99    0.99    0.00    0.00    1.98     3   1440.59      0.00 1750712   10988   0.14      2.97      2.97  hey

# Time        UID       PID    %usr %system  %guest   %wait    %CPU   CPU  minflt/s  majflt/s     VSZ     RSS   %MEM   cswch/s nvcswch/s  Command
00:52:07        0        11    0.00    0.00    0.00    0.00    0.00     0      0.00      0.00       0       0   0.00      3.00      0.00  kworker/0:1-events
00:52:07        0        16    0.00    0.00    0.00    0.00    0.00     1      0.00      0.00       0       0   0.00      4.00      0.00  rcu_sched
00:52:07        0        51    0.00    0.00    0.00    0.00    0.00     3      0.00      0.00       0       0   0.00      5.00      0.00  kworker/3:1-mm_percpu_wq
00:52:07        0        52    0.00    0.00    0.00    0.00    0.00     2      0.00      0.00       0       0   0.00      2.00      0.00  kcompactd0
00:52:07        0       120    0.00    0.00    0.00    0.00    0.00     3      0.00      0.00       0       0   0.00      9.00      0.00  kworker/u16:3-events_power_efficient
00:52:07        0       121    0.00    0.00    0.00    0.00    0.00     1      0.00      0.00       0       0   0.00      4.00      0.00  kworker/1:1-events
00:52:07        0       239    0.00    0.00    0.00    0.00    0.00     2      0.00      0.00  288968   27076   0.34      1.00      0.00  multipathd
00:52:07        0      1109    0.00    0.00    0.00    0.00    0.00     2      0.00      0.00       0       0   0.00      1.00      0.00  kworker/2:3-mm_percpu_wq
00:52:07     1000      1408    0.00    0.00    0.00    0.00    0.00     1      0.00      0.00    9900    3356   0.04      1.00      0.00  vmstat
00:52:07     1000      1409    0.00    0.00    0.00    0.00    0.00     1      0.00      0.00    7580    3760   0.05      1.00      1.00  pidstat
00:52:07        0      1456    0.00    0.00    0.00    0.00    0.00     1      0.00      0.00       0       0   0.00      5.00      0.00  kworker/u16:0-events_power_efficient
00:52:07     1000      1745   96.00    3.00    0.00    0.00   99.00     0     18.00      0.00   51220   43828   0.55      0.00      4.00  /home/ubuntu/pa
00:52:07     1000      1754    3.00    5.00    0.00    0.00    8.00     3    737.00      0.00 1750712   13804   0.17      0.00      0.00  hey

# Time        UID       PID    %usr %system  %guest   %wait    %CPU   CPU  minflt/s  majflt/s     VSZ     RSS   %MEM   cswch/s nvcswch/s  Command
00:52:08        0        11    0.00    0.00    0.00    0.00    0.00     0      0.00      0.00       0       0   0.00      1.00      0.00  kworker/0:1-events
00:52:08        0        16    0.00    0.00    0.00    0.00    0.00     0      0.00      0.00       0       0   0.00     20.00      0.00  rcu_sched
00:52:08        0        19    0.00    0.00    0.00    0.00    0.00     0      0.00      0.00       0       0   0.00      1.00      0.00  migration/0
00:52:08        0        25    0.00    0.00    0.00    0.00    0.00     1      0.00      0.00       0       0   0.00      1.00      0.00  migration/1
00:52:08        0        31    0.00    0.00    0.00    0.00    0.00     2      0.00      0.00       0       0   0.00      1.00      0.00  migration/2
00:52:08        0        37    0.00    0.00    0.00    0.00    0.00     3      0.00      0.00       0       0   0.00      1.00      0.00  migration/3
00:52:08        0        38    0.00    0.00    0.00    0.00    0.00     3      0.00      0.00       0       0   0.00      1.00      0.00  ksoftirqd/3
00:52:08        0        51    0.00    0.00    0.00    0.00    0.00     3      0.00      0.00       0       0   0.00      1.00      0.00  kworker/3:1-events
00:52:08        0        52    0.00    0.00    0.00    0.00    0.00     2      0.00      0.00       0       0   0.00      2.00      0.00  kcompactd0
00:52:08        0       121    0.00    0.00    0.00    0.00    0.00     1      0.00      0.00       0       0   0.00      5.00      0.00  kworker/1:1-events
00:52:08        0       239    0.00    0.00    0.00    0.00    0.00     2      0.00      0.00  288968   27076   0.34      2.00      0.00  multipathd
00:52:08      110       689    0.00    0.00    0.00    0.00    0.00     1      0.00      0.00   19416    3776   0.05      2.00      0.00  chronyd
00:52:08        0       796    0.00    0.00    0.00    0.00    0.00     3      0.00      0.00       0       0   0.00      1.00      0.00  kworker/3:1H-kblockd
00:52:08        0      1109    0.00    0.00    0.00    0.00    0.00     2      0.00      0.00       0       0   0.00      2.00      0.00  kworker/2:3-events
00:52:08     1000      1401    0.00    0.00    0.00    0.00    0.00     1      0.00      0.00   31744   21780   0.28      3.00      0.00  python3
00:52:08     1000      1408    0.00    0.00    0.00    0.00    0.00     1      0.00      0.00    9900    3356   0.04      1.00      0.00  vmstat
00:52:08     1000      1409    0.00    1.00    0.00    0.00    1.00     1      0.00      0.00    7580    3760   0.05      1.00      1.00  pidstat
00:52:08        0      1456    0.00    0.00    0.00    0.00    0.00     1      0.00      0.00       0       0   0.00      4.00      0.00  kworker/u16:0-events_power_efficient
