Linux 7.0.0-1013-aws (ip-172-31-2-102) 	09/25/26 	_x86_64_	(4 CPU)

# Time        UID       PID    %usr %system  %guest   %wait    %CPU   CPU  minflt/s  majflt/s     VSZ     RSS   %MEM   cswch/s nvcswch/s  Command
14:47:11        0        16    0.00    0.00    0.00    0.00    0.00     1      0.00      0.00       0       0   0.00     53.47      0.00  rcu_sched
14:47:11        0        19    0.00    0.00    0.00    0.00    0.00     0      0.00      0.00       0       0   0.00      0.99      0.00  migration/0
14:47:11        0        25    0.00    0.00    0.00    0.00    0.00     1      0.00      0.00       0       0   0.00      2.97      0.00  migration/1
14:47:11        0        31    0.00    0.00    0.00    0.00    0.00     2      0.00      0.00       0       0   0.00      0.99      0.00  migration/2
14:47:11        0        37    0.00    0.00    0.00    0.00    0.00     3      0.00      0.00       0       0   0.00      0.99      0.00  migration/3
14:47:11        0        53    0.00    0.00    0.00    0.00    0.00     1      0.00      0.00       0       0   0.00      1.98      0.00  kcompactd0
14:47:11        0        60    0.00    0.00    0.00    0.00    0.00     2      0.00      0.00       0       0   0.00      1.98      0.00  kworker/2:1-mm_percpu_wq
14:47:11        0       118    0.00    0.00    0.00    0.00    0.00     1      0.00      0.00       0       0   0.00      5.94      0.00  kworker/u16:4-events_power_efficient
14:47:11        0       120    0.00    0.00    0.00    0.00    0.00     3      0.00      0.00       0       0   0.00      3.96      0.00  kworker/3:2-mm_percpu_wq
14:47:11        0       121    0.00    0.00    0.00    0.00    0.00     0      0.00      0.00       0       0   0.00      2.97      0.00  kworker/0:2-events
14:47:11        0       240    0.00    0.00    0.00    0.00    0.00     1      0.00      0.00  288968   27144   0.34      0.99      0.00  multipathd
14:47:11        0      1083    0.00    0.00    0.00    0.00    0.00     1      0.00      0.00       0       0   0.00      5.94      0.00  kworker/1:2-mm_percpu_wq
14:47:11     1000      1805    0.00    0.00    0.00    0.00    0.00     1      1.98      0.00   30416   20932   0.26      5.94      0.00  python3
14:47:11     1000      1810    0.00    0.00    0.00    0.00    0.00     1      0.00      0.00    9900    3356   0.04      0.99      0.00  vmstat
14:47:11     1000      1811    0.00    0.99    0.00    0.00    0.99     1      0.99      0.00    7580    3572   0.05      0.99      0.99  pidstat
14:47:11     1000      1812    0.00    0.00    0.00    0.00    0.00     0    141.58      0.00    2704    1464   0.02      0.99      1.98  time
14:47:11     1000      1813   85.15    6.93    0.00    0.00   92.08     0   7987.13      0.00   48628   41456   0.52      4.95      3.96  /home/ubuntu/pe
14:47:11     1000      1814   15.84   16.83    0.00    0.00   32.67     2  11578.22      0.00 1817276   47880   0.60      4.95      3.96  hey

# Time        UID       PID    %usr %system  %guest   %wait    %CPU   CPU  minflt/s  majflt/s     VSZ     RSS   %MEM   cswch/s nvcswch/s  Command
14:47:12        0        16    0.00    0.00    0.00    0.00    0.00     1      0.00      0.00       0       0   0.00    117.00      0.00  rcu_sched
14:47:12        0        25    0.00    0.00    0.00    0.00    0.00     1      0.00      0.00       0       0   0.00      1.00      0.00  migration/1
14:47:12        0        26    0.00    0.00    0.00    0.00    0.00     1      0.00      0.00       0       0   0.00      1.00      0.00  ksoftirqd/1
14:47:12        0        53    0.00    0.00    0.00    0.00    0.00     1      0.00      0.00       0       0   0.00      2.00      0.00  kcompactd0
14:47:12        0        60    0.00    0.00    0.00    0.00    0.00     2      0.00      0.00       0       0   0.00      7.00      0.00  kworker/2:1-mm_percpu_wq
14:47:12        0       118    0.00    0.00    0.00    0.00    0.00     1      0.00      0.00       0       0   0.00      6.00      0.00  kworker/u16:4-events_unbound
14:47:12        0       120    0.00    0.00    0.00    0.00    0.00     3      0.00      0.00       0       0   0.00      4.00      0.00  kworker/3:2-mm_percpu_wq
14:47:12        0       121    0.00    0.00    0.00    1.00    0.00     0      0.00      0.00       0       0   0.00      4.00      0.00  kworker/0:2-mm_percpu_wq
14:47:12        0       137    0.00    0.00    0.00    0.00    0.00     3      0.00      0.00       0       0   0.00      4.00      0.00  jbd2/nvme0n1p1-8
14:47:12        0       240    0.00    0.00    0.00    0.00    0.00     1      0.00      0.00  288968   27144   0.34      1.00      0.00  multipathd
14:47:12        0       842    0.00    0.00    0.00    0.00    0.00     3      0.00      0.00       0       0   0.00      1.00      0.00  kworker/3:1H-kblockd
14:47:12        0      1083    0.00    0.00    0.00    0.00    0.00     1      0.00      0.00       0       0   0.00      7.00      0.00  kworker/1:2-events
14:47:12     1000      1805    1.00    0.00    0.00    0.00    1.00     1      0.00      0.00   30416   20932   0.26     17.00      0.00  python3
14:47:12     1000      1810    0.00    0.00    0.00    0.00    0.00     1      0.00      0.00    9900    3356   0.04      1.00      0.00  vmstat
14:47:12     1000      1811    0.00    0.00    0.00    0.00    0.00     1      7.00      0.00    7712    3700   0.05      1.00      0.00  pidstat
14:47:12     1000      1813   91.00   10.00    0.00    0.00  101.00     0    229.00      0.00   49552   42480   0.54      0.00      4.00  /home/ubuntu/pe
14:47:12     1000      1814   21.00   19.00    0.00    0.00   40.00     2   5582.00      0.00 1817980   67976   0.86      0.00      0.00  hey

# Time        UID       PID    %usr %system  %guest   %wait    %CPU   CPU  minflt/s  majflt/s     VSZ     RSS   %MEM   cswch/s nvcswch/s  Command
14:47:13        0        26    0.00    0.00    0.00    0.00    0.00     1      0.00      0.00       0       0   0.00      1.00      0.00  ksoftirqd/1
14:47:13        0        53    0.00    0.00    0.00    0.00    0.00     1      0.00      0.00       0       0   0.00      2.00      0.00  kcompactd0
14:47:13        0        60    0.00    0.00    0.00    0.00    0.00     2      0.00      0.00       0       0   0.00      1.00      0.00  kworker/2:1-mm_percpu_wq
14:47:13        0       118    0.00    0.00    0.00    0.00    0.00     1      0.00      0.00       0       0   0.00      8.00      0.00  kworker/u16:4-events_power_efficient
14:47:13        0       120    0.00    0.00    0.00    0.00    0.00     3      0.00      0.00       0       0   0.00      4.00      0.00  kworker/3:2-mm_percpu_wq
14:47:13        0       121    0.00    0.00    0.00    0.00    0.00     0      0.00      0.00       0       0   0.00      2.00      0.00  kworker/0:2-events
14:47:13        0       240    0.00    0.00    0.00    0.00    0.00     1      0.00      0.00  288968   27144   0.34      1.00      0.00  multipathd
14:47:13        0      1083    0.00    0.00    0.00    0.00    0.00     1      0.00      0.00       0       0   0.00      5.00      0.00  kworker/1:2-events
14:47:13     1000      1805    0.00    0.00    0.00    0.00    0.00     1      0.00      0.00   30416   20932   0.26     20.00      0.00  python3
14:47:13     1000      1810    0.00    0.00    0.00    0.00    0.00     1      0.00      0.00    9900    3356   0.04      1.00      0.00  vmstat
14:47:13     1000      1811    0.00    1.00    0.00    0.00    1.00     1      0.00      0.00    7712    3700   0.05      1.00      0.00  pidstat
14:47:13     1000      1813   92.00    7.00    0.00    0.00   99.00     0      0.00      0.00   49552   42480   0.54      0.00      2.00  /home/ubuntu/pe
14:47:13     1000      1814   25.00   16.00    0.00    0.00   41.00     2   1379.00      0.00 1818236   72840   0.92      0.00      0.00  hey

# Time        UID       PID    %usr %system  %guest   %wait    %CPU   CPU  minflt/s  majflt/s     VSZ     RSS   %MEM   cswch/s nvcswch/s  Command
14:47:14        0        53    0.00    0.00    0.00    0.00    0.00     1      0.00      0.00       0       0   0.00      2.00      0.00  kcompactd0
14:47:14        0        60    0.00    0.00    0.00    0.00    0.00     2      0.00      0.00       0       0   0.00      4.00      0.00  kworker/2:1-mm_percpu_wq
14:47:14        0       118    0.00    0.00    0.00    0.00    0.00     1      0.00      0.00       0       0   0.00      4.00      0.00  kworker/u16:4-events_power_efficient
14:47:14        0       120    0.00    0.00    0.00    0.00    0.00     3      0.00      0.00       0       0   0.00      2.00      0.00  kworker/3:2-mm_percpu_wq
14:47:14        0       121    0.00    0.00    0.00    0.00    0.00     0      0.00      0.00       0       0   0.00      3.00      0.00  kworker/0:2-mm_percpu_wq
14:47:14        0       240    0.00    0.00    0.00    0.00    0.00     1      0.00      0.00  288968   27144   0.34      1.00      0.00  multipathd
14:47:14        0      1083    0.00    0.00    0.00    0.00    0.00     1      0.00      0.00       0       0   0.00      5.00      0.00  kworker/1:2-mm_percpu_wq
14:47:14     1000      1805    0.00    0.00    0.00    0.00    0.00     1      0.00      0.00   30416   20932   0.26     20.00      0.00  python3
14:47:14     1000      1810    0.00    0.00    0.00    0.00    0.00     1      0.00      0.00    9900    3356   0.04      1.00      0.00  vmstat
14:47:14     1000      1811    0.00    0.00    0.00    0.00    0.00     1      0.00      0.00    7712    3700   0.05      1.00      0.00  pidstat
14:47:14     1000      1813   92.00    9.00    0.00    0.00  101.00     0      0.00      0.00   49552   42480   0.54      0.00      3.00  /home/ubuntu/pe
14:47:14     1000      1814   20.00   20.00    0.00    0.00   40.00     2    171.00      0.00 1818428   73352   0.93      0.00      0.00  hey

# Time        UID       PID    %usr %system  %guest   %wait    %CPU   CPU  minflt/s  majflt/s     VSZ     RSS   %MEM   cswch/s nvcswch/s  Command
14:47:15        0        12    0.00    0.00    0.00    0.00    0.00     1      0.00      0.00       0       0   0.00      3.00      0.00  kworker/u16:0-events_power_efficient
14:47:15        0        19    0.00    0.00    0.00    0.00    0.00     0      0.00      0.00       0       0   0.00      1.00      0.00  migration/0
14:47:15        0        25    0.00    0.00    0.00    0.00    0.00     1      0.00      0.00       0       0   0.00      1.00      0.00  migration/1
14:47:15        0        31    0.00    0.00    0.00    0.00    0.00     2      0.00      0.00       0       0   0.00      1.00      0.00  migration/2
14:47:15        0        37    0.00    0.00    0.00    0.00    0.00     3      0.00      0.00       0       0   0.00      1.00      0.00  migration/3
14:47:15        0        48    0.00    0.00    0.00    0.00    0.00     3      0.00      0.00       0       0   0.00      1.00      0.00  kworker/u16:1-events_power_efficient
14:47:15        0        49    0.00    0.00    0.00    0.00    0.00     2      0.00      0.00       0       0   0.00      1.00      0.00  kworker/u16:2-flush-259:0
14:47:15        0        53    0.00    0.00    0.00    0.00    0.00     1      0.00      0.00       0       0   0.00      2.00      0.00  kcompactd0
14:47:15        0        60    0.00    0.00    0.00    0.00    0.00     2      0.00      0.00       0       0   0.00      1.00      0.00  kworker/2:1-mm_percpu_wq
14:47:15        0       118    0.00    0.00    0.00    0.00    0.00     1      0.00      0.00       0       0   0.00      5.00      0.00  kworker/u16:4-events_power_efficient
14:47:15        0       120    0.00    0.00    0.00    0.00    0.00     3      0.00      0.00       0       0   0.00      3.00      0.00  kworker/3:2-mm_percpu_wq
14:47:15        0       121    0.00    0.00    0.00    0.00    0.00     0      0.00      0.00       0       0   0.00      2.00      0.00  kworker/0:2-events
14:47:15        0       240    0.00    0.00    0.00    0.00    0.00     1      0.00      0.00  288968   27144   0.34      1.00      0.00  multipathd
14:47:15        0      1083    0.00    0.00    0.00    0.00    0.00     1      0.00      0.00       0       0   0.00      6.00      0.00  kworker/1:2-mm_percpu_wq
14:47:15     1000      1805    0.00    0.00    0.00    0.00    0.00     1      0.00      0.00   30416   20932   0.26     20.00      0.00  python3
14:47:15     1000      1810    0.00    0.00    0.00    0.00    0.00     1      0.00      0.00    9900    3356   0.04      1.00      0.00  vmstat
14:47:15     1000      1811    0.00    1.00    0.00    0.00    1.00     1      0.00      0.00    7712    3700   0.05      1.00      0.00  pidstat
14:47:15     1000      1813   92.00    7.00    0.00    0.00   99.00     0      0.00      0.00   49552   42480   0.54      0.00      3.00  /home/ubuntu/pe
14:47:15     1000      1814   22.00   19.00    0.00    0.00   41.00     2    156.00      0.00 1818492   73864   0.93      0.00      0.00  hey

# Time        UID       PID    %usr %system  %guest   %wait    %CPU   CPU  minflt/s  majflt/s     VSZ     RSS   %MEM   cswch/s nvcswch/s  Command
14:47:16        0        12    0.00    0.00    0.00    0.00    0.00     1      0.00      0.00       0       0   0.00      6.00      0.00  kworker/u16:0-events_power_efficient
14:47:16        0        16    0.00    0.00    0.00    0.00    0.00     1      0.00      0.00       0       0   0.00     63.00      0.00  rcu_sched
14:47:16        0        25    0.00    0.00    0.00    0.00    0.00     1      0.00      0.00       0       0   0.00      2.00      0.00  migration/1
14:47:16        0        26    0.00    0.00    0.00    0.00    0.00     1      0.00      0.00       0       0   0.00      1.00      0.00  ksoftirqd/1
14:47:16        0        38    0.00    0.00    0.00    0.00    0.00     3      0.00      0.00       0       0   0.00      1.00      0.00  ksoftirqd/3
14:47:16        0        53    0.00    0.00    0.00    0.00    0.00     1      0.00      0.00       0       0   0.00      2.00      0.00  kcompactd0
14:47:16        0        60    0.00    0.00    0.00    0.00    0.00     2      0.00      0.00       0       0   0.00      4.00      0.00  kworker/2:1-mm_percpu_wq
14:47:16        0       120    0.00    0.00    0.00    0.00    0.00     3      0.00      0.00       0       0   0.00      4.00      0.00  kworker/3:2-mm_percpu_wq
14:47:16        0       121    0.00    0.00    0.00    0.00    0.00     0      0.00      0.00       0       0   0.00      3.00      0.00  kworker/0:2-mm_percpu_wq
14:47:16        0       240    0.00    0.00    0.00    0.00    0.00     1      0.00      0.00  288968   27144   0.34      1.00      0.00  multipathd
14:47:16      110       672    0.00    0.00    0.00    0.00    0.00     2      0.00      0.00   19416    3744   0.05      2.00      0.00  chronyd
14:47:16        0      1083    0.00    0.00    0.00    0.00    0.00     1      0.00      0.00       0       0   0.00      6.00      0.00  kworker/1:2-mm_percpu_wq
14:47:16     1000      1805    0.00    0.00    0.00    0.00    0.00     1     23.00      0.00   30416   21060   0.27     15.00      0.00  python3
14:47:16     1000      1810    0.00    0.00    0.00    0.00    0.00     1      0.00      0.00    9900    3356   0.04      1.00      0.00  vmstat
14:47:16     1000      1811    0.00    0.00    0.00    0.00    0.00     1      0.00      0.00    7712    3700   0.05      1.00      1.00  pidstat
14:47:16     1000      1829    0.00    0.00    0.00    0.00    0.00     0    145.00      0.00    2704    1464   0.02      1.00      1.00  time
14:47:16     1000      1830   28.00    3.00    0.00    0.00   31.00     0   8155.00      0.00   48956   41912   0.53      5.00      1.00  /home/ubuntu/pa
14:47:16     1000      1831    2.00    4.00    0.00    0.00    6.00     2   3922.00      0.00 1742584   19504   0.25      3.00      4.00  hey

# Time        UID       PID    %usr %system  %guest   %wait    %CPU   CPU  minflt/s  majflt/s     VSZ     RSS   %MEM   cswch/s nvcswch/s  Command
14:47:17        0        12    0.00    0.00    0.00    0.00    0.00     1      0.00      0.00       0       0   0.00      6.00      0.00  kworker/u16:0-events_power_efficient
14:47:17        0        16    0.00    0.00    0.00    0.00    0.00     1      0.00      0.00       0       0   0.00     55.00      0.00  rcu_sched
14:47:17        0        25    0.00    0.00    0.00    0.00    0.00     1      0.00      0.00       0       0   0.00      1.00      0.00  migration/1
14:47:17        0        26    0.00    0.00    0.00    0.00    0.00     1      0.00      0.00       0       0   0.00      1.00      0.00  ksoftirqd/1
14:47:17        0        37    0.00    0.00    0.00    0.00    0.00     3      0.00      0.00       0       0   0.00      1.00      0.00  migration/3
14:47:17        0        53    0.00    0.00    0.00    0.00    0.00     1      0.00      0.00       0       0   0.00      2.00      0.00  kcompactd0
14:47:17        0        60    0.00    0.00    0.00    0.00    0.00     2      0.00      0.00       0       0   0.00      1.00      0.00  kworker/2:1-mm_percpu_wq
14:47:17        0       120    0.00    0.00    0.00    0.00    0.00     3      0.00      0.00       0       0   0.00      3.00      0.00  kworker/3:2-mm_percpu_wq
14:47:17        0       121    0.00    0.00    0.00    0.00    0.00     0      0.00      0.00       0       0   0.00      3.00      0.00  kworker/0:2-events
14:47:17        0       240    0.00    0.00    0.00    0.00    0.00     1      0.00      0.00  288968   27144   0.34      1.00      0.00  multipathd
14:47:17      110       672    0.00    0.00    0.00    0.00    0.00     1      0.00      0.00   19416    3744   0.05      2.00      0.00  chronyd
14:47:17        0      1083    0.00    0.00    0.00    0.00    0.00     1      0.00      0.00       0       0   0.00      6.00      0.00  kworker/1:2-events
14:47:17     1000      1805    0.00    0.00    0.00    0.00    0.00     1      0.00      0.00   30416   21060   0.27      2.00      0.00  python3
14:47:17     1000      1810    0.00    0.00    0.00    0.00    0.00     1      0.00      0.00    9900    3356   0.04      1.00      0.00  vmstat
14:47:17     1000      1811    0.00    1.00    0.00    0.00    1.00     1      6.00      0.00    7712    3700   0.05      1.00      1.00  pidstat
14:47:17     1000      1830   94.00    7.00    0.00    0.00  101.00     0    312.00      0.00   50276   43192   0.55      0.00      3.00  /home/ubuntu/pa
14:47:17     1000      1831   21.00   19.00    0.00    0.00   40.00     2  10973.00      0.00 1817276   59184   0.75      0.00      0.00  hey
14:47:17     1000      1839    0.00    0.00    0.00    0.00    0.00     2   1099.00      0.00 1676084   10408   0.13      3.00      3.00  hey

# Time        UID       PID    %usr %system  %guest   %wait    %CPU   CPU  minflt/s  majflt/s     VSZ     RSS   %MEM   cswch/s nvcswch/s  Command
14:47:18        0        12    0.00    0.00    0.00    0.00    0.00     1      0.00      0.00       0       0   0.00      6.00      0.00  kworker/u16:0-events_power_efficient
14:47:18        0        16    0.00    0.00    0.00    0.00    0.00     1      0.00      0.00       0       0   0.00     70.00      0.00  rcu_sched
14:47:18        0        38    0.00    0.00    0.00    0.00    0.00     3      0.00      0.00       0       0   0.00      1.00      0.00  ksoftirqd/3
14:47:18        0        53    0.00    0.00    0.00    0.00    0.00     2      0.00      0.00       0       0   0.00      2.00      0.00  kcompactd0
14:47:18        0        60    0.00    0.00    0.00    0.00    0.00     2      0.00      0.00       0       0   0.00      4.00      0.00  kworker/2:1-mm_percpu_wq
14:47:18        0       120    0.00    0.00    0.00    0.00    0.00     3      0.00      0.00       0       0   0.00      5.00      0.00  kworker/3:2-mm_percpu_wq
14:47:18        0       121    0.00    0.00    0.00    0.00    0.00     0      0.00      0.00       0       0   0.00      1.00      0.00  kworker/0:2-mm_percpu_wq
14:47:18        0       240    0.00    0.00    0.00    0.00    0.00     1      0.00      0.00  288968   27144   0.34      1.00      0.00  multipathd
14:47:18        0       591    0.00    0.00    0.00    0.00    0.00     2      0.00      0.00   83064    4556   0.06      1.00      0.00  irqbalance
14:47:18      110       672    0.00    0.00    0.00    0.00    0.00     1      0.00      0.00   19416    3744   0.05      4.00      0.00  chronyd
14:47:18        0       842    0.00    0.00    0.00    0.00    0.00     3      0.00      0.00       0       0   0.00      1.00      0.00  kworker/3:1H-kblockd
14:47:18        0      1083    0.00    0.00    0.00    0.00    0.00     1      0.00      0.00       0       0   0.00      5.00      0.00  kworker/1:2-events
14:47:18     1000      1805    0.00    0.00    0.00    0.00    0.00     1      0.00      0.00   30416   21060   0.27     22.00      0.00  python3
14:47:18     1000      1810    0.00    0.00    0.00    0.00    0.00     1      0.00      0.00    9900    3356   0.04      1.00      0.00  vmstat
14:47:18     1000      1811    0.00    0.00    0.00    0.00    0.00     1      0.00      0.00    7712    3700   0.05      1.00      0.00  pidstat
14:47:18     1000      1830   92.00    8.00    0.00    0.00  100.00     0    131.00      0.00   50804   43704   0.55      0.00      1.00  /home/ubuntu/pa
14:47:18     1000      1831   20.00   18.00    0.00    0.00   38.00     2   2319.00      0.00 1818044   67376   0.85      0.00      0.00  hey

# Time        UID       PID    %usr %system  %guest   %wait    %CPU   CPU  minflt/s  majflt/s     VSZ     RSS   %MEM   cswch/s nvcswch/s  Command
14:47:19        0        12    0.00    0.00    0.00    0.00    0.00     1      0.00      0.00       0       0   0.00      5.00      0.00  kworker/u16:0-events_power_efficient
14:47:19        0        16    0.00    0.00    0.00    0.00    0.00     1      0.00      0.00       0       0   0.00      2.00      0.00  rcu_sched
14:47:19        0        19    0.00    0.00    0.00    0.00    0.00     0      0.00      0.00       0       0   0.00      1.00      0.00  migration/0
14:47:19        0        25    0.00    0.00    0.00    0.00    0.00     1      0.00      0.00       0       0   0.00      1.00      0.00  migration/1
14:47:19        0        31    0.00    0.00    0.00    0.00    0.00     2      0.00      0.00       0       0   0.00      1.00      0.00  migration/2
14:47:19        0        37    0.00    0.00    0.00    0.00    0.00     3      0.00      0.00       0       0   0.00      1.00      0.00  migration/3
14:47:19        0        53    0.00    0.00    0.00    0.00    0.00     1      0.00      0.00       0       0   0.00      2.00      0.00  kcompactd0
14:47:19        0        60    0.00    0.00    0.00    0.00    0.00     2      0.00      0.00       0       0   0.00      1.00      0.00  kworker/2:1-mm_percpu_wq
14:47:19        0       120    0.00    0.00    0.00    0.00    0.00     3      0.00      0.00       0       0   0.00      3.00      0.00  kworker/3:2-mm_percpu_wq
14:47:19        0       121    0.00    0.00    0.00    0.00    0.00     0      0.00      0.00       0       0   0.00      2.00      0.00  kworker/0:2-events
14:47:19        0       240    0.00    0.00    0.00    0.00    0.00     1      0.00      0.00  288968   27144   0.34      1.00      0.00  multipathd
14:47:19      110       672    0.00    0.00    0.00    0.00    0.00     1      0.00      0.00   19416    3744   0.05      3.00      0.00  chronyd
14:47:19        0      1083    0.00    0.00    0.00    0.00    0.00     1      0.00      0.00       0       0   0.00      5.00      0.00  kworker/1:2-mm_percpu_wq
14:47:19     1000      1805    0.00    0.00    0.00    0.00    0.00     1      0.00      0.00   30416   21060   0.27     20.00      0.00  python3
14:47:19     1000      1810    0.00    0.00    0.00    0.00    0.00     1      0.00      0.00    9900    3356   0.04      1.00      0.00  vmstat
14:47:19     1000      1811    0.00    1.00    0.00    0.00    1.00     1      0.00      0.00    7712    3700   0.05      1.00      0.00  pidstat
14:47:19     1000      1830   94.00    5.00    0.00    0.00   99.00     0      0.00      0.00   50804   43704   0.55      0.00      3.00  /home/ubuntu/pa
14:47:19     1000      1831   19.00   19.00    0.00    0.00   38.00     2   1349.00      0.00 1818236   72240   0.91      0.00      0.00  hey

# Time        UID       PID    %usr %system  %guest   %wait    %CPU   CPU  minflt/s  majflt/s     VSZ     RSS   %MEM   cswch/s nvcswch/s  Command
14:47:20        0        12    0.00    0.00    0.00    0.00    0.00     1      0.00      0.00       0       0   0.00      8.00      0.00  kworker/u16:0-events_power_efficient
14:47:20        0        16    0.00    0.00    0.00    0.00    0.00     1      0.00      0.00       0       0   0.00     10.00      0.00  rcu_sched
14:47:20        0        26    0.00    0.00    0.00    0.00    0.00     1      0.00      0.00       0       0   0.00      1.00      0.00  ksoftirqd/1
14:47:20        0        53    0.00    0.00    0.00    0.00    0.00     1      0.00      0.00       0       0   0.00      2.00      0.00  kcompactd0
14:47:20        0        60    0.00    0.00    0.00    0.00    0.00     2      0.00      0.00       0       0   0.00      3.00      0.00  kworker/2:1-mm_percpu_wq
14:47:20        0       118    0.00    0.00    0.00    0.00    0.00     2      0.00      0.00       0       0   0.00      2.00      0.00  kworker/u16:4-flush-259:0
14:47:20        0       120    0.00    0.00    0.00    0.00    0.00     3      0.00      0.00       0       0   0.00      3.00      0.00  kworker/3:2-mm_percpu_wq
14:47:20        0       121    0.00    0.00    0.00    0.00    0.00     0      0.00      0.00       0       0   0.00      1.00      0.00  kworker/0:2-mm_percpu_wq
14:47:20        0       240    0.00    0.00    0.00    0.00    0.00     1      0.00      0.00  288968   27144   0.34      2.00      0.00  multipathd
14:47:20      110       672    0.00    0.00    0.00    0.00    0.00     1      0.00      0.00   19416    3744   0.05      7.00      0.00  chronyd
14:47:20        0      1083    0.00    0.00    0.00    0.00    0.00     1      0.00      0.00       0       0   0.00      6.00      0.00  kworker/1:2-mm_percpu_wq
14:47:20     1000      1805    0.00    0.00    0.00    0.00    0.00     1      0.00      0.00   30416   21060   0.27     20.00      0.00  python3
14:47:20     1000      1810    0.00    0.00    0.00    0.00    0.00     1      0.00      0.00    9900    3356   0.04      1.00      0.00  vmstat
14:47:20     1000      1811    0.00    0.00    0.00    0.00    0.00     1      0.00      0.00    7712    3700   0.05      1.00      0.00  pidstat
14:47:20     1000      1830   93.00    8.00    0.00    0.00  101.00     0      0.00      0.00   50804   43704   0.55      0.00      1.00  /home/ubuntu/pa
14:47:20     1000      1831   20.00   19.00    0.00    0.00   39.00     2    206.00      0.00 1818428   72880   0.92      0.00      0.00  hey

# Time        UID       PID    %usr %system  %guest   %wait    %CPU   CPU  minflt/s  majflt/s     VSZ     RSS   %MEM   cswch/s nvcswch/s  Command
14:47:21        0        12    0.00    0.00    0.00    0.00    0.00     1      0.00      0.00       0       0   0.00      7.00      0.00  kworker/u16:0-events_power_efficient
14:47:21        0        16    0.00    0.00    0.00    0.00    0.00     2      0.00      0.00       0       0   0.00     27.00      0.00  rcu_sched
14:47:21        0        32    0.00    0.00    0.00    0.00    0.00     2      0.00      0.00       0       0   0.00      1.00      0.00  ksoftirqd/2
14:47:21        0        38    0.00    0.00    0.00    0.00    0.00     3      0.00      0.00       0       0   0.00      2.00      0.00  ksoftirqd/3
14:47:21        0        53    0.00    0.00    0.00    0.00    0.00     2      0.00      0.00       0       0   0.00      2.00      0.00  kcompactd0
14:47:21        0        60    0.00    0.00    0.00    0.00    0.00     2      0.00      0.00       0       0   0.00      2.00      0.00  kworker/2:1-events
14:47:21        0       120    0.00    0.00    0.00    0.00    0.00     3      0.00      0.00       0       0   0.00      4.00      0.00  kworker/3:2-events
14:47:21        0       121    0.00    0.00    0.00    0.00    0.00     0      0.00      0.00       0       0   0.00      3.00      0.00  kworker/0:2-events
14:47:21        0       240    0.00    0.00    0.00    0.00    0.00     1      0.00      0.00  288968   27144   0.34      1.00      0.00  multipathd
14:47:21        0      1083    0.00    0.00    0.00    0.00    0.00     1      0.00      0.00       0       0   0.00      6.00      0.00  kworker/1:2-mm_percpu_wq
14:47:21     1000      1805    0.00    0.00    0.00    0.00    0.00     1      0.00      0.00   30416   21060   0.27     19.00      0.00  python3
14:47:21     1000      1810    0.00    0.00    0.00    0.00    0.00     1      0.00      0.00    9900    3356   0.04      1.00      0.00  vmstat
14:47:21     1000      1811    1.00    0.00    0.00    0.00    1.00     1      0.00      0.00    7712    3700   0.05      1.00      0.00  pidstat

# Time        UID       PID    %usr %system  %guest   %wait    %CPU   CPU  minflt/s  majflt/s     VSZ     RSS   %MEM   cswch/s nvcswch/s  Command
14:47:22        0        12    0.00    0.00    0.00    0.00    0.00     1      0.00      0.00       0       0   0.00      6.00      0.00  kworker/u16:0-events_power_efficient
14:47:22        0        16    0.00    0.00    0.00    0.00    0.00     1      0.00      0.00       0       0   0.00     30.00      0.00  rcu_sched
14:47:22        0        25    0.00    0.00    0.00    0.00    0.00     1      0.00      0.00       0       0   0.00      2.00      0.00  migration/1
14:47:22        0        26    0.00    0.00    0.00    0.00    0.00     1      0.00      0.00       0       0   0.00      1.00      0.00  ksoftirqd/1
14:47:22        0        53    0.00    0.00    0.00    0.00    0.00     2      0.00      0.00       0       0   0.00      2.00      0.00  kcompactd0
14:47:22        0        60    0.00    1.00    0.00    0.00    1.00     2      0.00      0.00       0       0   0.00      1.00      0.00  kworker/2:1-mm_percpu_wq
14:47:22        0       120    0.00    0.00    0.00    0.00    0.00     3      0.00      0.00       0       0   0.00      1.00      0.00  kworker/3:2-mm_percpu_wq
14:47:22        0       121    0.00    0.00    0.00    0.00    0.00     0      0.00      0.00       0       0   0.00      2.00      0.00  kworker/0:2-mm_percpu_wq
14:47:22        0       240    0.00    0.00    0.00    0.00    0.00     1      0.00      0.00  288968   27144   0.34      1.00      0.00  multipathd
14:47:22        0      1083    0.00    0.00    0.00    0.00    0.00     1      0.00      0.00       0       0   0.00      7.00      0.00  kworker/1:2-events
14:47:22     1000      1805    1.00    0.00    0.00    0.00    1.00     1      0.00      0.00   30416   21060   0.27      8.00      0.00  python3
14:47:22     1000      1810    0.00    0.00    0.00    0.00    0.00     1      0.00      0.00    9900    3356   0.04      1.00      0.00  vmstat
14:47:22     1000      1811    0.00    1.00    0.00    0.00    1.00     1      0.00      0.00    7712    3700   0.05      1.00      0.00  pidstat
14:47:22     1000      1846    0.00    0.00    0.00    0.00    0.00     0    145.00      0.00    2704    1528   0.02      1.00      1.00  time
14:47:22     1000      1847   66.00    5.00    0.00    0.00   71.00     0   8335.00      0.00   49724   42268   0.53      6.00      2.00  /home/ubuntu/pa
14:47:22     1000      1848    7.00    5.00    0.00    0.00   12.00     2   9154.00      0.00 1816892   37552   0.47      4.00      2.00  hey

# Time        UID       PID    %usr %system  %guest   %wait    %CPU   CPU  minflt/s  majflt/s     VSZ     RSS   %MEM   cswch/s nvcswch/s  Command
14:47:23        0        12    0.00    0.00    0.00    0.00    0.00     1      0.00      0.00       0       0   0.00      4.00      0.00  kworker/u16:0-events_power_efficient
14:47:23        0        16    0.00    0.00    0.00    0.00    0.00     1      0.00      0.00       0       0   0.00     22.00      0.00  rcu_sched
14:47:23        0        19    0.00    0.00    0.00    0.00    0.00     0      0.00      0.00       0       0   0.00      1.00      0.00  migration/0
14:47:23        0        25    0.00    0.00    0.00    0.00    0.00     1      0.00      0.00       0       0   0.00      2.00      0.00  migration/1
14:47:23        0        26    0.00    0.00    0.00    0.00    0.00     1      0.00      0.00       0       0   0.00      1.00      0.00  ksoftirqd/1
14:47:23        0        31    0.00    0.00    0.00    0.00    0.00     2      0.00      0.00       0       0   0.00      1.00      0.00  migration/2
14:47:23        0        37    0.00    0.00    0.00    0.00    0.00     3      0.00      0.00       0       0   0.00      1.00      0.00  migration/3
14:47:23        0        53    0.00    0.00    0.00    0.00    0.00     2      0.00      0.00       0       0   0.00      2.00      0.00  kcompactd0
14:47:23        0        60    0.00    0.00    0.00    0.00    0.00     2      0.00      0.00       0       0   0.00      4.00      0.00  kworker/2:1-events
14:47:23        0       118    0.00    0.00    0.00    0.00    0.00     2      0.00      0.00       0       0   0.00      3.00      0.00  kworker/u16:4-events_power_efficient
14:47:23        0       120    0.00    0.00    0.00    0.00    0.00     3      0.00      0.00       0       0   0.00      3.00      0.00  kworker/3:2-mm_percpu_wq
14:47:23        0       121    0.00    0.00    0.00    0.00    0.00     0      0.00      0.00       0       0   0.00      3.00      0.00  kworker/0:2-events
14:47:23        0       240    0.00    0.00    0.00    0.00    0.00     1      0.00      0.00  288968   27144   0.34      1.00      0.00  multipathd
14:47:23        0      1083    0.00    0.00    0.00    0.00    0.00     1      0.00      0.00       0       0   0.00      4.00      0.00  kworker/1:2-mm_percpu_wq
14:47:23     1000      1805    0.00    0.00    0.00    0.00    0.00     1      0.00      0.00   30416   21060   0.27     19.00      0.00  python3
14:47:23     1000      1810    0.00    0.00    0.00    0.00    0.00     1      0.00      0.00    9900    3356   0.04      1.00      0.00  vmstat
14:47:23     1000      1811    0.00    0.00    0.00    0.00    0.00     1      0.00      0.00    7712    3700   0.05      1.00      0.00  pidstat
14:47:23     1000      1847   95.00    5.00    0.00    0.00  100.00     0    273.00      0.00   50780   43420   0.55      0.00      4.00  /home/ubuntu/pa
14:47:23     1000      1848   12.00    9.00    0.00    0.00   21.00     2   8645.00      0.00 1817660   67760   0.86      0.00      0.00  hey

# Time        UID       PID    %usr %system  %guest   %wait    %CPU   CPU  minflt/s  majflt/s     VSZ     RSS   %MEM   cswch/s nvcswch/s  Command
14:47:24        0        16    0.00    0.00    0.00    0.00    0.00     1      0.00      0.00       0       0   0.00      2.00      0.00  rcu_sched
14:47:24        0        53    0.00    0.00    0.00    0.00    0.00     2      0.00      0.00       0       0   0.00      2.00      0.00  kcompactd0
14:47:24        0        60    0.00    0.00    0.00    0.00    0.00     2      0.00      0.00       0       0   0.00      4.00      0.00  kworker/2:1-mm_percpu_wq
14:47:24        0       118    0.00    0.00    0.00    0.00    0.00     1      0.00      0.00       0       0   0.00      4.00      0.00  kworker/u16:4-events_power_efficient
14:47:24        0       120    0.00    0.00    0.00    0.00    0.00     3      0.00      0.00       0       0   0.00      1.00      0.00  kworker/3:2-mm_percpu_wq
14:47:24        0       121    0.00    0.00    0.00    0.00    0.00     0      0.00      0.00       0       0   0.00      3.00      0.00  kworker/0:2-mm_percpu_wq
14:47:24        0       240    0.00    0.00    0.00    0.00    0.00     1      0.00      0.00  288968   27144   0.34      1.00      0.00  multipathd
14:47:24        0      1083    0.00    0.00    0.00    0.00    0.00     1      0.00      0.00       0       0   0.00      2.00      0.00  kworker/1:2-mm_percpu_wq
14:47:24     1000      1788    0.00    0.00    0.00    0.00    0.00     2      0.00      0.00   15012    7136   0.09      1.00      0.00  sshd
14:47:24     1000      1805    0.00    0.00    0.00    0.00    0.00     1      0.00      0.00   30416   21060   0.27     20.00      0.00  python3
14:47:24     1000      1810    0.00    0.00    0.00    0.00    0.00     1      0.00      0.00    9900    3356   0.04      1.00      0.00  vmstat
14:47:24     1000      1811    0.00    1.00    0.00    0.00    1.00     1      0.00      0.00    7712    3700   0.05      1.00      0.00  pidstat
14:47:24     1000      1847   93.00    6.00    0.00    0.00   99.00     0      0.00      0.00   50780   43420   0.55      0.00      3.00  /home/ubuntu/pa
14:47:24     1000      1848   12.00    7.00    0.00    0.00   19.00     2   1137.00      0.00 1817916   71728   0.91      0.00      0.00  hey

# Time        UID       PID    %usr %system  %guest   %wait    %CPU   CPU  minflt/s  majflt/s     VSZ     RSS   %MEM   cswch/s nvcswch/s  Command
14:47:25        0        12    0.00    0.00    0.00    0.00    0.00     1      0.00      0.00       0       0   0.00      3.00      0.00  kworker/u16:0-events_power_efficient
14:47:25        0        53    0.00    0.00    0.00    0.00    0.00     2      0.00      0.00       0       0   0.00      2.00      0.00  kcompactd0
14:47:25        0        60    0.00    0.00    0.00    0.00    0.00     2      0.00      0.00       0       0   0.00      4.00      0.00  kworker/2:1-mm_percpu_wq
14:47:25        0       118    0.00    0.00    0.00    0.00    0.00     1      0.00      0.00       0       0   0.00      6.00      0.00  kworker/u16:4-flush-259:0
14:47:25        0       120    0.00    0.00    0.00    0.00    0.00     3      0.00      0.00       0       0   0.00      2.00      0.00  kworker/3:2-mm_percpu_wq
14:47:25        0       121    0.00    0.00    0.00    0.00    0.00     0      0.00      0.00       0       0   0.00      4.00      0.00  kworker/0:2-events
14:47:25        0       240    0.00    0.00    0.00    0.00    0.00     1      0.00      0.00  288968   27144   0.34      1.00      0.00  multipathd
14:47:25        0      1083    0.00    0.00    0.00    0.00    0.00     1      0.00      0.00       0       0   0.00      3.00      0.00  kworker/1:2-mm_percpu_wq
14:47:25     1000      1805    0.00    0.00    0.00    0.00    0.00     1      0.00      0.00   30416   21060   0.27     20.00      0.00  python3
14:47:25     1000      1810    0.00    0.00    0.00    0.00    0.00     1      0.00      0.00    9900    3356   0.04      1.00      0.00  vmstat
14:47:25     1000      1811    0.00    0.00    0.00    0.00    0.00     1      0.00      0.00    7712    3700   0.05      1.00      1.00  pidstat
14:47:25     1000      1847   95.00    5.00    0.00    0.00  100.00     0      0.00      0.00   50780   43420   0.55      0.00      4.00  /home/ubuntu/pa
14:47:25     1000      1848   12.00    8.00    0.00    0.00   20.00     2    174.00      0.00 1818108   72240   0.91      0.00      0.00  hey

# Time        UID       PID    %usr %system  %guest   %wait    %CPU   CPU  minflt/s  majflt/s     VSZ     RSS   %MEM   cswch/s nvcswch/s  Command
14:47:26        0        12    0.00    0.00    0.00    0.00    0.00     1      0.00      0.00       0       0   0.00      7.00      0.00  kworker/u16:0-events_power_efficient
14:47:26        0        53    0.00    0.00    0.00    0.00    0.00     2      0.00      0.00       0       0   0.00      2.00      0.00  kcompactd0
14:47:26        0        60    0.00    0.00    0.00    0.00    0.00     2      0.00      0.00       0       0   0.00      2.00      0.00  kworker/2:1-mm_percpu_wq
14:47:26        0       118    0.00    0.00    0.00    0.00    0.00     2      0.00      0.00       0       0   0.00      1.00      0.00  kworker/u16:4-events_power_efficient
14:47:26        0       120    0.00    0.00    0.00    0.00    0.00     3      0.00      0.00       0       0   0.00      1.00      0.00  kworker/3:2-mm_percpu_wq
14:47:26        0       121    0.00    0.00    0.00    0.00    0.00     0      0.00      0.00       0       0   0.00      3.00      0.00  kworker/0:2-mm_percpu_wq
14:47:26        0       240    0.00    0.00    0.00    0.00    0.00     1      0.00      0.00  288968   27144   0.34      1.00      0.00  multipathd
14:47:26        0      1083    0.00    0.00    0.00    0.00    0.00     1      0.00      0.00       0       0   0.00      6.00      0.00  kworker/1:2-mm_percpu_wq
14:47:26     1000      1805    0.00    0.00    0.00    0.00    0.00     1      0.00      0.00   30416   21060   0.27     20.00      0.00  python3
14:47:26     1000      1810    0.00    0.00    0.00    0.00    0.00     1      0.00      0.00    9900    3356   0.04      1.00      0.00  vmstat
14:47:26     1000      1811    0.00    1.00    0.00    0.00    1.00     1      0.00      0.00    7712    3700   0.05      1.00      1.00  pidstat
14:47:26     1000      1847   95.00    6.00    0.00    0.00  101.00     0      0.00      0.00   50780   43420   0.55      0.00      3.00  /home/ubuntu/pa
14:47:26     1000      1848   12.00    8.00    0.00    0.00   20.00     2    196.00      0.00 1818172   73008   0.92      0.00      0.00  hey

# Time        UID       PID    %usr %system  %guest   %wait    %CPU   CPU  minflt/s  majflt/s     VSZ     RSS   %MEM   cswch/s nvcswch/s  Command
14:47:27        0        12    0.00    0.00    0.00    0.00    0.00     1      0.00      0.00       0       0   0.00      5.00      0.00  kworker/u16:0-events_power_efficient
14:47:27        0        16    0.00    0.00    0.00    0.00    0.00     2      0.00      0.00       0       0   0.00     49.00      0.00  rcu_sched
14:47:27        0        19    0.00    0.00    0.00    0.00    0.00     0      0.00      0.00       0       0   0.00      1.00      0.00  migration/0
14:47:27        0        25    0.00    0.00    0.00    0.00    0.00     1      0.00      0.00       0       0   0.00      2.00      0.00  migration/1
14:47:27        0        31    0.00    0.00    0.00    0.00    0.00     2      0.00      0.00       0       0   0.00      1.00      0.00  migration/2
14:47:27        0        32    0.00    0.00    0.00    0.00    0.00     2      0.00      0.00       0       0   0.00      1.00      0.00  ksoftirqd/2
14:47:27        0        37    0.00    0.00    0.00    0.00    0.00     3      0.00      0.00       0       0   0.00      1.00      0.00  migration/3
14:47:27        0        38    0.00    0.00    0.00    0.00    0.00     3      0.00      0.00       0       0   0.00      1.00      0.00  ksoftirqd/3
14:47:27        0        53    0.00    0.00    0.00    0.00    0.00     1      0.00      0.00       0       0   0.00      2.00      0.00  kcompactd0
14:47:27        0        60    0.00    0.00    0.00    0.00    0.00     2      0.00      0.00       0       0   0.00      4.00      0.00  kworker/2:1-mm_percpu_wq
14:47:27        0       118    0.00    0.00    0.00    0.00    0.00     2      0.00      0.00       0       0   0.00      1.00      0.00  kworker/u16:4-events_power_efficient
14:47:27        0       120    0.00    0.00    0.00    0.00    0.00     3      0.00      0.00       0       0   0.00      1.00      0.00  kworker/3:2-events
14:47:27        0       121    0.00    0.00    0.00    0.00    0.00     0      0.00      0.00       0       0   0.00      4.00      0.00  kworker/0:2-events
14:47:27        0       240    0.00    0.00    0.00    0.00    0.00     1      0.00      0.00  288968   27144   0.34      1.00      0.00  multipathd
14:47:27        0      1083    0.00    0.00    0.00    0.00    0.00     1      0.00      0.00       0       0   0.00      6.00      0.00  kworker/1:2-mm_percpu_wq
14:47:27     1000      1805    0.00    1.00    0.00    0.00    1.00     1      0.00      0.00   30416   21060   0.27     14.00      0.00  python3
14:47:27     1000      1810    0.00    0.00    0.00    0.00    0.00     1      0.00      0.00    9900    3356   0.04      1.00      0.00  vmstat
14:47:27     1000      1811    0.00    0.00    0.00    0.00    0.00     1      0.00      0.00    7712    3700   0.05      1.00      0.00  pidstat
14:47:27     1000      1863    0.00    0.00    0.00    0.00    0.00     0    147.00      0.00    2704    1528   0.02      1.00      1.00  time
14:47:27     1000      1864   13.00    0.00    0.00    0.00   13.00     0   7589.00      0.00   46764   39712   0.50      0.00      1.00  /home/ubuntu/pe

# Time        UID       PID    %usr %system  %guest   %wait    %CPU   CPU  minflt/s  majflt/s     VSZ     RSS   %MEM   cswch/s nvcswch/s  Command
14:47:28        0         1    0.00    1.00    0.00    0.00    1.00     2      1.00      0.00   22096   13224   0.17      1.00      0.00  systemd
14:47:28        0        12    0.00    0.00    0.00    0.00    0.00     3      0.00      0.00       0       0   0.00     13.00      0.00  kworker/u16:0-events_power_efficient
14:47:28        0        16    0.00    0.00    0.00    0.00    0.00     1      0.00      0.00       0       0   0.00     39.00      0.00  rcu_sched
14:47:28        0        25    0.00    0.00    0.00    0.00    0.00     1      0.00      0.00       0       0   0.00      1.00      0.00  migration/1
14:47:28        0        26    0.00    0.00    0.00    0.00    0.00     1      0.00      0.00       0       0   0.00      1.00      0.00  ksoftirqd/1
14:47:28        0        53    0.00    0.00    0.00    0.00    0.00     1      0.00      0.00       0       0   0.00      2.00      0.00  kcompactd0
14:47:28        0        60    0.00    0.00    0.00    0.00    0.00     2      0.00      0.00       0       0   0.00      1.00      0.00  kworker/2:1-mm_percpu_wq
14:47:28        0       120    0.00    0.00    0.00    1.00    0.00     3      0.00      0.00       0       0   0.00      5.00      0.00  kworker/3:2-events
14:47:28        0       121    0.00    0.00    0.00    0.00    0.00     0      0.00      0.00       0       0   0.00      4.00      0.00  kworker/0:2-mm_percpu_wq
14:47:28        0       137    0.00    0.00    0.00    0.00    0.00     1      0.00      0.00       0       0   0.00      8.00      0.00  jbd2/nvme0n1p1-8
14:47:28        0       162    0.00    0.00    0.00    0.00    0.00     2      0.00      0.00       0       0   0.00      1.00      0.00  kworker/2:1H-kblockd
14:47:28        0       178    0.00    0.00    0.00    0.00    0.00     3      2.00      0.00   66928   17396   0.22      1.00      0.00  systemd-journal
14:47:28        0       240    0.00    0.00    0.00    0.00    0.00     1      0.00      0.00  288968   27144   0.34      1.00      0.00  multipathd
14:47:28      101       585    0.00    0.00    0.00    0.00    0.00     1      0.00      0.00    9808    5340   0.07      1.00      0.00  dbus-daemon
14:47:28        0       591    0.00    0.00    0.00    0.00    0.00     3      0.00      0.00   83064    4556   0.06      1.00      0.00  irqbalance
14:47:28        0       600    0.00    0.00    0.00    0.00    0.00     0      1.00      0.00 1998696   38584   0.49      0.00      0.00  snapd
14:47:28        0       607    0.00    0.00    0.00    0.00    0.00     1      0.00      0.00  468964   13612   0.17      4.00      0.00  udisksd
14:47:28      102       637    0.00    0.00    0.00    0.00    0.00     1      0.00      0.00  222524    6168   0.08      1.00      0.00  rsyslogd
14:47:28        0       791    0.00    0.00    0.00    0.00    0.00     1      0.00      0.00       0       0   0.00      1.00      0.00  kworker/1:1H-kblockd
14:47:28        0       842    0.00    0.00    0.00    0.00    0.00     3      0.00      0.00       0       0   0.00      1.00      0.00  kworker/3:1H-kblockd
14:47:28        0      1083    0.00    0.00    0.00    0.00    0.00     1      0.00      0.00       0       0   0.00      3.00      0.00  kworker/1:2-mm_percpu_wq
14:47:28     1000      1805    0.00    0.00    0.00    0.00    0.00     1      0.00      0.00   30416   21060   0.27      5.00      0.00  python3
14:47:28     1000      1810    0.00    0.00    0.00    0.00    0.00     1      0.00      0.00    9900    3356   0.04      1.00      0.00  vmstat
14:47:28     1000      1811    0.00    1.00    0.00    0.00    1.00     1      0.00      0.00    7712    3700   0.05      1.00      0.00  pidstat
14:47:28     1000      1864   86.00    7.00    0.00    0.00   93.00     0   1105.00      0.00   51124   44064   0.56      6.00      4.00  /home/ubuntu/pe
14:47:28     1000      1865   15.00   13.00    0.00    0.00   28.00     2  18544.00      0.00 1817532   70140   0.89      5.00      3.00  hey

# Time        UID       PID    %usr %system  %guest   %wait    %CPU   CPU  minflt/s  majflt/s     VSZ     RSS   %MEM   cswch/s nvcswch/s  Command
14:47:29        0        12    0.00    0.00    0.00    0.00    0.00     1      0.00      0.00       0       0   0.00      6.00      0.00  kworker/u16:0-events_power_efficient
14:47:29        0        14    0.00    0.00    0.00    0.00    0.00     0      0.00      0.00       0       0   0.00      5.00      0.00  ksoftirqd/0
14:47:29        0        16    0.00    0.00    0.00    0.00    0.00     1      0.00      0.00       0       0   0.00     28.00      0.00  rcu_sched
14:47:29        0        25    0.00    0.00    0.00    0.00    0.00     1      0.00      0.00       0       0   0.00      1.00      0.00  migration/1
14:47:29        0        32    0.00    0.00    0.00    0.00    0.00     2      0.00      0.00       0       0   0.00      1.00      0.00  ksoftirqd/2
14:47:29        0        53    0.00    0.00    0.00    0.00    0.00     1      0.00      0.00       0       0   0.00      2.00      0.00  kcompactd0
14:47:29        0        60    0.00    0.00    0.00    0.00    0.00     2      0.00      0.00       0       0   0.00      4.00      0.00  kworker/2:1-mm_percpu_wq
14:47:29        0       120    0.00    0.00    0.00    0.00    0.00     3      0.00      0.00       0       0   0.00      5.00      0.00  kworker/3:2-mm_percpu_wq
14:47:29        0       121    0.00    0.00    0.00    0.00    0.00     0      0.00      0.00       0       0   0.00      3.00      0.00  kworker/0:2-events
14:47:29        0       240    0.00    0.00    0.00    0.00    0.00     1      0.00      0.00  288968   27144   0.34      1.00      0.00  multipathd
14:47:29        0      1083    0.00    0.00    0.00    0.00    0.00     1      0.00      0.00       0       0   0.00      3.00      0.00  kworker/1:2-mm_percpu_wq
14:47:29     1000      1805    0.00    0.00    0.00    0.00    0.00     1      0.00      0.00   30416   21060   0.27      3.00      0.00  python3
14:47:29     1000      1810    0.00    0.00    0.00    0.00    0.00     1      0.00      0.00    9900    3356   0.04      1.00      0.00  vmstat
14:47:29     1000      1811    0.00    0.00    0.00    0.00    0.00     1      0.00      0.00    7712    3700   0.05      1.00      0.00  pidstat
14:47:29     1000      1864   92.00    8.00    0.00    0.00  100.00     0   1577.00      0.00   57480   50336   0.64      1.00      8.00  /home/ubuntu/pe
14:47:29     1000      1876   13.00   12.00    0.00    0.00   25.00     3  12906.00      0.00 1817212   49952   0.63      5.00      6.00  hey

# Time        UID       PID    %usr %system  %guest   %wait    %CPU   CPU  minflt/s  majflt/s     VSZ     RSS   %MEM   cswch/s nvcswch/s  Command
14:47:30        0        12    0.00    0.00    0.00    0.00    0.00     1      0.00      0.00       0       0   0.00      4.95      0.00  kworker/u16:0-flush-259:0
14:47:30        0        26    0.00    0.00    0.00    0.00    0.00     1      0.00      0.00       0       0   0.00      0.99      0.00  ksoftirqd/1
14:47:30        0        53    0.00    0.00    0.00    0.00    0.00     1      0.00      0.00       0       0   0.00      1.98      0.00  kcompactd0
14:47:30        0        60    0.00    0.00    0.00    0.00    0.00     2      0.00      0.00       0       0   0.00      2.97      0.00  kworker/2:1-mm_percpu_wq
14:47:30        0       118    0.00    0.00    0.00    0.00    0.00     1      0.00      0.00       0       0   0.00      1.98      0.00  kworker/u16:4-flush-259:0
14:47:30        0       120    0.00    0.00    0.00    0.00    0.00     3      0.00      0.00       0       0   0.00      2.97      0.00  kworker/3:2-mm_percpu_wq
14:47:30        0       121    0.00    0.00    0.00    0.00    0.00     0      0.00      0.00       0       0   0.00      3.96      0.00  kworker/0:2-mm_percpu_wq
14:47:30        0       240    0.00    0.00    0.00    0.00    0.00     1      0.00      0.00  288968   27144   0.34      0.99      0.00  multipathd
14:47:30        0      1083    0.00    0.00    0.00    0.00    0.00     1      0.00      0.00       0       0   0.00      6.93      0.00  kworker/1:2-mm_percpu_wq
14:47:30     1000      1810    0.00    0.00    0.00    0.00    0.00     1      0.00      0.00    9900    3356   0.04      0.99      0.00  vmstat
14:47:30     1000      1811    0.00    0.99    0.00    0.00    0.99     1      0.00      0.00    7712    3700   0.05      0.99      0.00  pidstat
14:47:30     1000      1864   91.09    7.92    0.00    0.00   99.01     0    263.37      0.00   58536   51488   0.65      0.00      3.96  /home/ubuntu/pe
14:47:30     1000      1876   18.81   12.87    0.00    0.00   31.68     3   8059.41      0.00 1817980   79008   1.00      0.00      0.00  hey

# Time        UID       PID    %usr %system  %guest   %wait    %CPU   CPU  minflt/s  majflt/s     VSZ     RSS   %MEM   cswch/s nvcswch/s  Command
14:47:31        0        14    0.00    0.00    0.00    0.00    0.00     0      0.00      0.00       0       0   0.00      3.00      0.00  ksoftirqd/0
14:47:31        0        16    0.00    0.00    0.00    0.00    0.00     1      0.00      0.00       0       0   0.00     79.00      0.00  rcu_sched
14:47:31        0        19    0.00    0.00    0.00    0.00    0.00     0      0.00      0.00       0       0   0.00      1.00      0.00  migration/0
14:47:31        0        25    0.00    0.00    0.00    0.00    0.00     1      0.00      0.00       0       0   0.00      3.00      0.00  migration/1
14:47:31        0        31    0.00    0.00    0.00    0.00    0.00     2      0.00      0.00       0       0   0.00      1.00      0.00  migration/2
14:47:31        0        37    0.00    0.00    0.00    0.00    0.00     3      0.00      0.00       0       0   0.00      1.00      0.00  migration/3
14:47:31        0        38    0.00    0.00    0.00    0.00    0.00     3      0.00      0.00       0       0   0.00      1.00      0.00  ksoftirqd/3
14:47:31        0        53    0.00    0.00    0.00    0.00    0.00     1      0.00      0.00       0       0   0.00      2.00      0.00  kcompactd0
14:47:31        0        60    0.00    0.00    0.00    0.00    0.00     2      0.00      0.00       0       0   0.00      2.00      0.00  kworker/2:1-mm_percpu_wq
14:47:31        0       118    0.00    0.00    0.00    0.00    0.00     1      0.00      0.00       0       0   0.00      8.00      0.00  kworker/u16:4-events_unbound
14:47:31        0       120    0.00    0.00    0.00    0.00    0.00     3      0.00      0.00       0       0   0.00      3.00      0.00  kworker/3:2-mm_percpu_wq
14:47:31        0       121    0.00    0.00    0.00    0.00    0.00     0      0.00      0.00       0       0   0.00      5.00      0.00  kworker/0:2-events
14:47:31        0       240    0.00    0.00    0.00    0.00    0.00     1      0.00      0.00  288968   27144   0.34      1.00      0.00  multipathd
14:47:31        0      1083    0.00    0.00    0.00    0.00    0.00     1      0.00      0.00       0       0   0.00      7.00      0.00  kworker/1:2-mm_percpu_wq
14:47:31     1000      1805    1.00    0.00    0.00    0.00    1.00     1      0.00      0.00   30416   21060   0.27     12.00      0.00  python3
14:47:31     1000      1810    0.00    0.00    0.00    0.00    0.00     1      0.00      0.00    9900    3356   0.04      1.00      0.00  vmstat
14:47:31     1000      1811    0.00    0.00    0.00    0.00    0.00     1      0.00      0.00    7712    3700   0.05      1.00      0.00  pidstat
14:47:31     1000      1884    0.00    0.00    0.00    0.00    0.00     0    143.00      0.00    2704    1464   0.02      1.00      1.00  time
14:47:31     1000      1885   21.00    3.00    0.00    0.00   24.00     0   8706.00      0.00   51264   43872   0.55      5.00      1.00  /home/ubuntu/pa
14:47:31     1000      1886    3.00    3.00    0.00    0.00    6.00     2   7592.00      0.00 1816572   31220   0.39      7.00      6.00  hey

# Time        UID       PID    %usr %system  %guest   %wait    %CPU   CPU  minflt/s  majflt/s     VSZ     RSS   %MEM   cswch/s nvcswch/s  Command
14:47:32        0        16    0.00    0.00    0.00    0.00    0.00     1      0.00      0.00       0       0   0.00      6.00      0.00  rcu_sched
14:47:32        0        53    0.00    0.00    0.00    0.00    0.00     1      0.00      0.00       0       0   0.00      2.00      0.00  kcompactd0
14:47:32        0        60    0.00    0.00    0.00    0.00    0.00     2      0.00      0.00       0       0   0.00      1.00      0.00  kworker/2:1-mm_percpu_wq
14:47:32        0       118    0.00    0.00    0.00    0.00    0.00     1      0.00      0.00       0       0   0.00      5.00      0.00  kworker/u16:4-events_power_efficient
14:47:32        0       120    0.00    0.00    0.00    0.00    0.00     3      0.00      0.00       0       0   0.00      2.00      0.00  kworker/3:2-mm_percpu_wq
14:47:32        0       121    0.00    0.00    0.00    0.00    0.00     0      0.00      0.00       0       0   0.00      4.00      0.00  kworker/0:2-mm_percpu_wq
14:47:32        0       240    0.00    0.00    0.00    0.00    0.00     1      0.00      0.00  288968   27144   0.34      1.00      0.00  multipathd
14:47:32        0       248    0.00    0.00    0.00    0.00    0.00     0      0.00      0.00       0       0   0.00      1.00      0.00  kworker/0:1H-kblockd
14:47:32        0      1083    0.00    0.00    0.00    0.00    0.00     1      0.00      0.00       0       0   0.00      6.00      0.00  kworker/1:2-mm_percpu_wq
14:47:32     1000      1810    0.00    0.00    0.00    0.00    0.00     1      0.00      0.00    9900    3356   0.04      1.00      0.00  vmstat
14:47:32     1000      1811    1.00    1.00    0.00    0.00    2.00     1      0.00      0.00    7712    3700   0.05      1.00      0.00  pidstat
14:47:32     1000      1885   93.00    6.00    0.00    0.00   99.00     0   1143.00      0.00   55880   48480   0.61      0.00      5.00  /home/ubuntu/pa
14:47:32     1000      1886   14.00   11.00    0.00    0.00   25.00     2  10641.00      0.00 1817468   69364   0.88      0.00      0.00  hey

# Time        UID       PID    %usr %system  %guest   %wait    %CPU   CPU  minflt/s  majflt/s     VSZ     RSS   %MEM   cswch/s nvcswch/s  Command
14:47:33        0        12    0.00    0.00    0.00    0.00    0.00     1      0.00      0.00       0       0   0.00      1.00      0.00  kworker/u16:0-flush-259:0
14:47:33        0        16    0.00    0.00    0.00    0.00    0.00     1      0.00      0.00       0       0   0.00     33.00      0.00  rcu_sched
14:47:33        0        25    0.00    0.00    0.00    0.00    0.00     1      0.00      0.00       0       0   0.00      1.00      0.00  migration/1
14:47:33        0        32    0.00    0.00    0.00    0.00    0.00     2      0.00      0.00       0       0   0.00      2.00      0.00  ksoftirqd/2
14:47:33        0        53    0.00    0.00    0.00    0.00    0.00     1      0.00      0.00       0       0   0.00      2.00      0.00  kcompactd0
14:47:33        0        60    0.00    0.00    0.00    0.00    0.00     2      0.00      0.00       0       0   0.00      3.00      0.00  kworker/2:1-mm_percpu_wq
14:47:33        0       118    0.00    0.00    0.00    0.00    0.00     1      0.00      0.00       0       0   0.00      6.00      0.00  kworker/u16:4-events_unbound
14:47:33        0       120    0.00    0.00    0.00    0.00    0.00     3      0.00      0.00       0       0   0.00      3.00      0.00  kworker/3:2-mm_percpu_wq
14:47:33        0       121    0.00    0.00    0.00    0.00    0.00     0      0.00      0.00       0       0   0.00      4.00      0.00  kworker/0:2-events
14:47:33        0       240    0.00    0.00    0.00    0.00    0.00     1      0.00      0.00  288968   27144   0.34      1.00      0.00  multipathd
14:47:33        0      1083    0.00    0.00    0.00    0.00    0.00     1      0.00      0.00       0       0   0.00      5.00      0.00  kworker/1:2-events
14:47:33     1000      1805    0.00    0.00    0.00    0.00    0.00     1      0.00      0.00   30416   21060   0.27      3.00      0.00  python3
14:47:33     1000      1810    0.00    0.00    0.00    0.00    0.00     1      0.00      0.00    9900    3356   0.04      1.00      0.00  vmstat
14:47:33     1000      1811    0.00    0.00    0.00    0.00    0.00     1      0.00      0.00    7712    3700   0.05      1.00      0.00  pidstat
14:47:33     1000      1885   92.00    8.00    0.00    0.00  100.00     0    588.00      0.00   58124   50784   0.64      1.00      4.00  /home/ubuntu/pa
14:47:33     1000      1894   23.00   20.00    0.00    0.00   43.00     3  12605.00      0.00 1743480   49260   0.62      6.00      7.00  hey

# Time        UID       PID    %usr %system  %guest   %wait    %CPU   CPU  minflt/s  majflt/s     VSZ     RSS   %MEM   cswch/s nvcswch/s  Command
14:47:34        0        12    0.00    0.00    0.00    0.00    0.00     1      0.00      0.00       0       0   0.00      5.00      0.00  kworker/u16:0-events_power_efficient
14:47:34        0        16    0.00    0.00    0.00    0.00    0.00     1      0.00      0.00       0       0   0.00      2.00      0.00  rcu_sched
14:47:34        0        53    0.00    0.00    0.00    0.00    0.00     2      0.00      0.00       0       0   0.00      2.00      0.00  kcompactd0
14:47:34        0        60    0.00    0.00    0.00    0.00    0.00     2      0.00      0.00       0       0   0.00      1.00      0.00  kworker/2:1-mm_percpu_wq
14:47:34        0       120    0.00    0.00    0.00    0.00    0.00     3      0.00      0.00       0       0   0.00      1.00      0.00  kworker/3:2-mm_percpu_wq
14:47:34        0       121    0.00    0.00    0.00    0.00    0.00     0      0.00      0.00       0       0   0.00      3.00      0.00  kworker/0:2-mm_percpu_wq
14:47:34        0       162    0.00    0.00    0.00    0.00    0.00     2      0.00      0.00       0       0   0.00      1.00      0.00  kworker/2:1H-kblockd
14:47:34        0       240    0.00    0.00    0.00    0.00    0.00     1      0.00      0.00  288968   27144   0.34      1.00      0.00  multipathd
14:47:34        0      1083    0.00    0.00    0.00    0.00    0.00     1      0.00      0.00       0       0   0.00      6.00      0.00  kworker/1:2-events
14:47:34     1000      1810    0.00    0.00    0.00    0.00    0.00     1      0.00      0.00    9900    3356   0.04      1.00      0.00  vmstat
14:47:34     1000      1811    0.00    1.00    0.00    0.00    1.00     1      0.00      0.00    7712    3700   0.05      1.00      0.00  pidstat
14:47:34     1000      1885   93.00    7.00    0.00    0.00  100.00     0    341.00      0.00   59576   52192   0.66      0.00      3.00  /home/ubuntu/pa
14:47:34     1000      1894   21.00   21.00    0.00    0.00   42.00     3   7575.00      0.00 1744120   76780   0.97      0.00      0.00  hey

# Time        UID       PID    %usr %system  %guest   %wait    %CPU   CPU  minflt/s  majflt/s     VSZ     RSS   %MEM   cswch/s nvcswch/s  Command
14:47:35        0        12    0.00    0.00    0.00    0.00    0.00     2      0.00      0.00       0       0   0.00      5.00      0.00  kworker/u16:0-events_unbound
14:47:35        0        14    0.00    0.00    0.00    0.00    0.00     0      0.00      0.00       0       0   0.00      4.00      0.00  ksoftirqd/0
14:47:35        0        16    0.00    0.00    0.00    0.00    0.00     1      0.00      0.00       0       0   0.00     73.00      0.00  rcu_sched
14:47:35        0        19    0.00    0.00    0.00    0.00    0.00     0      0.00      0.00       0       0   0.00      1.00      0.00  migration/0
14:47:35        0        25    0.00    0.00    0.00    0.00    0.00     1      0.00      0.00       0       0   0.00      3.00      0.00  migration/1
14:47:35        0        31    0.00    0.00    0.00    0.00    0.00     2      0.00      0.00       0       0   0.00      1.00      0.00  migration/2
14:47:35        0        32    0.00    0.00    0.00    0.00    0.00     2      0.00      0.00       0       0   0.00      1.00      0.00  ksoftirqd/2
14:47:35        0        37    0.00    0.00    0.00    0.00    0.00     3      0.00      0.00       0       0   0.00      1.00      0.00  migration/3
14:47:35        0        38    0.00    0.00    0.00    0.00    0.00     3      0.00      0.00       0       0   0.00      1.00      0.00  ksoftirqd/3
14:47:35        0        53    0.00    0.00    0.00    0.00    0.00     1      0.00      0.00       0       0   0.00      2.00      0.00  kcompactd0
14:47:35        0        60    0.00    0.00    0.00    0.00    0.00     2      0.00      0.00       0       0   0.00      2.00      0.00  kworker/2:1-mm_percpu_wq
14:47:35        0       120    0.00    0.00    0.00    0.00    0.00     3      0.00      0.00       0       0   0.00      4.00      0.00  kworker/3:2-mm_percpu_wq
14:47:35        0       121    0.00    0.00    0.00    0.00    0.00     0      0.00      0.00       0       0   0.00      3.00      0.00  kworker/0:2-events
14:47:35        0       240    0.00    0.00    0.00    0.00    0.00     1      0.00      0.00  288968   27144   0.34      2.00      0.00  multipathd
14:47:35        0      1083    0.00    0.00    0.00    0.00    0.00     1      0.00      0.00       0       0   0.00      6.00      0.00  kworker/1:2-mm_percpu_wq
14:47:35     1000      1805    0.00    0.00    0.00    0.00    0.00     1      1.00      0.00   30416   21060   0.27     12.00      0.00  python3
14:47:35     1000      1810    0.00    0.00    0.00    0.00    0.00     1      0.00      0.00    9900    3356   0.04      1.00      0.00  vmstat
14:47:35     1000      1811    0.00    0.00    0.00    0.00    0.00     1      0.00      0.00    7712    3700   0.05      1.00      0.00  pidstat
14:47:35     1000      1902    0.00    0.00    0.00    0.00    0.00     0    144.00      0.00    2704    1464   0.02      1.00      1.00  time
14:47:35     1000      1903   32.00    3.00    0.00    0.00   35.00     0  10463.00      0.00   58264   51016   0.64      7.00      1.00  /home/ubuntu/pa
14:47:35     1000      1904    4.00    3.00    0.00    0.00    7.00     2   8455.00      0.00 1742840   34208   0.43      5.00      6.00  hey

# Time        UID       PID    %usr %system  %guest   %wait    %CPU   CPU  minflt/s  majflt/s     VSZ     RSS   %MEM   cswch/s nvcswch/s  Command
14:47:36        0        12    0.00    0.00    0.00    0.00    0.00     2      0.00      0.00       0       0   0.00      2.00      0.00  kworker/u16:0-flush-259:0
14:47:36        0        14    0.00    0.00    0.00    0.00    0.00     0      0.00      0.00       0       0   0.00      3.00      0.00  ksoftirqd/0
14:47:36        0        16    0.00    0.00    0.00    0.00    0.00     1      0.00      0.00       0       0   0.00     26.00      0.00  rcu_sched
14:47:36        0        25    0.00    0.00    0.00    0.00    0.00     1      0.00      0.00       0       0   0.00      1.00      0.00  migration/1
14:47:36        0        38    0.00    0.00    0.00    0.00    0.00     3      0.00      0.00       0       0   0.00      1.00      0.00  ksoftirqd/3
14:47:36        0        53    0.00    0.00    0.00    0.00    0.00     1      0.00      0.00       0       0   0.00      2.00      0.00  kcompactd0
14:47:36        0        60    0.00    0.00    0.00    0.00    0.00     2      0.00      0.00       0       0   0.00      3.00      0.00  kworker/2:1-mm_percpu_wq
14:47:36        0       118    0.00    0.00    0.00    0.00    0.00     1      0.00      0.00       0       0   0.00      9.00      0.00  kworker/u16:4-events_power_efficient
14:47:36        0       120    0.00    0.00    0.00    0.00    0.00     3      0.00      0.00       0       0   0.00      3.00      0.00  kworker/3:2-mm_percpu_wq
14:47:36        0       121    0.00    0.00    0.00    0.00    0.00     0      0.00      0.00       0       0   0.00      4.00      0.00  kworker/0:2-mm_percpu_wq
14:47:36        0       240    0.00    0.00    0.00    0.00    0.00     1      0.00      0.00  288968   27144   0.34      1.00      0.00  multipathd
14:47:36      110       672    0.00    0.00    0.00    0.00    0.00     1      0.00      0.00   19416    3744   0.05      2.00      0.00  chronyd
14:47:36        0      1083    0.00    0.00    0.00    0.00    0.00     1      0.00      0.00       0       0   0.00      5.00      0.00  kworker/1:2-mm_percpu_wq
14:47:36     1000      1805    0.00    0.00    0.00    1.00    0.00     1      0.00      0.00   30416   21060   0.27      3.00      0.00  python3
14:47:36     1000      1810    0.00    0.00    0.00    0.00    0.00     1      0.00      0.00    9900    3356   0.04      1.00      0.00  vmstat
14:47:36     1000      1811    0.00    1.00    0.00    0.00    1.00     1      0.00      0.00    7712    3700   0.05      1.00      0.00  pidstat
14:47:36     1000      1903   94.00    6.00    0.00    0.00  100.00     0   1223.00      0.00   63164   55880   0.71      1.00      7.00  /home/ubuntu/pa
14:47:36     1000      1912    3.00    3.00    0.00    0.00    6.00     3   8081.00      0.00 1743096   32884   0.42      7.00      6.00  hey

# Time        UID       PID    %usr %system  %guest   %wait    %CPU   CPU  minflt/s  majflt/s     VSZ     RSS   %MEM   cswch/s nvcswch/s  Command
14:47:37        0        16    0.00    0.00    0.00    0.00    0.00     1      0.00      0.00       0       0   0.00      4.00      0.00  rcu_sched
14:47:37        0        38    0.00    0.00    0.00    0.00    0.00     3      0.00      0.00       0       0   0.00      1.00      0.00  ksoftirqd/3
14:47:37        0        53    0.00    0.00    0.00    0.00    0.00     1      0.00      0.00       0       0   0.00      2.00      0.00  kcompactd0
14:47:37        0        60    0.00    0.00    0.00    0.00    0.00     2      0.00      0.00       0       0   0.00      1.00      0.00  kworker/2:1-mm_percpu_wq
14:47:37        0       118    0.00    1.00    0.00    0.00    1.00     1      0.00      0.00       0       0   0.00      6.00      0.00  kworker/u16:4-events_power_efficient
14:47:37        0       120    0.00    0.00    0.00    0.00    0.00     3      0.00      0.00       0       0   0.00      1.00      0.00  kworker/3:2-mm_percpu_wq
14:47:37        0       121    0.00    0.00    0.00    0.00    0.00     0      0.00      0.00       0       0   0.00      3.00      0.00  kworker/0:2-events
14:47:37        0       240    0.00    0.00    0.00    0.00    0.00     1      0.00      0.00  288968   27144   0.34      1.00      0.00  multipathd
14:47:37        0      1083    0.00    0.00    0.00    0.00    0.00     1      0.00      0.00       0       0   0.00      7.00      0.00  kworker/1:2-mm_percpu_wq
14:47:37     1000      1810    0.00    0.00    0.00    0.00    0.00     1      0.00      0.00    9900    3356   0.04      1.00      0.00  vmstat
14:47:37     1000      1811    0.00    0.00    0.00    0.00    0.00     1      0.00      0.00    7712    3700   0.05      1.00      0.00  pidstat
14:47:37     1000      1903   93.00    7.00    0.00    0.00  100.00     0    424.00      0.00   64880   57544   0.73      0.00      3.00  /home/ubuntu/pa
14:47:37     1000      1912   12.00   10.00    0.00    0.00   22.00     3  10606.00      0.00 1817468   69748   0.88      0.00      0.00  hey

# Time        UID       PID    %usr %system  %guest   %wait    %CPU   CPU  minflt/s  majflt/s     VSZ     RSS   %MEM   cswch/s nvcswch/s  Command
14:47:38        0        12    0.00    0.00    0.00    0.00    0.00     3      0.00      0.00       0       0   0.00      1.00      0.00  kworker/u16:0-flush-259:0
14:47:38        0        14    0.00    0.00    0.00    0.00    0.00     0      0.00      0.00       0       0   0.00      3.00      0.00  ksoftirqd/0
14:47:38        0        16    0.00    0.00    0.00    0.00    0.00     1      0.00      0.00       0       0   0.00     32.00      0.00  rcu_sched
14:47:38        0        26    0.00    0.00    0.00    0.00    0.00     1      0.00      0.00       0       0   0.00      1.00      0.00  ksoftirqd/1
14:47:38        0        32    0.00    0.00    0.00    0.00    0.00     2      0.00      0.00       0       0   0.00      2.00      0.00  ksoftirqd/2
14:47:38        0        38    0.00    0.00    0.00    0.00    0.00     3      0.00      0.00       0       0   0.00      1.00      0.00  ksoftirqd/3
14:47:38        0        46    0.00    0.00    0.00    0.00    0.00     2      0.00      0.00       0       0   0.00      1.00      0.00  khungtaskd
14:47:38        0        53    0.00    0.00    0.00    0.00    0.00     1      0.00      0.00       0       0   0.00      2.00      0.00  kcompactd0
14:47:38        0        60    0.00    0.00    0.00    0.00    0.00     2      0.00      0.00       0       0   0.00      1.00      0.00  kworker/2:1-events
14:47:38        0       118    0.00    0.00    0.00    0.00    0.00     1      0.00      0.00       0       0   0.00      8.00      0.00  kworker/u16:4-events_power_efficient
14:47:38        0       120    0.00    0.00    0.00    0.00    0.00     3      0.00      0.00       0       0   0.00      3.00      0.00  kworker/3:2-events
14:47:38        0       121    0.00    0.00    0.00    0.00    0.00     0      0.00      0.00       0       0   0.00      4.00      0.00  kworker/0:2-events
14:47:38        0       240    0.00    0.00    0.00    0.00    0.00     1      0.00      0.00  288968   27144   0.34      1.00      0.00  multipathd
14:47:38        0       591    0.00    0.00    0.00    0.00    0.00     3      0.00      0.00   83064    4556   0.06      1.00      0.00  irqbalance
14:47:38        0      1083    0.00    0.00    0.00    0.00    0.00     1      0.00      0.00       0       0   0.00      8.00      0.00  kworker/1:2-events
14:47:38     1000      1805    0.00    0.00    0.00    0.00    0.00     1      0.00      0.00   30416   21060   0.27      4.00      0.00  python3
14:47:38     1000      1810    0.00    0.00    0.00    0.00    0.00     1      0.00      0.00    9900    3356   0.04      1.00      0.00  vmstat
14:47:38     1000      1811    0.00    0.00    0.00    0.00    0.00     1      0.00      0.00    7712    3700   0.05      1.00      0.00  pidstat

# Time        UID       PID    %usr %system  %guest   %wait    %CPU   CPU  minflt/s  majflt/s     VSZ     RSS   %MEM   cswch/s nvcswch/s  Command
14:47:39        0        16    1.00    0.00    0.00    0.00    1.00     1      0.00      0.00       0       0   0.00    264.00      0.00  rcu_sched
14:47:39        0        19    0.00    0.00    0.00    0.00    0.00     0      0.00      0.00       0       0   0.00      1.00      0.00  migration/0
14:47:39        0        25    0.00    0.00    0.00    0.00    0.00     1      0.00      0.00       0       0   0.00      3.00      0.00  migration/1
14:47:39        0        31    0.00    0.00    0.00    0.00    0.00     2      0.00      0.00       0       0   0.00      1.00      0.00  migration/2
14:47:39        0        32    0.00    0.00    0.00    0.00    0.00     2      0.00      0.00       0       0   0.00      1.00      0.00  ksoftirqd/2
14:47:39        0        37    0.00    0.00    0.00    0.00    0.00     3      0.00      0.00       0       0   0.00      1.00      0.00  migration/3
14:47:39        0        38    0.00    0.00    0.00    0.00    0.00     3      0.00      0.00       0       0   0.00      3.00      0.00  ksoftirqd/3
14:47:39        0        53    0.00    0.00    0.00    0.00    0.00     1      0.00      0.00       0       0   0.00      2.00      0.00  kcompactd0
14:47:39        0        60    0.00    0.00    0.00    0.00    0.00     2      0.00      0.00       0       0   0.00      1.00      0.00  kworker/2:1-mm_percpu_wq
14:47:39        0       118    0.00    0.00    0.00    0.00    0.00     1      0.00      0.00       0       0   0.00      5.00      0.00  kworker/u16:4-events_power_efficient
14:47:39        0       120    0.00    0.00    0.00    0.00    0.00     3      0.00      0.00       0       0   0.00      2.00      0.00  kworker/3:2-events
14:47:39        0       121    0.00    0.00    0.00    0.00    0.00     0      0.00      0.00       0       0   0.00      3.00      0.00  kworker/0:2-events
14:47:39        0       240    0.00    0.00    0.00    0.00    0.00     1      0.00      0.00  288968   27144   0.34      2.00      0.00  multipathd
14:47:39        0      1083    0.00    0.00    0.00    0.00    0.00     1      0.00      0.00       0       0   0.00      6.00      0.00  kworker/1:2-events
14:47:39     1000      1788    0.00    0.00    0.00    0.00    0.00     2      0.00      0.00   15012    7136   0.09      1.00      0.00  sshd
14:47:39     1000      1805    1.00    1.00    0.00    0.00    2.00     1      1.00      0.00   30416   21060   0.27      8.00      2.00  python3
14:47:39     1000      1810    0.00    0.00    0.00    0.00    0.00     1      0.00      0.00    9900    3356   0.04      1.00      0.00  vmstat
14:47:39     1000      1811    1.00    1.00    0.00    0.00    2.00     1      0.00      0.00    7712    3700   0.05      1.00      1.00  pidstat
14:47:39     1000      1920    0.00    0.00    0.00    0.00    0.00     0    145.00      0.00    2704    1464   0.02      1.00      1.00  time
14:47:39     1000      1921   57.00    8.00    0.00    0.00   65.00     0  14093.00      0.00   72772   65392   0.83      6.00      2.00  /home/ubuntu/pe
14:47:39     1000      1922    9.00   16.00    0.00    0.00   25.00     2   7943.00      0.00 1816636   35232   0.45      3.00      3.00  hey

# Time        UID       PID    %usr %system  %guest   %wait    %CPU   CPU  minflt/s  majflt/s     VSZ     RSS   %MEM   cswch/s nvcswch/s  Command
14:47:40        0        14    0.00    0.00    0.00    0.00    0.00     0      0.00      0.00       0       0   0.00      1.00      0.00  ksoftirqd/0
14:47:40        0        16    0.00    0.00    0.00    0.00    0.00     1      0.00      0.00       0       0   0.00    430.00      0.00  rcu_sched
14:47:40        0        25    0.00    0.00    0.00    0.00    0.00     1      0.00      0.00       0       0   0.00      1.00      0.00  migration/1
14:47:40        0        32    0.00    0.00    0.00    0.00    0.00     2      0.00      0.00       0       0   0.00     11.00      0.00  ksoftirqd/2
14:47:40        0        38    0.00    0.00    0.00    0.00    0.00     3      0.00      0.00       0       0   0.00      7.00      0.00  ksoftirqd/3
14:47:40        0        53    0.00    0.00    0.00    0.00    0.00     1      0.00      0.00       0       0   0.00      2.00      0.00  kcompactd0
14:47:40        0        60    0.00    0.00    0.00    0.00    0.00     2      0.00      0.00       0       0   0.00      1.00      0.00  kworker/2:1-mm_percpu_wq
14:47:40        0       118    0.00    0.00    0.00    0.00    0.00     1      0.00      0.00       0       0   0.00      5.00      0.00  kworker/u16:4-events_power_efficient
14:47:40        0       120    0.00    0.00    0.00    0.00    0.00     3      0.00      0.00       0       0   0.00      3.00      0.00  kworker/3:2-mm_percpu_wq
14:47:40        0       121    0.00    0.00    0.00    0.00    0.00     0      0.00      0.00       0       0   0.00      3.00      0.00  kworker/0:2-mm_percpu_wq
14:47:40        0       240    0.00    0.00    0.00    0.00    0.00     1      0.00      0.00  288968   27144   0.34      1.00      0.00  multipathd
14:47:40        0      1083    0.00    0.00    0.00    0.00    0.00     1      0.00      0.00       0       0   0.00      5.00      0.00  kworker/1:2-mm_percpu_wq
14:47:40     1000      1805    0.00    0.00    0.00    0.00    0.00     1      0.00      0.00   30416   21060   0.27      3.00      0.00  python3
14:47:40     1000      1810    0.00    0.00    0.00    0.00    0.00     1      0.00      0.00    9900    3356   0.04      1.00      0.00  vmstat
14:47:40     1000      1811    0.00    0.00    0.00    0.00    0.00     1      0.00      0.00    7712    3700   0.05      1.00      2.00  pidstat
14:47:40     1000      1921   84.00   14.00    0.00    0.00   98.00     0  12879.00      0.00  124300  116976   1.48      1.00      4.00  /home/ubuntu/pe
14:47:40     1000      1930    9.00   14.00    0.00    0.00   23.00     2   7607.00      0.00 1816636   34036   0.43      4.00      5.00  hey

# Time        UID       PID    %usr %system  %guest   %wait    %CPU   CPU  minflt/s  majflt/s     VSZ     RSS   %MEM   cswch/s nvcswch/s  Command
14:47:41        0        16    0.00    0.00    0.00    0.00    0.00     2      0.00      0.00       0       0   0.00    461.00      0.00  rcu_sched
14:47:41        0        32    0.00    0.00    0.00    0.00    0.00     2      0.00      0.00       0       0   0.00      1.00      0.00  ksoftirqd/2
14:47:41        0        38    0.00    0.00    0.00    0.00    0.00     3      0.00      0.00       0       0   0.00      6.00      0.00  ksoftirqd/3
14:47:41        0        53    0.00    0.00    0.00    0.00    0.00     1      0.00      0.00       0       0   0.00      2.00      0.00  kcompactd0
14:47:41        0        60    0.00    0.00    0.00    0.00    0.00     2      0.00      0.00       0       0   0.00      1.00      0.00  kworker/2:1-mm_percpu_wq
14:47:41        0       118    0.00    0.00    0.00    0.00    0.00     1      0.00      0.00       0       0   0.00     11.00      0.00  kworker/u16:4-events_power_efficient
14:47:41        0       120    0.00    0.00    0.00    0.00    0.00     3      0.00      0.00       0       0   0.00      2.00      0.00  kworker/3:2-mm_percpu_wq
14:47:41        0       121    0.00    0.00    0.00    0.00    0.00     0      0.00      0.00       0       0   0.00      3.00      0.00  kworker/0:2-events
14:47:41        0       240    0.00    0.00    0.00    0.00    0.00     1      0.00      0.00  288968   27144   0.34      1.00      0.00  multipathd
14:47:41        0      1083    0.00    0.00    0.00    0.00    0.00     1      0.00      0.00       0       0   0.00      6.00      0.00  kworker/1:2-mm_percpu_wq
14:47:41     1000      1810    0.00    0.00    0.00    0.00    0.00     1      0.00      0.00    9900    3356   0.04      1.00      0.00  vmstat
14:47:41     1000      1811    0.00    1.00    0.00    0.00    1.00     1      0.00      0.00    7712    3700   0.05      1.00      1.00  pidstat
14:47:41     1000      1921   87.00   14.00    0.00    0.00  101.00     0  12987.00      0.00  176180  168944   2.13      0.00      3.00  /home/ubuntu/pe
14:47:41     1000      1930   20.00   27.00    0.00    0.00   47.00     2   8603.00      0.00 1817788   66676   0.84      0.00      0.00  hey

# Time        UID       PID    %usr %system  %guest   %wait    %CPU   CPU  minflt/s  majflt/s     VSZ     RSS   %MEM   cswch/s nvcswch/s  Command
14:47:42        0         1    0.00    0.00    0.00    0.00    0.00     1      0.00      0.00   22096   13224   0.17     12.00      0.00  systemd
14:47:42        0        12    0.00    0.00    0.00    0.00    0.00     3      0.00      0.00       0       0   0.00      1.00      0.00  kworker/u16:0-flush-259:0
14:47:42        0        16    0.00    0.00    0.00    0.00    0.00     2      0.00      0.00       0       0   0.00    287.00      0.00  rcu_sched
14:47:42        0        26    0.00    0.00    0.00    0.00    0.00     1      0.00      0.00       0       0   0.00      1.00      0.00  ksoftirqd/1
14:47:42        0        32    0.00    0.00    0.00    0.00    0.00     2      0.00      0.00       0       0   0.00      6.00      0.00  ksoftirqd/2
14:47:42        0        38    0.00    0.00    0.00    0.00    0.00     3      0.00      0.00       0       0   0.00      5.00      0.00  ksoftirqd/3
14:47:42        0        53    0.00    0.00    0.00    0.00    0.00     1      0.00      0.00       0       0   0.00      2.00      0.00  kcompactd0
14:47:42        0        60    0.00    0.00    0.00    0.00    0.00     2      0.00      0.00       0       0   0.00      7.00      0.00  kworker/2:1-mm_percpu_wq
14:47:42        0       118    0.00    0.00    0.00    0.00    0.00     2      0.00      0.00       0       0   0.00      9.00      0.00  kworker/u16:4-events_power_efficient
14:47:42        0       120    0.00    0.00    0.00    0.00    0.00     3      0.00      0.00       0       0   0.00      5.00      0.00  kworker/3:2-mm_percpu_wq
14:47:42        0       121    0.00    0.00    0.00    0.00    0.00     0      0.00      0.00       0       0   0.00      3.00      0.00  kworker/0:2-mm_percpu_wq
14:47:42        0       137    0.00    0.00    0.00    0.00    0.00     1      0.00      0.00       0       0   0.00      3.00      0.00  jbd2/nvme0n1p1-8
14:47:42        0       178    0.00    0.00    0.00    0.00    0.00     0     25.00      0.00   66928   17396   0.22      5.00      0.00  systemd-journal
14:47:42        0       240    0.00    0.00    0.00    0.00    0.00     1      0.00      0.00  288968   27144   0.34      1.00      0.00  multipathd
14:47:42        0       248    0.00    0.00    0.00    0.00    0.00     0      0.00      0.00       0       0   0.00      1.00      0.00  kworker/0:1H-kblockd
14:47:42      101       585    0.00    0.00    0.00    0.00    0.00     0      0.00      0.00    9808    5340   0.07      5.00      0.00  dbus-daemon
14:47:42      989       595    0.00    0.00    0.00    0.00    0.00     2      0.00      0.00  383684    9780   0.12      1.00      0.00  polkitd
14:47:42        0       604    0.00    0.00    0.00    0.00    0.00     3      0.00      0.00   18172    8832   0.11      3.00      0.00  systemd-logind
14:47:42      102       637    0.00    1.00    0.00    0.00    1.00     1      0.00      0.00  222524    6168   0.08      0.00      0.00  rsyslogd
14:47:42        0       931    0.00    0.00    0.00    0.00    0.00     2     24.00      0.00   12032    8112   0.10      3.00      0.00  sshd
14:47:42        0      1083    0.00    0.00    0.00    0.00    0.00     1      0.00      0.00       0       0   0.00      8.00      0.00  kworker/1:2-events
14:47:42     1000      1805    0.00    0.00    0.00    0.00    0.00     1      0.00      0.00   30416   21060   0.27      7.00      0.00  python3
14:47:42     1000      1810    0.00    0.00    0.00    0.00    0.00     1      0.00      0.00    9900    3356   0.04      1.00      0.00  vmstat
14:47:42     1000      1811    0.00    0.00    0.00    0.00    0.00     1      0.00      0.00    7712    3700   0.05      1.00      2.00  pidstat
14:47:42        0      1938    0.00    0.00    0.00    0.00    0.00     3    835.00      0.00   14716   10088   0.13     20.00      1.00  sshd

# Time        UID       PID    %usr %system  %guest   %wait    %CPU   CPU  minflt/s  majflt/s     VSZ     RSS   %MEM   cswch/s nvcswch/s  Command
14:47:43        0         1    0.00    0.00    0.00    0.00    0.00     3     59.00      0.00   22096   13224   0.17     41.00      2.00  systemd
14:47:43        0        12    0.00    0.00    0.00    0.00    0.00     1      0.00      0.00       0       0   0.00      9.00      0.00  kworker/u16:0-events_power_efficient
14:47:43        0        14    0.00    0.00    0.00    0.00    0.00     0      0.00      0.00       0       0   0.00      4.00      0.00  ksoftirqd/0
14:47:43        0        16    0.00    0.00    0.00    0.00    0.00     1      0.00      0.00       0       0   0.00    351.00      0.00  rcu_sched
14:47:43        0        19    0.00    0.00    0.00    0.00    0.00     0      0.00      0.00       0       0   0.00      1.00      0.00  migration/0
14:47:43        0        25    0.00    0.00    0.00    0.00    0.00     1      0.00      0.00       0       0   0.00      3.00      0.00  migration/1
14:47:43        0        26    0.00    0.00    0.00    0.00    0.00     1      0.00      0.00       0       0   0.00      2.00      0.00  ksoftirqd/1
14:47:43        0        31    0.00    0.00    0.00    0.00    0.00     2      0.00      0.00       0       0   0.00      1.00      0.00  migration/2
14:47:43        0        32    0.00    0.00    0.00    0.00    0.00     2      0.00      0.00       0       0   0.00      6.00      0.00  ksoftirqd/2
14:47:43        0        37    0.00    0.00    0.00    0.00    0.00     3      0.00      0.00       0       0   0.00      1.00      0.00  migration/3
14:47:43        0        38    0.00    0.00    0.00    0.00    0.00     3      0.00      0.00       0       0   0.00      2.00      0.00  ksoftirqd/3
14:47:43        0        53    0.00    0.00    0.00    0.00    0.00     1      0.00      0.00       0       0   0.00      2.00      0.00  kcompactd0
14:47:43        0        60    0.00    0.00    0.00    0.00    0.00     2      0.00      0.00       0       0   0.00      8.00      0.00  kworker/2:1-mm_percpu_wq
14:47:43        0       118    0.00    0.00    0.00    0.00    0.00     3      0.00      0.00       0       0   0.00      8.00      0.00  kworker/u16:4-events_power_efficient
14:47:43        0       120    0.00    0.00    0.00    0.00    0.00     3      0.00      0.00       0       0   0.00      6.00      0.00  kworker/3:2-mm_percpu_wq
14:47:43        0       121    0.00    0.00    0.00    0.00    0.00     0      0.00      0.00       0       0   0.00     11.00      0.00  kworker/0:2-events
14:47:43        0       137    0.00    0.00    0.00    0.00    0.00     1      0.00      0.00       0       0   0.00      3.00      0.00  jbd2/nvme0n1p1-8
14:47:43        0       178    0.00    0.00    0.00    0.00    0.00     3     51.00      0.00   66928   17396   0.22     10.00      0.00  systemd-journal
14:47:43        0       240    0.00    0.00    0.00    0.00    0.00     1      0.00      0.00  288968   27144   0.34      1.00      0.00  multipathd
14:47:43      101       585    0.00    0.00    0.00    0.00    0.00     1      0.00      0.00    9808    5340   0.07     21.00      4.00  dbus-daemon
14:47:43      989       595    0.00    0.00    0.00    0.00    0.00     2      0.00      0.00  383684    9780   0.12     10.00      0.00  polkitd
14:47:43        0       604    1.00    0.00    0.00    0.00    1.00     1      0.00      0.00   18172    8832   0.11     16.00      0.00  systemd-logind
14:47:43        0       607    0.00    0.00    0.00    0.00    0.00     1      0.00      0.00  468964   13612   0.17      7.00      0.00  udisksd
14:47:43        0       756    0.00    0.00    0.00    0.00    0.00     2      0.00      0.00  318164   12612   0.16      8.00      0.00  ModemManager
14:47:43        0       931    0.00    0.00    0.00    0.00    0.00     2      0.00      0.00   12032    8112   0.10      1.00      0.00  sshd
14:47:43        0      1083    0.00    0.00    0.00    1.00    0.00     1      0.00      0.00       0       0   0.00     14.00      0.00  kworker/1:2-mm_percpu_wq
14:47:43        0      1234    0.00    0.00    0.00    0.00    0.00     2      0.00      0.00       0       0   0.00      1.00      0.00  kworker/2:0-cgroup_free
14:47:43     1000      1805    1.00    0.00    0.00    0.00    1.00     1      0.00      0.00   30416   21060   0.27      8.00      0.00  python3
14:47:43     1000      1810    0.00    0.00    0.00    0.00    0.00     1      0.00      0.00    9900    3356   0.04      1.00      0.00  vmstat
14:47:43     1000      1811    0.00    1.00    0.00    0.00    1.00     1      0.00      0.00    7712    3700   0.05      1.00      3.00  pidstat
14:47:43     1000      1999    0.00    0.00    0.00    0.00    0.00     0    147.00      0.00    2704    1464   0.02      1.00      1.00  time
14:47:43     1000      2000   70.00   10.00    0.00    0.00   80.00     0  16470.00      0.00   82208   75020   0.95      6.00      7.00  /home/ubuntu/pa
14:47:43     1000      2003   13.00   18.00    0.00    0.00   31.00     2   9437.00      0.00 1816892   40868   0.52      4.00      2.00  hey

# Time        UID       PID    %usr %system  %guest   %wait    %CPU   CPU  minflt/s  majflt/s     VSZ     RSS   %MEM   cswch/s nvcswch/s  Command
14:47:44        0        12    0.00    0.00    0.00    0.00    0.00     1      0.00      0.00       0       0   0.00      7.00      0.00  kworker/u16:0-events_power_efficient
14:47:44        0        16    0.00    0.00    0.00    1.00    0.00     1      0.00      0.00       0       0   0.00    438.00      0.00  rcu_sched
14:47:44        0        25    0.00    0.00    0.00    0.00    0.00     1      0.00      0.00       0       0   0.00      1.00      0.00  migration/1
14:47:44        0        32    0.00    0.00    0.00    0.00    0.00     2      0.00      0.00       0       0   0.00      2.00      0.00  ksoftirqd/2
14:47:44        0        38    0.00    0.00    0.00    0.00    0.00     3      0.00      0.00       0       0   0.00      2.00      0.00  ksoftirqd/3
14:47:44        0        53    0.00    0.00    0.00    0.00    0.00     1      0.00      0.00       0       0   0.00      2.00      0.00  kcompactd0
14:47:44        0        60    0.00    0.00    0.00    0.00    0.00     2      0.00      0.00       0       0   0.00      4.00      0.00  kworker/2:1-mm_percpu_wq
14:47:44        0       120    0.00    0.00    0.00    0.00    0.00     3      0.00      0.00       0       0   0.00      2.00      0.00  kworker/3:2-mm_percpu_wq
14:47:44        0       121    0.00    0.00    0.00    0.00    0.00     0      0.00      0.00       0       0   0.00      3.00      0.00  kworker/0:2-mm_percpu_wq
14:47:44        0       240    0.00    0.00    0.00    0.00    0.00     1      0.00      0.00  288968   27144   0.34      2.00      0.00  multipathd
14:47:44        0      1083    0.00    0.00    0.00    0.00    0.00     1      0.00      0.00       0       0   0.00      7.00      0.00  kworker/1:2-events
14:47:44     1000      1805    0.00    0.00    0.00    0.00    0.00     1      0.00      0.00   30416   21060   0.27      3.00      0.00  python3
14:47:44     1000      1810    0.00    0.00    0.00    0.00    0.00     1      0.00      0.00    9900    3356   0.04      1.00      0.00  vmstat
14:47:44     1000      1811    0.00    0.00    0.00    0.00    0.00     1      0.00      0.00    7712    3700   0.05      1.00      2.00  pidstat
14:47:44     1000      2000   85.00   14.00    0.00    0.00   99.00     0  13087.00      0.00  134620  127372   1.61      1.00      3.00  /home/ubuntu/pa
14:47:44     1000      2011   13.00   16.00    0.00    0.00   29.00     3   8872.00      0.00 1743160   38568   0.49      3.00      3.00  hey

# Time        UID       PID    %usr %system  %guest   %wait    %CPU   CPU  minflt/s  majflt/s     VSZ     RSS   %MEM   cswch/s nvcswch/s  Command
14:47:45        0        12    0.00    0.00    0.00    0.00    0.00     3      0.00      0.00       0       0   0.00      4.00      0.00  kworker/u16:0-events_power_efficient
14:47:45        0        16    1.00    0.00    0.00    0.00    1.00     2      0.00      0.00       0       0   0.00    469.00      0.00  rcu_sched
14:47:45        0        32    0.00    0.00    0.00    0.00    0.00     2      0.00      0.00       0       0   0.00      1.00      0.00  ksoftirqd/2
14:47:45        0        38    0.00    0.00    0.00    0.00    0.00     3      0.00      0.00       0       0   0.00      2.00      0.00  ksoftirqd/3
14:47:45        0        53    0.00    0.00    0.00    0.00    0.00     1      0.00      0.00       0       0   0.00      2.00      0.00  kcompactd0
14:47:45        0        60    0.00    0.00    0.00    0.00    0.00     2      0.00      0.00       0       0   0.00      2.00      0.00  kworker/2:1-mm_percpu_wq
14:47:45        0       120    0.00    0.00    0.00    0.00    0.00     3      0.00      0.00       0       0   0.00      8.00      0.00  kworker/3:2-mm_percpu_wq
14:47:45        0       121    0.00    0.00    0.00    0.00    0.00     0      0.00      0.00       0       0   0.00      4.00      0.00  kworker/0:2-events
14:47:45        0       240    0.00    0.00    0.00    0.00    0.00     1      0.00      0.00  288968   27144   0.34      1.00      0.00  multipathd
14:47:45        0      1083    0.00    0.00    0.00    0.00    0.00     1      0.00      0.00       0       0   0.00      1.00      0.00  kworker/1:2-mm_percpu_wq
14:47:45     1000      1810    0.00    0.00    0.00    0.00    0.00     1      0.00      0.00    9900    3356   0.04      1.00      0.00  vmstat
14:47:45     1000      1811    1.00    0.00    0.00    0.00    1.00     1      0.00      0.00    7712    3700   0.05      1.00      1.00  pidstat
14:47:45     1000      2000   88.00   12.00    0.00    0.00  100.00     0  13215.00      0.00  187488  180236   2.28      0.00      4.00  /home/ubuntu/pa
14:47:45     1000      2011   20.00   24.00    0.00    0.00   44.00     3   7358.00      0.00 1817788   66728   0.84      0.00      0.00  hey

# Time        UID       PID    %usr %system  %guest   %wait    %CPU   CPU  minflt/s  majflt/s     VSZ     RSS   %MEM   cswch/s nvcswch/s  Command
14:47:46        0        12    0.00    0.00    0.00    0.00    0.00     1      0.00      0.00       0       0   0.00      2.00      0.00  kworker/u16:0-events_unbound
14:47:46        0        16    0.00    0.00    0.00    0.00    0.00     2      0.00      0.00       0       0   0.00    206.00      0.00  rcu_sched
14:47:46        0        25    0.00    0.00    0.00    0.00    0.00     1      0.00      0.00       0       0   0.00      1.00      0.00  migration/1
14:47:46        0        26    0.00    0.00    0.00    0.00    0.00     1      0.00      0.00       0       0   0.00      1.00      0.00  ksoftirqd/1
14:47:46        0        32    0.00    0.00    0.00    0.00    0.00     2      0.00      0.00       0       0   0.00      2.00      0.00  ksoftirqd/2
14:47:46        0        38    0.00    0.00    0.00    0.00    0.00     3      0.00      0.00       0       0   0.00      3.00      0.00  ksoftirqd/3
14:47:46        0        53    0.00    0.00    0.00    0.00    0.00     1      0.00      0.00       0       0   0.00      2.00      0.00  kcompactd0
14:47:46        0        60    0.00    0.00    0.00    0.00    0.00     2      0.00      0.00       0       0   0.00      6.00      0.00  kworker/2:1-mm_percpu_wq
14:47:46        0       118    0.00    0.00    0.00    0.00    0.00     1      0.00      0.00       0       0   0.00      8.00      0.00  kworker/u16:4-events_power_efficient
14:47:46        0       120    0.00    0.00    0.00    0.00    0.00     3      0.00      0.00       0       0   0.00      5.00      0.00  kworker/3:2-mm_percpu_wq
14:47:46        0       121    0.00    0.00    0.00    0.00    0.00     0      0.00      0.00       0       0   0.00      6.00      0.00  kworker/0:2-mm_percpu_wq
14:47:46        0       240    0.00    0.00    0.00    0.00    0.00     1      0.00      0.00  288968   27144   0.34      1.00      0.00  multipathd
14:47:46        0      1083    0.00    0.00    0.00    0.00    0.00     1      0.00      0.00       0       0   0.00      7.00      0.00  kworker/1:2-mm_percpu_wq
14:47:46     1000      1805    0.00    0.00    0.00    0.00    0.00     1      0.00      0.00   30416   21060   0.27      9.00      0.00  python3
14:47:46     1000      1810    0.00    0.00    0.00    0.00    0.00     1      0.00      0.00    9900    3356   0.04      1.00      0.00  vmstat
14:47:46     1000      1811    0.00    1.00    0.00    0.00    1.00     1      0.00      0.00    7712    3700   0.05      1.00      1.00  pidstat
14:47:46     1000      2019    0.00    0.00    0.00    0.00    0.00     0    144.00      0.00    2704    1464   0.02      1.00      1.00  time
14:47:46     1000      2020    1.00    0.00    0.00    0.00    1.00     0    997.00      0.00   14248    8448   0.11      0.00      1.00  perl

# Time        UID       PID    %usr %system  %guest   %wait    %CPU   CPU  minflt/s  majflt/s     VSZ     RSS   %MEM   cswch/s nvcswch/s  Command
14:47:47        0        14    0.00    0.00    0.00    0.00    0.00     0      0.00      0.00       0       0   0.00     19.00      0.00  ksoftirqd/0
14:47:47        0        16    0.00    0.00    0.00    0.00    0.00     1      0.00      0.00       0       0   0.00    249.00      0.00  rcu_sched
14:47:47        0        19    0.00    0.00    0.00    0.00    0.00     0      0.00      0.00       0       0   0.00      1.00      0.00  migration/0
14:47:47        0        25    0.00    0.00    0.00    0.00    0.00     1      0.00      0.00       0       0   0.00      2.00      0.00  migration/1
14:47:47        0        31    0.00    0.00    0.00    0.00    0.00     2      0.00      0.00       0       0   0.00      1.00      0.00  migration/2
14:47:47        0        32    0.00    0.00    0.00    0.00    0.00     2      0.00      0.00       0       0   0.00      4.00      0.00  ksoftirqd/2
14:47:47        0        37    0.00    0.00    0.00    0.00    0.00     3      0.00      0.00       0       0   0.00      1.00      0.00  migration/3
14:47:47        0        38    0.00    0.00    0.00    0.00    0.00     3      0.00      0.00       0       0   0.00      1.00      0.00  ksoftirqd/3
14:47:47        0        53    0.00    0.00    0.00    0.00    0.00     2      0.00      0.00       0       0   0.00      2.00      0.00  kcompactd0
14:47:47        0        60    0.00    0.00    0.00    0.00    0.00     2      0.00      0.00       0       0   0.00      1.00      0.00  kworker/2:1-mm_percpu_wq
14:47:47        0       118    0.00    0.00    0.00    0.00    0.00     1      0.00      0.00       0       0   0.00      6.00      0.00  kworker/u16:4-events_power_efficient
14:47:47        0       120    0.00    0.00    0.00    1.00    0.00     3      0.00      0.00       0       0   0.00      3.00      0.00  kworker/3:2-mm_percpu_wq
14:47:47        0       121    0.00    0.00    0.00    1.00    0.00     0      0.00      0.00       0       0   0.00      4.00      0.00  kworker/0:2-events
14:47:47        0       240    0.00    0.00    0.00    0.00    0.00     1      0.00      0.00  288968   27144   0.34      1.00      0.00  multipathd
14:47:47        0      1083    0.00    0.00    0.00    0.00    0.00     1      0.00      0.00       0       0   0.00      6.00      0.00  kworker/1:2-mm_percpu_wq
14:47:47     1000      1805    0.00    0.00    0.00    0.00    0.00     1      0.00      0.00   30416   21060   0.27      6.00      0.00  python3
14:47:47     1000      1810    0.00    0.00    0.00    0.00    0.00     1      0.00      0.00    9900    3356   0.04      1.00      0.00  vmstat
14:47:47     1000      1811    0.00    0.00    0.00    0.00    0.00     1      0.00      0.00    7712    3700   0.05      1.00      1.00  pidstat
14:47:47     1000      2020   82.00   11.00    0.00    0.00   93.00     0  20645.00      0.00  103012   95688   1.21      6.00     23.00  /home/ubuntu/pa
14:47:47     1000      2021   12.00   16.00    0.00    0.00   28.00     2  13422.00      0.00 1817212   56096   0.71      4.00      2.00  hey

# Time        UID       PID    %usr %system  %guest   %wait    %CPU   CPU  minflt/s  majflt/s     VSZ     RSS   %MEM   cswch/s nvcswch/s  Command
14:47:48        0        12    0.00    0.00    0.00    0.00    0.00     3      0.00      0.00       0       0   0.00      5.00      0.00  kworker/u16:0-events_power_efficient
14:47:48        0        14    0.00    0.00    0.00    0.00    0.00     0      0.00      0.00       0       0   0.00     24.00      0.00  ksoftirqd/0
14:47:48        0        16    0.00    0.00    0.00    0.00    0.00     1      0.00      0.00       0       0   0.00    271.00      0.00  rcu_sched
14:47:48        0        25    0.00    0.00    0.00    0.00    0.00     1      0.00      0.00       0       0   0.00      1.00      0.00  migration/1
14:47:48        0        32    0.00    0.00    0.00    0.00    0.00     2      0.00      0.00       0       0   0.00      4.00      0.00  ksoftirqd/2
14:47:48        0        38    0.00    0.00    0.00    0.00    0.00     3      0.00      0.00       0       0   0.00      3.00      0.00  ksoftirqd/3
14:47:48        0        53    0.00    0.00    0.00    0.00    0.00     1      0.00      0.00       0       0   0.00      2.00      0.00  kcompactd0
14:47:48        0        60    0.00    0.00    0.00    0.00    0.00     2      0.00      0.00       0       0   0.00      3.00      0.00  kworker/2:1-mm_percpu_wq
14:47:48        0       118    0.00    0.00    0.00    0.00    0.00     1      0.00      0.00       0       0   0.00      5.00      0.00  kworker/u16:4-flush-259:0
14:47:48        0       120    0.00    0.00    0.00    0.00    0.00     3      0.00      0.00       0       0   0.00      4.00      0.00  kworker/3:2-events
14:47:48        0       121    0.00    0.00    0.00    0.00    0.00     0      0.00      0.00       0       0   0.00      3.00      0.00  kworker/0:2-mm_percpu_wq
14:47:48        0       240    0.00    0.00    0.00    0.00    0.00     1      0.00      0.00  288968   27144   0.34      1.00      0.00  multipathd
14:47:48        0       591    0.00    0.00    0.00    0.00    0.00     3      0.00      0.00   83064    4556   0.06      1.00      0.00  irqbalance
14:47:48        0      1083    0.00    0.00    0.00    0.00    0.00     1      0.00      0.00       0       0   0.00      3.00      0.00  kworker/1:2-mm_percpu_wq
14:47:48     1000      1805    0.00    0.00    0.00    0.00    0.00     1      0.00      0.00   30416   21060   0.27      3.00      0.00  python3
14:47:48     1000      1810    0.00    0.00    0.00    0.00    0.00     1      0.00      0.00    9900    3356   0.04      1.00      0.00  vmstat
14:47:48     1000      1811    0.00    1.00    0.00    0.00    1.00     1      0.00      0.00    7712    3700   0.05      1.00      2.00  pidstat
14:47:48     1000      2020   87.00   12.00    0.00    0.00   99.00     0  16925.00      0.00  170708  163400   2.06      1.00     27.00  /home/ubuntu/pa
14:47:48     1000      2029   11.00   16.00    0.00    0.00   27.00     3  13241.00      0.00 1817212   55036   0.70      3.00      2.00  hey

# Time        UID       PID    %usr %system  %guest   %wait    %CPU   CPU  minflt/s  majflt/s     VSZ     RSS   %MEM   cswch/s nvcswch/s  Command
14:47:49        0        12    0.00    0.00    0.00    0.00    0.00     3      0.00      0.00       0       0   0.00      5.00      0.00  kworker/u16:0-events_power_efficient
14:47:49        0        14    0.00    0.00    0.00    0.00    0.00     0      0.00      0.00       0       0   0.00     28.00      0.00  ksoftirqd/0
14:47:49        0        16    0.00    0.00    0.00    0.00    0.00     3      0.00      0.00       0       0   0.00    262.00      0.00  rcu_sched
14:47:49        0        32    0.00    0.00    0.00    0.00    0.00     2      0.00      0.00       0       0   0.00      6.00      0.00  ksoftirqd/2
14:47:49        0        38    0.00    0.00    0.00    0.00    0.00     3      0.00      0.00       0       0   0.00      7.00      0.00  ksoftirqd/3
14:47:49        0        53    0.00    0.00    0.00    0.00    0.00     1      0.00      0.00       0       0   0.00      2.00      0.00  kcompactd0
14:47:49        0        60    0.00    0.00    0.00    0.00    0.00     2      0.00      0.00       0       0   0.00      1.00      0.00  kworker/2:1-mm_percpu_wq
14:47:49        0       120    0.00    0.00    0.00    0.00    0.00     3      0.00      0.00       0       0   0.00      6.00      0.00  kworker/3:2-events
14:47:49        0       121    0.00    0.00    0.00    0.00    0.00     0      0.00      0.00       0       0   0.00      4.00      0.00  kworker/0:2-events
14:47:49        0       240    0.00    0.00    0.00    0.00    0.00     1      0.00      0.00  288968   27144   0.34      2.00      0.00  multipathd
14:47:49        0       842    0.00    0.00    0.00    0.00    0.00     3      0.00      0.00       0       0   0.00      1.00      0.00  kworker/3:1H-kblockd
14:47:49        0      1083    0.00    0.00    0.00    0.00    0.00     1      0.00      0.00       0       0   0.00      1.00      0.00  kworker/1:2-mm_percpu_wq
14:47:49     1000      1810    0.00    0.00    0.00    0.00    0.00     1      0.00      0.00    9900    3356   0.04      1.00      0.00  vmstat
14:47:49     1000      1811    0.00    0.00    0.00    0.00    0.00     1      0.00      0.00    7712    3700   0.05      1.00      2.00  pidstat
14:47:49     1000      2020   88.00   13.00    0.00    0.00  101.00     0  17019.00      0.00  238868  231496   2.92      0.00     32.00  /home/ubuntu/pa
14:47:49     1000      2029   14.00   17.00    0.00    0.00   31.00     3   3002.00      0.00 1817660   66468   0.84      0.00      0.00  hey

# Time        UID       PID    %usr %system  %guest   %wait    %CPU   CPU  minflt/s  majflt/s     VSZ     RSS   %MEM   cswch/s nvcswch/s  Command
14:47:50        0        12    0.00    0.00    0.00    0.00    0.00     3      0.00      0.00       0       0   0.00      5.00      0.00  kworker/u16:0-events_power_efficient
14:47:50        0        14    0.00    0.00    0.00    0.00    0.00     0      0.00      0.00       0       0   0.00      5.00      0.00  ksoftirqd/0
14:47:50        0        16    0.00    0.00    0.00    0.00    0.00     3      0.00      0.00       0       0   0.00    117.00      0.00  rcu_sched
14:47:50        0        25    0.00    0.00    0.00    0.00    0.00     1      0.00      0.00       0       0   0.00      2.00      0.00  migration/1
14:47:50        0        32    0.00    0.00    0.00    0.00    0.00     2      0.00      0.00       0       0   0.00      3.00      0.00  ksoftirqd/2
14:47:50        0        38    0.00    0.00    0.00    0.00    0.00     3      0.00      0.00       0       0   0.00      5.00      0.00  ksoftirqd/3
14:47:50        0        53    0.00    0.00    0.00    0.00    0.00     1      0.00      0.00       0       0   0.00      2.00      0.00  kcompactd0
14:47:50        0        60    0.00    0.00    0.00    0.00    0.00     2      0.00      0.00       0       0   0.00      4.00      0.00  kworker/2:1-mm_percpu_wq
14:47:50        0       120    0.00    0.00    0.00    0.00    0.00     3      0.00      0.00       0       0   0.00      7.00      0.00  kworker/3:2-events
14:47:50        0       121    0.00    0.00    0.00    0.00    0.00     0      0.00      0.00       0       0   0.00      4.00      0.00  kworker/0:2-mm_percpu_wq
14:47:50        0       240    0.00    0.00    0.00    0.00    0.00     1      0.00      0.00  288968   27144   0.34      1.00      0.00  multipathd
14:47:50        0      1083    0.00    0.00    0.00    0.00    0.00     1      0.00      0.00       0       0   0.00      1.00      0.00  kworker/1:2-mm_percpu_wq
14:47:50     1000      1805    1.00    0.00    0.00    0.00    1.00     1      1.00      0.00   30416   21060   0.27     15.00      0.00  python3
14:47:50     1000      1810    0.00    0.00    0.00    0.00    0.00     1      0.00      0.00    9900    3356   0.04      1.00      0.00  vmstat
14:47:50     1000      1811    0.00    0.00    0.00    0.00    0.00     1      0.00      0.00    7712    3700   0.05      1.00      1.00  pidstat
14:47:50     1000      2037    0.00    0.00    0.00    0.00    0.00     0    145.00      0.00    2704    1464   0.02      1.00      1.00  time
14:47:50     1000      2038   12.00    1.00    0.00    0.00   13.00     0   7627.00      0.00   46808   39592   0.50      5.00      0.00  /home/ubuntu/pe
14:47:50     1000      2039    0.00    0.00    0.00    0.00    0.00     2   1111.00      0.00 1676724    9700   0.12      3.00      2.00  hey

# Time        UID       PID    %usr %system  %guest   %wait    %CPU   CPU  minflt/s  majflt/s     VSZ     RSS   %MEM   cswch/s nvcswch/s  Command
14:47:51        0        12    0.00    0.00    0.00    0.00    0.00     1      0.00      0.00       0       0   0.00      8.00      0.00  kworker/u16:0-events_power_efficient
14:47:51        0        16    0.00    0.00    0.00    0.00    0.00     1      0.00      0.00       0       0   0.00      4.00      0.00  rcu_sched
14:47:51        0        19    0.00    0.00    0.00    0.00    0.00     0      0.00      0.00       0       0   0.00      1.00      0.00  migration/0
14:47:51        0        25    0.00    0.00    0.00    0.00    0.00     1      0.00      0.00       0       0   0.00      1.00      0.00  migration/1
14:47:51        0        31    0.00    0.00    0.00    0.00    0.00     2      0.00      0.00       0       0   0.00      1.00      0.00  migration/2
14:47:51        0        37    0.00    0.00    0.00    0.00    0.00     3      0.00      0.00       0       0   0.00      1.00      0.00  migration/3
14:47:51        0        53    0.00    0.00    0.00    0.00    0.00     1      0.00      0.00       0       0   0.00      2.00      0.00  kcompactd0
14:47:51        0        60    0.00    0.00    0.00    0.00    0.00     2      0.00      0.00       0       0   0.00      1.00      0.00  kworker/2:1-mm_percpu_wq
14:47:51        0       118    0.00    0.00    0.00    0.00    0.00     3      0.00      0.00       0       0   0.00      1.00      0.00  kworker/u16:4-events_power_efficient
14:47:51        0       120    0.00    0.00    0.00    0.00    0.00     3      0.00      0.00       0       0   0.00      1.00      0.00  kworker/3:2-mm_percpu_wq
14:47:51        0       121    0.00    0.00    0.00    0.00    0.00     0      0.00      0.00       0       0   0.00      4.00      0.00  kworker/0:2-events
14:47:51        0       240    0.00    0.00    0.00    0.00    0.00     1      0.00      0.00  288968   27144   0.34      1.00      0.00  multipathd
14:47:51        0      1083    0.00    0.00    0.00    0.00    0.00     1      0.00      0.00       0       0   0.00      5.00      0.00  kworker/1:2-mm_percpu_wq
14:47:51     1000      1810    0.00    0.00    0.00    0.00    0.00     1      0.00      0.00    9900    3356   0.04      1.00      0.00  vmstat
14:47:51     1000      1811    0.00    1.00    0.00    0.00    1.00     1      0.00      0.00    7712    3700   0.05      1.00      1.00  pidstat
14:47:51     1000      2038   93.00    7.00    0.00    0.00  100.00     0     30.00      0.00   46940   39720   0.50      1.00      5.00  /home/ubuntu/pe
14:47:51     1000      2039   21.00   17.00    0.00    0.00   38.00     2  10777.00      0.00 1817020   48740   0.62      0.00      0.00  hey

# Time        UID       PID    %usr %system  %guest   %wait    %CPU   CPU  minflt/s  majflt/s     VSZ     RSS   %MEM   cswch/s nvcswch/s  Command
14:47:52        0        12    0.00    0.00    0.00    0.00    0.00     1      0.00      0.00       0       0   0.00      6.00      0.00  kworker/u16:0-events_power_efficient
14:47:52        0        16    0.00    0.00    0.00    0.00    0.00     1      0.00      0.00       0       0   0.00     18.00      0.00  rcu_sched
14:47:52        0        25    0.00    0.00    0.00    0.00    0.00     1      0.00      0.00       0       0   0.00      1.00      0.00  migration/1
14:47:52        0        38    0.00    0.00    0.00    0.00    0.00     3      0.00      0.00       0       0   0.00      1.00      0.00  ksoftirqd/3
14:47:52        0        53    0.00    0.00    0.00    0.00    0.00     1      0.00      0.00       0       0   0.00      2.00      0.00  kcompactd0
14:47:52        0        60    0.00    0.00    0.00    0.00    0.00     2      0.00      0.00       0       0   0.00      2.00      0.00  kworker/2:1-mm_percpu_wq
14:47:52        0       120    0.00    0.00    0.00    0.00    0.00     3      0.00      0.00       0       0   0.00      2.00      0.00  kworker/3:2-mm_percpu_wq
14:47:52        0       121    0.00    0.00    0.00    0.00    0.00     0      0.00      0.00       0       0   0.00      4.00      0.00  kworker/0:2-mm_percpu_wq
14:47:52        0       240    0.00    0.00    0.00    0.00    0.00     1      0.00      0.00  288968   27144   0.34      1.00      0.00  multipathd
14:47:52      110       672    0.00    0.00    0.00    0.00    0.00     1      0.00      0.00   19416    3744   0.05      2.00      0.00  chronyd
14:47:52        0      1083    0.00    0.00    0.00    0.00    0.00     1      0.00      0.00       0       0   0.00      6.00      0.00  kworker/1:2-mm_percpu_wq
14:47:52     1000      1805    0.00    0.00    0.00    0.00    0.00     1      0.00      0.00   30416   21060   0.27      3.00      0.00  python3
14:47:52     1000      1810    0.00    0.00    0.00    0.00    0.00     1      0.00      0.00    9900    3356   0.04      1.00      0.00  vmstat
14:47:52     1000      1811    1.00    0.00    0.00    0.00    1.00     1      0.00      0.00    7712    3700   0.05      1.00      2.00  pidstat
14:47:52     1000      2038   91.00    8.00    0.00    0.00   99.00     0     39.00      0.00   47204   39976   0.50      1.00      4.00  /home/ubuntu/pe
14:47:52     1000      2047   19.00   19.00    0.00    0.00   38.00     3  12040.00      0.00 1817276   49396   0.62      3.00      3.00  hey

# Time        UID       PID    %usr %system  %guest   %wait    %CPU   CPU  minflt/s  majflt/s     VSZ     RSS   %MEM   cswch/s nvcswch/s  Command
14:47:53        0        12    0.00    0.00    0.00    0.00    0.00     1      0.00      0.00       0       0   0.00      4.00      0.00  kworker/u16:0-events_power_efficient
14:47:53        0        16    0.00    0.00    0.00    0.00    0.00     1      0.00      0.00       0       0   0.00      2.00      0.00  rcu_sched
14:47:53        0        48    0.00    0.00    0.00    0.00    0.00     1      0.00      0.00       0       0   0.00      4.00      0.00  kworker/u16:1-events_power_efficient
14:47:53        0        53    0.00    0.00    0.00    0.00    0.00     1      0.00      0.00       0       0   0.00      2.00      0.00  kcompactd0
14:47:53        0        60    0.00    0.00    0.00    0.00    0.00     2      0.00      0.00       0       0   0.00      1.00      0.00  kworker/2:1-mm_percpu_wq
14:47:53        0       118    0.00    0.00    0.00    0.00    0.00     3      0.00      0.00       0       0   0.00      1.00      0.00  kworker/u16:4-flush-259:0
14:47:53        0       120    0.00    0.00    0.00    0.00    0.00     3      0.00      0.00       0       0   0.00      1.00      0.00  kworker/3:2-mm_percpu_wq
14:47:53        0       121    0.00    0.00    0.00    0.00    0.00     0      0.00      0.00       0       0   0.00      4.00      0.00  kworker/0:2-events
14:47:53        0       240    0.00    0.00    0.00    0.00    0.00     1      0.00      0.00  288968   27144   0.34      1.00      0.00  multipathd
14:47:53        0      1083    0.00    0.00    0.00    0.00    0.00     1      0.00      0.00       0       0   0.00      6.00      0.00  kworker/1:2-mm_percpu_wq
14:47:53     1000      1810    0.00    0.00    0.00    0.00    0.00     1      0.00      0.00    9900    3356   0.04      1.00      0.00  vmstat
14:47:53     1000      1811    0.00    1.00    0.00    0.00    1.00     1      0.00      0.00    7712    3700   0.05      1.00      2.00  pidstat
14:47:53     1000      2038   95.00    6.00    0.00    0.00  101.00     0      0.00      0.00   47204   39976   0.50      0.00      4.00  /home/ubuntu/pe
14:47:53     1000      2047   20.00   16.00    0.00    0.00   36.00     3   4832.00      0.00 1817788   66804   0.84      0.00      0.00  hey

# Time        UID       PID    %usr %system  %guest   %wait    %CPU   CPU  minflt/s  majflt/s     VSZ     RSS   %MEM   cswch/s nvcswch/s  Command
14:47:54        0        16    0.00    0.00    0.00    0.00    0.00     1      0.00      0.00       0       0   0.00     51.00      0.00  rcu_sched
14:47:54        0        25    0.00    0.00    0.00    0.00    0.00     1      0.00      0.00       0       0   0.00      2.00      0.00  migration/1
14:47:54        0        26    0.00    0.00    0.00    0.00    0.00     1      0.00      0.00       0       0   0.00      1.00      0.00  ksoftirqd/1
14:47:54        0        32    0.00    0.00    0.00    0.00    0.00     2      0.00      0.00       0       0   0.00      1.00      0.00  ksoftirqd/2
14:47:54        0        48    0.00    0.00    0.00    0.00    0.00     1      0.00      0.00       0       0   0.00      6.00      0.00  kworker/u16:1-events_power_efficient
14:47:54        0        53    0.00    0.00    0.00    0.00    0.00     1      0.00      0.00       0       0   0.00      2.00      0.00  kcompactd0
14:47:54        0        60    0.00    0.00    0.00    0.00    0.00     2      0.00      0.00       0       0   0.00      3.00      0.00  kworker/2:1-mm_percpu_wq
14:47:54        0       120    0.00    0.00    0.00    0.00    0.00     3      0.00      0.00       0       0   0.00      3.00      0.00  kworker/3:2-mm_percpu_wq
14:47:54        0       121    0.00    0.00    0.00    0.00    0.00     0      0.00      0.00       0       0   0.00      4.00      0.00  kworker/0:2-events
14:47:54        0       240    0.00    0.00    0.00    0.00    0.00     1      0.00      0.00  288968   27144   0.34      1.00      0.00  multipathd
14:47:54        0      1083    0.00    0.00    0.00    0.00    0.00     1      0.00      0.00       0       0   0.00      8.00      0.00  kworker/1:2-events
14:47:54     1000      1788    0.00    0.00    0.00    0.00    0.00     2      0.00      0.00   15012    7136   0.09      1.00      0.00  sshd
14:47:54     1000      1805    0.00    0.00    0.00    0.00    0.00     1      0.00      0.00   30416   21060   0.27     11.00      0.00  python3
14:47:54     1000      1810    0.00    0.00    0.00    0.00    0.00     1      0.00      0.00    9900    3356   0.04      1.00      0.00  vmstat
14:47:54     1000      1811    0.00    0.00    0.00    0.00    0.00     1      0.00      0.00    7712    3700   0.05      1.00      1.00  pidstat
14:47:54     1000      2055    0.00    0.00    0.00    0.00    0.00     0    145.00      0.00    2704    1464   0.02      1.00      1.00  time
14:47:54     1000      2056   52.00    3.00    0.00    0.00   55.00     0   7942.00      0.00   48188   40860   0.52      5.00      2.00  /home/ubuntu/pa
14:47:54     1000      2057    8.00    8.00    0.00    0.00   16.00     2   6086.00      0.00 1816380   27596   0.35      4.00      3.00  hey

# Time        UID       PID    %usr %system  %guest   %wait    %CPU   CPU  minflt/s  majflt/s     VSZ     RSS   %MEM   cswch/s nvcswch/s  Command
14:47:55        0         1    0.00    0.00    0.00    0.00    0.00     2      2.00      0.00   22096   13224   0.17     26.00      5.00  systemd
14:47:55        0        16    0.00    0.00    0.00    0.00    0.00     2      0.00      0.00       0       0   0.00     98.00      0.00  rcu_sched
14:47:55        0        19    0.00    0.00    0.00    0.00    0.00     0      0.00      0.00       0       0   0.00      1.00      0.00  migration/0
14:47:55        0        25    0.00    0.00    0.00    0.00    0.00     1      0.00      0.00       0       0   0.00      4.00      0.00  migration/1
14:47:55        0        26    0.00    0.00    0.00    0.00    0.00     1      0.00      0.00       0       0   0.00      3.00      0.00  ksoftirqd/1
14:47:55        0        31    0.00    0.00    0.00    0.00    0.00     2      0.00      0.00       0       0   0.00      3.00      0.00  migration/2
14:47:55        0        32    0.00    0.00    0.00    0.00    0.00     2      0.00      0.00       0       0   0.00      1.00      0.00  ksoftirqd/2
14:47:55        0        37    0.00    0.00    0.00    0.00    0.00     3      0.00      0.00       0       0   0.00      3.00      0.00  migration/3
14:47:55        0        38    0.00    0.00    0.00    0.00    0.00     3      0.00      0.00       0       0   0.00      2.00      0.00  ksoftirqd/3
14:47:55        0        48    0.00    0.00    0.00    0.00    0.00     3      0.00      0.00       0       0   0.00      5.00      0.00  kworker/u16:1-events_power_efficient
14:47:55        0        53    0.00    0.00    0.00    0.00    0.00     1      0.00      0.00       0       0   0.00      2.00      0.00  kcompactd0
14:47:55        0        60    0.00    0.00    0.00    0.00    0.00     2      0.00      0.00       0       0   0.00      7.00      0.00  kworker/2:1-mm_percpu_wq
14:47:55        0       120    0.00    0.00    0.00    0.00    0.00     3      0.00      0.00       0       0   0.00      3.00      0.00  kworker/3:2-cgroup_release
14:47:55        0       121    0.00    0.00    0.00    0.00    0.00     0      0.00      0.00       0       0   0.00      5.00      0.00  kworker/0:2-events
14:47:55        0       178    0.00    0.00    0.00    0.00    0.00     2     18.00      0.00   66928   17396   0.22      6.00      4.00  systemd-journal
14:47:55        0       240    0.00    0.00    0.00    0.00    0.00     1      0.00      0.00  288968   27144   0.34      1.00      0.00  multipathd
14:47:55      101       585    0.00    0.00    0.00    0.00    0.00     2      0.00      0.00    9808    5340   0.07     12.00      4.00  dbus-daemon
14:47:55      989       595    0.00    0.00    0.00    0.00    0.00     1      0.00      0.00  383684    9780   0.12      7.00      0.00  polkitd
14:47:55        0       604    0.00    0.00    0.00    0.00    0.00     1      0.00      0.00   18172    8832   0.11      6.00      9.00  systemd-logind
14:47:55        0       607    0.00    0.00    0.00    0.00    0.00     3      0.00      0.00  468964   13612   0.17      6.00      0.00  udisksd
14:47:55        0       756    0.00    0.00    0.00    0.00    0.00     1      0.00      0.00  318164   12612   0.16      5.00      0.00  ModemManager
14:47:55        0       931    0.00    0.00    0.00    0.00    0.00     3     24.00      0.00   12032    8112   0.10      3.00      0.00  sshd
14:47:55        0      1083    0.00    0.00    0.00    0.00    0.00     1      0.00      0.00       0       0   0.00     11.00      0.00  kworker/1:2-mm_percpu_wq
14:47:55     1000      1805    0.00    1.00    0.00    0.00    1.00     1      0.00      0.00   30416   21060   0.27      3.00      0.00  python3
14:47:55     1000      1810    0.00    0.00    0.00    1.00    0.00     1      0.00      0.00    9900    3356   0.04      1.00      0.00  vmstat
14:47:55     1000      1811    0.00    1.00    0.00    1.00    1.00     1      0.00      0.00    7712    3700   0.05      1.00      1.00  pidstat
14:47:55     1000      2056   92.00    8.00    0.00    0.00  100.00     0     52.00      0.00   48320   41116   0.52      2.00      7.00  /home/ubuntu/pa
14:47:55        0      2065    0.00    0.00    0.00    0.00    0.00     3    838.00      0.00   14712   10164   0.13     23.00      6.00  sshd
14:47:55     1000      2067    8.00   10.00    0.00    0.00   18.00     3   5775.00      0.00 1816380   26556   0.34      3.00      4.00  hey
14:47:55        0      2089    0.00    0.00    0.00    0.00    0.00     1     67.00      0.00    2812    1740   0.02      2.00      1.00  sh
14:47:55        0      2090    0.00    0.00    0.00    0.00    0.00     3    176.00      0.00    2700    1708   0.02      4.00      1.00  run-parts

# Time        UID       PID    %usr %system  %guest   %wait    %CPU   CPU  minflt/s  majflt/s     VSZ     RSS   %MEM   cswch/s nvcswch/s  Command
14:47:56        0         1    0.00    0.00    0.00    0.00    0.00     3      0.00      0.00   22096   13224   0.17     25.00      1.00  systemd
14:47:56        0        16    0.00    0.00    0.00    0.00    0.00     1      0.00      0.00       0       0   0.00     48.00      0.00  rcu_sched
14:47:56        0        25    0.00    0.00    0.00    0.00    0.00     1      0.00      0.00       0       0   0.00      2.00      0.00  migration/1
14:47:56        0        26    0.00    0.00    0.00    0.00    0.00     1      0.00      0.00       0       0   0.00      1.00      0.00  ksoftirqd/1
14:47:56        0        32    0.00    0.00    0.00    0.00    0.00     2      0.00      0.00       0       0   0.00      5.00      0.00  ksoftirqd/2
14:47:56        0        37    0.00    0.00    0.00    0.00    0.00     3      0.00      0.00       0       0   0.00      1.00      0.00  migration/3
14:47:56        0        38    0.00    0.00    0.00    0.00    0.00     3      0.00      0.00       0       0   0.00      2.00      0.00  ksoftirqd/3
14:47:56        0        48    0.00    0.00    0.00    0.00    0.00     1      0.00      0.00       0       0   0.00     15.00      0.00  kworker/u16:1-events_power_efficient
14:47:56        0        53    0.00    0.00    0.00    0.00    0.00     1      0.00      0.00       0       0   0.00      2.00      0.00  kcompactd0
14:47:56        0        60    0.00    0.00    0.00    0.00    0.00     2      0.00      0.00       0       0   0.00      7.00      0.00  kworker/2:1-mm_percpu_wq
14:47:56        0       118    0.00    0.00    0.00    0.00    0.00     3      0.00      0.00       0       0   0.00      1.00      0.00  kworker/u16:4-flush-259:0
14:47:56        0       120    0.00    0.00    0.00    0.00    0.00     3      0.00      0.00       0       0   0.00     10.00      0.00  kworker/3:2-mm_percpu_wq
14:47:56        0       121    0.00    0.00    0.00    0.00    0.00     0      0.00      0.00       0       0   0.00      7.00      0.00  kworker/0:2-mm_percpu_wq
14:47:56        0       178    0.00    0.00    0.00    0.00    0.00     3     17.00      0.00   66928   17396   0.22      6.00      1.00  systemd-journal
14:47:56        0       240    0.00    0.00    0.00    0.00    0.00     1      0.00      0.00  288968   27144   0.34      2.00      0.00  multipathd
14:47:56      101       585    1.00    0.00    0.00    0.00    1.00     2      0.00      0.00    9808    5340   0.07     14.00      3.00  dbus-daemon
14:47:56      989       595    0.00    0.00    0.00    0.00    0.00     1      0.00      0.00  383684    9780   0.12      6.00      5.00  polkitd
14:47:56        0       604    0.00    0.00    0.00    0.00    0.00     2      0.00      0.00   18172    8832   0.11     12.00      1.00  systemd-logind
14:47:56        0       607    0.00    0.00    0.00    0.00    0.00     1      0.00      0.00  468964   13612   0.17      3.00      0.00  udisksd
14:47:56        0       756    0.00    0.00    0.00    0.00    0.00     1      0.00      0.00  318164   12612   0.16      4.00      0.00  ModemManager
14:47:56        0       931    0.00    0.00    0.00    0.00    0.00     3      0.00      0.00   12032    8112   0.10      1.00      0.00  sshd
14:47:56        0      1083    0.00    0.00    0.00    0.00    0.00     1      0.00      0.00       0       0   0.00     10.00      0.00  kworker/1:2-mm_percpu_wq
14:47:56        0      1109    0.00    0.00    0.00    0.00    0.00     3      0.00      0.00       0       0   0.00      1.00      0.00  kworker/3:0-cgroup_free
14:47:56     1000      1811    0.00    0.00    0.00    0.00    0.00     1      9.00      0.00    7712    3700   0.05      1.00      2.00  pidstat
14:47:56     1000      2056   90.00    9.00    0.00    0.00   99.00     0      5.00      0.00   48320   41116   0.52      0.00      7.00  /home/ubuntu/pa
14:47:56     1000      2067   18.00   16.00    0.00    0.00   34.00     3   6171.00      0.00 1817340   48956   0.62      0.00      0.00  hey

# Time        UID       PID    %usr %system  %guest   %wait    %CPU   CPU  minflt/s  majflt/s     VSZ     RSS   %MEM   cswch/s nvcswch/s  Command
14:47:57        0        16    0.00    0.00    0.00    0.00    0.00     3      0.00      0.00       0       0   0.00     28.00      0.00  rcu_sched
14:47:57        0        25    0.00    0.00    0.00    0.00    0.00     1      0.00      0.00       0       0   0.00      1.00      0.00  migration/1
14:47:57        0        32    0.00    0.00    0.00    0.00    0.00     2      0.00      0.00       0       0   0.00      1.00      0.00  ksoftirqd/2
14:47:57        0        48    0.00    0.00    0.00    0.00    0.00     1      0.00      0.00       0       0   0.00      5.00      0.00  kworker/u16:1-events_power_efficient
14:47:57        0        53    0.00    0.00    0.00    0.00    0.00     1      0.00      0.00       0       0   0.00      2.00      0.00  kcompactd0
14:47:57        0        60    0.00    0.00    0.00    0.00    0.00     2      0.00      0.00       0       0   0.00      4.00      0.00  kworker/2:1-events
14:47:57        0       120    0.00    0.00    0.00    0.00    0.00     3      0.00      0.00       0       0   0.00      2.00      0.00  kworker/3:2-mm_percpu_wq
14:47:57        0       121    0.00    0.00    0.00    0.00    0.00     0      0.00      0.00       0       0   0.00      6.00      0.00  kworker/0:2-events
14:47:57        0       240    0.00    0.00    0.00    0.00    0.00     1      0.00      0.00  288968   27144   0.34      1.00      0.00  multipathd
14:47:57        0       248    0.00    0.00    0.00    0.00    0.00     0      0.00      0.00       0       0   0.00      1.00      0.00  kworker/0:1H-kblockd
14:47:57        0      1083    0.00    0.00    0.00    0.00    0.00     1      0.00      0.00       0       0   0.00      8.00      0.00  kworker/1:2-mm_percpu_wq
14:47:57     1000      1805    1.00    0.00    0.00    0.00    1.00     1      1.00      0.00   30416   21060   0.27      5.00      0.00  python3
14:47:57     1000      1810    0.00    0.00    0.00    0.00    0.00     1      0.00      0.00    9900    3356   0.04      1.00      0.00  vmstat
14:47:57     1000      1811    1.00    0.00    0.00    0.00    1.00     1      0.00      0.00    7712    3700   0.05      1.00      0.00  pidstat
14:47:57     1000      2144    0.00    0.00    0.00    0.00    0.00     0    144.00      0.00    2704    1460   0.02      1.00      1.00  time
14:47:57     1000      2145    2.00    0.00    0.00    0.00    2.00     0   2195.00      0.00   19232   13772   0.17      0.00      0.00  perl

# Time        UID       PID    %usr %system  %guest   %wait    %CPU   CPU  minflt/s  majflt/s     VSZ     RSS   %MEM   cswch/s nvcswch/s  Command
14:47:58        0         1    0.00    0.00    0.00    0.00    0.00     3      0.00      0.00   22096   13224   0.17      1.00      0.00  systemd
14:47:58        0        16    0.00    0.00    0.00    0.00    0.00     1      0.00      0.00       0       0   0.00     25.00      0.00  rcu_sched
14:47:58        0        25    0.00    0.00    0.00    0.00    0.00     1      0.00      0.00       0       0   0.00      1.00      0.00  migration/1
14:47:58        0        48    0.00    0.00    0.00    0.00    0.00     1      0.00      0.00       0       0   0.00      7.00      0.00  kworker/u16:1-events_power_efficient
14:47:58        0        53    0.00    0.00    0.00    0.00    0.00     1      0.00      0.00       0       0   0.00      2.00      0.00  kcompactd0
14:47:58        0        60    0.00    0.00    0.00    0.00    0.00     2      0.00      0.00       0       0   0.00      2.00      0.00  kworker/2:1-events
14:47:58        0       118    0.00    0.00    0.00    0.00    0.00     3      0.00      0.00       0       0   0.00      4.00      0.00  kworker/u16:4-events_power_efficient
14:47:58        0       120    0.00    0.00    0.00    0.00    0.00     3      0.00      0.00       0       0   0.00      2.00      0.00  kworker/3:2-mm_percpu_wq
14:47:58        0       121    0.00    0.00    0.00    0.00    0.00     0      0.00      0.00       0       0   0.00      9.00      0.00  kworker/0:2-mm_percpu_wq
14:47:58        0       240    0.00    0.00    0.00    0.00    0.00     1      0.00      0.00  288968   27144   0.34      1.00      0.00  multipathd
14:47:58      998       541    0.00    0.00    0.00    0.00    0.00     1      0.00      0.00   22432    9924   0.13      1.00      0.00  systemd-network
14:47:58        0       591    0.00    0.00    0.00    0.00    0.00     3      0.00      0.00   83064    4556   0.06      1.00      0.00  irqbalance
14:47:58        0      1083    0.00    0.00    0.00    0.00    0.00     1      0.00      0.00       0       0   0.00      5.00      0.00  kworker/1:2-mm_percpu_wq
14:47:58     1000      1805    0.00    0.00    0.00    0.00    0.00     1      0.00      0.00   30416   21060   0.27      6.00      0.00  python3
14:47:58     1000      1810    0.00    0.00    0.00    0.00    0.00     1      0.00      0.00    9900    3356   0.04      1.00      0.00  vmstat
14:47:58     1000      1811    0.00    1.00    0.00    0.00    1.00     1      0.00      0.00    7712    3700   0.05      1.00      0.00  pidstat
14:47:58     1000      2145   86.00    8.00    0.00    0.00   94.00     0   5754.00      0.00   48104   40836   0.52      5.00      6.00  /home/ubuntu/pa
14:47:58     1000      2146   12.00   13.00    0.00    0.00   25.00     2  11305.00      0.00 1816956   46524   0.59      3.00      3.00  hey

# Time        UID       PID    %usr %system  %guest   %wait    %CPU   CPU  minflt/s  majflt/s     VSZ     RSS   %MEM   cswch/s nvcswch/s  Command
14:47:59        0        16    0.00    0.00    0.00    0.00    0.00     1      0.00      0.00       0       0   0.00     12.00      0.00  rcu_sched
14:47:59        0        19    0.00    0.00    0.00    0.00    0.00     0      0.00      0.00       0       0   0.00      1.00      0.00  migration/0
14:47:59        0        25    0.00    0.00    0.00    0.00    0.00     1      0.00      0.00       0       0   0.00      2.00      0.00  migration/1
14:47:59        0        31    0.00    0.00    0.00    0.00    0.00     2      0.00      0.00       0       0   0.00      1.00      0.00  migration/2
14:47:59        0        32    0.00    0.00    0.00    0.00    0.00     2      0.00      0.00       0       0   0.00      1.00      0.00  ksoftirqd/2
14:47:59        0        37    0.00    0.00    0.00    0.00    0.00     3      0.00      0.00       0       0   0.00      1.00      0.00  migration/3
14:47:59        0        53    0.00    0.00    0.00    0.00    0.00     1      0.00      0.00       0       0   0.00      2.00      0.00  kcompactd0
14:47:59        0        60    0.00    0.00    0.00    0.00    0.00     2      0.00      0.00       0       0   0.00      3.00      0.00  kworker/2:1-mm_percpu_wq
14:47:59        0       118    0.00    0.00    0.00    0.00    0.00     1      0.00      0.00       0       0   0.00      6.00      0.00  kworker/u16:4-events_power_efficient
14:47:59        0       120    0.00    0.00    0.00    0.00    0.00     3      0.00      0.00       0       0   0.00      6.00      0.00  kworker/3:2-mm_percpu_wq
14:47:59        0       121    0.00    0.00    0.00    0.00    0.00     0      0.00      0.00       0       0   0.00      6.00      0.00  kworker/0:2-events
14:47:59        0       240    0.00    0.00    0.00    0.00    0.00     1      0.00      0.00  288968   27144   0.34      1.00      0.00  multipathd
14:47:59        0      1083    0.00    0.00    0.00    0.00    0.00     1      0.00      0.00       0       0   0.00      2.00      0.00  kworker/1:2-mm_percpu_wq
14:47:59     1000      1805    0.00    0.00    0.00    0.00    0.00     1      0.00      0.00   30416   21060   0.27      3.00      0.00  python3
14:47:59     1000      1810    0.00    0.00    0.00    0.00    0.00     1      0.00      0.00    9900    3356   0.04      1.00      0.00  vmstat
14:47:59     1000      1811    0.00    0.00    0.00    0.00    0.00     1      0.00      0.00    7712    3700   0.05      1.00      0.00  pidstat
14:47:59     1000      2145   91.00    9.00    0.00    0.00  100.00     0     56.00      0.00   48368   41092   0.52      2.00      7.00  /home/ubuntu/pa
14:47:59     1000      2154   15.00   15.00    0.00    0.00   30.00     3  10810.00      0.00 1816956   44960   0.57      4.00      2.00  hey

# Time        UID       PID    %usr %system  %guest   %wait    %CPU   CPU  minflt/s  majflt/s     VSZ     RSS   %MEM   cswch/s nvcswch/s  Command
14:48:00        0        16    0.00    0.00    0.00    0.00    0.00     1      0.00      0.00       0       0   0.00      2.00      0.00  rcu_sched
14:48:00        0        53    0.00    0.00    0.00    0.00    0.00     1      0.00      0.00       0       0   0.00      2.00      0.00  kcompactd0
14:48:00        0        60    0.00    0.00    0.00    0.00    0.00     2      0.00      0.00       0       0   0.00      1.00      0.00  kworker/2:1-mm_percpu_wq
14:48:00        0       118    0.00    0.00    0.00    0.00    0.00     1      0.00      0.00       0       0   0.00      6.00      0.00  kworker/u16:4-events_power_efficient
14:48:00        0       120    0.00    0.00    0.00    0.00    0.00     3      0.00      0.00       0       0   0.00      2.00      0.00  kworker/3:2-mm_percpu_wq
14:48:00        0       121    0.00    0.00    0.00    0.00    0.00     0      0.00      0.00       0       0   0.00      5.00      0.00  kworker/0:2-mm_percpu_wq
14:48:00        0       240    0.00    0.00    0.00    0.00    0.00     1      0.00      0.00  288968   27144   0.34      1.00      0.00  multipathd
14:48:00        0      1083    0.00    0.00    0.00    0.00    0.00     1      0.00      0.00       0       0   0.00      7.00      0.00  kworker/1:2-mm_percpu_wq
14:48:00     1000      1810    0.00    0.00    0.00    0.00    0.00     1      0.00      0.00    9900    3356   0.04      1.00      0.00  vmstat
14:48:00     1000      1811    0.00    1.00    0.00    0.00    1.00     1      0.00      0.00    7712    3700   0.05      1.00      0.00  pidstat
14:48:00     1000      2145   95.00    5.00    0.00    0.00  100.00     0      0.00      0.00   48368   41092   0.52      0.00      5.00  /home/ubuntu/pa
14:48:00     1000      2154   18.00   14.00    0.00    0.00   32.00     3   1596.00      0.00 1817404   50592   0.64      0.00      0.00  hey

# Time        UID       PID    %usr %system  %guest   %wait    %CPU   CPU  minflt/s  majflt/s     VSZ     RSS   %MEM   cswch/s nvcswch/s  Command
14:48:01        0        16    0.00    0.00    0.00    0.00    0.00     1      0.00      0.00       0       0   0.00     47.00      0.00  rcu_sched
14:48:01        0        25    0.00    0.00    0.00    0.00    0.00     1      0.00      0.00       0       0   0.00      2.00      0.00  migration/1
14:48:01        0        32    0.00    0.00    0.00    0.00    0.00     2      0.00      0.00       0       0   0.00      1.00      0.00  ksoftirqd/2
14:48:01        0        48    0.00    0.00    0.00    0.00    0.00     2      0.00      0.00       0       0   0.00      1.00      0.00  kworker/u16:1-flush-259:0
14:48:01        0        53    0.00    0.00    0.00    0.00    0.00     1      0.00      0.00       0       0   0.00      2.00      0.00  kcompactd0
14:48:01        0        60    0.00    0.00    0.00    1.00    0.00     2      0.00      0.00       0       0   0.00      4.00      0.00  kworker/2:1-mm_percpu_wq
14:48:01        0       118    0.00    0.00    0.00    0.00    0.00     1      0.00      0.00       0       0   0.00      8.00      0.00  kworker/u16:4-writeback
14:48:01        0       120    0.00    0.00    0.00    0.00    0.00     3      0.00      0.00       0       0   0.00      3.00      0.00  kworker/3:2-mm_percpu_wq
14:48:01        0       121    0.00    0.00    0.00    0.00    0.00     0      0.00      0.00       0       0   0.00      4.00      0.00  kworker/0:2-events
14:48:01        0       240    0.00    0.00    0.00    0.00    0.00     1      0.00      0.00  288968   27144   0.34      1.00      0.00  multipathd
14:48:01        0       584    0.00    0.00    0.00    0.00    0.00     3      0.00      0.00    7236    2884   0.04      1.00      0.00  cron
14:48:01        0      1083    0.00    0.00    0.00    0.00    0.00     1      0.00      0.00       0       0   0.00      5.00      0.00  kworker/1:2-mm_percpu_wq
14:48:01     1000      1805    1.00    0.00    0.00    0.00    1.00     1      1.00      0.00   30416   21060   0.27     13.00      0.00  python3
14:48:01     1000      1810    0.00    0.00    0.00    0.00    0.00     1      0.00      0.00    9900    3356   0.04      1.00      0.00  vmstat
14:48:01     1000      1811    0.00    0.00    0.00    0.00    0.00     1      0.00      0.00    7712    3700   0.05      1.00      0.00  pidstat
14:48:01     1000      2162    0.00    0.00    0.00    0.00    0.00     0    144.00      0.00    2704    1528   0.02      1.00      1.00  time
14:48:01     1000      2163   33.00    2.00    0.00    0.00   35.00     0   7668.00      0.00   47056   39972   0.50      7.00      1.00  /home/ubuntu/pe
14:48:01     1000      2164    4.00    4.00    0.00    0.00    8.00     2   3800.00      0.00 1816316   19532   0.25      4.00      2.00  hey

# Time        UID       PID    %usr %system  %guest   %wait    %CPU   CPU  minflt/s  majflt/s     VSZ     RSS   %MEM   cswch/s nvcswch/s  Command
14:48:02        0        16    0.00    0.00    0.00    0.00    0.00     1      0.00      0.00       0       0   0.00     13.00      0.00  rcu_sched
14:48:02        0        25    0.00    0.00    0.00    0.00    0.00     1      0.00      0.00       0       0   0.00      1.00      0.00  migration/1
14:48:02        0        26    0.00    0.00    0.00    0.00    0.00     1      0.00      0.00       0       0   0.00      1.00      0.00  ksoftirqd/1
14:48:02        0        53    0.00    0.00    0.00    0.00    0.00     1      0.00      0.00       0       0   0.00      1.00      0.00  kcompactd0
14:48:02        0        60    0.00    0.00    0.00    0.00    0.00     2      0.00      0.00       0       0   0.00      3.00      0.00  kworker/2:1-mm_percpu_wq
14:48:02        0       118    0.00    0.00    0.00    0.00    0.00     1      0.00      0.00       0       0   0.00      6.00      0.00  kworker/u16:4-events_power_efficient
14:48:02        0       120    0.00    0.00    0.00    0.00    0.00     3      0.00      0.00       0       0   0.00      1.00      0.00  kworker/3:2-mm_percpu_wq
14:48:02        0       121    0.00    0.00    0.00    0.00    0.00     0      0.00      0.00       0       0   0.00      3.00      0.00  kworker/0:2-mm_percpu_wq
14:48:02        0       240    0.00    0.00    0.00    0.00    0.00     1      0.00      0.00  288968   27144   0.34      1.00      0.00  multipathd
14:48:02        0       791    0.00    0.00    0.00    0.00    0.00     1      0.00      0.00       0       0   0.00      1.00      0.00  kworker/1:1H-kblockd
14:48:02        0      1083    0.00    0.00    0.00    0.00    0.00     1      0.00      0.00       0       0   0.00      7.00      0.00  kworker/1:2-mm_percpu_wq
14:48:02     1000      1805    0.00    0.00    0.00    0.00    0.00     1      0.00      0.00   30416   21060   0.27      3.00      0.00  python3
14:48:02     1000      1810    0.00    0.00    0.00    0.00    0.00     1      0.00      0.00    9900    3356   0.04      1.00      0.00  vmstat
14:48:02     1000      1811    1.00    0.00    0.00    0.00    1.00     1      0.00      0.00    7712    3700   0.05      1.00      0.00  pidstat
14:48:02     1000      2163   92.00    8.00    0.00    0.00  100.00     0     51.00      0.00   47188   40228   0.51      2.00      3.00  /home/ubuntu/pe
14:48:02     1000      2172    5.00    4.00    0.00    0.00    9.00     3   3658.00      0.00 1816316   18932   0.24      4.00      2.00  hey

# Time        UID       PID    %usr %system  %guest   %wait    %CPU   CPU  minflt/s  majflt/s     VSZ     RSS   %MEM   cswch/s nvcswch/s  Command
14:48:03        0        12    0.00    0.00    0.00    0.00    0.00     1      0.00      0.00       0       0   0.00      2.00      0.00  kworker/u16:0-events_power_efficient
14:48:03        0        16    0.00    0.00    0.00    0.00    0.00     1      0.00      0.00       0       0   0.00      2.00      0.00  rcu_sched
14:48:03        0        19    0.00    0.00    0.00    0.00    0.00     0      0.00      0.00       0       0   0.00      1.00      0.00  migration/0
14:48:03        0        25    0.00    0.00    0.00    0.00    0.00     1      0.00      0.00       0       0   0.00      1.00      0.00  migration/1
14:48:03        0        31    0.00    0.00    0.00    0.00    0.00     2      0.00      0.00       0       0   0.00      1.00      0.00  migration/2
14:48:03        0        37    0.00    0.00    0.00    0.00    0.00     3      0.00      0.00       0       0   0.00      1.00      0.00  migration/3
14:48:03        0        48    0.00    0.00    0.00    0.00    0.00     2      0.00      0.00       0       0   0.00      1.00      0.00  kworker/u16:1-flush-259:0
14:48:03        0        53    0.00    0.00    0.00    0.00    0.00     1      0.00      0.00       0       0   0.00      2.00      0.00  kcompactd0
14:48:03        0        60    0.00    0.00    0.00    0.00    0.00     2      0.00      0.00       0       0   0.00      2.00      0.00  kworker/2:1-mm_percpu_wq
14:48:03        0       118    0.00    0.00    0.00    0.00    0.00     1      0.00      0.00       0       0   0.00      6.00      0.00  kworker/u16:4-events_power_efficient
14:48:03        0       120    0.00    0.00    0.00    0.00    0.00     3      0.00      0.00       0       0   0.00      2.00      0.00  kworker/3:2-mm_percpu_wq
14:48:03        0       121    0.00    0.00    0.00    0.00    0.00     0      0.00      0.00       0       0   0.00      3.00      0.00  kworker/0:2-events
14:48:03        0       240    0.00    0.00    0.00    0.00    0.00     1      0.00      0.00  288968   27144   0.34      1.00      0.00  multipathd
14:48:03        0      1083    0.00    0.00    0.00    0.00    0.00     1      0.00      0.00       0       0   0.00      6.00      0.00  kworker/1:2-mm_percpu_wq
14:48:03     1000      1810    0.00    0.00    0.00    0.00    0.00     1      0.00      0.00    9900    3356   0.04      1.00      0.00  vmstat
14:48:03     1000      1811    0.00    1.00    0.00    0.00    1.00     1      0.00      0.00    7712    3700   0.05      1.00      1.00  pidstat
14:48:03     1000      2163   93.00    6.00    0.00    0.00   99.00     0      0.00      0.00   47188   40228   0.51      0.00      4.00  /home/ubuntu/pe
14:48:03     1000      2172   20.00   18.00    0.00    0.00   38.00     3   8330.00      0.00 1817340   49396   0.62      0.00      0.00  hey

# Time        UID       PID    %usr %system  %guest   %wait    %CPU   CPU  minflt/s  majflt/s     VSZ     RSS   %MEM   cswch/s nvcswch/s  Command
14:48:04        0        12    0.00    0.00    0.00    0.00    0.00     1      0.00      0.00       0       0   0.00      6.00      0.00  kworker/u16:0-events_power_efficient
14:48:04        0        16    0.00    0.00    0.00    0.00    0.00     2      0.00      0.00       0       0   0.00     22.00      0.00  rcu_sched
14:48:04        0        32    0.00    0.00    0.00    0.00    0.00     2      0.00      0.00       0       0   0.00      1.00      0.00  ksoftirqd/2
14:48:04        0        53    0.00    0.00    0.00    0.00    0.00     1      0.00      0.00       0       0   0.00      2.00      0.00  kcompactd0
14:48:04        0        60    0.00    0.00    0.00    0.00    0.00     2      0.00      0.00       0       0   0.00      3.00      0.00  kworker/2:1-events
14:48:04        0       120    0.00    0.00    0.00    0.00    0.00     3      0.00      0.00       0       0   0.00      1.00      0.00  kworker/3:2-events
14:48:04        0       121    0.00    0.00    0.00    0.00    0.00     0      0.00      0.00       0       0   0.00      4.00      0.00  kworker/0:2-mm_percpu_wq
14:48:04        0       240    0.00    0.00    0.00    0.00    0.00     1      0.00      0.00  288968   27144   0.34      1.00      0.00  multipathd
14:48:04        0      1083    0.00    0.00    0.00    0.00    0.00     1      0.00      0.00       0       0   0.00      6.00      0.00  kworker/1:2-mm_percpu_wq
14:48:04     1000      1805    0.00    0.00    0.00    0.00    0.00     1      0.00      0.00   30416   21060   0.27      3.00      0.00  python3
14:48:04     1000      1810    0.00    0.00    0.00    0.00    0.00     1      0.00      0.00    9900    3356   0.04      1.00      0.00  vmstat
14:48:04     1000      1811    0.00    0.00    0.00    0.00    0.00     1      0.00      0.00    7712    3700   0.05      1.00      0.00  pidstat

# Time        UID       PID    %usr %system  %guest   %wait    %CPU   CPU  minflt/s  majflt/s     VSZ     RSS   %MEM   cswch/s nvcswch/s  Command
14:48:05        0        12    0.00    0.00    0.00    0.00    0.00     1      0.00      0.00       0       0   0.00      5.00      0.00  kworker/u16:0-events_power_efficient
14:48:05        0        16    0.00    0.00    0.00    0.00    0.00     1      0.00      0.00       0       0   0.00     44.00      0.00  rcu_sched
14:48:05        0        25    0.00    0.00    0.00    0.00    0.00     1      0.00      0.00       0       0   0.00      2.00      0.00  migration/1
14:48:05        0        53    0.00    0.00    0.00    0.00    0.00     1      0.00      0.00       0       0   0.00      2.00      0.00  kcompactd0
14:48:05        0        60    0.00    0.00    0.00    0.00    0.00     2      0.00      0.00       0       0   0.00      2.00      0.00  kworker/2:1-events
14:48:05        0       120    0.00    0.00    0.00    0.00    0.00     3      0.00      0.00       0       0   0.00      1.00      0.00  kworker/3:2-mm_percpu_wq
14:48:05        0       121    0.00    0.00    0.00    0.00    0.00     0      0.00      0.00       0       0   0.00      3.00      0.00  kworker/0:2-events
14:48:05        0       240    0.00    0.00    0.00    0.00    0.00     1      0.00      0.00  288968   27144   0.34      1.00      0.00  multipathd
14:48:05        0      1083    1.00    0.00    0.00    0.00    1.00     1      0.00      0.00       0       0   0.00      7.00      0.00  kworker/1:2-mm_percpu_wq
14:48:05     1000      1805    0.00    0.00    0.00    0.00    0.00     1      2.00      0.00   30416   21060   0.27     10.00      0.00  python3
14:48:05     1000      1810    0.00    0.00    0.00    0.00    0.00     1      0.00      0.00    9900    3356   0.04      1.00      0.00  vmstat
14:48:05     1000      1811    0.00    0.00    0.00    0.00    0.00     1      0.00      0.00    7712    3700   0.05      1.00      0.00  pidstat
14:48:05     1000      2180    0.00    0.00    0.00    0.00    0.00     0    143.00      0.00    2704    1464   0.02      1.00      1.00  time
14:48:05     1000      2181   71.00    5.00    0.00    0.00   76.00     0   7958.00      0.00   48224   40944   0.52      7.00      3.00  /home/ubuntu/pa
14:48:05     1000      2182   12.00   12.00    0.00    0.00   24.00     2   7799.00      0.00 1743160   34316   0.43      5.00      4.00  hey

# Time        UID       PID    %usr %system  %guest   %wait    %CPU   CPU  minflt/s  majflt/s     VSZ     RSS   %MEM   cswch/s nvcswch/s  Command
14:48:06        0        12    0.00    0.00    0.00    0.00    0.00     1      0.00      0.00       0       0   0.00      6.00      0.00  kworker/u16:0-events_power_efficient
14:48:06        0        16    0.00    0.00    0.00    0.00    0.00     1      0.00      0.00       0       0   0.00     10.00      0.00  rcu_sched
14:48:06        0        25    0.00    0.00    0.00    0.00    0.00     1      0.00      0.00       0       0   0.00      1.00      0.00  migration/1
14:48:06        0        26    0.00    0.00    0.00    0.00    0.00     1      0.00      0.00       0       0   0.00      1.00      0.00  ksoftirqd/1
14:48:06        0        53    0.00    0.00    0.00    0.00    0.00     1      0.00      0.00       0       0   0.00      2.00      0.00  kcompactd0
14:48:06        0        60    0.00    0.00    0.00    0.00    0.00     2      0.00      0.00       0       0   0.00      2.00      0.00  kworker/2:1-mm_percpu_wq
14:48:06        0       118    0.00    0.00    0.00    0.00    0.00     1      0.00      0.00       0       0   0.00      4.00      0.00  kworker/u16:4-writeback
14:48:06        0       120    0.00    0.00    0.00    0.00    0.00     3      0.00      0.00       0       0   0.00      1.00      0.00  kworker/3:2-mm_percpu_wq
14:48:06        0       121    0.00    0.00    0.00    0.00    0.00     0      0.00      0.00       0       0   0.00      3.00      0.00  kworker/0:2-mm_percpu_wq
14:48:06        0       240    0.00    0.00    0.00    0.00    0.00     1      0.00      0.00  288968   27144   0.34      1.00      0.00  multipathd
14:48:06        0      1083    0.00    0.00    0.00    0.00    0.00     1      0.00      0.00       0       0   0.00      5.00      0.00  kworker/1:2-mm_percpu_wq
14:48:06     1000      1805    0.00    0.00    0.00    0.00    0.00     1      0.00      0.00   30416   21060   0.27      3.00      0.00  python3
14:48:06     1000      1810    0.00    0.00    0.00    0.00    0.00     1      0.00      0.00    9900    3356   0.04      1.00      0.00  vmstat
14:48:06     1000      1811    0.00    1.00    0.00    0.00    1.00     1      0.00      0.00    7712    3700   0.05      1.00      0.00  pidstat
14:48:06     1000      2181   93.00    6.00    0.00    0.00   99.00     0     63.00      0.00   48488   41200   0.52      2.00      3.00  /home/ubuntu/pa
14:48:06     1000      2190   11.00   11.00    0.00    0.00   22.00     3   7840.00      0.00 1816636   34360   0.43      4.00      3.00  hey

# Time        UID       PID    %usr %system  %guest   %wait    %CPU   CPU  minflt/s  majflt/s     VSZ     RSS   %MEM   cswch/s nvcswch/s  Command
14:48:07        0        19    0.00    0.00    0.00    0.00    0.00     0      0.00      0.00       0       0   0.00      1.00      0.00  migration/0
14:48:07        0        25    0.00    0.00    0.00    0.00    0.00     1      0.00      0.00       0       0   0.00      1.00      0.00  migration/1
14:48:07        0        26    0.00    0.00    0.00    0.00    0.00     1      0.00      0.00       0       0   0.00      1.00      0.00  ksoftirqd/1
14:48:07        0        31    0.00    0.00    0.00    0.00    0.00     2      0.00      0.00       0       0   0.00      1.00      0.00  migration/2
14:48:07        0        37    0.00    0.00    0.00    0.00    0.00     3      0.00      0.00       0       0   0.00      1.00      0.00  migration/3
14:48:07        0        53    0.00    0.00    0.00    0.00    0.00     1      0.00      0.00       0       0   0.00      2.00      0.00  kcompactd0
14:48:07        0        60    0.00    0.00    0.00    0.00    0.00     2      0.00      0.00       0       0   0.00      2.00      0.00  kworker/2:1-mm_percpu_wq
14:48:07        0       118    0.00    0.00    0.00    0.00    0.00     1      0.00      0.00       0       0   0.00      5.00      0.00  kworker/u16:4-events_power_efficient
14:48:07        0       120    0.00    0.00    0.00    0.00    0.00     3      0.00      0.00       0       0   0.00      1.00      0.00  kworker/3:2-mm_percpu_wq
14:48:07        0       121    0.00    0.00    0.00    0.00    0.00     0      0.00      0.00       0       0   0.00      3.00      0.00  kworker/0:2-events
14:48:07        0       240    0.00    0.00    0.00    0.00    0.00     1      0.00      0.00  288968   27144   0.34      1.00      0.00  multipathd
14:48:07        0       248    0.00    0.00    0.00    0.00    0.00     0      0.00      0.00       0       0   0.00      1.00      0.00  kworker/0:1H-kblockd
14:48:07        0      1083    0.00    0.00    0.00    0.00    0.00     1      0.00      0.00       0       0   0.00      6.00      0.00  kworker/1:2-mm_percpu_wq
14:48:07     1000      1810    0.00    0.00    0.00    0.00    0.00     1      0.00      0.00    9900    3356   0.04      1.00      0.00  vmstat
14:48:07     1000      1811    1.00    0.00    0.00    0.00    1.00     1      0.00      0.00    7712    3700   0.05      1.00      1.00  pidstat
14:48:07     1000      2181   92.00    8.00    0.00    0.00  100.00     0      6.00      0.00   48488   41200   0.52      0.00      5.00  /home/ubuntu/pa
14:48:07     1000      2190   16.00   16.00    0.00    0.00   32.00     3   4192.00      0.00 1817340   49592   0.63      0.00      0.00  hey

# Time        UID       PID    %usr %system  %guest   %wait    %CPU   CPU  minflt/s  majflt/s     VSZ     RSS   %MEM   cswch/s nvcswch/s  Command
14:48:08        0        12    0.00    0.00    0.00    0.00    0.00     2      0.00      0.00       0       0   0.00      1.00      0.00  kworker/u16:0-flush-259:0
14:48:08        0        16    0.00    0.00    0.00    0.00    0.00     1      0.00      0.00       0       0   0.00     49.00      0.00  rcu_sched
14:48:08        0        25    0.00    0.00    0.00    0.00    0.00     1      0.00      0.00       0       0   0.00      2.00      0.00  migration/1
14:48:08        0        26    0.00    0.00    0.00    0.00    0.00     1      0.00      0.00       0       0   0.00      1.00      0.00  ksoftirqd/1
14:48:08        0        38    0.00    0.00    0.00    0.00    0.00     3      0.00      0.00       0       0   0.00      1.00      0.00  ksoftirqd/3
14:48:08        0        48    0.00    0.00    0.00    0.00    0.00     3      0.00      0.00       0       0   0.00      5.00      0.00  kworker/u16:1-events_unbound
14:48:08        0        53    0.00    0.00    0.00    0.00    0.00     1      0.00      0.00       0       0   0.00      2.00      0.00  kcompactd0
14:48:08        0        60    0.00    0.00    0.00    0.00    0.00     2      0.00      0.00       0       0   0.00      3.00      0.00  kworker/2:1-mm_percpu_wq
14:48:08        0       118    0.00    0.00    0.00    0.00    0.00     1      0.00      0.00       0       0   0.00      6.00      0.00  kworker/u16:4-flush-259:0
14:48:08        0       120    0.00    0.00    0.00    0.00    0.00     3      0.00      0.00       0       0   0.00      4.00      0.00  kworker/3:2-mm_percpu_wq
14:48:08        0       121    0.00    0.00    0.00    0.00    0.00     0      0.00      0.00       0       0   0.00      5.00      0.00  kworker/0:2-mm_percpu_wq
14:48:08        0       240    0.00    0.00    0.00    0.00    0.00     1      0.00      0.00  288968   27144   0.34      1.00      0.00  multipathd
14:48:08        0       591    0.00    0.00    0.00    0.00    0.00     1      0.00      0.00   83064    4556   0.06      1.00      0.00  irqbalance
14:48:08        0      1083    0.00    0.00    0.00    0.00    0.00     1      0.00      0.00       0       0   0.00      5.00      0.00  kworker/1:2-mm_percpu_wq
14:48:08     1000      1805    1.00    0.00    0.00    0.00    1.00     1      2.00      0.00   30548   21060   0.27     13.00      0.00  python3
14:48:08     1000      1810    0.00    0.00    0.00    0.00    0.00     1      0.00      0.00    9900    3356   0.04      1.00      0.00  vmstat
14:48:08     1000      1811    0.00    1.00    0.00    0.00    1.00     1      0.00      0.00    7712    3700   0.05      1.00      0.00  pidstat
14:48:08     1000      2198    0.00    0.00    0.00    0.00    0.00     0    143.00      0.00    2704    1464   0.02      1.00      1.00  time
14:48:08     1000      2199   13.00    2.00    0.00    0.00   15.00     0   7970.00      0.00   48260   41092   0.52      7.00      0.00  /home/ubuntu/pa
14:48:08     1000      2200    0.00    0.00    0.00    0.00    0.00     3   1294.00      0.00 1750456   10488   0.13      4.00      3.00  hey

# Time        UID       PID    %usr %system  %guest   %wait    %CPU   CPU  minflt/s  majflt/s     VSZ     RSS   %MEM   cswch/s nvcswch/s  Command
14:48:09        0        16    0.00    0.00    0.00    0.00    0.00     1      0.00      0.00       0       0   0.00      8.00      0.00  rcu_sched
14:48:09        0        26    0.00    0.00    0.00    0.00    0.00     1      0.00      0.00       0       0   0.00      1.00      0.00  ksoftirqd/1
14:48:09        0        48    0.00    0.00    0.00    0.00    0.00     1      0.00      0.00       0       0   0.00      5.00      0.00  kworker/u16:1-events_power_efficient
14:48:09        0        53    0.00    0.00    0.00    0.00    0.00     1      0.00      0.00       0       0   0.00      2.00      0.00  kcompactd0
14:48:09        0        60    0.00    0.00    0.00    0.00    0.00     2      0.00      0.00       0       0   0.00      2.00      0.00  kworker/2:1-mm_percpu_wq
14:48:09        0       120    0.00    0.00    0.00    0.00    0.00     3      0.00      0.00       0       0   0.00      2.00      0.00  kworker/3:2-mm_percpu_wq
14:48:09        0       121    0.00    0.00    0.00    0.00    0.00     0      0.00      0.00       0       0   0.00      3.00      0.00  kworker/0:2-events
14:48:09        0       240    0.00    0.00    0.00    0.00    0.00     1      0.00      0.00  288968   27144   0.34      1.00      0.00  multipathd
14:48:09      110       672    0.00    0.00    0.00    0.00    0.00     1      0.00      0.00   19416    3744   0.05      2.00      0.00  chronyd
14:48:09        0      1083    0.00    0.00    0.00    0.00    0.00     1      0.00      0.00       0       0   0.00      5.00      0.00  kworker/1:2-mm_percpu_wq
14:48:09     1000      1788    0.00    0.00    0.00    0.00    0.00     2      0.00      0.00   15012    7136   0.09      1.00      0.00  sshd
14:48:09     1000      1805    0.00    0.00    0.00    0.00    0.00     1      0.00      0.00   30548   21060   0.27      3.00      0.00  python3
14:48:09     1000      1810    0.00    0.00    0.00    0.00    0.00     1      0.00      0.00    9900    3356   0.04      1.00      0.00  vmstat
14:48:09     1000      1811    0.00    0.00    0.00    0.00    0.00     1      0.00      0.00    7712    3700   0.05      1.00      2.00  pidstat
14:48:09     1000      2199   92.00    7.00    0.00    0.00   99.00     0      0.00      0.00   48260   41092   0.52      2.00      3.00  /home/ubuntu/pa

# Time        UID       PID    %usr %system  %guest   %wait    %CPU   CPU  minflt/s  majflt/s     VSZ     RSS   %MEM   cswch/s nvcswch/s  Command
14:48:10        0        16    0.00    0.00    0.00    0.00    0.00     1      0.00      0.00       0       0   0.00      7.00      0.00  rcu_sched
14:48:10        0        25    0.00    0.00    0.00    0.00    0.00     1      0.00      0.00       0       0   0.00      1.00      0.00  migration/1
14:48:10        0        26    0.00    0.00    0.00    0.00    0.00     1      0.00      0.00       0       0   0.00      1.00      0.00  ksoftirqd/1
14:48:10        0        48    0.00    0.00    0.00    0.00    0.00     1      0.00      0.00       0       0   0.00      5.00      0.00  kworker/u16:1-events_power_efficient
14:48:10        0        53    0.00    0.00    0.00    0.00    0.00     1      0.00      0.00       0       0   0.00      2.00      0.00  kcompactd0
14:48:10        0        60    0.00    0.00    0.00    0.00    0.00     2      0.00      0.00       0       0   0.00      2.00      0.00  kworker/2:1-mm_percpu_wq
14:48:10        0       120    0.00    0.00    0.00    0.00    0.00     3      0.00      0.00       0       0   0.00      2.00      0.00  kworker/3:2-mm_percpu_wq
14:48:10        0       121    0.00    0.00    0.00    0.00    0.00     0      0.00      0.00       0       0   0.00      3.00      0.00  kworker/0:2-mm_percpu_wq
14:48:10        0       240    0.00    0.00    0.00    0.00    0.00     1      0.00      0.00  288968   27144   0.34      1.00      0.00  multipathd
14:48:10        0      1083    0.00    0.00    0.00    0.00    0.00     1      0.00      0.00       0       0   0.00      7.00      0.00  kworker/1:2-events
14:48:10     1000      1810    0.00    0.00    0.00    0.00    0.00     1      0.00      0.00    9900    3356   0.04      1.00      0.00  vmstat
14:48:10     1000      1811    0.00    1.00    0.00    0.00    1.00     1      0.00      0.00    7712    3700   0.05      1.00      0.00  pidstat
14:48:10     1000      2199   94.00    6.00    0.00    0.00  100.00     0     71.00      0.00   48524   41348   0.52      0.00      3.00  /home/ubuntu/pa
14:48:10     1000      2208   17.00   13.00    0.00    0.00   30.00     3  11824.00      0.00 1743544   48632   0.61      3.00      1.00  hey

# Time        UID       PID    %usr %system  %guest   %wait    %CPU   CPU  minflt/s  majflt/s     VSZ     RSS   %MEM   cswch/s nvcswch/s  Command
14:48:11        0        12    0.00    0.00    0.00    0.00    0.00     2      0.00      0.00       0       0   0.00      1.00      0.00  kworker/u16:0-events_power_efficient
14:48:11        0        16    0.00    0.00    0.00    0.00    0.00     1      0.00      0.00       0       0   0.00      2.00      0.00  rcu_sched
14:48:11        0        19    0.00    0.00    0.00    0.00    0.00     0      0.00      0.00       0       0   0.00      1.00      0.00  migration/0
14:48:11        0        25    0.00    0.00    0.00    0.00    0.00     1      0.00      0.00       0       0   0.00      1.00      0.00  migration/1
14:48:11        0        26    0.00    0.00    0.00    0.00    0.00     1      0.00      0.00       0       0   0.00      1.00      0.00  ksoftirqd/1
14:48:11        0        31    0.00    0.00    0.00    0.00    0.00     2      0.00      0.00       0       0   0.00      1.00      0.00  migration/2
14:48:11        0        37    0.00    0.00    0.00    0.00    0.00     3      0.00      0.00       0       0   0.00      1.00      0.00  migration/3
14:48:11        0        48    0.00    0.00    0.00    0.00    0.00     1      0.00      0.00       0       0   0.00      7.00      0.00  kworker/u16:1-ext4-rsv-conversion
14:48:11        0        53    0.00    0.00    0.00    0.00    0.00     1      0.00      0.00       0       0   0.00      2.00      0.00  kcompactd0
14:48:11        0        60    0.00    0.00    0.00    0.00    0.00     2      0.00      0.00       0       0   0.00      2.00      0.00  kworker/2:1-mm_percpu_wq
14:48:11        0       120    0.00    0.00    0.00    0.00    0.00     3      0.00      0.00       0       0   0.00      1.00      0.00  kworker/3:2-mm_percpu_wq
14:48:11        0       121    0.00    0.00    0.00    0.00    0.00     0      0.00      0.00       0       0   0.00      4.00      0.00  kworker/0:2-events
14:48:11        0       240    0.00    0.00    0.00    0.00    0.00     1      0.00      0.00  288968   27144   0.34      1.00      0.00  multipathd
14:48:11        0      1083    0.00    0.00    0.00    0.00    0.00     1      0.00      0.00       0       0   0.00      5.00      0.00  kworker/1:2-mm_percpu_wq
14:48:11     1000      1810    0.00    0.00    0.00    0.00    0.00     1      0.00      0.00    9900    3356   0.04      1.00      0.00  vmstat
14:48:11     1000      1811    0.00    0.00    0.00    0.00    0.00     1      0.00      0.00    7712    3700   0.05      1.00      0.00  pidstat
14:48:11     1000      2199   92.00    8.00    0.00    0.00  100.00     0      0.00      0.00   48524   41348   0.52      0.00      5.00  /home/ubuntu/pa
14:48:11     1000      2208   18.00   14.00    0.00    0.00   32.00     3   2000.00      0.00 1817468   55800   0.70      0.00      0.00  hey

# Time        UID       PID    %usr %system  %guest   %wait    %CPU   CPU  minflt/s  majflt/s     VSZ     RSS   %MEM   cswch/s nvcswch/s  Command
14:48:12        0        16    1.00    0.00    0.00    0.00    1.00     1      0.00      0.00       0       0   0.00     50.00      0.00  rcu_sched
14:48:12        0        25    0.00    0.00    0.00    0.00    0.00     1      0.00      0.00       0       0   0.00      2.00      0.00  migration/1
14:48:12        0        32    0.00    0.00    0.00    0.00    0.00     2      0.00      0.00       0       0   0.00      1.00      0.00  ksoftirqd/2
14:48:12        0        48    0.00    0.00    0.00    0.00    0.00     1      0.00      0.00       0       0   0.00      6.00      0.00  kworker/u16:1-events_power_efficient
14:48:12        0        53    0.00    0.00    0.00    0.00    0.00     1      0.00      0.00       0       0   0.00      2.00      0.00  kcompactd0
14:48:12        0        60    0.00    0.00    0.00    0.00    0.00     2      0.00      0.00       0       0   0.00      4.00      0.00  kworker/2:1-mm_percpu_wq
14:48:12        0       120    0.00    0.00    0.00    0.00    0.00     3      0.00      0.00       0       0   0.00      3.00      0.00  kworker/3:2-mm_percpu_wq
14:48:12        0       121    0.00    0.00    0.00    0.00    0.00     0      0.00      0.00       0       0   0.00      2.00      0.00  kworker/0:2-mm_percpu_wq
14:48:12        0       240    0.00    0.00    0.00    0.00    0.00     1      0.00      0.00  288968   27144   0.34      1.00      0.00  multipathd
14:48:12        0      1083    0.00    0.00    0.00    0.00    0.00     1      0.00      0.00       0       0   0.00      7.00      0.00  kworker/1:2-mm_percpu_wq
14:48:12     1000      1805    1.00    0.00    0.00    0.00    1.00     1      0.00      0.00   30548   21060   0.27     11.00      0.00  python3
14:48:12     1000      1810    0.00    0.00    0.00    0.00    0.00     1      0.00      0.00    9900    3356   0.04      1.00      0.00  vmstat
14:48:12     1000      1811    0.00    1.00    0.00    0.00    1.00     1      0.00      0.00    7712    3700   0.05      1.00      0.00  pidstat
14:48:12     1000      2216    0.00    0.00    0.00    0.00    0.00     0    143.00      0.00    2704    1528   0.02      1.00      1.00  time
14:48:12     1000      2217   53.00    2.00    0.00    0.00   55.00     0   8238.00      0.00   49284   42060   0.53      5.00      1.00  /home/ubuntu/pe
14:48:12     1000      2218    2.00    1.00    0.00    0.00    3.00     2   1565.00      0.00 1676724   11340   0.14      4.00      3.00  hey

# Time        UID       PID    %usr %system  %guest   %wait    %CPU   CPU  minflt/s  majflt/s     VSZ     RSS   %MEM   cswch/s nvcswch/s  Command
14:48:13        0        12    0.00    0.00    0.00    0.00    0.00     2      0.00      0.00       0       0   0.00      2.00      0.00  kworker/u16:0-flush-259:0
14:48:13        0        16    0.00    0.00    0.00    0.00    0.00     1      0.00      0.00       0       0   0.00     10.00      0.00  rcu_sched
14:48:13        0        25    0.00    0.00    0.00    0.00    0.00     1      0.00      0.00       0       0   0.00      1.00      0.00  migration/1
14:48:13        0        48    0.00    1.00    0.00    0.00    1.00     3      0.00      0.00       0       0   0.00     23.00      0.00  kworker/u16:1-flush-259:0
14:48:13        0        53    0.00    0.00    0.00    0.00    0.00     1      0.00      0.00       0       0   0.00      2.00      0.00  kcompactd0
14:48:13        0        60    0.00    0.00    0.00    0.00    0.00     2      0.00      0.00       0       0   0.00      2.00      0.00  kworker/2:1-mm_percpu_wq
14:48:13        0       120    0.00    0.00    0.00    0.00    0.00     3      0.00      0.00       0       0   0.00      3.00      0.00  kworker/3:2-mm_percpu_wq
14:48:13        0       121    0.00    0.00    0.00    0.00    0.00     0      0.00      0.00       0       0   0.00      4.00      0.00  kworker/0:2-events
14:48:13        0       137    0.00    0.00    0.00    0.00    0.00     2      0.00      0.00       0       0   0.00      3.00      0.00  jbd2/nvme0n1p1-8
14:48:13        0       162    0.00    0.00    0.00    0.00    0.00     2      0.00      0.00       0       0   0.00      7.00      0.00  kworker/2:1H-kblockd
14:48:13        0       240    0.00    0.00    0.00    0.00    0.00     1      0.00      0.00  288968   27144   0.34      1.00      0.00  multipathd
14:48:13        0       842    0.00    0.00    0.00    0.00    0.00     3      0.00      0.00       0       0   0.00      4.00      0.00  kworker/3:1H-kblockd
14:48:13        0      1083    0.00    0.00    0.00    1.00    0.00     1      0.00      0.00       0       0   0.00      4.00      0.00  kworker/1:2-mm_percpu_wq
14:48:13     1000      1805    0.00    0.00    0.00    0.00    0.00     1      0.00      0.00   30548   21060   0.27      3.00      0.00  python3
14:48:13     1000      1810    0.00    0.00    0.00    0.00    0.00     1      0.00      0.00    9900    3356   0.04      1.00      0.00  vmstat
14:48:13     1000      1811    0.00    0.00    0.00    0.00    0.00     1      0.00      0.00    7712    3700   0.05      1.00      1.00  pidstat
14:48:13     1000      2217   97.00    3.00    0.00    0.00  100.00     0    111.00      0.00   49792   42572   0.54      2.00      4.00  /home/ubuntu/pe
14:48:13     1000      2225    1.00    2.00    0.00    0.00    3.00     3   1553.00      0.00 1677044   11276   0.14      4.00      4.00  hey

# Time        UID       PID    %usr %system  %guest   %wait    %CPU   CPU  minflt/s  majflt/s     VSZ     RSS   %MEM   cswch/s nvcswch/s  Command
14:48:14        0        12    0.00    0.00    0.00    0.00    0.00     1      0.00      0.00       0       0   0.00      6.00      0.00  kworker/u16:0-events_power_efficient
14:48:14        0        48    0.00    0.00    0.00    0.00    0.00     3      0.00      0.00       0       0   0.00      2.00      0.00  kworker/u16:1-writeback
14:48:14        0        53    0.00    0.00    0.00    0.00    0.00     1      0.00      0.00       0       0   0.00      2.00      0.00  kcompactd0
14:48:14        0        60    0.00    0.00    0.00    0.00    0.00     2      0.00      0.00       0       0   0.00      3.00      0.00  kworker/2:1-mm_percpu_wq
14:48:14        0       120    0.00    0.00    0.00    0.00    0.00     3      0.00      0.00       0       0   0.00      3.00      0.00  kworker/3:2-mm_percpu_wq
14:48:14        0       121    0.00    0.00    0.00    0.00    0.00     0      0.00      0.00       0       0   0.00      2.00      0.00  kworker/0:2-mm_percpu_wq
14:48:14        0       240    0.00    0.00    0.00    0.00    0.00     1      0.00      0.00  288968   27144   0.34      1.00      0.00  multipathd
14:48:14        0      1083    0.00    0.00    0.00    0.00    0.00     1      0.00      0.00       0       0   0.00      3.00      0.00  kworker/1:2-mm_percpu_wq
14:48:14     1000      1810    0.00    0.00    0.00    0.00    0.00     1      0.00      0.00    9900    3356   0.04      1.00      0.00  vmstat
14:48:14     1000      1811    0.00    0.00    0.00    0.00    0.00     1      0.00      0.00    7712    3700   0.05      1.00      0.00  pidstat
14:48:14     1000      2217   97.00    3.00    0.00    0.00  100.00     0      0.00      0.00   49792   42572   0.54      0.00      2.00  /home/ubuntu/pe
14:48:14     1000      2225    4.00    4.00    0.00    0.00    8.00     3    763.00      0.00 1677044   14092   0.18      0.00      0.00  hey

# Time        UID       PID    %usr %system  %guest   %wait    %CPU   CPU  minflt/s  majflt/s     VSZ     RSS   %MEM   cswch/s nvcswch/s  Command
14:48:15        0        12    0.00    0.00    0.00    0.00    0.00     1      0.00      0.00       0       0   0.00      5.00      0.00  kworker/u16:0-events_power_efficient
14:48:15        0        16    0.00    0.00    0.00    0.00    0.00     2      0.00      0.00       0       0   0.00     25.00      0.00  rcu_sched
14:48:15        0        19    0.00    0.00    0.00    0.00    0.00     0      0.00      0.00       0       0   0.00      1.00      0.00  migration/0
14:48:15        0        25    0.00    0.00    0.00    0.00    0.00     1      0.00      0.00       0       0   0.00      2.00      0.00  migration/1
14:48:15        0        26    0.00    0.00    0.00    0.00    0.00     1      0.00      0.00       0       0   0.00      2.00      0.00  ksoftirqd/1
14:48:15        0        31    0.00    0.00    0.00    0.00    0.00     2      0.00      0.00       0       0   0.00      1.00      0.00  migration/2
14:48:15        0        32    0.00    0.00    0.00    0.00    0.00     2      0.00      0.00       0       0   0.00      1.00      0.00  ksoftirqd/2
14:48:15        0        37    0.00    0.00    0.00    0.00    0.00     3      0.00      0.00       0       0   0.00      1.00      0.00  migration/3
14:48:15        0        53    0.00    0.00    0.00    0.00    0.00     1      0.00      0.00       0       0   0.00      2.00      0.00  kcompactd0
14:48:15        0        60    0.00    0.00    0.00    0.00    0.00     2      0.00      0.00       0       0   0.00      4.00      0.00  kworker/2:1-mm_percpu_wq
14:48:15        0       120    0.00    0.00    0.00    0.00    0.00     3      0.00      0.00       0       0   0.00      1.00      0.00  kworker/3:2-events
14:48:15        0       121    0.00    0.00    0.00    0.00    0.00     0      0.00      0.00       0       0   0.00      5.00      0.00  kworker/0:2-events
14:48:15        0       240    0.00    0.00    0.00    0.00    0.00     1      0.00      0.00  288968   27144   0.34      1.00      0.00  multipathd
14:48:15        0      1083    0.00    0.00    0.00    0.00    0.00     1      0.00      0.00       0       0   0.00      6.00      0.00  kworker/1:2-mm_percpu_wq
14:48:15     1000      1805    0.00    1.00    0.00    0.00    1.00     1      0.00      0.00   30548   21060   0.27      5.00      0.00  python3
14:48:15     1000      1810    0.00    0.00    0.00    0.00    0.00     1      0.00      0.00    9900    3356   0.04      1.00      0.00  vmstat
14:48:15     1000      1811    1.00    1.00    0.00    0.00    2.00     1      0.00      0.00    7712    3700   0.05      1.00      0.00  pidstat
14:48:15     1000      2233    0.00    0.00    0.00    0.00    0.00     0    143.00      0.00    2704    1528   0.02      1.00      1.00  time
14:48:15     1000      2234    3.00    0.00    0.00    0.00    3.00     0   2197.00      0.00   19332   13880   0.18      0.00      1.00  perl

# Time        UID       PID    %usr %system  %guest   %wait    %CPU   CPU  minflt/s  majflt/s     VSZ     RSS   %MEM   cswch/s nvcswch/s  Command
14:48:16        0        12    0.00    0.00    0.00    0.00    0.00     2      0.00      0.00       0       0   0.00      6.00      0.00  kworker/u16:0-flush-259:0
14:48:16        0        16    0.00    0.00    0.00    0.00    0.00     1      0.00      0.00       0       0   0.00     21.00      0.00  rcu_sched
14:48:16        0        25    0.00    0.00    0.00    0.00    0.00     1      0.00      0.00       0       0   0.00      1.00      0.00  migration/1
14:48:16        0        48    0.00    0.00    0.00    0.00    0.00     3      0.00      0.00       0       0   0.00      1.00      0.00  kworker/u16:1-events_power_efficient
14:48:16        0        53    0.00    0.00    0.00    0.00    0.00     1      0.00      0.00       0       0   0.00      2.00      0.00  kcompactd0
14:48:16        0        60    0.00    0.00    0.00    0.00    0.00     2      0.00      0.00       0       0   0.00      1.00      0.00  kworker/2:1-mm_percpu_wq
14:48:16        0       118    0.00    0.00    0.00    0.00    0.00     1      0.00      0.00       0       0   0.00      1.00      0.00  kworker/u16:4-flush-259:0
14:48:16        0       120    0.00    0.00    0.00    0.00    0.00     3      0.00      0.00       0       0   0.00      3.00      0.00  kworker/3:2-events
14:48:16        0       121    0.00    0.00    0.00    0.00    0.00     0      0.00      0.00       0       0   0.00      3.00      0.00  kworker/0:2-mm_percpu_wq
14:48:16        0       240    0.00    0.00    0.00    0.00    0.00     1      0.00      0.00  288968   27144   0.34      1.00      0.00  multipathd
14:48:16        0      1083    0.00    0.00    0.00    0.00    0.00     1      0.00      0.00       0       0   0.00      5.00      0.00  kworker/1:2-mm_percpu_wq
14:48:16     1000      1805    0.00    0.00    0.00    0.00    0.00     1      0.00      0.00   30548   21060   0.27      6.00      0.00  python3
14:48:16     1000      1810    0.00    0.00    0.00    0.00    0.00     1      0.00      0.00    9900    3356   0.04      1.00      0.00  vmstat
14:48:16     1000      1811    0.00    1.00    0.00    0.00    1.00     1      0.00      0.00    7712    3700   0.05      1.00      1.00  pidstat
14:48:16     1000      2234   90.00    4.00    0.00    0.00   94.00     0   6361.00      0.00   50596   43408   0.55      5.00      2.00  /home/ubuntu/pa
14:48:16     1000      2235    3.00    3.00    0.00    0.00    6.00     2   1869.00      0.00 1750712   12408   0.16      3.00      3.00  hey

# Time        UID       PID    %usr %system  %guest   %wait    %CPU   CPU  minflt/s  majflt/s     VSZ     RSS   %MEM   cswch/s nvcswch/s  Command
14:48:17        0        12    0.00    0.00    0.00    0.00    0.00     2      0.00      0.00       0       0   0.00      6.00      0.00  kworker/u16:0-ext4-rsv-conversion
14:48:17        0        16    0.00    0.00    0.00    0.00    0.00     1      0.00      0.00       0       0   0.00      8.00      0.00  rcu_sched
14:48:17        0        25    0.00    0.00    0.00    0.00    0.00     1      0.00      0.00       0       0   0.00      1.00      0.00  migration/1
14:48:17        0        53    0.00    0.00    0.00    0.00    0.00     1      0.00      0.00       0       0   0.00      2.00      0.00  kcompactd0
14:48:17        0        60    0.00    0.00    0.00    0.00    0.00     2      0.00      0.00       0       0   0.00      1.00      0.00  kworker/2:1-mm_percpu_wq
14:48:17        0       118    0.00    0.00    0.00    0.00    0.00     1      0.00      0.00       0       0   0.00      4.00      0.00  kworker/u16:4-events_power_efficient
14:48:17        0       120    0.00    0.00    0.00    0.00    0.00     3      0.00      0.00       0       0   0.00      1.00      0.00  kworker/3:2-mm_percpu_wq
14:48:17        0       121    0.00    0.00    0.00    1.00    0.00     0      0.00      0.00       0       0   0.00      5.00      0.00  kworker/0:2-events
14:48:17        0       240    0.00    0.00    0.00    0.00    0.00     1      0.00      0.00  288968   27144   0.34      1.00      0.00  multipathd
14:48:17        0      1083    0.00    0.00    0.00    0.00    0.00     1      0.00      0.00       0       0   0.00      5.00      0.00  kworker/1:2-mm_percpu_wq
14:48:17     1000      1805    0.00    0.00    0.00    0.00    0.00     1      0.00      0.00   30548   21060   0.27      3.00      0.00  python3
14:48:17     1000      1810    0.00    0.00    0.00    0.00    0.00     1      0.00      0.00    9900    3356   0.04      1.00      0.00  vmstat
14:48:17     1000      1811    0.00    0.00    0.00    0.00    0.00     1      0.00      0.00    7712    3700   0.05      1.00      0.00  pidstat
14:48:17     1000      2234   95.00    4.00    0.00    0.00   99.00     0     37.00      0.00   50756   43536   0.55      2.00      5.00  /home/ubuntu/pa
14:48:17     1000      2243    2.00    4.00    0.00    0.00    6.00     3   1841.00      0.00 1676980   12360   0.16      4.00      2.00  hey

# Time        UID       PID    %usr %system  %guest   %wait    %CPU   CPU  minflt/s  majflt/s     VSZ     RSS   %MEM   cswch/s nvcswch/s  Command
14:48:18        0        53    0.00    0.00    0.00    0.00    0.00     1      0.00      0.00       0       0   0.00      2.00      0.00  kcompactd0
14:48:18        0        60    0.00    0.00    0.00    0.00    0.00     2      0.00      0.00       0       0   0.00      2.00      0.00  kworker/2:1-mm_percpu_wq
14:48:18        0       118    0.00    0.00    0.00    0.00    0.00     1      0.00      0.00       0       0   0.00      6.00      0.00  kworker/u16:4-events_power_efficient
14:48:18        0       120    0.00    0.00    0.00    0.00    0.00     3      0.00      0.00       0       0   0.00      1.00      0.00  kworker/3:2-mm_percpu_wq
14:48:18        0       121    0.00    0.00    0.00    0.00    0.00     0      0.00      0.00       0       0   0.00      3.00      0.00  kworker/0:2-mm_percpu_wq
14:48:18        0       240    0.00    0.00    0.00    0.00    0.00     1      0.00      0.00  288968   27144   0.34      1.00      0.00  multipathd
14:48:18        0       248    0.00    0.00    0.00    0.00    0.00     0      0.00      0.00       0       0   0.00      1.00      0.00  kworker/0:1H-kblockd
14:48:18        0       591    0.00    0.00    0.00    0.00    0.00     1      0.00      0.00   83064    4556   0.06      1.00      0.00  irqbalance
14:48:18        0      1083    0.00    0.00    0.00    0.00    0.00     1      0.00      0.00       0       0   0.00      6.00      0.00  kworker/1:2-mm_percpu_wq
14:48:18     1000      1810    0.00    0.00    0.00    0.00    0.00     1      0.00      0.00    9900    3356   0.04      1.00      0.00  vmstat
14:48:18     1000      1811    0.00    0.00    0.00    0.00    0.00     1      0.00      0.00    7712    3700   0.05      1.00      1.00  pidstat
14:48:18     1000      2234   97.00    3.00    0.00    0.00  100.00     0     17.00      0.00   50916   43664   0.55      0.00      4.00  /home/ubuntu/pa
14:48:18     1000      2243    4.00    5.00    0.00    0.00    9.00     3    755.00      0.00 1676980   14920   0.19      0.00      0.00  hey

# Time        UID       PID    %usr %system  %guest   %wait    %CPU   CPU  minflt/s  majflt/s     VSZ     RSS   %MEM   cswch/s nvcswch/s  Command
14:48:19        0        12    0.00    0.00    0.00    0.00    0.00     2      0.00      0.00       0       0   0.00      1.00      0.00  kworker/u16:0-flush-259:0
14:48:19        0        16    0.00    0.00    0.00    0.00    0.00     1      0.00      0.00       0       0   0.00     59.00      0.00  rcu_sched
14:48:19        0        19    0.00    0.00    0.00    0.00    0.00     0      0.00      0.00       0       0   0.00      1.00      0.00  migration/0
14:48:19        0        25    0.00    0.00    0.00    0.00    0.00     1      0.00      0.00       0       0   0.00      3.00      0.00  migration/1
14:48:19        0        31    0.00    0.00    0.00    0.00    0.00     2      0.00      0.00       0       0   0.00      1.00      0.00  migration/2
14:48:19        0        32    0.00    0.00    0.00    0.00    0.00     2      0.00      0.00       0       0   0.00      1.00      0.00  ksoftirqd/2
14:48:19        0        37    0.00    0.00    0.00    0.00    0.00     3      0.00      0.00       0       0   0.00      1.00      0.00  migration/3
14:48:19        0        48    0.00    0.00    0.00    0.00    0.00     3      0.00      0.00       0       0   0.00      6.00      0.00  kworker/u16:1-events_power_efficient
14:48:19        0        53    0.00    0.00    0.00    0.00    0.00     1      0.00      0.00       0       0   0.00      2.00      0.00  kcompactd0
14:48:19        0        60    0.00    0.00    0.00    0.00    0.00     2      0.00      0.00       0       0   0.00      4.00      0.00  kworker/2:1-mm_percpu_wq
14:48:19        0       118    0.00    0.00    0.00    0.00    0.00     1      0.00      0.00       0       0   0.00      1.00      0.00  kworker/u16:4-events_power_efficient
14:48:19        0       120    0.00    0.00    0.00    0.00    0.00     3      0.00      0.00       0       0   0.00      8.00      0.00  kworker/3:2-mm_percpu_wq
14:48:19        0       121    0.00    0.00    0.00    0.00    0.00     0      0.00      0.00       0       0   0.00      4.00      0.00  kworker/0:2-events
14:48:19        0       240    0.00    0.00    0.00    0.00    0.00     1      0.00      0.00  288968   27144   0.34      1.00      0.00  multipathd
14:48:19        0      1083    0.00    0.00    0.00    0.00    0.00     1      0.00      0.00       0       0   0.00      1.00      0.00  kworker/1:2-mm_percpu_wq
14:48:19     1000      1805    1.00    0.00    0.00    1.00    1.00     1      3.00      0.00   30548   21188   0.27     11.00      0.00  python3
14:48:19     1000      1810    0.00    0.00    0.00    0.00    0.00     1      0.00      0.00    9900    3356   0.04      1.00      0.00  vmstat
14:48:19     1000      1811    0.00    1.00    0.00    0.00    1.00     1      0.00      0.00    7712    3700   0.05      1.00      0.00  pidstat
14:48:19     1000      2250    0.00    0.00    0.00    0.00    0.00     0    144.00      0.00    2704    1464   0.02      1.00      1.00  time
14:48:19     1000      2251   35.00    3.00    0.00    0.00   38.00     0  10094.00      0.00   50396   43200   0.55      5.00      1.00  /home/ubuntu/pa
14:48:19     1000      2252    0.00    1.00    0.00    0.00    1.00     2   1431.00      0.00 1750712   10764   0.14      3.00      3.00  hey

# Time        UID       PID    %usr %system  %guest   %wait    %CPU   CPU  minflt/s  majflt/s     VSZ     RSS   %MEM   cswch/s nvcswch/s  Command
14:48:20        0        16    0.00    0.00    0.00    0.00    0.00     1      0.00      0.00       0       0   0.00     49.00      0.00  rcu_sched
14:48:20        0        25    0.00    0.00    0.00    0.00    0.00     1      0.00      0.00       0       0   0.00      1.00      0.00  migration/1
14:48:20        0        32    0.00    0.00    0.00    0.00    0.00     2      0.00      0.00       0       0   0.00      1.00      0.00  ksoftirqd/2
14:48:20        0        48    0.00    0.00    0.00    0.00    0.00     3      0.00      0.00       0       0   0.00      6.00      0.00  kworker/u16:1-events_power_efficient
14:48:20        0        53    0.00    0.00    0.00    0.00    0.00     1      0.00      0.00       0       0   0.00      2.00      0.00  kcompactd0
14:48:20        0        60    0.00    0.00    0.00    0.00    0.00     2      0.00      0.00       0       0   0.00      2.00      0.00  kworker/2:1-mm_percpu_wq
14:48:20        0       120    0.00    0.00    0.00    0.00    0.00     3      0.00      0.00       0       0   0.00      6.00      0.00  kworker/3:2-events
14:48:20        0       121    0.00    0.00    0.00    0.00    0.00     0      0.00      0.00       0       0   0.00      3.00      0.00  kworker/0:2-mm_percpu_wq
14:48:20        0       240    0.00    0.00    0.00    0.00    0.00     1      0.00      0.00  288968   27144   0.34      1.00      0.00  multipathd
14:48:20      110       672    0.00    0.00    0.00    0.00    0.00     1      0.00      0.00   19416    3744   0.05      2.00      0.00  chronyd
14:48:20        0      1083    0.00    0.00    0.00    0.00    0.00     1      0.00      0.00       0       0   0.00      1.00      0.00  kworker/1:2-mm_percpu_wq
14:48:20     1000      1805    0.00    0.00    0.00    0.00    0.00     1      0.00      0.00   30548   21188   0.27      3.00      0.00  python3
14:48:20     1000      1810    0.00    0.00    0.00    0.00    0.00     1      0.00      0.00    9900    3356   0.04      1.00      0.00  vmstat
14:48:20     1000      1811    0.00    0.00    0.00    0.00    0.00     1      0.00      0.00    7712    3700   0.05      1.00      0.00  pidstat
14:48:20     1000      2251   95.00    4.00    0.00    0.00   99.00     0   7327.00      0.00   50752   43564   0.55      2.00      3.00  /home/ubuntu/pa
14:48:20     1000      2260    0.00    1.00    0.00    0.00    1.00     3   1384.00      0.00 1677044   10672   0.13      3.00      2.00  hey

# Time        UID       PID    %usr %system  %guest   %wait    %CPU   CPU  minflt/s  majflt/s     VSZ     RSS   %MEM   cswch/s nvcswch/s  Command
14:48:21        0        16    0.00    0.00    0.00    0.00    0.00     1      0.00      0.00       0       0   0.00     40.00      0.00  rcu_sched
14:48:21        0        48    0.00    0.00    0.00    0.00    0.00     3      0.00      0.00       0       0   0.00      5.00      0.00  kworker/u16:1-events_power_efficient
14:48:21        0        53    0.00    0.00    0.00    0.00    0.00     1      0.00      0.00       0       0   0.00      2.00      0.00  kcompactd0
14:48:21        0        60    0.00    0.00    0.00    0.00    0.00     2      0.00      0.00       0       0   0.00      1.00      0.00  kworker/2:1-mm_percpu_wq
14:48:21        0       120    0.00    0.00    0.00    0.00    0.00     3      0.00      0.00       0       0   0.00      6.00      0.00  kworker/3:2-events
14:48:21        0       121    0.00    0.00    0.00    0.00    0.00     0      0.00      0.00       0       0   0.00      4.00      0.00  kworker/0:2-events
14:48:21        0       240    0.00    0.00    0.00    0.00    0.00     1      0.00      0.00  288968   27144   0.34      1.00      0.00  multipathd
14:48:21      110       672    0.00    0.00    0.00    0.00    0.00     1      0.00      0.00   19416    3744   0.05      2.00      0.00  chronyd
14:48:21        0      1083    0.00    0.00    0.00    0.00    0.00     1      0.00      0.00       0       0   0.00      1.00      0.00  kworker/1:2-mm_percpu_wq
14:48:21     1000      1810    0.00    0.00    0.00    0.00    0.00     1      0.00      0.00    9900    3356   0.04      1.00      0.00  vmstat
14:48:21     1000      1811    0.00    1.00    0.00    0.00    1.00     1      0.00      0.00    7712    3700   0.05      1.00      0.00  pidstat
14:48:21     1000      2251   96.00    5.00    0.00    0.00  101.00     0   8003.00      0.00   50752   43564   0.55      0.00      4.00  /home/ubuntu/pa
14:48:21     1000      2260    4.00    4.00    0.00    0.00    8.00     3    779.00      0.00 1750776   13616   0.17      0.00      0.00  hey

# Time        UID       PID    %usr %system  %guest   %wait    %CPU   CPU  minflt/s  majflt/s     VSZ     RSS   %MEM   cswch/s nvcswch/s  Command
14:48:22        0        12    0.00    0.00    0.00    0.00    0.00     2      0.00      0.00       0       0   0.00      1.00      0.00  kworker/u16:0-flush-259:0
14:48:22        0        16    0.00    0.00    0.00    0.00    0.00     1      0.00      0.00       0       0   0.00     50.00      0.00  rcu_sched
14:48:22        0        32    0.00    0.00    0.00    0.00    0.00     2      0.00      0.00       0       0   0.00      1.00      0.00  ksoftirqd/2
14:48:22        0        48    0.00    0.00    0.00    0.00    0.00     1      0.00      0.00       0       0   0.00      9.00      0.00  kworker/u16:1-events_power_efficient
14:48:22        0        53    0.00    0.00    0.00    0.00    0.00     1      0.00      0.00       0       0   0.00      2.00      0.00  kcompactd0
14:48:22        0        60    0.00    0.00    0.00    0.00    0.00     2      0.00      0.00       0       0   0.00      4.00      0.00  kworker/2:1-mm_percpu_wq
14:48:22        0       120    0.00    0.00    0.00    0.00    0.00     3      0.00      0.00       0       0   0.00      3.00      0.00  kworker/3:2-events
14:48:22        0       121    0.00    0.00    0.00    0.00    0.00     0      0.00      0.00       0       0   0.00      6.00      0.00  kworker/0:2-mm_percpu_wq
14:48:22        0       240    0.00    0.00    0.00    0.00    0.00     1      0.00      0.00  288968   27144   0.34      1.00      0.00  multipathd
14:48:22        0      1083    0.00    0.00    0.00    0.00    0.00     1      0.00      0.00       0       0   0.00      3.00      0.00  kworker/1:2-mm_percpu_wq
14:48:22     1000      1805    0.00    0.00    0.00    0.00    0.00     1      0.00      0.00   30548   21188   0.27      3.00      0.00  python3
14:48:22     1000      1810    0.00    0.00    0.00    0.00    0.00     1      0.00      0.00    9900    3356   0.04      1.00      0.00  vmstat
14:48:22     1000      1811    0.00    1.00    0.00    0.00    1.00     1      0.00      0.00    7712    3700   0.05      1.00      0.00  pidstat

# Time        UID       PID    %usr %system  %guest   %wait    %CPU   CPU  minflt/s  majflt/s     VSZ     RSS   %MEM   cswch/s nvcswch/s  Command
14:48:23        0        12    0.00    0.00    0.00    0.00    0.00     2      0.00      0.00       0       0   0.00      1.00      0.00  kworker/u16:0-flush-259:0
14:48:23        0        16    0.00    0.00    0.00    0.00    0.00     1      0.00      0.00       0       0   0.00     47.00      0.00  rcu_sched
14:48:23        0        19    0.00    0.00    0.00    0.00    0.00     0      0.00      0.00       0       0   0.00      1.00      0.00  migration/0
14:48:23        0        25    0.00    0.00    0.00    0.00    0.00     1      0.00      0.00       0       0   0.00      3.00      0.00  migration/1
14:48:23        0        31    0.00    0.00    0.00    0.00    0.00     2      0.00      0.00       0       0   0.00      1.00      0.00  migration/2
14:48:23        0        37    0.00    0.00    0.00    0.00    0.00     3      0.00      0.00       0       0   0.00      1.00      0.00  migration/3
14:48:23        0        48    0.00    0.00    0.00    0.00    0.00     1      0.00      0.00       0       0   0.00      6.00      0.00  kworker/u16:1-events_power_efficient
14:48:23        0        53    0.00    0.00    0.00    0.00    0.00     1      0.00      0.00       0       0   0.00      2.00      0.00  kcompactd0
14:48:23        0        60    0.00    0.00    0.00    0.00    0.00     2      0.00      0.00       0       0   0.00      1.00      0.00  kworker/2:1-mm_percpu_wq
14:48:23        0       120    0.00    0.00    0.00    0.00    0.00     3      0.00      0.00       0       0   0.00      2.00      0.00  kworker/3:2-mm_percpu_wq
14:48:23        0       121    0.00    0.00    0.00    0.00    0.00     0      0.00      0.00       0       0   0.00      4.00      0.00  kworker/0:2-events
14:48:23        0       240    0.00    0.00    0.00    0.00    0.00     1      0.00      0.00  288968   27144   0.34      1.00      0.00  multipathd
14:48:23      110       672    0.00    0.00    0.00    0.00    0.00     1      0.00      0.00   19416    3744   0.05      6.00      0.00  chronyd
14:48:23        0      1083    0.00    0.00    0.00    0.00    0.00     1      0.00      0.00       0       0   0.00      6.00      0.00  kworker/1:2-mm_percpu_wq
14:48:23     1000      1805    1.00    0.00    0.00    0.00    1.00     1     17.00      0.00   31572   21188   0.27      8.00      0.00  python3
14:48:23     1000      1810    0.00    0.00    0.00    0.00    0.00     1      0.00      0.00    9900    3356   0.04      1.00      0.00  vmstat
14:48:23     1000      1811    0.00    0.00    0.00    0.00    0.00     1      0.00      0.00    7712    3700   0.05      1.00      0.00  pidstat
14:48:23     1000      2268    0.00    0.00    0.00    0.00    0.00     0    145.00      0.00    2704    1464   0.02      1.00      1.00  time
14:48:23     1000      2269   72.00    2.00    0.00    0.00   74.00     0   7800.00      0.00   47580   40328   0.51      5.00      4.00  /home/ubuntu/pe
14:48:23     1000      2270    1.00    0.00    0.00    0.00    1.00     2   1399.00      0.00 1750456   10808   0.14      4.00      3.00  hey

# Time        UID       PID    %usr %system  %guest   %wait    %CPU   CPU  minflt/s  majflt/s     VSZ     RSS   %MEM   cswch/s nvcswch/s  Command
14:48:24        0        12    0.00    0.00    0.00    0.00    0.00     3      0.00      0.00       0       0   0.00      8.00      0.00  kworker/u16:0-events_power_efficient
14:48:24        0        16    0.00    0.00    0.00    0.00    0.00     2      0.00      0.00       0       0   0.00     15.00      0.00  rcu_sched
14:48:24        0        25    0.00    0.00    0.00    0.00    0.00     1      0.00      0.00       0       0   0.00      1.00      0.00  migration/1
14:48:24        0        32    0.00    0.00    0.00    0.00    0.00     2      0.00      0.00       0       0   0.00      1.00      0.00  ksoftirqd/2
14:48:24        0        48    0.00    0.00    0.00    0.00    0.00     1      0.00      0.00       0       0   0.00      2.00      0.00  kworker/u16:1-flush-259:0
14:48:24        0        53    0.00    0.00    0.00    0.00    0.00     3      0.00      0.00       0       0   0.00      2.00      0.00  kcompactd0
14:48:24        0        60    0.00    0.00    0.00    0.00    0.00     2      0.00      0.00       0       0   0.00      2.00      0.00  kworker/2:1-mm_percpu_wq
14:48:24        0       120    0.00    0.00    0.00    0.00    0.00     3      0.00      0.00       0       0   0.00      6.00      0.00  kworker/3:2-mm_percpu_wq
14:48:24        0       121    0.00    0.00    0.00    0.00    0.00     0      0.00      0.00       0       0   0.00      5.00      0.00  kworker/0:2-mm_percpu_wq
14:48:24        0       240    0.00    0.00    0.00    0.00    0.00     1      0.00      0.00  288968   27144   0.34      1.00      0.00  multipathd
14:48:24      110       672    0.00    0.00    0.00    0.00    0.00     1      0.00      0.00   19416    3744   0.05      4.00      0.00  chronyd
14:48:24        0      1083    0.00    0.00    0.00    0.00    0.00     1      0.00      0.00       0       0   0.00      2.00      0.00  kworker/1:2-mm_percpu_wq
14:48:24     1000      1788    0.00    0.00    0.00    0.00    0.00     2      0.00      0.00   15012    7136   0.09      1.00      0.00  sshd
14:48:24     1000      1805    0.00    0.00    0.00    0.00    0.00     1      0.00      0.00   31572   21188   0.27      3.00      0.00  python3
14:48:24     1000      1810    0.00    0.00    0.00    0.00    0.00     1      0.00      0.00    9900    3356   0.04      1.00      0.00  vmstat
14:48:24     1000      1811    0.00    0.00    0.00    0.00    0.00     1      0.00      0.00    7712    3700   0.05      1.00      0.00  pidstat
14:48:24     1000      2269   99.00    1.00    0.00    0.00  100.00     0    117.00      0.00   47988   40840   0.52      2.00      5.00  /home/ubuntu/pe
14:48:24     1000      2278    1.00    0.00    0.00    0.00    1.00     3   1399.00      0.00 1676724   10812   0.14      3.00      3.00  hey

# Time        UID       PID    %usr %system  %guest   %wait    %CPU   CPU  minflt/s  majflt/s     VSZ     RSS   %MEM   cswch/s nvcswch/s  Command
14:48:25        0        12    0.00    0.00    0.00    0.00    0.00     3      0.00      0.00       0       0   0.00      5.00      0.00  kworker/u16:0-events_power_efficient
14:48:25        0        16    0.00    0.00    0.00    0.00    0.00     2      0.00      0.00       0       0   0.00      4.00      0.00  rcu_sched
14:48:25        0        53    0.00    0.00    0.00    0.00    0.00     3      0.00      0.00       0       0   0.00      2.00      0.00  kcompactd0
14:48:25        0        60    0.00    0.00    0.00    0.00    0.00     2      0.00      0.00       0       0   0.00      1.00      0.00  kworker/2:1-mm_percpu_wq
14:48:25        0       120    0.00    0.00    0.00    0.00    0.00     3      0.00      0.00       0       0   0.00      6.00      0.00  kworker/3:2-mm_percpu_wq
14:48:25        0       121    0.00    0.00    0.00    0.00    0.00     0      0.00      0.00       0       0   0.00      5.00      0.00  kworker/0:2-events
14:48:25        0       240    0.00    0.00    0.00    0.00    0.00     1      0.00      0.00  288968   27144   0.34      1.00      0.00  multipathd
14:48:25      110       672    0.00    0.00    0.00    0.00    0.00     1      0.00      0.00   19416    3744   0.05      4.00      0.00  chronyd
14:48:25        0      1083    0.00    0.00    0.00    0.00    0.00     1      0.00      0.00       0       0   0.00      1.00      0.00  kworker/1:2-mm_percpu_wq
14:48:25     1000      1810    0.00    0.00    0.00    0.00    0.00     1      0.00      0.00    9900    3356   0.04      1.00      0.00  vmstat
14:48:25     1000      1811    1.00    1.00    0.00    0.00    2.00     1      0.00      0.00    7712    3700   0.05      1.00      0.00  pidstat
14:48:25     1000      2269   99.00    0.00    0.00    0.00   99.00     0     22.00      0.00   48132   40968   0.52      0.00      5.00  /home/ubuntu/pe
14:48:25     1000      2278    1.00    1.00    0.00    0.00    2.00     3    344.00      0.00 1676724   12092   0.15      0.00      0.00  hey

# Time        UID       PID    %usr %system  %guest   %wait    %CPU   CPU  minflt/s  majflt/s     VSZ     RSS   %MEM   cswch/s nvcswch/s  Command
14:48:26        0        12    0.00    0.00    0.00    0.00    0.00     3      0.00      0.00       0       0   0.00      5.00      0.00  kworker/u16:0-events_power_efficient
14:48:26        0        16    0.00    0.00    0.00    0.00    0.00     2      0.00      0.00       0       0   0.00     39.00      0.00  rcu_sched
14:48:26        0        25    0.00    0.00    0.00    0.00    0.00     1      0.00      0.00       0       0   0.00      1.00      0.00  migration/1
14:48:26        0        38    0.00    0.00    0.00    0.00    0.00     3      0.00      0.00       0       0   0.00      1.00      0.00  ksoftirqd/3
14:48:26        0        48    0.00    0.00    0.00    0.00    0.00     1      0.00      0.00       0       0   0.00      1.00      0.00  kworker/u16:1-flush-259:0
14:48:26        0        53    0.00    0.00    0.00    0.00    0.00     3      0.00      0.00       0       0   0.00      2.00      0.00  kcompactd0
14:48:26        0        60    0.00    0.00    0.00    0.00    0.00     2      0.00      0.00       0       0   0.00      3.00      0.00  kworker/2:1-mm_percpu_wq
14:48:26        0       120    0.00    0.00    0.00    0.00    0.00     3      0.00      0.00       0       0   0.00      8.00      0.00  kworker/3:2-events
14:48:26        0       121    0.00    0.00    0.00    0.00    0.00     0      0.00      0.00       0       0   0.00      5.00      0.00  kworker/0:2-mm_percpu_wq
14:48:26        0       240    0.00    0.00    0.00    0.00    0.00     1      0.00      0.00  288968   27144   0.34      1.00      0.00  multipathd
14:48:26        0      1083    0.00    0.00    0.00    0.00    0.00     1      0.00      0.00       0       0   0.00      1.00      0.00  kworker/1:2-mm_percpu_wq
14:48:26     1000      1805    0.00    0.00    0.00    0.00    0.00     1      1.00      0.00   31572   21188   0.27      6.00      0.00  python3
14:48:26     1000      1810    0.00    0.00    0.00    0.00    0.00     1      0.00      0.00    9900    3356   0.04      1.00      0.00  vmstat
14:48:26     1000      1811    0.00    0.00    0.00    0.00    0.00     1      0.00      0.00    7712    3700   0.05      1.00      0.00  pidstat
14:48:26     1000      2285    0.00    0.00    0.00    0.00    0.00     0    144.00      0.00    2704    1464   0.02      1.00      1.00  time
14:48:26     1000      2286   11.00    1.00    0.00    0.00   12.00     0   7423.00      0.00   46084   38112   0.48      0.00      1.00  /home/ubuntu/pa

# Time        UID       PID    %usr %system  %guest   %wait    %CPU   CPU  minflt/s  majflt/s     VSZ     RSS   %MEM   cswch/s nvcswch/s  Command
14:48:27        0        12    0.00    0.00    0.00    0.00    0.00     1      0.00      0.00       0       0   0.00      8.00      0.00  kworker/u16:0-events_power_efficient
14:48:27        0        16    0.00    0.00    0.00    0.00    0.00     1      0.00      0.00       0       0   0.00     14.00      0.00  rcu_sched
14:48:27        0        19    0.00    0.00    0.00    0.00    0.00     0      0.00      0.00       0       0   0.00      1.00      0.00  migration/0
14:48:27        0        25    0.00    0.00    0.00    0.00    0.00     1      0.00      0.00       0       0   0.00      2.00      0.00  migration/1
14:48:27        0        31    0.00    0.00    0.00    0.00    0.00     2      0.00      0.00       0       0   0.00      1.00      0.00  migration/2
14:48:27        0        37    0.00    0.00    0.00    0.00    0.00     3      0.00      0.00       0       0   0.00      1.00      0.00  migration/3
14:48:27        0        48    0.00    0.00    0.00    0.00    0.00     1      0.00      0.00       0       0   0.00      1.00      0.00  kworker/u16:1-flush-259:0
14:48:27        0        53    0.00    0.00    0.00    0.00    0.00     1      0.00      0.00       0       0   0.00      2.00      0.00  kcompactd0
14:48:27        0        60    0.00    0.00    0.00    0.00    0.00     2      0.00      0.00       0       0   0.00      1.00      0.00  kworker/2:1-mm_percpu_wq
14:48:27        0       120    0.00    0.00    0.00    0.00    0.00     3      0.00      0.00       0       0   0.00      2.00      0.00  kworker/3:2-mm_percpu_wq
14:48:27        0       121    0.00    0.00    0.00    0.00    0.00     0      0.00      0.00       0       0   0.00      4.00      0.00  kworker/0:2-events
14:48:27        0       240    0.00    0.00    0.00    0.00    0.00     1      0.00      0.00  288968   27144   0.34      1.00      0.00  multipathd
14:48:27        0      1083    0.00    0.00    0.00    0.00    0.00     1      0.00      0.00       0       0   0.00      4.00      0.00  kworker/1:2-mm_percpu_wq
14:48:27     1000      1805    0.00    0.00    0.00    0.00    0.00     1      0.00      0.00   31572   21188   0.27      5.00      0.00  python3
14:48:27     1000      1810    0.00    0.00    0.00    0.00    0.00     1      0.00      0.00    9900    3356   0.04      1.00      0.00  vmstat
14:48:27     1000      1811    0.00    1.00    0.00    0.00    1.00     1      0.00      0.00    7712    3700   0.05      1.00      0.00  pidstat
14:48:27     1000      2286   93.00    1.00    0.00    0.00   94.00     0    652.00      0.00   48696   41540   0.52      5.00      5.00  /home/ubuntu/pa
14:48:27     1000      2287    1.00    1.00    0.00    0.00    2.00     2   1478.00      0.00 1750712   11128   0.14      4.00      2.00  hey

# Time        UID       PID    %usr %system  %guest   %wait    %CPU   CPU  minflt/s  majflt/s     VSZ     RSS   %MEM   cswch/s nvcswch/s  Command
14:48:28        0        12    0.00    0.00    0.00    0.00    0.00     1      0.00      0.00       0       0   0.00      6.00      0.00  kworker/u16:0-events_unbound
14:48:28        0        16    0.00    0.00    0.00    0.00    0.00     1      0.00      0.00       0       0   0.00     10.00      0.00  rcu_sched
14:48:28        0        25    0.00    0.00    0.00    0.00    0.00     1      0.00      0.00       0       0   0.00      1.00      0.00  migration/1
14:48:28        0        26    0.00    0.00    0.00    0.00    0.00     1      0.00      0.00       0       0   0.00      1.00      0.00  ksoftirqd/1
14:48:28        0        38    0.00    0.00    0.00    0.00    0.00     3      0.00      0.00       0       0   0.00      1.00      0.00  ksoftirqd/3
14:48:28        0        53    0.00    0.00    0.00    0.00    0.00     1      0.00      0.00       0       0   0.00      2.00      0.00  kcompactd0
14:48:28        0        60    0.00    0.00    0.00    0.00    0.00     2      0.00      0.00       0       0   0.00      1.00      0.00  kworker/2:1-mm_percpu_wq
14:48:28        0       120    0.00    0.00    0.00    0.00    0.00     3      0.00      0.00       0       0   0.00      2.00      0.00  kworker/3:2-mm_percpu_wq
14:48:28        0       121    0.00    0.00    0.00    0.00    0.00     0      0.00      0.00       0       0   0.00      4.00      0.00  kworker/0:2-mm_percpu_wq
14:48:28        0       240    0.00    0.00    0.00    0.00    0.00     1      0.00      0.00  288968   27144   0.34      1.00      0.00  multipathd
14:48:28        0       591    0.00    0.00    0.00    0.00    0.00     3      0.00      0.00   83064    4556   0.06      1.00      0.00  irqbalance
14:48:28        0       842    0.00    0.00    0.00    0.00    0.00     3      0.00      0.00       0       0   0.00      1.00      0.00  kworker/3:1H-kblockd
14:48:28        0      1083    0.00    0.00    0.00    0.00    0.00     1      0.00      0.00       0       0   0.00      6.00      0.00  kworker/1:2-mm_percpu_wq
14:48:28     1000      1805    0.00    0.00    0.00    0.00    0.00     1      0.00      0.00   31572   21188   0.27      3.00      0.00  python3
14:48:28     1000      1810    0.00    0.00    0.00    0.00    0.00     1      0.00      0.00    9900    3356   0.04      1.00      0.00  vmstat
14:48:28     1000      1811    0.00    0.00    0.00    0.00    0.00     1      0.00      0.00    7712    3700   0.05      1.00      1.00  pidstat
14:48:28     1000      2286   99.00    1.00    0.00    0.00  100.00     0    155.00      0.00   49248   42052   0.53      2.00      4.00  /home/ubuntu/pa
14:48:28     1000      2295    0.00    1.00    0.00    0.00    1.00     3   1510.00      0.00 1676724   11068   0.14      3.00      2.00  hey

# Time        UID       PID    %usr %system  %guest   %wait    %CPU   CPU  minflt/s  majflt/s     VSZ     RSS   %MEM   cswch/s nvcswch/s  Command
14:48:29        0        12    0.00    0.00    0.00    0.00    0.00     1      0.00      0.00       0       0   0.00      7.00      0.00  kworker/u16:0-events_power_efficient
14:48:29        0        38    0.00    0.00    0.00    0.00    0.00     3      0.00      0.00       0       0   0.00      1.00      0.00  ksoftirqd/3
14:48:29        0        48    0.00    0.00    0.00    0.00    0.00     3      0.00      0.00       0       0   0.00      1.00      0.00  kworker/u16:1-flush-259:0
14:48:29        0        53    0.00    0.00    0.00    0.00    0.00     1      0.00      0.00       0       0   0.00      2.00      0.00  kcompactd0
14:48:29        0        60    0.00    0.00    0.00    0.00    0.00     2      0.00      0.00       0       0   0.00      1.00      0.00  kworker/2:1-mm_percpu_wq
14:48:29        0       120    0.00    0.00    0.00    0.00    0.00     3      0.00      0.00       0       0   0.00      1.00      0.00  kworker/3:2-mm_percpu_wq
14:48:29        0       121    0.00    0.00    0.00    0.00    0.00     0      0.00      0.00       0       0   0.00      4.00      0.00  kworker/0:2-events
14:48:29        0       240    0.00    0.00    0.00    0.00    0.00     1      0.00      0.00  288968   27144   0.34      1.00      0.00  multipathd
14:48:29        0      1083    0.00    0.00    0.00    0.00    0.00     1      0.00      0.00       0       0   0.00      6.00      0.00  kworker/1:2-mm_percpu_wq
14:48:29     1000      1810    0.00    0.00    0.00    0.00    0.00     1      0.00      0.00    9900    3356   0.04      1.00      0.00  vmstat
14:48:29     1000      1811    0.00    1.00    0.00    0.00    1.00     1      0.00      0.00    7712    3700   0.05      1.00      0.00  pidstat
14:48:29     1000      2286  100.00    0.00    0.00    0.00  100.00     0     15.00      0.00   49388   42180   0.53      0.00      4.00  /home/ubuntu/pa
14:48:29     1000      2295    2.00    1.00    0.00    0.00    3.00     3    326.00      0.00 1676724   12348   0.16      0.00      0.00  hey

# Time        UID       PID    %usr %system  %guest   %wait    %CPU   CPU  minflt/s  majflt/s     VSZ     RSS   %MEM   cswch/s nvcswch/s  Command
14:48:30        0        12    0.00    0.00    0.00    0.00    0.00     1      0.00      0.00       0       0   0.00      2.00      0.00  kworker/u16:0-events_power_efficient
14:48:30        0        16    0.00    0.00    0.00    0.00    0.00     1      0.00      0.00       0       0   0.00     46.00      0.00  rcu_sched
14:48:30        0        25    0.00    0.00    0.00    0.00    0.00     1      0.00      0.00       0       0   0.00      2.00      0.00  migration/1
14:48:30        0        38    0.00    0.00    0.00    0.00    0.00     3      0.00      0.00       0       0   0.00      2.00      0.00  ksoftirqd/3
14:48:30        0        48    0.00    0.00    0.00    0.00    0.00     3      0.00      0.00       0       0   0.00      5.00      0.00  kworker/u16:1-events_unbound
14:48:30        0        53    0.00    0.00    0.00    0.00    0.00     1      0.00      0.00       0       0   0.00      2.00      0.00  kcompactd0
14:48:30        0        60    0.00    0.00    0.00    0.00    0.00     2      0.00      0.00       0       0   0.00      2.00      0.00  kworker/2:1-mm_percpu_wq
14:48:30        0       120    0.00    0.00    0.00    0.00    0.00     3      0.00      0.00       0       0   0.00      7.00      0.00  kworker/3:2-mm_percpu_wq
14:48:30        0       121    0.00    0.00    0.00    0.00    0.00     0      0.00      0.00       0       0   0.00      3.00      0.00  kworker/0:2-mm_percpu_wq
14:48:30        0       240    0.00    0.00    0.00    0.00    0.00     1      0.00      0.00  288968   27144   0.34      1.00      0.00  multipathd
14:48:30        0      1083    0.00    0.00    0.00    0.00    0.00     1      0.00      0.00       0       0   0.00      4.00      0.00  kworker/1:2-mm_percpu_wq
14:48:30     1000      1805    1.00    0.00    0.00    0.00    1.00     1      4.00      0.00   31572   21188   0.27     11.00      0.00  python3
14:48:30     1000      1810    0.00    0.00    0.00    0.00    0.00     1      0.00      0.00    9900    3356   0.04      1.00      0.00  vmstat
14:48:30     1000      1811    0.00    0.00    0.00    0.00    0.00     1      0.00      0.00    7712    3700   0.05      1.00      1.00  pidstat
14:48:30     1000      2302    0.00    0.00    0.00    0.00    0.00     0    144.00      0.00    2704    1464   0.02      1.00      1.00  time
14:48:30     1000      2303   39.00    2.00    0.00    0.00   41.00     0   8356.00      0.00   49744   42596   0.54      5.00      1.00  /home/ubuntu/pa
14:48:30     1000      2304    0.00    0.00    0.00    0.00    0.00     2   1373.00      0.00 1750456   10764   0.14      3.00      3.00  hey

# Time        UID       PID    %usr %system  %guest   %wait    %CPU   CPU  minflt/s  majflt/s     VSZ     RSS   %MEM   cswch/s nvcswch/s  Command
14:48:31        0        16    0.00    0.00    0.00    0.00    0.00     1      0.00      0.00       0       0   0.00     10.00      0.00  rcu_sched
14:48:31        0        19    0.00    0.00    0.00    0.00    0.00     0      0.00      0.00       0       0   0.00      1.00      0.00  migration/0
14:48:31        0        25    0.00    0.00    0.00    0.00    0.00     1      0.00      0.00       0       0   0.00      2.00      0.00  migration/1
14:48:31        0        31    0.00    0.00    0.00    0.00    0.00     2      0.00      0.00       0       0   0.00      1.00      0.00  migration/2
14:48:31        0        32    0.00    0.00    0.00    0.00    0.00     2      0.00      0.00       0       0   0.00      1.00      0.00  ksoftirqd/2
14:48:31        0        37    0.00    0.00    0.00    0.00    0.00     3      0.00      0.00       0       0   0.00      1.00      0.00  migration/3
14:48:31        0        48    0.00    0.00    0.00    0.00    0.00     3      0.00      0.00       0       0   0.00      5.00      0.00  kworker/u16:1-events_power_efficient
14:48:31        0        53    0.00    0.00    0.00    0.00    0.00     1      0.00      0.00       0       0   0.00      2.00      0.00  kcompactd0
14:48:31        0        60    0.00    0.00    0.00    0.00    0.00     2      0.00      0.00       0       0   0.00      2.00      0.00  kworker/2:1-mm_percpu_wq
14:48:31        0       120    0.00    0.00    0.00    0.00    0.00     3      0.00      0.00       0       0   0.00      6.00      0.00  kworker/3:2-events
14:48:31        0       121    0.00    0.00    0.00    0.00    0.00     0      0.00      0.00       0       0   0.00      4.00      0.00  kworker/0:2-events
14:48:31        0       240    0.00    0.00    0.00    0.00    0.00     1      0.00      0.00  288968   27144   0.34      1.00      0.00  multipathd
14:48:31      110       672    0.00    0.00    0.00    0.00    0.00     1      0.00      0.00   19416    3744   0.05      1.00      0.00  chronyd
14:48:31        0      1083    0.00    0.00    0.00    0.00    0.00     1      0.00      0.00       0       0   0.00      1.00      0.00  kworker/1:2-mm_percpu_wq
14:48:31     1000      1805    0.00    0.00    0.00    0.00    0.00     1      0.00      0.00   31572   21188   0.27      3.00      0.00  python3
14:48:31     1000      1810    0.00    0.00    0.00    0.00    0.00     1      0.00      0.00    9900    3356   0.04      1.00      0.00  vmstat
14:48:31     1000      1811    0.00    0.00    0.00    0.00    0.00     1      0.00      0.00    7712    3700   0.05      1.00      1.00  pidstat
14:48:31     1000      2303   99.00    1.00    0.00    0.00  100.00     0     80.00      0.00   50148   42980   0.54      2.00      5.00  /home/ubuntu/pa
14:48:31     1000      2312    0.00    0.00    0.00    0.00    0.00     3   1318.00      0.00 1676724   10552   0.13      3.00      3.00  hey

# Time        UID       PID    %usr %system  %guest   %wait    %CPU   CPU  minflt/s  majflt/s     VSZ     RSS   %MEM   cswch/s nvcswch/s  Command
14:48:32        0        16    0.00    0.00    0.00    0.00    0.00     1      0.00      0.00       0       0   0.00      2.00      0.00  rcu_sched
14:48:32        0        48    0.00    0.00    0.00    0.00    0.00     3      0.00      0.00       0       0   0.00      8.00      0.00  kworker/u16:1-events_power_efficient
14:48:32        0        53    0.00    0.00    0.00    0.00    0.00     1      0.00      0.00       0       0   0.00      2.00      0.00  kcompactd0
14:48:32        0        60    0.00    0.00    0.00    0.00    0.00     2      0.00      0.00       0       0   0.00      1.00      0.00  kworker/2:1-mm_percpu_wq
14:48:32        0       120    0.00    0.00    0.00    0.00    0.00     3      0.00      0.00       0       0   0.00      5.00      0.00  kworker/3:2-mm_percpu_wq
14:48:32        0       121    0.00    0.00    0.00    0.00    0.00     0      0.00      0.00       0       0   0.00      5.00      0.00  kworker/0:2-mm_percpu_wq
14:48:32        0       240    0.00    0.00    0.00    0.00    0.00     1      0.00      0.00  288968   27144   0.34      1.00      0.00  multipathd
14:48:32        0      1083    0.00    0.00    0.00    0.00    0.00     1      0.00      0.00       0       0   0.00      1.00      0.00  kworker/1:2-mm_percpu_wq
14:48:32     1000      1810    0.00    0.00    0.00    0.00    0.00     1      0.00      0.00    9900    3356   0.04      1.00      0.00  vmstat
14:48:32     1000      1811    0.00    1.00    0.00    0.00    1.00     1      0.00      0.00    7712    3700   0.05      1.00      0.00  pidstat
14:48:32     1000      2303  100.00    0.00    0.00    0.00  100.00     0      7.00      0.00   50148   42980   0.54      0.00      5.00  /home/ubuntu/pa
14:48:32     1000      2312    1.00    1.00    0.00    0.00    2.00     3    349.00      0.00 1676980   11960   0.15      0.00      0.00  hey

# Time        UID       PID    %usr %system  %guest   %wait    %CPU   CPU  minflt/s  majflt/s     VSZ     RSS   %MEM   cswch/s nvcswch/s  Command
14:48:33        0        16    0.00    0.00    0.00    0.00    0.00     1      0.00      0.00       0       0   0.00     18.00      0.00  rcu_sched
14:48:33        0        32    0.00    0.00    0.00    0.00    0.00     2      0.00      0.00       0       0   0.00      1.00      0.00  ksoftirqd/2
14:48:33        0        48    0.00    0.00    0.00    0.00    0.00     3      0.00      0.00       0       0   0.00      6.00      0.00  kworker/u16:1-events_power_efficient
14:48:33        0        53    0.00    0.00    0.00    0.00    0.00     1      0.00      0.00       0       0   0.00      2.00      0.00  kcompactd0
14:48:33        0        60    0.00    0.00    0.00    0.00    0.00     2      0.00      0.00       0       0   0.00      3.00      0.00  kworker/2:1-mm_percpu_wq
14:48:33        0       120    0.00    0.00    0.00    0.00    0.00     3      0.00      0.00       0       0   0.00      7.00      0.00  kworker/3:2-mm_percpu_wq
14:48:33        0       121    0.00    0.00    0.00    0.00    0.00     0      0.00      0.00       0       0   0.00      6.00      0.00  kworker/0:2-events
14:48:33        0       240    0.00    0.00    0.00    0.00    0.00     1      0.00      0.00  288968   27144   0.34      1.00      0.00  multipathd
14:48:33        0      1083    0.00    0.00    0.00    0.00    0.00     1      0.00      0.00       0       0   0.00      2.00      0.00  kworker/1:2-mm_percpu_wq
14:48:33     1000      1805    0.00    0.00    0.00    0.00    0.00     1      0.00      0.00   31572   21188   0.27      3.00      0.00  python3
14:48:33     1000      1810    0.00    0.00    0.00    0.00    0.00     1      0.00      0.00    9900    3356   0.04      1.00      0.00  vmstat
14:48:33     1000      1811    0.00    1.00    0.00    0.00    1.00     1      0.00      0.00    7712    3700   0.05      1.00      0.00  pidstat

# Time        UID       PID    %usr %system  %guest   %wait    %CPU   CPU  minflt/s  majflt/s     VSZ     RSS   %MEM   cswch/s nvcswch/s  Command
14:48:34        0        16    0.00    0.00    0.00    0.00    0.00     1      0.00      0.00       0       0   0.00     32.00      0.00  rcu_sched
14:48:34        0        25    0.00    0.00    0.00    0.00    0.00     1      0.00      0.00       0       0   0.00      2.00      0.00  migration/1
14:48:34        0        48    0.00    0.00    0.00    0.00    0.00     3      0.00      0.00       0       0   0.00      8.00      0.00  kworker/u16:1-events_power_efficient
14:48:34        0        53    0.00    0.00    0.00    0.00    0.00     1      0.00      0.00       0       0   0.00      2.00      0.00  kcompactd0
14:48:34        0        60    0.00    0.00    0.00    0.00    0.00     2      0.00      0.00       0       0   0.00      2.00      0.00  kworker/2:1-mm_percpu_wq
14:48:34        0       120    0.00    0.00    0.00    0.00    0.00     3      0.00      0.00       0       0   0.00      7.00      0.00  kworker/3:2-mm_percpu_wq
14:48:34        0       121    0.00    0.00    0.00    0.00    0.00     0      0.00      0.00       0       0   0.00      3.00      0.00  kworker/0:2-mm_percpu_wq
14:48:34        0       240    0.00    0.00    0.00    0.00    0.00     1      0.00      0.00  288968   27144   0.34      1.00      0.00  multipathd
14:48:34        0      1083    0.00    0.00    0.00    0.00    0.00     1      0.00      0.00       0       0   0.00      1.00      0.00  kworker/1:2-mm_percpu_wq
14:48:34     1000      1805    1.00    0.00    0.00    0.00    1.00     1      0.00      0.00   31572   21188   0.27      5.00      0.00  python3
14:48:34     1000      1810    0.00    0.00    0.00    0.00    0.00     1      0.00      0.00    9900    3356   0.04      1.00      0.00  vmstat
14:48:34     1000      1811    1.00    0.00    0.00    0.00    1.00     1      0.00      0.00    7712    3700   0.05      1.00      0.00  pidstat
14:48:34     1000      2319    0.00    0.00    0.00    0.00    0.00     0    142.00      0.00    2704    1528   0.02      1.00      1.00  time
14:48:34     1000      2320   59.00    8.00    0.00    0.00   67.00     0   7713.00      0.00   47184   40084   0.51     25.00      2.00  /home/ubuntu/pe
14:48:34     1000      2321   56.00    5.00    0.00    0.00   61.00     3   4124.00      1.00   26896   21712   0.27    250.00      3.00  perl

# Time        UID       PID    %usr %system  %guest   %wait    %CPU   CPU  minflt/s  majflt/s     VSZ     RSS   %MEM   cswch/s nvcswch/s  Command
14:48:35        0        16    0.00    0.00    0.00    0.00    0.00     1      0.00      0.00       0       0   0.00      3.00      0.00  rcu_sched
14:48:35        0        19    0.00    0.00    0.00    0.00    0.00     0      0.00      0.00       0       0   0.00      1.00      0.00  migration/0
14:48:35        0        25    0.00    0.00    0.00    0.00    0.00     1      0.00      0.00       0       0   0.00      1.00      0.00  migration/1
14:48:35        0        31    0.00    0.00    0.00    0.00    0.00     2      0.00      0.00       0       0   0.00      1.00      0.00  migration/2
14:48:35        0        37    0.00    0.00    0.00    0.00    0.00     3      0.00      0.00       0       0   0.00      1.00      0.00  migration/3
14:48:35        0        48    0.00    0.00    0.00    0.00    0.00     1      0.00      0.00       0       0   0.00      6.00      0.00  kworker/u16:1-events_power_efficient
14:48:35        0        53    0.00    0.00    0.00    0.00    0.00     1      0.00      0.00       0       0   0.00      2.00      0.00  kcompactd0
14:48:35        0       120    0.00    0.00    0.00    0.00    0.00     3      0.00      0.00       0       0   0.00      1.00      0.00  kworker/3:2-mm_percpu_wq
14:48:35        0       121    0.00    0.00    0.00    0.00    0.00     0      0.00      0.00       0       0   0.00      4.00      0.00  kworker/0:2-events
14:48:35        0       240    0.00    0.00    0.00    0.00    0.00     1      0.00      0.00  288968   27144   0.34      1.00      0.00  multipathd
14:48:35        0      1083    0.00    0.00    0.00    1.00    0.00     1      0.00      0.00       0       0   0.00      6.00      0.00  kworker/1:2-mm_percpu_wq
14:48:35     1000      1810    0.00    0.00    0.00    0.00    0.00     1      0.00      0.00    9900    3356   0.04      1.00      0.00  vmstat
14:48:35     1000      1811    0.00    1.00    0.00    0.00    1.00     1      0.00      0.00    7712    3700   0.05      1.00      0.00  pidstat
14:48:35     1000      2320   91.00   10.00    0.00    0.00  101.00     0      1.00      0.00   47184   40212   0.51      2.00      5.00  /home/ubuntu/pe
14:48:35     1000      2321   87.00   10.00    0.00    0.00   97.00     3     46.00      0.00   27032   21840   0.28    525.00      2.00  perl

# Time        UID       PID    %usr %system  %guest   %wait    %CPU   CPU  minflt/s  majflt/s     VSZ     RSS   %MEM   cswch/s nvcswch/s  Command
14:48:36        0        16    0.00    0.00    0.00    0.00    0.00     1      0.00      0.00       0       0   0.00      2.00      0.00  rcu_sched
14:48:36        0        48    0.00    0.00    0.00    0.00    0.00     1      0.00      0.00       0       0   0.00      5.00      0.00  kworker/u16:1-events_power_efficient
14:48:36        0        53    0.00    0.00    0.00    0.00    0.00     1      0.00      0.00       0       0   0.00      2.00      0.00  kcompactd0
14:48:36        0        60    0.00    0.00    0.00    0.00    0.00     2      0.00      0.00       0       0   0.00      1.00      0.00  kworker/2:1-mm_percpu_wq
14:48:36        0       120    0.00    0.00    0.00    0.00    0.00     3      0.00      0.00       0       0   0.00      1.00      0.00  kworker/3:2-mm_percpu_wq
14:48:36        0       121    0.00    0.00    0.00    0.00    0.00     0      0.00      0.00       0       0   0.00      3.00      0.00  kworker/0:2-mm_percpu_wq
14:48:36        0       240    0.00    0.00    0.00    0.00    0.00     1      0.00      0.00  288968   27144   0.34      1.00      0.00  multipathd
14:48:36        0      1083    0.00    0.00    0.00    0.00    0.00     1      0.00      0.00       0       0   0.00      5.00      0.00  kworker/1:2-events
14:48:36     1000      1810    0.00    0.00    0.00    0.00    0.00     1      0.00      0.00    9900    3356   0.04      1.00      0.00  vmstat
14:48:36     1000      1811    0.00    0.00    0.00    0.00    0.00     1      0.00      0.00    7712    3700   0.05      1.00      0.00  pidstat
14:48:36     1000      2320   90.00    9.00    0.00    0.00   99.00     0      0.00      0.00   47184   40212   0.51      1.00      3.00  /home/ubuntu/pe
14:48:36     1000      2321   89.00   10.00    0.00    0.00   99.00     3    119.00      0.00   27568   22352   0.28    443.00      2.00  perl

# Time        UID       PID    %usr %system  %guest   %wait    %CPU   CPU  minflt/s  majflt/s     VSZ     RSS   %MEM   cswch/s nvcswch/s  Command
14:48:37        0        12    0.00    0.00    0.00    0.00    0.00     2      0.00      0.00       0       0   0.00      1.00      0.00  kworker/u16:0-events_power_efficient
14:48:37        0        16    0.00    0.00    0.00    0.00    0.00     3      0.00      0.00       0       0   0.00     47.00      0.00  rcu_sched
14:48:37        0        25    0.00    0.00    0.00    0.00    0.00     1      0.00      0.00       0       0   0.00      1.00      0.00  migration/1
14:48:37        0        26    0.00    0.00    0.00    0.00    0.00     1      0.00      0.00       0       0   0.00      1.00      0.00  ksoftirqd/1
14:48:37        0        48    0.00    0.00    0.00    0.00    0.00     2      0.00      0.00       0       0   0.00      7.00      0.00  kworker/u16:1-events_power_efficient
14:48:37        0        53    0.00    0.00    0.00    0.00    0.00     1      0.00      0.00       0       0   0.00      2.00      0.00  kcompactd0
14:48:37        0        60    0.00    0.00    0.00    0.00    0.00     2      0.00      0.00       0       0   0.00      2.00      0.00  kworker/2:1-events
14:48:37        0       120    0.00    0.00    0.00    0.00    0.00     3      0.00      0.00       0       0   0.00      2.00      0.00  kworker/3:2-mm_percpu_wq
14:48:37        0       121    0.00    0.00    0.00    0.00    0.00     0      0.00      0.00       0       0   0.00      4.00      0.00  kworker/0:2-events
14:48:37        0       240    0.00    0.00    0.00    0.00    0.00     1      0.00      0.00  288968   27144   0.34      1.00      0.00  multipathd
14:48:37        0      1083    0.00    0.00    0.00    0.00    0.00     1      0.00      0.00       0       0   0.00      4.00      0.00  kworker/1:2-mm_percpu_wq
14:48:37     1000      1805    0.00    0.00    0.00    0.00    0.00     1      0.00      0.00   31572   21188   0.27      6.00      0.00  python3
14:48:37     1000      1810    0.00    0.00    0.00    0.00    0.00     1      0.00      0.00    9900    3356   0.04      1.00      0.00  vmstat
14:48:37     1000      1811    0.00    0.00    0.00    0.00    0.00     1      0.00      0.00    7712    3700   0.05      1.00      0.00  pidstat
14:48:37     1000      2322    0.00    0.00    0.00    0.00    0.00     0    144.00      0.00    2704    1528   0.02      1.00      1.00  time
14:48:37     1000      2323   12.00    2.00    0.00    0.00   14.00     0   7887.00      0.00   47984   40652   0.51      1.00      1.00  /home/ubuntu/pa

# Time        UID       PID    %usr %system  %guest   %wait    %CPU   CPU  minflt/s  majflt/s     VSZ     RSS   %MEM   cswch/s nvcswch/s  Command
14:48:38        0        16    0.00    0.00    0.00    0.00    0.00     3      0.00      0.00       0       0   0.00     11.00      0.00  rcu_sched
14:48:38        0        25    0.00    0.00    0.00    0.00    0.00     1      0.00      0.00       0       0   0.00      1.00      0.00  migration/1
14:48:38        0        48    0.00    0.00    0.00    0.00    0.00     1      0.00      0.00       0       0   0.00      5.00      0.00  kworker/u16:1-events_power_efficient
14:48:38        0        53    0.00    0.00    0.00    0.00    0.00     1      0.00      0.00       0       0   0.00      2.00      0.00  kcompactd0
14:48:38        0        60    0.00    0.00    0.00    0.00    0.00     2      0.00      0.00       0       0   0.00      4.00      0.00  kworker/2:1-mm_percpu_wq
14:48:38        0       121    0.00    0.00    0.00    0.00    0.00     0      0.00      0.00       0       0   0.00      3.00      0.00  kworker/0:2-mm_percpu_wq
14:48:38        0       240    0.00    0.00    0.00    0.00    0.00     1      0.00      0.00  288968   27144   0.34      1.00      0.00  multipathd
14:48:38        0       248    0.00    0.00    0.00    0.00    0.00     0      0.00      0.00       0       0   0.00      1.00      0.00  kworker/0:1H-kblockd
14:48:38        0       591    0.00    0.00    0.00    0.00    0.00     3      0.00      0.00   83064    4556   0.06      1.00      0.00  irqbalance
14:48:38        0      1083    0.00    0.00    0.00    0.00    0.00     1      0.00      0.00       0       0   0.00      6.00      0.00  kworker/1:2-mm_percpu_wq
14:48:38     1000      1805    0.00    0.00    0.00    0.00    0.00     1      0.00      0.00   31572   21188   0.27      2.00      0.00  python3
14:48:38     1000      1810    0.00    0.00    0.00    0.00    0.00     1      0.00      0.00    9900    3356   0.04      1.00      0.00  vmstat
14:48:38     1000      1811    0.00    1.00    0.00    0.00    1.00     1      0.00      0.00    7712    3700   0.05      1.00      1.00  pidstat
14:48:38     1000      2323   80.00    7.00    0.00    0.00   87.00     0    127.00      0.00   48384   41164   0.52     22.00      4.00  /home/ubuntu/pa
14:48:38     1000      2324   80.00   10.00    0.00    0.00   90.00     2   4123.00      0.00   26932   21524   0.27    754.00      5.00  perl

# Time        UID       PID    %usr %system  %guest   %wait    %CPU   CPU  minflt/s  majflt/s     VSZ     RSS   %MEM   cswch/s nvcswch/s  Command
14:48:39        0        19    0.00    0.00    0.00    0.00    0.00     0      0.00      0.00       0       0   0.00      1.00      0.00  migration/0
14:48:39        0        25    0.00    0.00    0.00    0.00    0.00     1      0.00      0.00       0       0   0.00      1.00      0.00  migration/1
14:48:39        0        31    0.00    0.00    0.00    0.00    0.00     2      0.00      0.00       0       0   0.00      1.00      0.00  migration/2
14:48:39        0        37    0.00    0.00    0.00    0.00    0.00     3      0.00      0.00       0       0   0.00      1.00      0.00  migration/3
14:48:39        0        48    0.00    0.00    0.00    0.00    0.00     1      0.00      0.00       0       0   0.00      8.00      0.00  kworker/u16:1-events_power_efficient
14:48:39        0        53    0.00    0.00    0.00    0.00    0.00     1      0.00      0.00       0       0   0.00      2.00      0.00  kcompactd0
14:48:39        0        60    0.00    0.00    0.00    0.00    0.00     2      0.00      0.00       0       0   0.00      1.00      0.00  kworker/2:1-mm_percpu_wq
14:48:39        0       120    0.00    0.00    0.00    0.00    0.00     3      0.00      0.00       0       0   0.00      1.00      0.00  kworker/3:2-mm_percpu_wq
14:48:39        0       121    0.00    0.00    0.00    0.00    0.00     0      0.00      0.00       0       0   0.00      3.00      0.00  kworker/0:2-events
14:48:39        0       240    0.00    0.00    0.00    0.00    0.00     1      0.00      0.00  288968   27144   0.34      1.00      0.00  multipathd
14:48:39        0      1083    0.00    0.00    0.00    0.00    0.00     1      0.00      0.00       0       0   0.00      7.00      0.00  kworker/1:2-mm_percpu_wq
14:48:39     1000      1788    0.00    0.00    0.00    0.00    0.00     1      0.00      0.00   15012    7136   0.09      1.00      0.00  sshd
14:48:39     1000      1810    0.00    0.00    0.00    0.00    0.00     1      0.00      0.00    9900    3356   0.04      1.00      0.00  vmstat
14:48:39     1000      1811    0.00    0.00    0.00    0.00    0.00     1      0.00      0.00    7712    3700   0.05      1.00      0.00  pidstat
14:48:39     1000      2323   91.00    9.00    0.00    0.00  100.00     0      0.00      0.00   48384   41164   0.52      3.00      4.00  /home/ubuntu/pa
14:48:39     1000      2324   84.00   11.00    0.00    0.00   95.00     2     77.00      0.00   27248   21908   0.28    764.00      2.00  perl

# Time        UID       PID    %usr %system  %guest   %wait    %CPU   CPU  minflt/s  majflt/s     VSZ     RSS   %MEM   cswch/s nvcswch/s  Command
14:48:40        0        12    0.00    0.00    0.00    0.00    0.00     1      0.00      0.00       0       0   0.00      6.00      0.00  kworker/u16:0-events_power_efficient
14:48:40        0        16    0.00    0.00    0.00    0.00    0.00     3      0.00      0.00       0       0   0.00      4.00      0.00  rcu_sched
14:48:40        0        48    0.00    0.00    0.00    0.00    0.00     1      0.00      0.00       0       0   0.00      1.00      0.00  kworker/u16:1-events_power_efficient
14:48:40        0        53    0.00    0.00    0.00    0.00    0.00     3      0.00      0.00       0       0   0.00      2.00      0.00  kcompactd0
14:48:40        0        60    0.00    0.00    0.00    0.00    0.00     2      0.00      0.00       0       0   0.00      1.00      0.00  kworker/2:1-mm_percpu_wq
14:48:40        0       120    0.00    0.00    0.00    0.00    0.00     3      0.00      0.00       0       0   0.00      1.00      0.00  kworker/3:2-mm_percpu_wq
14:48:40        0       121    0.00    0.00    0.00    0.00    0.00     0      0.00      0.00       0       0   0.00      3.00      0.00  kworker/0:2-mm_percpu_wq
14:48:40        0       240    0.00    0.00    0.00    0.00    0.00     1      0.00      0.00  288968   27144   0.34      1.00      0.00  multipathd
14:48:40        0      1083    0.00    0.00    0.00    0.00    0.00     1      0.00      0.00       0       0   0.00      6.00      0.00  kworker/1:2-mm_percpu_wq
14:48:40     1000      1810    0.00    0.00    0.00    0.00    0.00     1      0.00      0.00    9900    3356   0.04      1.00      0.00  vmstat
14:48:40     1000      1811    0.00    1.00    0.00    0.00    1.00     1      0.00      0.00    7712    3700   0.05      1.00      1.00  pidstat
14:48:40     1000      2323   90.00    9.00    0.00    0.00   99.00     0      0.00      0.00   48384   41164   0.52      0.00      3.00  /home/ubuntu/pa
14:48:40     1000      2324   83.00   12.00    0.00    0.00   95.00     2     97.00      0.00   27596   22292   0.28    844.00      1.00  perl

# Time        UID       PID    %usr %system  %guest   %wait    %CPU   CPU  minflt/s  majflt/s     VSZ     RSS   %MEM   cswch/s nvcswch/s  Command
14:48:41        0        12    0.00    0.00    0.00    0.00    0.00     1      0.00      0.00       0       0   0.00      6.00      0.00  kworker/u16:0-events_power_efficient
14:48:41        0        16    0.00    0.00    0.00    0.00    0.00     3      0.00      0.00       0       0   0.00     67.00      0.00  rcu_sched
14:48:41        0        25    0.00    0.00    0.00    0.00    0.00     1      0.00      0.00       0       0   0.00      2.00      0.00  migration/1
14:48:41        0        53    0.00    0.00    0.00    0.00    0.00     3      0.00      0.00       0       0   0.00      2.00      0.00  kcompactd0
14:48:41        0        60    0.00    0.00    0.00    0.00    0.00     2      0.00      0.00       0       0   0.00      2.00      0.00  kworker/2:1-mm_percpu_wq
14:48:41        0       120    0.00    0.00    0.00    0.00    0.00     3      0.00      0.00       0       0   0.00      1.00      0.00  kworker/3:2-events
14:48:41        0       121    0.00    0.00    0.00    0.00    0.00     0      0.00      0.00       0       0   0.00      2.00      0.00  kworker/0:2-events
14:48:41        0       240    0.00    0.00    0.00    0.00    0.00     1      0.00      0.00  288968   27144   0.34      1.00      0.00  multipathd
14:48:41      110       672    0.00    0.00    0.00    0.00    0.00     1      0.00      0.00   19416    3744   0.05      2.00      0.00  chronyd
14:48:41        0      1083    0.00    0.00    0.00    0.00    0.00     1      0.00      0.00       0       0   0.00      8.00      0.00  kworker/1:2-mm_percpu_wq
14:48:41     1000      1805    1.00    1.00    0.00    0.00    2.00     1      0.00      0.00   31572   21188   0.27      8.00      1.00  python3
14:48:41     1000      1810    0.00    0.00    0.00    0.00    0.00     1      0.00      0.00    9900    3356   0.04      1.00      0.00  vmstat
14:48:41     1000      1811    1.00    0.00    0.00    0.00    1.00     1      0.00      0.00    7712    3700   0.05      1.00      0.00  pidstat
14:48:41     1000      2325    0.00    0.00    0.00    0.00    0.00     0    144.00      0.00    2704    1528   0.02      1.00      1.00  time
14:48:41     1000      2326   31.00    3.00    0.00    0.00   34.00     0   8011.00      0.00   48432   41168   0.52     25.00      1.00  /home/ubuntu/pa
14:48:41     1000      2327   23.00    3.00    0.00    0.00   26.00     2   4126.00      0.00   26900   21720   0.27    195.00      2.00  perl

# Time        UID       PID    %usr %system  %guest   %wait    %CPU   CPU  minflt/s  majflt/s     VSZ     RSS   %MEM   cswch/s nvcswch/s  Command
14:48:42        0        12    0.00    0.00    0.00    0.00    0.00     1      0.00      0.00       0       0   0.00      8.00      0.00  kworker/u16:0-events_power_efficient
14:48:42        0        53    0.00    0.00    0.00    0.00    0.00     3      0.00      0.00       0       0   0.00      2.00      0.00  kcompactd0
14:48:42        0        60    0.00    0.00    0.00    0.00    0.00     2      0.00      0.00       0       0   0.00      1.00      0.00  kworker/2:1-mm_percpu_wq
14:48:42        0       121    0.00    0.00    0.00    0.00    0.00     0      0.00      0.00       0       0   0.00      4.00      0.00  kworker/0:2-mm_percpu_wq
14:48:42        0       240    0.00    0.00    0.00    0.00    0.00     1      0.00      0.00  288968   27144   0.34      1.00      0.00  multipathd
14:48:42        0      1083    0.00    0.00    0.00    0.00    0.00     1      0.00      0.00       0       0   0.00      7.00      0.00  kworker/1:2-mm_percpu_wq
14:48:42     1000      1810    0.00    0.00    0.00    0.00    0.00     1      0.00      0.00    9900    3356   0.04      1.00      0.00  vmstat
14:48:42     1000      1811    0.00    0.00    0.00    0.00    0.00     1      0.00      0.00    7712    3700   0.05      1.00      1.00  pidstat
14:48:42     1000      2326   90.00    9.00    0.00    0.00   99.00     0      0.00      0.00   48432   41168   0.52      2.00      4.00  /home/ubuntu/pa
14:48:42     1000      2327   84.00    9.00    0.00    0.00   93.00     2      6.00      0.00   26900   21720   0.27    996.00      0.00  perl

# Time        UID       PID    %usr %system  %guest   %wait    %CPU   CPU  minflt/s  majflt/s     VSZ     RSS   %MEM   cswch/s nvcswch/s  Command
14:48:43        0        12    0.00    0.00    0.00    0.00    0.00     1      0.00      0.00       0       0   0.00      5.00      0.00  kworker/u16:0-events_power_efficient
14:48:43        0        19    0.00    0.00    0.00    0.00    0.00     0      0.00      0.00       0       0   0.00      1.00      0.00  migration/0
14:48:43        0        25    0.00    0.00    0.00    0.00    0.00     1      0.00      0.00       0       0   0.00      1.00      0.00  migration/1
14:48:43        0        31    0.00    0.00    0.00    0.00    0.00     2      0.00      0.00       0       0   0.00      1.00      0.00  migration/2
14:48:43        0        37    0.00    0.00    0.00    0.00    0.00     3      0.00      0.00       0       0   0.00      1.00      0.00  migration/3
14:48:43        0        53    0.00    0.00    0.00    0.00    0.00     3      0.00      0.00       0       0   0.00      2.00      0.00  kcompactd0
14:48:43        0        60    0.00    0.00    0.00    0.00    0.00     2      0.00      0.00       0       0   0.00      1.00      0.00  kworker/2:1-mm_percpu_wq
14:48:43        0       120    0.00    0.00    0.00    0.00    0.00     3      0.00      0.00       0       0   0.00      1.00      0.00  kworker/3:2-mm_percpu_wq
14:48:43        0       121    0.00    0.00    0.00    0.00    0.00     0      0.00      0.00       0       0   0.00      3.00      0.00  kworker/0:2-events
14:48:43        0       240    0.00    0.00    0.00    0.00    0.00     1      0.00      0.00  288968   27144   0.34      1.00      0.00  multipathd
14:48:43        0      1083    0.00    0.00    0.00    0.00    0.00     1      0.00      0.00       0       0   0.00      5.00      0.00  kworker/1:2-events
14:48:43     1000      1810    0.00    0.00    0.00    0.00    0.00     1      0.00      0.00    9900    3356   0.04      1.00      0.00  vmstat
14:48:43     1000      1811    0.00    1.00    0.00    0.00    1.00     1      0.00      0.00    7712    3700   0.05      1.00      0.00  pidstat
14:48:43     1000      2326   91.00    9.00    0.00    0.00  100.00     0      0.00      0.00   48432   41168   0.52      0.00      4.00  /home/ubuntu/pa
14:48:43     1000      2327   86.00    9.00    0.00    0.00   95.00     2    109.00      0.00   27400   22104   0.28    894.00      1.00  perl

# Time        UID       PID    %usr %system  %guest   %wait    %CPU   CPU  minflt/s  majflt/s     VSZ     RSS   %MEM   cswch/s nvcswch/s  Command
14:48:44        0        12    0.00    1.00    0.00    0.00    1.00     1      0.00      0.00       0       0   0.00     10.00      0.00  kworker/u16:0-events_power_efficient
14:48:44        0        16    0.00    0.00    0.00    0.00    0.00     3      0.00      0.00       0       0   0.00     28.00      0.00  rcu_sched
14:48:44        0        32    0.00    0.00    0.00    0.00    0.00     2      0.00      0.00       0       0   0.00      2.00      0.00  ksoftirqd/2
14:48:44        0        53    0.00    0.00    0.00    0.00    0.00     3      0.00      0.00       0       0   0.00      2.00      0.00  kcompactd0
14:48:44        0        60    0.00    0.00    0.00    0.00    0.00     2      0.00      0.00       0       0   0.00      1.00      0.00  kworker/2:1-events
14:48:44        0       120    0.00    0.00    0.00    0.00    0.00     3      0.00      0.00       0       0   0.00      1.00      0.00  kworker/3:2-mm_percpu_wq
14:48:44        0       121    0.00    0.00    0.00    0.00    0.00     0      0.00      0.00       0       0   0.00      5.00      0.00  kworker/0:2-mm_percpu_wq
14:48:44        0       137    0.00    0.00    0.00    0.00    0.00     3      0.00      0.00       0       0   0.00      3.00      0.00  jbd2/nvme0n1p1-8
14:48:44        0       240    0.00    0.00    0.00    0.00    0.00     1      0.00      0.00  288968   27144   0.34      1.00      0.00  multipathd
14:48:44        0      1083    0.00    0.00    0.00    0.00    0.00     1      0.00      0.00       0       0   0.00      6.00      0.00  kworker/1:2-mm_percpu_wq
14:48:44     1000      1805    0.00    0.00    0.00    0.00    0.00     1      1.00      0.00   31572   21188   0.27      3.00      0.00  python3
14:48:44     1000      1810    0.00    0.00    0.00    0.00    0.00     1      0.00      0.00    9900    3356   0.04      1.00      0.00  vmstat
14:48:44     1000      1811    0.00    0.00    0.00    0.00    0.00     1      0.00      0.00    7712    3700   0.05      1.00      0.00  pidstat
