--procs-- -----------------------memory---------------------- ---swap-- -----io---- -system-- ----------cpu----------
   r    b         swpd         free         buff        cache   si   so    bi    bo   in   cs  us  sy  id  wa  st  gu
   4    0            0      7301720        23032       293724    0    0   375   113 1163    7   4   1  95   0   0   0
   1    0            0      7247848        23032       293812    0    0     0     0 9484 28191  26   5  69   0   0   0
   1    0            0      7221416        23032       293812    0    0     0     0 13002 45697  29   6  65   0   0   0
   1    0            0      7191104        23032       293820    0    0     4   100 9895 29825  28   5  66   0   0   0
   1    0            0      7187964        23032       293820    0    0     0     0 8992 26260  28   5  68   0   0   0
   1    0            0      7188008        23032       293824    0    0     0     0 9067 26190  28   5  68   0   0   0
   1    0            0      7197784        23032       293828    0    0     0     0 8802 23474  27   5  68   0   0   0
   1    0            0      7198936        23032       293828    0    0     0     0 8592 21284  28   4  68   0   0   0
   3    0            0      7200900        23032       293832    0    0     0    44 8541 20713  28   5  68   0   0   0
   1    0            0      7204664        23032       293832    0    0     0     0 7708 16561  27   4  68   0   0   0
   1    0            0      7206196        23032       293836    0    0     0     0 7745 16508  27   5  68   0   0   0
   1    0            0      7211080        23032       293840    0    0     0     0 7782 16057  27   4  69   0   0   0
   1    0            0      7213896        23032       293840    0    0     0     0 7803 16322  27   5  68   0   0   0
   1    0            0      7214760        23032       293844    0    0     0    24 7884 16447  27   5  68   0   0   0
   4    0            0      7214508        23032       293844    0    0     0     0 7873 16452  27   5  68   0   0   0
   1    0            0      7214256        23032       293848    0    0     0     0 7791 16461  27   4  69   0   0   0
   1    0            0      7213500        23032       293852    0    0     0     0 7716 15723  27   5  68   0   0   0
   1    0            0      7213328        23032       293852    0    0     0     0 7021 13194  27   4  68   0   0   0
   3    0            0      7212996        23032       293856    0    0     0    20 6563 11710  27   3  69   0   0   0
   3    0            0      7212744        23032       293856    0    0     0     0 6617 11808  27   4  69   0   0   0
   1    0            0      7212572        23032       293860    0    0     0     0 6557 11686  27   4  70   0   0   0
--procs-- -----------------------memory---------------------- ---swap-- -----io---- -system-- ----------cpu----------
   r    b         swpd         free         buff        cache   si   so    bi    bo   in   cs  us  sy  id  wa  st  gu
   1    0            0      7212240        23032       293860    0    0     0     0 6532 11649  27   4  69   0   0   0
   1    0            0      7211736        23032       293864    0    0     0     0 6623 11728  27   4  68   0   0   0
   1    0            0      7210796        23032       293864    0    0     0    24 6726 12386  27   3  69   0   0   0
   1    0            0      7210728        23032       293868    0    0     0     0 6858 12694  27   4  69   0   0   0
   3    0            0      7210304        23032       293872    0    0     0     0 7108 13198  27   4  69   0   0   0
   1    0            0      7209972        23032       293872    0    0     0     0 7077 13220  27   5  68   0   0   0
   1    0            0      7209720        23032       293876    0    0     0     0 7605 14505  27   5  68   0   0   0
   1    0            0      7209296        23032       293876    0    0     0    12 7598 14739  27   4  69   0   0   0
   1    0            0      7208964        23032       293880    0    0     0     0 7649 14751  27   4  68   0   0   0
   1    0            0      7208792        23040       293884    0    0     0    68 7759 14757  27   5  68   0   0   0
   2    0            0      7299808        23040       293880    0    0     0     0 3074 4964  14   3  83   0   0   0
   2    0            0      7260704        23040       293884    0    0     0     0 9416 28535  27   5  68   0   0   0
   3    0            0      7200132        23044       293892    0    0     0   172 9134 28102  33   9  58   0   0   0
   4    0            0      7197152        23044       293904    0    0     0     0 9180 27110  28   5  67   0   0   0
   1    0            0      7194380        23044       293904    0    0     0     0 9260 27068  27   4  69   0   0   0
   1    0            0      7191384        23044       293904    0    0     0     0 9173 26804  27   4  68   0   0   0
   1    0            0      7198000        23044       293908    0    0     0     0 9195 27316  27   5  68   0   0   0
   1    0            0      7199668        23044       293908    0    0     0     0 9259 27758  28   4  68   0   0   0
   1    0            0      7203576        23044       293916    0    0     0     0 9193 27672  27   5  68   0   0   0
   1    0            0      7206484        23044       293916    0    0     0     0 9335 27745  27   5  68   0   0   0
   1    0            0      7209060        23044       293916    0    0     0     0 9311 27683  28   4  68   0   0   0
--procs-- -----------------------memory---------------------- ---swap-- -----io---- -system-- ----------cpu----------
   r    b         swpd         free         buff        cache   si   so    bi    bo   in   cs  us  sy  id  wa  st  gu
   4    0            0      7211492        23044       293920    0    0     0     0 9163 26447  27   5  68   0   0   0
   1    0            0      7213936        23044       293920    0    0     0     0 9178 26448  28   4  68   0   0   0
   1    0            0      7215480        23044       293928    0    0     0     0 9107 26222  27   4  68   0   0   0
   1    0            0      7217484        23044       293928    0    0     0     0 9122 26201  27   4  68   0   0   0
   1    0            0      7218104        23044       293928    0    0     0     0 9098 26416  28   4  68   0   0   0
   1    0            0      7217708        23044       293936    0    0     0     0 9110 26170  27   5  68   0   0   0
   2    0            0      7217180        23044       293936    0    0     0     0 9110 26153  28   4  68   0   0   0
   1    0            0      7217180        23044       293936    0    0     0     0 9185 26347  27   4  68   0   0   0
   1    0            0      7217180        23044       293940    0    0     0     0 9112 26403  28   5  68   0   0   0
   1    0            0      7216956        23044       293940    0    0     0     0 9119 26341  28   4  68   0   0   0
   1    0            0      7216612        23044       293944    0    0     0     0 8419 21863  27   4  69   0   0   0
   1    0            0      7216452        23044       293944    0    0     0     0 7666 16813  27   4  69   0   0   0
   1    0            0      7216008        23044       293952    0    0     0     0 7612 16842  27   4  69   0   0   0
   1    0            0      7215724        23044       293952    0    0     0     0 6354 11748  27   4  69   0   0   0
   1    0            0      7215380        23044       293952    0    0     0     0 5979 10298  28   3  69   0   0   0
   1    0            0      7214716        23044       293956    0    0     0     0 5929 10191  28   3  69   0   0   0
   1    0            0      7214544        23044       293956    0    0     0     0 5843 10080  27   4  69   0   0   0
   4    0            0      7214212        23056       293960    0    0     0    80 5848 10106  27   4  70   0   0   0
   1    0            0      7214212        23056       293960    0    0     0    88 5767 10088  27   3  70   0   0   0
   0    0            0      7336108        23056       293980    0    0    20     0 5480 9233  26   4  71   0   0   0
   1    0            0      7283592        23056       293972    0    0     0     0 2867 3757  16   3  81   0   0   0
--procs-- -----------------------memory---------------------- ---swap-- -----io---- -system-- ----------cpu----------
   r    b         swpd         free         buff        cache   si   so    bi    bo   in   cs  us  sy  id  wa  st  gu
   1    0            0      7246360        23056       293976    0    0     0     0 5092 7695  26   4  70   0   0   0
   1    0            0      7243860        23056       294176    0    0     0  3552 5426 10894  27   5  69   0   0   0
   1    0            0      7239944        23056       294112    0    0     0     0 5217 8642  27   4  70   0   0   0
   4    0            0      7239944        23056       294112    0    0     0     0 5190 8730  27   3  70   0   0   0
   1    0            0      7239944        23056       294120    0    0     0     0 5234 8780  27   4  70   0   0   0
   1    0            0      7239772        23056       294120    0    0     0     0 5189 8722  27   3  70   0   0   0
   3    0            0      7239692        23056       294120    0    0     0     0 5266 8812  27   3  70   0   0   0
   1    0            0      7239268        23056       294124    0    0     0     0 5225 8747  27   4  69   0   0   0
   1    0            0      7238180        23056       294124    0    0     0     0 5217 8667  27   4  70   0   0   0
   1    0            0      7237928        23056       294128    0    0     0     0 5134 8427  27   3  70   0   0   0
   1    0            0      7237424        23056       294128    0    0     0     0 5275 8355  27   3  70   0   0   0
   3    0            0      7236496        23056       294136    0    0     0     0 5398 8860  27   4  70   0   0   0
   1    0            0      7236244        23056       294136    0    0     0     0 5667 9691  27   4  70   0   0   0
   1    0            0      7235244        23056       294136    0    0     0     0 5549 9582  27   4  70   0   0   0
   1    0            0      7234372        23056       294140    0    0     0     0 5610 9750  27   4  70   0   0   0
   1    0            0      7233220        23056       294140    0    0     0     0 5640 9783  27   3  70   0   0   0
   3    0            0      7232188        23056       294148    0    0     0     0 5626 9676  27   4  70   0   0   0
   1    0            0      7231632        23056       294148    0    0     0     0 5161 8482  27   3  69   0   0   0
   1    0            0      7230792        23056       294148    0    0     0     0 5082 8469  27   3  70   0   0   0
   1    0            0      7228500        23056       294152    0    0     0     0 5179 8546  26   4  70   0   0   0
   3    0            0      7228072        23056       294152    0    0     0     0 5114 8469  26   4  70   0   0   0
--procs-- -----------------------memory---------------------- ---swap-- -----io---- -system-- ----------cpu----------
   r    b         swpd         free         buff        cache   si   so    bi    bo   in   cs  us  sy  id  wa  st  gu
   1    0            0      7227040        23056       294156    0    0     0     0 5423 9204  27   3  70   0   0   0
   1    0            0      7226372        23056       294156    0    0     0     0 5485 9175  27   3  70   0   0   0
   1    0            0      7225468        23056       294160    0    0     0     0 5390 9114  27   3  70   0   0   0
   1    0            0      7224740        23056       294160    0    0     0     0 5712 10082  27   4  70   0   0   0
   1    0            0      7223788        23056       294164    0    0     0     0 5797 10168  27   3  70   0   0   0
   3    0            0      7222888        23056       294164    0    0     0     0 5932 10712  27   4  70   0   0   0
   1    0            0      7221796        23064       294172    0    0     0    40 5973 10639  26   4  70   0   0   0
   1    0            0      7221300        23064       294172    0    0     0     0 5955 10591  26   4  70   0   0   0
   1    0            0      7338384        23068       294136    0    0     0     0 3558 5881  17   3  81   0   0   0
   3    0            0      7271676        23068       294140    0    0     0     0 4116 5058  25   4  72   0   0   0
   1    0            0      7252420        23068       294144    0    0     0     0 4553 6316  27   4  70   0   0   0
   1    0            0      7235712        23068       294200    0    0     0   100 5155 9814  27   5  69   0   0   0
   1    0            0      7235324        23068       294216    0    0     0     0 5324 9535  27   4  70   0   0   0
   1    0            0      7235100        23068       294216    0    0     0     0 5569 10150  27   4  70   0   0   0
   1    0            0      7235100        23068       294220    0    0     0     0 5796 10801  27   4  69   0   0   0
   1    0            0      7235100        23068       294220    0    0     0     0 5722 10662  27   4  70   0   0   0
   1    0            0      7234736        23068       294224    0    0     0     0 5733 10714  27   4  69   0   0   0
   3    0            0      7234372        23068       294224    0    0     0     0 5848 11082  27   3  70   0   0   0
   1    0            0      7234008        23068       294232    0    0     0     0 5960 11430  27   4  70   0   0   0
   1    0            0      7233140        23068       294232    0    0     0     0 5894 10942  27   4  70   0   0   0
   1    0            0      7232252        23068       294232    0    0     0     0 5623 10189  27   4  69   0   0   0
--procs-- -----------------------memory---------------------- ---swap-- -----io---- -system-- ----------cpu----------
   r    b         swpd         free         buff        cache   si   so    bi    bo   in   cs  us  sy  id  wa  st  gu
   1    0            0      7231068        23068       294236    0    0     0     0 5822 10594  27   4  69   0   0   0
   1    0            0      7230340        23068       294236    0    0     0     0 5938 10778  27   4  70   0   0   0
   1    0            0      7228964        23068       294244    0    0     0     0 6166 11258  27   4  70   0   0   0
   2    0            0      7228124        23068       294244    0    0     0     0 6105 11116  27   4  70   0   0   0
   1    0            0      7227184        23068       294244    0    0     0     0 6208 11270  27   3  70   0   0   0
   1    0            0      7226504        23068       294252    0    0     0     0 6285 11482  27   4  70   0   0   0
   1    0            0      7225300        23068       294252    0    0     0     0 5991 10506  27   4  69   0   0   0
   1    0            0      7224408        23068       294260    0    0     0     0 5704 9758  27   4  70   0   0   0
   1    0            0      7222264        23068       294260    0    0     0     0 5771 9912  27   4  70   0   0   0
   1    0            0      7221272        23068       294260    0    0     0     0 5705 9864  27   4  70   0   0   0
   1    0            0      7220432        23068       294268    0    0     0     0 5635 9700  27   4  70   0   0   0
   1    0            0      7219640        23068       294268    0    0     0     0 5021 8220  26   4  70   0   0   0
   1    0            0      7218812        23068       294268    0    0     0     0 5341 9060  26   4  70   0   0   0
   1    0            0      7217988        23068       294272    0    0     0     0 5554 9656  26   4  70   0   0   0
   3    0            0      7215900        23068       294272    0    0     0     0 5600 9716  27   4  70   0   0   0
   1    0            0      7182280        23080       294280    0    0     0    92 5629 9690  33   5  61   0   0   0
   1    0            0      7182892        23080       294288    0    0     0     0 5589 9659  26   4  70   0   0   0
   1    0            0      7185208        23080       294292    0    0     0     0 5639 9723  26   4  70   0   0   0
   1    0            0      7286260        23080       294244    0    0     0     0 2991 4959  14   3  83   0   0   0
   1    0            0      7255232        23080       294252    0    0     0     0 10592 33648  28   5  67   0   0   0
   2    0            0      7220120        23080       294256    0    0     0    32 10626 33851  29   5  66   0   0   0
--procs-- -----------------------memory---------------------- ---swap-- -----io---- -system-- ----------cpu----------
   r    b         swpd         free         buff        cache   si   so    bi    bo   in   cs  us  sy  id  wa  st  gu
   1    0            0      7215752        23080       294256    0    0     0     0 10048 33842  27   5  67   0   0   0
   3    0            0      7213020        23080       294268    0    0     0     0 9963 33545  28   4  68   0   0   0
   1    0            0      7210248        23080       294268    0    0     0     0 10024 33808  28   5  68   0   0   0
   1    0            0      7225028        23080       294268    0    0     0     0 10345 34608  28   5  68   0   0   0
   1    0            0      7224616        23080       294272    0    0     0     0 10608 35394  28   5  67   0   0   0
   1    0            0      7226160        23080       294272    0    0     0   100 10389 34801  28   5  67   0   0   0
   1    0            0      7227248        23080       294280    0    0     0     0 10498 35184  28   4  68   0   0   0
   1    0            0      7228176        23080       294280    0    0     0     0 10624 35466  27   5  68   0   0   0
   1    0            0      7228400        23080       294280    0    0     0     0 10381 33448  27   5  68   0   0   0
   1    0            0      7227200        23080       294288    0    0     0     0 10391 33439  28   5  67   0   0   0
   1    0            0      7226692        23080       294288    0    0     0     0 10411 33489  28   5  67   0   0   0
   1    0            0      7226468        23080       294288    0    0     0     0 10409 33526  28   5  67   0   0   0
   1    0            0      7225992        23080       294292    0    0     0     0 10449 33524  28   4  68   0   0   0
   3    0            0      7225516        23080       294292    0    0     0     0 10361 33380  28   5  67   0   0   0
   4    0            0      7224584        23080       294300    0    0     0     0 10473 33560  28   4  68   0   0   0
   1    0            0      7224312        23080       294300    0    0     0     0 10319 33150  28   5  68   0   0   0
   1    0            0      7224140        23080       294300    0    0     0  2148 10488 33696  28   5  67   0   0   0
   2    0            0      7223584        23080       294308    0    0     0     0 10382 33399  28   5  67   0   0   0
   1    0            0      7222856        23080       294308    0    0     0     0 10333 33330  28   4  67   0   0   0
   1    0            0      7222492        23080       294308    0    0     0     0 10390 33394  27   5  68   0   0   0
   1    0            0      7222156        23080       294312    0    0     0     0 10387 33299  28   5  68   0   0   0
--procs-- -----------------------memory---------------------- ---swap-- -----io---- -system-- ----------cpu----------
   r    b         swpd         free         buff        cache   si   so    bi    bo   in   cs  us  sy  id  wa  st  gu
   1    0            0      7221808        23080       294312    0    0     0     0 10287 32984  28   5  67   0   0   0
   3    0            0      7221236        23080       294316    0    0     0     0 10129 32669  28   4  68   0   0   0
   1    0            0      7220808        23080       294316    0    0     0     0 10226 32853  27   5  68   0   0   0
   3    0            0      7219748        23080       294324    0    0     0     0 10180 32488  28   5  67   0   0   0
   1    0            0      7219300        23088       294324    0    0     0    60 10262 33003  28   5  68   0   0   0
   1    0            0      7218632        23088       294328    0    0     0  1620 10317 33321  28   4  68   0   0   0
   0    0            0      7342852        23088       294332    0    0     0     0 9152 28657  25   5  70   0   0   0
   2    0            0      7295984        23088       294348    0    0     0     0 6179 20059  16   3  81   0   0   0
   1    0            0      7251196        23088       294348    0    0     0     0 14046 55893  29   7  64   0   0   0
   1    0            0      7222688        23088       294352    0    0     0    16 12730 49885  29   7  64   0   0   0
   1    0            0      7219536        23088       294356    0    0     0     0 11794 44787  28   5  67   0   0   0
   1    0            0      7216448        23088       294364    0    0     0     0 11737 44596  28   6  66   0   0   0
   1    0            0      7221900        23088       294364    0    0     0     0 11906 45045  28   6  66   0   0   0
   1    0            0      7221316        23088       294364    0    0     0     0 12580 47379  28   6  66   0   0   0
   1    0            0      7220840        23088       294368    0    0     0     0 12626 47356  29   6  65   0   0   0
   3    0            0      7219412        23088       294368    0    0     0     0 12489 47126  28   6  66   0   0   0
   2    0            0      7219188        23088       294376    0    0     0     0 12569 47043  29   6  65   0   0   0
   1    0            0      7218624        23088       294376    0    0     0     0 12363 45677  29   5  66   0   0   0
   1    0            0      7219448        23088       294376    0    0     0     0 12199 44614  28   6  67   0   0   0
   1    0            0      7220192        23088       294380    0    0     0   100 12251 44187  28   6  66   0   0   0
   1    0            0      7220172        23088       294380    0    0     0     0 12348 44161  29   5  66   0   0   0
--procs-- -----------------------memory---------------------- ---swap-- -----io---- -system-- ----------cpu----------
   r    b         swpd         free         buff        cache   si   so    bi    bo   in   cs  us  sy  id  wa  st  gu
   1    0            0      7219616        23088       294384    0    0     0     0 12266 43938  28   5  67   0   0   0
   1    0            0      7219220        23088       294384    0    0     0     0 12407 44281  28   6  66   0   0   0
   2    0            0      7218840        23088       294392    0    0     0     0 12150 44087  28   6  66   0   0   0
   1    0            0      7218812        23088       294392    0    0     0     0 12266 44182  28   6  66   0   0   0
   2    0            0      7218544        23088       294392    0    0     0     0 12193 43929  29   6  66   0   0   0
   3    0            0      7218436        23088       294396    0    0     0     0 12217 43678  28   5  66   0   0   0
   1    0            0      7218104        23088       294396    0    0     0     0 12075 42585  28   6  66   0   0   0
   1    0            0      7217804        23088       294404    0    0     0     0 11736 41019  28   5  66   0   0   0
   3    0            0      7217360        23088       294404    0    0     0     0 11834 41665  28   6  66   0   0   0
   1    0            0      7216476        23088       294404    0    0     0     0 12030 41835  28   5  67   0   0   0
   1    0            0      7216784        23088       294408    0    0     0     0 11960 41922  28   6  66   0   0   0
   1    0            0      7216544        23088       294408    0    0     0     0 11904 41147  28   6  67   0   0   0
   4    0            0      7216324        23088       294412    0    0     0     0 11890 40926  28   5  67   0   0   0
   1    0            0      7215912        23096       294412    0    0     0    60 11934 41169  28   5  67   0   0   0
   1    0            0      7214716        23096       294420    0    0     0     0 10943 33864  28   5  67   0   0   0
   1    0            0      7214684        23096       294420    0    0     0     0 8935 19357  27   5  68   0   0   0
   1    0            0      7344404        23096       294428    0    0     0     0 5120 10568  17   3  80   0   0   0
   1    0            0      7278288        23096       294440    0    0     0     0 10284 35852  25   6  69   0   0   0
   2    0            0      7252564        23096       294440    0    0     0     0 13452 52059  28   6  66   0   0   0
   1    0            0      7217884        23096       294448    0    0     0    24 12225 47210  29   6  65   0   0   0
   1    0            0      7215292        23096       294448    0    0     0     0 11851 46281  28   5  67   0   0   0
--procs-- -----------------------memory---------------------- ---swap-- -----io---- -system-- ----------cpu----------
   r    b         swpd         free         buff        cache   si   so    bi    bo   in   cs  us  sy  id  wa  st  gu
   2    0            0      7212296        23096       294456    0    0     0     0 11867 46154  28   6  66   0   0   0
   2    0            0      7209724        23096       294456    0    0     0     0 11982 46657  27   6  67   0   0   0
   2    0            0      7209456        23096       294460    0    0     0     0 12568 48621  29   5  66   0   0   0
   2    0            0      7209008        23096       294460    0    0     0     0 12495 48459  29   6  64   0   0   0
   3    0            0      7181464        23096       294484    0    0     0     4 11830 46428  33   7  60   0   0   0
   1    0            0      7183024        23096       294476    0    0     0     0 12726 48891  29   5  66   0   0   0
   3    0            0      7184552        23096       294484    0    0     0     0 12571 46429  28   6  67   0   0   0
   1    0            0      7186184        23096       294484    0    0     0     0 12591 45998  28   6  66   0   0   0
   1    0            0      7190384        23096       294484    0    0     0    88 12632 46186  28   5  67   0   0   0
   1    0            0      7194728        23096       294492    0    0     0     0 12673 46126  28   6  67   0   0   0
   1    0            0      7197648        23096       294492    0    0     0     0 12711 46173  28   5  66   0   0   0
   1    0            0      7199488        23096       294492    0    0     0     0 12595 45587  28   5  67   0   0   0
   1    0            0      7201320        23096       294500    0    0     0     0 12518 45586  28   5  67   0   0   0
   3    0            0      7203344        23096       294500    0    0     0     0 12611 45491  28   5  67   0   0   0
   1    0            0      7204552        23096       294500    0    0     0     0 12751 45739  28   5  67   0   0   0
   2    0            0      7205876        23096       294504    0    0     0     0 12504 45722  28   5  67   0   0   0
   1    0            0      7206004        23096       294504    0    0     0     0 12693 45751  28   5  67   0   0   0
   1    0            0      7206036        23096       294512    0    0     0     0 11688 38913  28   5  67   0   0   0
   1    0            0      7205908        23096       294512    0    0     0     0 10741 31687  28   5  68   0   0   0
   3    0            0      7205876        23096       294512    0    0     0     0 10579 31401  27   4  68   0   0   0
   1    0            0      7206132        23096       294516    0    0     0     0 10735 31537  27   5  68   0   0   0
--procs-- -----------------------memory---------------------- ---swap-- -----io---- -system-- ----------cpu----------
   r    b         swpd         free         buff        cache   si   so    bi    bo   in   cs  us  sy  id  wa  st  gu
   3    0            0      7205940        23096       294516    0    0     0     0 10740 31606  28   4  68   0   0   0
   3    0            0      7206004        23104       294524    0    0     0    68 10654 31447  27   5  68   0   0   0
   1    0            0      7205844        23104       294532    0    0     0    68 10759 31651  28   5  67   0   0   0
   1    0            0      7204360        23104       294556    0    0     0     0 10624 31759  29   5  66   0   0   0
   1    0            0      7204168        23108       294556    0    0     0     8 10513 31064  28   6  66   0   0   0
   3    0            0      7307016        23108       294564    0    0     0     0 4897 13208  15   3  82   0   0   0
   3    0            0      7252644        23108       294572    0    0     0     0 14943 59756  29   7  64   0   0   0
   1    0            0      7233748        23108       294576    0    0     0     0 14775 59578  30   7  63   0   0   0
   1    0            0      7229896        23108       294576    0    0     0    16 13478 54196  29   6  65   0   0   0
   1    0            0      7227244        23108       294584    0    0     0     0 13450 54334  29   6  65   0   0   0
   1    0            0      7223148        23108       294588    0    0     0     0 13276 54067  28   6  66   0   0   0
   1    0            0      7221036        23108       294588    0    0     0     0 12097 43327  28   6  66   0   0   0
   1    0            0      7220416        23108       294592    0    0     0     0 11420 38031  28   5  67   0   0   0
   2    0            0      7220796        23568       294648    0    0   460  2988 11701 38526  28   5  65   2   0   0
   1    0            0      7222092        23568       294808    0    0     0     8 11753 39441  29   5  66   0   0   0
   4    0            0      7223004        23568       294808    0    0     0     0 11718 39051  28   5  67   0   0   0
   1    0            0      7224244        23568       294808    0    0     0     0 11384 37170  28   5  67   0   0   0
   1    0            0      7224932        23568       294812    0    0     0     0 11434 37180  28   5  67   0   0   0
   1    0            0      7223700        23572       294816    0    0     0  2168 11475 37478  28   6  67   0   0   0
   1    0            0      7223252        23572       294816    0    0     0     0 11375 37072  28   5  67   0   0   0
   1    0            0      7222888        23572       294820    0    0     0     0 11497 37206  27   6  67   0   0   0
--procs-- -----------------------memory---------------------- ---swap-- -----io---- -system-- ----------cpu----------
   r    b         swpd         free         buff        cache   si   so    bi    bo   in   cs  us  sy  id  wa  st  gu
   1    0            0      7222524        23572       294820    0    0     0     0 11527 37351  28   5  67   0   0   0
   1    0            0      7221984        23572       294824    0    0     0     0 11499 37557  28   5  67   0   0   0
   3    0            0      7221540        23572       294824    0    0     0     0 11580 37499  28   6  66   0   0   0
   1    0            0      7220764        23572       294832    0    0     0     0 11561 37323  27   7  66   0   0   0
   1    0            0      7220148        23572       294832    0    0     0     0 11611 37276  28   5  66   0   0   0
   2    0            0      7220436        23572       294832    0    0     0     0 11623 37455  28   5  67   0   0   0
   3    0            0      7220216        23572       294836    0    0     0     0 11577 37431  28   5  67   0   0   0
   1    0            0      7219884        23600       294812    0    0     0   900 11565 37576  28   5  67   0   0   0
   1    0            0      7219048        23600       294840    0    0     0     0 11582 37321  28   5  67   0   0   0
   1    0            0      7218748        23600       294844    0    0     0     0 11605 37360  28   6  66   0   0   0
   1    0            0      7218388        23600       294844    0    0     0     0 11495 37197  27   6  67   0   0   0
   1    0            0      7218072        23600       294848    0    0     0     0 11158 36352  28   5  67   0   0   0
   1    0            0      7217724        23600       294848    0    0     0     0 11331 37347  28   6  67   0   0   0
   1    0            0      7217116        23600       294856    0    0     0     0 11529 37645  28   5  67   0   0   0
   0    0            0      7335024        23600       294860    0    0     0     0 9717 30101  25   5  70   0   0   0
   1    0            0      7295208        23600       294872    0    0     0     0 2612 3019  16   3  81   0   0   0
   1    0            0      7257560        23600       294876    0    0     0     0 4637 6210  27   4  70   0   0   0
   1    0            0      7245916        23600       294876    0    0     0    32 5024 9440  27   5  69   0   0   0
   1    0            0      7244020        23600       294884    0    0     0     0 4676 7087  27   3  70   0   0   0
   1    0            0      7243848        23600       294884    0    0     0     0 4683 7125  27   3  70   0   0   0
   1    0            0      7243012        23600       294884    0    0     0     0 4689 7232  26   4  70   0   0   0
--procs-- -----------------------memory---------------------- ---swap-- -----io---- -system-- ----------cpu----------
   r    b         swpd         free         buff        cache   si   so    bi    bo   in   cs  us  sy  id  wa  st  gu
   1    0            0      7243012        23600       294892    0    0     0     0 5145 8880  27   4  70   0   0   0
   1    0            0      7242316        23608       294888    0    0     0    52 5637 10234  27   4  69   0   0   0
   3    0            0      7242112        23608       294900    0    0     0     4 5642 10408  27   3  70   0   0   0
   1    0            0      7241556        23608       294900    0    0     0     0 5668 10337  27   4  70   0   0   0
   1    0            0      7241384        23608       294900    0    0     0     0 5636 10153  27   4  70   0   0   0
   3    0            0      7240636        23608       294908    0    0     0     0 5546 9681  26   4  70   0   0   0
   1    0            0      7240016        23608       294908    0    0     0    88 5681 9988  27   3  70   0   0   0
   1    0            0      7238480        23608       294912    0    0     0     0 5675 9878  27   4  70   0   0   0
   1    0            0      7237840        23608       294912    0    0     0     0 5621 9782  27   3  70   0   0   0
   1    0            0      7236968        23608       294912    0    0     0     0 5561 9755  27   4  69   0   0   0
   1    0            0      7235624        23608       294916    0    0     0     0 5615 9645  27   4  70   0   0   0
   1    0            0      7235024        23608       294916    0    0     0     0 5628 9484  27   4  70   0   0   0
   1    0            0      7233944        23608       294924    0    0     0     0 5529 9307  27   3  70   0   0   0
   1    0            0      7233376        23608       294924    0    0     0     0 5651 9495  27   4  69   0   0   0
   2    0            0      7232236        23608       294924    0    0     0     0 5641 9658  26   4  70   0   0   0
   4    0            0      7231588        23608       294928    0    0     0     0 5759 10112  27   4  70   0   0   0
   1    0            0      7230668        23608       294928    0    0     0     0 5742 10152  27   4  69   0   0   0
   1    0            0      7229908        23608       294932    0    0     0   968 5803 10017  26   4  70   0   0   0
   1    0            0      7228664        23608       294932    0    0     0     0 5808 10146  26   4  70   0   0   0
   1    0            0      7228200        23608       294940    0    0     0     0 5845 10107  27   4  70   0   0   0
   1    0            0      7226888        23608       294940    0    0     0     0 6154 11320  27   3  70   0   0   0
--procs-- -----------------------memory---------------------- ---swap-- -----io---- -system-- ----------cpu----------
   r    b         swpd         free         buff        cache   si   so    bi    bo   in   cs  us  sy  id  wa  st  gu
   3    0            0      7226492        23608       294940    0    0     0     0 6156 11355  27   4  70   0   0   0
   1    0            0      7225492        23608       294944    0    0     0     0 6173 11458  27   3  70   0   0   0
   1    0            0      7224588        23608       294944    0    0     0     0 6220 11588  27   3  70   0   0   0
   1    0            0      7336448        23608       294960    0    0     0     0 3681 6384  17   2  81   0   0   0
   1    0            0      7272268        23608       294964    0    0     0     0 4566 6203  25   4  71   0   0   0
   1    0            0      7253556        23608       294972    0    0     0     0 4974 7625  26   4  70   0   0   0
   1    0            0      7245016        23608       294972    0    0     0    16 5190 9999  27   5  68   0   0   0
   1    0            0      7244752        23608       295072    0    0     0     0 4729 7763  26   4  70   0   0   0
   1    0            0      7244496        23608       295072    0    0     0     0 4817 7773  27   4  70   0   0   0
   1    0            0      7242984        23608       295080    0    0     0     0 4792 7611  26   4  70   0   0   0
   1    0            0      7242004        23620       295088    0    0     0    60 4885 7863  27   3  70   0   0   0
   1    0            0      7241136        23620       295092    0    0     0     0 5020 8600  26   4  70   0   0   0
   1    0            0      7240356        23620       295092    0    0     0     0 5067 8636  27   4  70   0   0   0
   4    0            0      7239628        23620       295096    0    0     0     0 5030 8343  27   4  70   0   0   0
   1    0            0      7237636        23620       295096    0    0     0     0 4814 7555  27   3  70   0   0   0
   1    0            0      7236968        23620       295104    0    0     0     0 4972 7610  27   3  70   0   0   0
   1    0            0      7236380        23620       295104    0    0     0    84 4872 7482  27   3  70   0   0   0
   1    0            0      7234864        23620       295108    0    0     0     0 4835 7586  26   4  70   0   0   0
   1    0            0      7234136        23620       295108    0    0     0     0 4860 7577  27   3  70   0   0   0
   3    0            0      7233580        23620       295108    0    0     0     0 5108 8197  26   4  70   0   0   0
   1    0            0      7232740        23620       295112    0    0     0     0 5117 8239  26   4  70   0   0   0
--procs-- -----------------------memory---------------------- ---swap-- -----io---- -system-- ----------cpu----------
   r    b         swpd         free         buff        cache   si   so    bi    bo   in   cs  us  sy  id  wa  st  gu
   1    0            0      7231020        23620       295112    0    0     0     0 5151 8127  27   3  70   0   0   0
   1    0            0      7230524        23620       295116    0    0     0     0 5256 8311  27   4  69   0   0   0
   1    0            0      7229796        23620       295116    0    0     0     0 5058 8103  27   3  70   0   0   0
   1    0            0      7229048        23620       295124    0    0     0     0 5266 8732  26   4  70   0   0   0
   1    0            0      7227600        23620       295124    0    0     0     0 5403 8922  26   4  70   0   0   0
   2    0            0      7227084        23620       295124    0    0     0     0 5277 8782  27   4  70   0   0   0
   1    0            0      7226356        23620       295128    0    0     0     0 5346 8929  27   3  70   0   0   0
   1    0            0      7224920        23620       295128    0    0     0     0 5411 8864  27   3  70   0   0   0
   3    0            0      7224364        23620       295136    0    0     0     0 5599 9552  27   3  70   0   0   0
   1    0            0      7223524        23620       295136    0    0     0     0 5574 9527  27   3  70   0   0   0
   1    0            0      7222604        23620       295136    0    0     0     0 5588 9574  26   4  70   0   0   0
   1    0            0      7222064        23620       295140    0    0     0     0 5476 9213  26   4  70   0   0   0
   1    0            0      7220924        23620       295140    0    0     0     0 5244 8807  26   4  70   0   0   0
   1    0            0      7306672        23620       295108    0    0     0     0 3758 9075  15   3  82   0   0   0
   1    0            0      7262240        23620       295108    0    0     0     0 15539 64719  29   8  64   0   0   0
   1    0            0      7238976        23620       295108    0    0     0     0 15521 63850  30   7  63   0   0   0
   3    0            0      7225996        23620       295120    0    0     0    32 12691 51078  28   6  65   0   0   0
   2    0            0      7223052        23620       295120    0    0     0     0 12776 51299  29   6  65   0   0   0
   1    0            0      7188804        23636       295128    0    0     0    76 11724 47980  34   8  57   0   0   0
   1    0            0      7195832        23636       295128    0    0     0     0 13712 52910  29   6  65   0   0   0
   1    0            0      7195608        23636       295128    0    0     0    20 13804 53258  29   6  65   0   0   0
--procs-- -----------------------memory---------------------- ---swap-- -----io---- -system-- ----------cpu----------
   r    b         swpd         free         buff        cache   si   so    bi    bo   in   cs  us  sy  id  wa  st  gu
   1    0            0      7195384        23636       295140    0    0     0     0 13904 53280  29   6  65   0   0   0
   1    0            0      7195980        23636       295140    0    0     0     0 13876 53392  28   7  65   0   0   0
   3    0            0      7197028        23636       295140    0    0     0     0 13612 53036  29   6  65   0   0   0
   3    0            0      7197636        23636       295144    0    0     0     0 13285 48685  29   6  66   0   0   0
   1    0            0      7200328        23636       295144    0    0     0     0 13018 47824  29   6  66   0   0   0
   1    0            0      7202620        23636       295148    0    0     0    88 13097 48015  28   6  66   0   0   0
   1    0            0      7204868        23636       295148    0    0     0     0 13062 48103  29   5  66   0   0   0
   1    0            0      7205940        23636       295156    0    0     0     0 13134 47929  29   6  65   0   0   0
   1    0            0      7206944        23636       295156    0    0     0     0 12749 45655  29   6  66   0   0   0
   1    0            0      7208000        23636       295156    0    0     0     0 12263 41484  28   6  66   0   0   0
   2    0            0      7208896        23636       295160    0    0     0     0 11614 35828  28   5  67   0   0   0
   1    0            0      7208704        23636       295160    0    0     0     0 11599 36102  28   5  67   0   0   0
   1    0            0      7208480        23636       295168    0    0     0     0 11561 35758  29   4  67   0   0   0
   3    0            0      7208032        23636       295168    0    0     0     0 11624 35969  27   6  67   0   0   0
   1    0            0      7208000        23636       295168    0    0     0     0 11616 35975  28   5  67   0   0   0
   1    0            0      7207360        23636       295172    0    0     0     0 11528 35701  28   6  67   0   0   0
   1    0            0      7207776        23636       295172    0    0     0     0 11639 35639  28   5  66   0   0   0
   1    0            0      7207648        23636       295176    0    0     0     0 11551 35720  28   5  67   0   0   0
   3    0            0      7207424        23636       295176    0    0     0     0 11554 35649  28   6  66   0   0   0
   1    0            0      7207424        23636       295180    0    0     0     0 11485 35623  28   5  67   0   0   0
   3    0            0      7207428        23636       295180    0    0     0     0 11551 35869  28   5  67   0   0   0
--procs-- -----------------------memory---------------------- ---swap-- -----io---- -system-- ----------cpu----------
   r    b         swpd         free         buff        cache   si   so    bi    bo   in   cs  us  sy  id  wa  st  gu
   1    0            0      7207236        23636       295188    0    0     0     0 11531 35889  28   5  67   0   0   0
   0    0            0      7346768        23636       295192    0    0     0     0 10121 30271  26   5  69   0   0   0
   1    0            0      7293656        23636       295204    0    0     0     0 6582 20771  17   4  79   0   0   0
   2    0            0      7255752        23636       295240    0    0     0     0 14038 53784  28   7  65   0   0   0
   2    0            0      7224908        23636       295240    0    0     0    16 12094 43706  29   6  65   0   0   0
   1    0            0      7221756        23636       295248    0    0     0     0 9861 32302  28   5  68   0   0   0
   3    0            0      7217912        23648       295248    0    0     0  3720 9674 31661  28   5  67   0   0   0
   1    0            0      7214888        23648       295252    0    0     0     0 9318 29762  27   4  68   0   0   0
   1    0            0      7214380        23648       295252    0    0     0     0 9793 31107  28   4  68   0   0   0
   1    0            0      7214156        23648       295260    0    0     0     0 9842 31218  28   5  67   0   0   0
   1    0            0      7213932        23648       295260    0    0     0     4 9770 31158  28   4  68   0   0   0
   1    0            0      7215512        23648       295264    0    0     0     0 9825 31192  28   5  68   0   0   0
   1    0            0      7217264        23648       295264    0    0     0     0 9761 30221  28   4  68   0   0   0
   1    0            0      7218792        23648       295268    0    0     0     0 9601 29308  27   5  68   0   0   0
   1    0            0      7220008        23648       295268    0    0     0     0 9671 29598  28   5  68   0   0   0
   1    0            0      7220264        23648       295276    0    0     0    84 9718 29468  28   5  67   0   0   0
   1    0            0      7220212        23648       295276    0    0     0     0 9674 29392  28   5  68   0   0   0
   1    0            0      7219156        23648       295276    0    0     0     0 9685 29261  28   4  68   0   0   0
   1    0            0      7218896        23648       295280    0    0     0     0 9822 29944  28   5  67   0   0   0
   1    0            0      7215200        23648       295432    0    0     0     0 9772 29832  29   5  66   0   0   0
   2    0            0      7215312        23648       295432    0    0     0     0 9847 29059  27   5  68   0   0   0
--procs-- -----------------------memory---------------------- ---swap-- -----io---- -system-- ----------cpu----------
   r    b         swpd         free         buff        cache   si   so    bi    bo   in   cs  us  sy  id  wa  st  gu
   2    0            0      7215148        23648       295436    0    0     0     0 9796 28597  27   5  68   0   0   0
   1    0            0      7214592        23648       295436    0    0     0     0 9783 28565  27   5  68   0   0   0
   4    0            0      7213732        23648       295440    0    0     0     0 9838 28799  28   4  68   0   0   0
   1    0            0      7213392        23648       295440    0    0     0     0 9946 29050  27   5  68   0   0   0
   1    0            0      7213188        23648       295444    0    0     0     0 9719 28459  27   5  68   0   0   0
   1    0            0      7212856        23648       295444    0    0     0     0 8327 18869  28   4  69   0   0   0
   2    0            0      7212352        23648       295452    0    0     0     0 7683 14754  27   4  69   0   0   0
   1    0            0      7212180        23648       295452    0    0     0     0 7581 14431  27   4  69   0   0   0
   1    0            0      7211848        23648       295452    0    0     0     0 7646 14715  27   4  69   0   0   0
   1    0            0      7211424        23648       295456    0    0     0     0 7684 14715  27   4  70   0   0   0
   3    0            0      7211344        23648       295456    0    0     0     0 7488 14210  27   4  69   0   0   0
   1    0            0      7323152        23648       295472    0    0     0     0 3954 6675  17   2  81   0   0   0
   3    0            0      7275840        23648       295484    0    0     0     0 9031 27553  25   5  69   0   0   0
   1    0            0      7254856        23648       295488    0    0     0     0 11229 37429  28   5  67   0   0   0
   1    0            0      7220000        23648       295492    0    0     0    20 10674 36579  29   5  66   0   0   0
   3    0            0      7217124        23648       295492    0    0     0     0 10545 36526  28   5  67   0   0   0
   3    0            0      7214128        23660       295492    0    0     0   164 10545 36679  28   5  67   0   0   0
   1    0            0      7211872        23660       295500    0    0     0     0 10731 37307  28   6  67   0   0   0
   1    0            0      7213136        23660       295500    0    0     0     0 11304 39108  28   4  67   0   0   0
   3    0            0      7215204        23660       295500    0    0     0     0 11359 38752  29   5  66   0   0   0
   1    0            0      7216292        23660       295516    0    0     0     0 11308 38743  28   6  66   0   0   0
--procs-- -----------------------memory---------------------- ---swap-- -----io---- -system-- ----------cpu----------
   r    b         swpd         free         buff        cache   si   so    bi    bo   in   cs  us  sy  id  wa  st  gu
   1    0            0      7217504        23660       295516    0    0     0     0 11305 38892  28   5  67   0   0   0
   1    0            0      7218568        23660       295516    0    0     0     0 11164 37150  28   5  67   0   0   0
   1    0            0      7219244        23660       295520    0    0     0     0 11275 37167  28   5  67   0   0   0
   1    0            0      7220156        23660       295520    0    0     0    80 11364 37307  28   5  67   0   0   0
   4    0            0      7219792        23660       295524    0    0     0     0 11305 37398  28   5  67   0   0   0
   1    0            0      7218728        23660       295524    0    0     0     0 11243 37276  28   4  67   0   0   0
   1    0            0      7218172        23660       295532    0    0     0     0 11312 37422  28   5  68   0   0   0
   1    0            0      7217328        23660       295532    0    0     0     0 11344 37728  29   5  67   0   0   0
   1    0            0      7216788        23660       295532    0    0     0  2660 11264 37513  28   5  68   0   0   0
   1    0            0      7216124        23660       295540    0    0     0     0 11365 37359  27   6  67   0   0   0
   3    0            0      7216380        23660       295540    0    0     0     0 11384 37381  28   5  67   0   0   0
   1    0            0      7215744        23660       295540    0    0     0     0 11397 37444  28   5  67   0   0   0
   2    0            0      7215640        23660       295544    0    0     0     0 11331 37313  28   5  67   0   0   0
   2    0            0      7215308        23660       295544    0    0     0  1256 11349 37292  28   4  68   0   0   0
   1    0            0      7215024        23660       295548    0    0     0     0 11274 37379  28   5  67   0   0   0
   1    0            0      7214836        23660       295548    0    0     0     0 11306 37573  28   5  67   0   0   0
   1    0            0      7213908        23660       295556    0    0     0     0 9639 27035  27   5  68   0   0   0
   1    0            0      7213288        23660       295556    0    0     0     0 9240 24387  27   4  68   0   0   0
   1    0            0      7213372        23660       295556    0    0     0     0 9225 24131  27   4  68   0   0   0
   1    0            0      7213008        23660       295560    0    0     0     0 9233 24305  27   4  68   0   0   0
   3    0            0      7212900        23660       295560    0    0     0     0 8902 23064  27   5  68   0   0   0
--procs-- -----------------------memory---------------------- ---swap-- -----io---- -system-- ----------cpu----------
   r    b         swpd         free         buff        cache   si   so    bi    bo   in   cs  us  sy  id  wa  st  gu
   1    0            0      7303488        23660       295580    0    0     0     0 3129 5718  14   3  83   0   0   0
   1    0            0      7259864        23660       295588    0    0     0     0 5954 9110  27   5  69   0   0   0
   1    0            0      7219808        23660       295780    0    0     0     0 5705 9964  27   5  68   0   0   0
   1    0            0      7240412        23660       295700    0    0     0    20 6075 12195  26   4  70   0   0   0
   4    0            0      7240160        23672       295696    0    0     0    84 5890 10803  26   4  70   0   0   0
   1    0            0      7239908        23672       295708    0    0     0     0 5955 10888  27   4  70   0   0   0
   1    0            0      7239404        23672       295708    0    0     0     0 5923 10872  27   4  70   0   0   0
   4    0            0      7238900        23672       295708    0    0     0     0 5915 10802  27   3  70   0   0   0
   1    0            0      7237800        23672       295712    0    0     0     0 6046 11004  27   4  69   0   0   0
   1    0            0      7237388        23672       295716    0    0     0     0 6260 12210  27   3  70   0   0   0
   1    0            0      7236884        23672       295720    0    0     0     0 6401 12322  27   4  69   0   0   0
   1    0            0      7236380        23672       295720    0    0     0     0 6361 12216  27   3  70   0   0   0
   1    0            0      7235532        23672       295728    0    0     0     0 6465 12313  27   4  69   0   0   0
   1    0            0      7235200        23672       295728    0    0     0    80 6477 12231  27   4  69   0   0   0
   1    0            0      7234616        23672       295736    0    0     0     0 6418 12245  27   3  70   0   0   0
   1    0            0      7234192        23672       295736    0    0     0     0 6529 12318  27   3  70   0   0   0
   3    0            0      7233688        23672       295736    0    0     0     0 6455 12243  27   4  70   0   0   0
   1    0            0      7233104        23672       295740    0    0     0     0 6437 12185  27   4  69   0   0   0
   1    0            0      7232004        23672       295740    0    0     0     8 6405 12116  27   4  70   0   0   0
   1    0            0      7231844        23672       295748    0    0     0     0 6384 12304  26   4  70   0   0   0
   1    0            0      7230836        23672       295748    0    0     0     0 6411 12256  27   3  70   0   0   0
--procs-- -----------------------memory---------------------- ---swap-- -----io---- -system-- ----------cpu----------
   r    b         swpd         free         buff        cache   si   so    bi    bo   in   cs  us  sy  id  wa  st  gu
   2    0            0      7230492        23672       295748    0    0     0     0 6437 12195  27   4  69   0   0   0
   4    0            0      7229828        23672       295752    0    0     0     0 6553 12432  27   4  69   0   0   0
   1    0            0      7229484        23672       295752    0    0     0     0 6446 12224  27   4  69   0   0   0
   1    0            0      7229072        23672       295760    0    0     0     0 6380 12141  27   3  70   0   0   0
   1    0            0      7227468        23672       295760    0    0     0     0 6556 12318  27   4  69   0   0   0
   1    0            0      7227056        23672       295760    0    0     0     0 6426 12276  28   4  69   0   0   0
   1    0            0      7226296        23672       295764    0    0     0     0 6486 12138  27   4  69   0   0   0
   1    0            0      7225408        23672       295764    0    0     0     0 6414 12297  26   4  70   0   0   0
   1    0            0      7224840        23672       295768    0    0     0     0 6402 12161  27   4  70   0   0   0
   0    0            0      7349312        23672       295732    0    0     0     0 5880 10725  25   4  71   0   0   0
   1    0            0      7289828        23672       295756    0    0     0     0 6191 20002  17   4  79   0   0   0
   2    0            0      7256684        23672       295756    0    0     0     0 13290 50763  29   6  65   0   0   0
   3    0            0      7226204        23672       295756    0    0     0     0 11386 39523  29   6  65   0   0   0
   1    0            0      7223012        23672       295764    0    0     0    24 9193 27201  27   5  68   0   0   0
   3    0            0      7216064        23684       295764    0    0     0   132 9289 27374  29   6  65   0   0   0
   1    0            0      7184216        23688       295772    0    0     0    12 8346 21561  33   6  61   0   0   0
   3    0            0      7184160        23688       295776    0    0     0     0 7172 13732  27   5  68   0   0   0
   1    0            0      7187612        23688       295776    0    0     0     0 6499 12007  27   4  69   0   0   0
   3    0            0      7193452        23688       295780    0    0     0     0 6431 12029  28   3  69   0   0   0
   1    0            0      7199228        23688       295784    0    0     0     0 6146 11120  27   4  69   0   0   0
   1    0            0      7204116        23688       295788    0    0     0     0 6087 10724  27   4  69   0   0   0
--procs-- -----------------------memory---------------------- ---swap-- -----io---- -system-- ----------cpu----------
   r    b         swpd         free         buff        cache   si   so    bi    bo   in   cs  us  sy  id  wa  st  gu
   3    0            0      7208344        23688       295792    0    0     0     0 6283 10505  27   4  69   0   0   0
   1    0            0      7212272        23688       295792    0    0     0     0 6365 10586  27   4  69   0   0   0
   4    0            0      7213764        23688       295796    0    0     0    80 6319 10535  27   4  69   0   0   0
   1    0            0      7214528        23688       295796    0    0     0     0 6369 10579  27   4  69   0   0   0
   1    0            0      7214528        23688       295800    0    0     0     0 6393 10525  26   5  69   0   0   0
   3    0            0      7214356        23688       295800    0    0     0     0 6292 10398  27   4  69   0   0   0
   1    0            0      7214276        23688       295804    0    0     0     0 6414 10575  27   4  69   0   0   0
   1    0            0      7214276        23688       295804    0    0     0     8 6280 10332  27   4  69   0   0   0
   3    0            0      7214276        23688       295808    0    0     0     0 6339 10582  27   4  69   0   0   0
   1    0            0      7214084        23688       295808    0    0     0     0 6407 11227  27   4  69   0   0   0
   1    0            0      7213860        23688       295816    0    0     0     0 6417 11192  27   4  69   0   0   0
   1    0            0      7213636        23688       295816    0    0     0     0 6436 11369  27   4  69   0   0   0
   1    0            0      7213188        23688       295816    0    0     0     0 6439 11173  28   4  69   0   0   0
   1    0            0      7212740        23688       295820    0    0     0     0 6472 11201  27   4  69   0   0   0
   1    0            0      7212292        23688       295820    0    0     0     0 6558 11280  27   4  69   0   0   0
   1    0            0      7212068        23688       295824    0    0     0     0 6771 11974  27   4  69   0   0   0
   3    0            0      7211652        23688       295824    0    0     0     0 6714 12125  27   4  69   0   0   0
   1    0            0      7211204        23688       295832    0    0     0     0 6772 12116  27   5  69   0   0   0
   1    0            0      7210948        23688       295832    0    0     0     0 6642 11910  27   4  69   0   0   0
   1    0            0      7342156        23688       295772    0    0     0     0 3919 6590  17   3  80   0   0   0
   1    0            0      7273444        23688       295820    0    0     0     0 5622 10982  25   4  71   0   0   0
--procs-- -----------------------memory---------------------- ---swap-- -----io---- -system-- ----------cpu----------
   r    b         swpd         free         buff        cache   si   so    bi    bo   in   cs  us  sy  id  wa  st  gu
   1    0            0      7257644        23688       295820    0    0     0     0 9655 27703  28   6  66   0   0   0
   2    0            0      7238284        23688       295964    0    0     0    24 11791 42751  29   5  66   0   0   0
   1    0            0      7236800        23700       295964    0    0     0   104 12602 49225  29   6  65   0   0   0
   1    0            0      7235288        23700       295964    0    0     0  3684 12200 51429  28   6  66   0   0   0
   1    0            0      7233616        23700       295972    0    0     0     0 12450 52918  29   6  65   0   0   0
   2    0            0      7232448        23700       295972    0    0     0     0 12552 52615  28   5  66   0   0   0
   1    0            0      7230936        23700       295972    0    0     0     0 12878 54159  28   6  65   0   0   0
   3    0            0      7209136        23700       295972    0    0     0     0 12958 54568  29   6  65   0   0   0
   3    0            0      7208760        23700       295996    0    0     0     0 13056 54941  28   7  66   0   0   0
   1    0            0      7208508        23700       296012    0    0     0     0 13246 55692  28   6  66   0   0   0
   1    0            0      7208508        23700       296012    0    0     0     0 13121 56024  29   6  65   0   0   0
   1    0            0      7208256        23700       296016    0    0     0    76 13179 55709  28   7  65   0   0   0
   3    0            0      7207752        23700       296016    0    0     0     0 13374 56270  29   5  66   0   0   0
   1    0            0      7207500        23700       296024    0    0     0     0 13097 55787  28   6  66   0   0   0
   1    0            0      7206996        23700       296024    0    0     0     0 13312 56316  29   6  66   0   0   0
   1    0            0      7205736        23700       296024    0    0     0     0 13213 55900  28   7  65   0   0   0
   3    0            0      7205232        23700       296028    0    0     0     0 13137 55706  28   6  66   0   0   0
   1    0            0      7204808        23700       296028    0    0     0     8 13337 56326  28   6  66   0   0   0
   1    0            0      7203880        23700       296036    0    0     0     0 13037 55303  28   6  66   0   0   0
   1    0            0      7203468        23700       296036    0    0     0     0 13134 55775  28   6  66   0   0   0
   2    0            0      7317936        23700       296036    0    0     0     0 5264 19256  15   4  81   0   0   0
--procs-- -----------------------memory---------------------- ---swap-- -----io---- -system-- ----------cpu----------
   r    b         swpd         free         buff        cache   si   so    bi    bo   in   cs  us  sy  id  wa  st  gu
   1    0            0      7254008        23700       295976    0    0     0     0 7067 15943  27   5  68   0   0   0
   1    0            0      7244600        23700       296092    0    0     0     0 14157 56369  28   7  65   0   0   0
   1    0            0      7226372        23700       296096    0    0     0     0 15275 64605  28   7  65   0   0   0
   1    0            0      7224784        23700       296096    0    0     0     0 14828 63189  29   6  65   0   0   0
   2    0            0      7221908        23700       296100    0    0     0     8 13808 62188  30   8  62   0   0   0
   1    0            0      7221536        23700       296100    0    0     0     0 13416 60141  29   5  65   0   0   0
   1    0            0      7219520        23700       296104    0    0     0     0 13609 60381  28   6  65   0   0   0
   1    0            0      7219296        23700       296104    0    0     0     0 13653 60207  29   6  64   0   0   0
   1    0            0      7219296        23700       296112    0    0     0     0 13745 60675  28   6  66   0   0   0
   1    0            0      7200724        23700       296112    0    0     0     0 13805 60174  28   6  65   0   0   0
   1    0            0      7200648        23700       296112    0    0     0     0 13933 60339  29   6  65   0   0   0
   1    0            0      7200396        23700       296120    0    0     0    24 13953 60915  29   6  65   0   0   0
   2    0            0      7200396        23712       296128    0    0     0    88 14029 61717  29   6  66   0   0   0
   3    0            0      7199640        23712       296132    0    0     0    88 13946 61345  29   6  65   0   0   0
   1    0            0      7199216        23712       296132    0    0     0     0 14103 62028  29   6  65   0   0   0
   1    0            0      7198884        23712       296136    0    0     0     0 14065 61568  29   6  65   0   0   0
   1    0            0      7198380        23712       296136    0    0     0     0 14315 62380  28   6  66   0   0   0
   1    0            0      7198128        23712       296140    0    0     0     0 14095 61645  28   7  65   0   0   0
   1    0            0      7197704        23712       296140    0    0     0     0 14019 61872  29   6  65   0   0   0
   1    0            0      7197120        23712       296148    0    0     0     0 13902 61518  30   5  65   0   0   0
   1    0            0      7197120        23712       296152    0    0     0     0 14131 62031  29   6  65   0   0   0
--procs-- -----------------------memory---------------------- ---swap-- -----io---- -system-- ----------cpu----------
   r    b         swpd         free         buff        cache   si   so    bi    bo   in   cs  us  sy  id  wa  st  gu
   1    0            0      7272380        23716       296160    0    0     0     0 3646 10418  15   4  81   0   0   0
   1    0            0      7265096        23716       296168    0    0     0     0 3906 4277  27   5  69   0   0   0
   1    0            0      7257212        23716       296176    0    0     0     0 4202 5005  27   4  70   0   0   0
   1    0            0      7228736        23716       296176    0    0     0     0 4276 4749  26   4  69   0   0   0
   1    0            0      7228736        23716       296180    0    0     0     0 4071 4932  27   3  70   0   0   0
   1    0            0      7228484        23716       296180    0    0     0    92 4010 4945  26   4  70   0   0   0
   1    0            0      7227728        23716       296188    0    0     0     0 4164 5182  26   4  70   0   0   0
   1    0            0      7227476        23716       296188    0    0     0     0 4063 4993  26   4  70   0   0   0
   1    0            0      7226972        23716       296188    0    0     0     0 3998 4885  26   4  71   0   0   0
   1    0            0      7208072        23716       296192    0    0     0     0 4133 4776  26   4  70   0   0   0
   1    0            0      7208072        23716       296192    0    0     0    28 4030 5029  26   4  70   0   0   0
   1    0            0      7207568        23716       296196    0    0     0     0 4126 5064  27   3  70   0   0   0
   1    0            0      7207092        23716       296196    0    0     0     0 4049 4952  26   4  71   0   0   0
   1    0            0      7206588        23716       296200    0    0     0     0 4030 4899  26   4  70   0   0   0
   2    0            0      7206084        23716       296200    0    0     0  3808 4018 4900  26   4  70   0   0   0
   1    0            0      7204824        23716       296208    0    0     0     0 4128 5024  27   3  70   0   0   0
   1    0            0      7204824        23716       296208    0    0     0     0 4130 5012  26   4  70   0   0   0
   1    0            0      7203060        23716       296208    0    0     0     0 4024 4934  27   3  70   0   0   0
   3    0            0      7202888        23716       296212    0    0     0     0 4104 5093  26   4  71   0   0   0
   1    0            0      7202304        23716       296216    0    0     0     0 4183 5141  26   4  70   0   0   0
   1    0            0      7201960        23716       296216    0    0     0     0 4061 4943  26   4  70   0   0   0
--procs-- -----------------------memory---------------------- ---swap-- -----io---- -system-- ----------cpu----------
   r    b         swpd         free         buff        cache   si   so    bi    bo   in   cs  us  sy  id  wa  st  gu
   1    0            0      7298072        23724       296200    0    0     0    64 4079 5144  26   4  70   0   0   0
   1    0            0      7270720        23724       296196    0    0     0     0 2260 2230  15   4  81   0   0   0
   1    0            0      7262688        23724       296212    0    0     0     0 4321 5210  26   5  69   0   0   0
   1    0            0      7246352        23724       296224    0    0     0     0 4244 5133  27   4  70   0   0   0
   3    0            0      7224176        23724       296224    0    0     0     0 4262 4886  26   4  70   0   0   0
   1    0            0      7223924        23724       296228    0    0     0     0 4029 4927  26   4  70   0   0   0
   3    0            0      7223672        23724       296228    0    0     0     0 4108 4948  26   3  71   0   0   0
   1    0            0      7223420        23724       296232    0    0     0     0 4054 4924  26   4  70   0   0   0
   1    0            0      7214600        23724       296236    0    0     0     0 4103 4806  27   3  70   0   0   0
   1    0            0      7203260        23724       296244    0    0     0     0 4230 4887  26   4  70   0   0   0
   1    0            0      7203260        23724       296244    0    0     0    20 4124 4932  26   3  70   0   0   0
   1    0            0      7203008        23724       296248    0    0     0     0 4118 4993  26   4  70   0   0   0
   1    0            0      7202756        23724       296248    0    0     0     0 4044 4870  26   4  71   0   0   0
   1    0            0      7202252        23724       296248    0    0     0     0 4082 4948  26   3  70   0   0   0
   1    0            0      7201748        23724       296252    0    0     0     0 4125 5008  26   4  70   0   0   0
   1    0            0      7201496        23724       296252    0    0     0    80 4022 4887  26   3  71   0   0   0
   3    0            0      7200992        23724       296256    0    0     0     0 4125 4875  27   4  70   0   0   0
   1    0            0      7200820        23724       296256    0    0     0     0 4046 4867  26   3  71   0   0   0
   1    0            0      7200236        23724       296260    0    0     0     0 4128 4994  26   4  70   0   0   0
   1    0            0      7199812        23724       296260    0    0     0     0 4060 4862  26   4  70   0   0   0
   3    0            0      7198884        23724       296264    0    0     0     8 4099 4925  26   3  70   0   0   0
--procs-- -----------------------memory---------------------- ---swap-- -----io---- -system-- ----------cpu----------
   r    b         swpd         free         buff        cache   si   so    bi    bo   in   cs  us  sy  id  wa  st  gu
   1    0            0      7198472        23724       296264    0    0     0     0 4009 4841  26   4  70   0   0   0
   0    0            0      7344152        23728       296276    0    0     0     0 3090 3932  19   3  78   0   0   0
   1    0            0      7264188        23728       296252    0    0     0     0 4129 6993  22   4  74   0   0   0
   1    0            0      7245408        23728       296260    0    0     0     0 9176 26008  27   5  68   0   0   0
   1    0            0      7229656        23728       296292    0    0     0     0 12738 48518  29   5  66   0   0   0
   1    0            0      7228200        23728       296296    0    0     0     0 13270 52499  28   5  67   0   0   0
   1    0            0      7209328        23728       296296    0    0     0     0 12548 52862  28   6  66   0   0   0
   3    0            0      7208176        23736       296300    0    0     0    76 12456 52713  28   6  66   0   0   0
   1    0            0      7206136        23736       296300    0    0     0     0 12548 52593  28   6  66   0   0   0
   3    0            0      7206012        23736       296308    0    0     0     0 12693 53675  28   5  66   0   0   0
   1    0            0      7205004        23736       296308    0    0     0    64 12834 53785  28   6  66   0   0   0
   1    0            0      7205004        23736       296312    0    0     0     0 13052 54294  28   6  66   0   0   0
   1    0            0      7200496        23736       296344    0    0     0     0 13075 54645  28   5  66   0   0   0
   1    0            0      7200244        23736       296360    0    0     0     0 13016 55151  28   6  66   0   0   0
   1    0            0      7199740        23736       296400    0    0     0     0 13111 55515  28   5  66   0   0   0
   1    0            0      7198620        23736       296400    0    0     0    24 13154 55487  29   6  65   0   0   0
   1    0            0      7198256        23736       296400    0    0     0     0 13185 55851  29   5  66   0   0   0
   1    0            0      7197752        23736       296404    0    0     0     0 13106 55689  29   5  66   0   0   0
   2    0            0      7197580        23736       296404    0    0     0     0 13192 56651  29   5  66   0   0   0
   1    0            0      7197076        23736       296412    0    0     0     0 13033 55557  29   5  66   0   0   0
   3    0            0      7196824        23736       296416    0    0     0     0 13347 56500  28   6  66   0   0   0
--procs-- -----------------------memory---------------------- ---swap-- -----io---- -system-- ----------cpu----------
   r    b         swpd         free         buff        cache   si   so    bi    bo   in   cs  us  sy  id  wa  st  gu
   2    0            0      7195552        23736       296416    0    0     0     0 13058 55514  29   5  66   0   0   0
   1    0            0      7194980        23736       296420    0    0     0     0 13249 56391  29   5  66   0   0   0
   1    0            0      7330956        23736       296344    0    0     0     0 6694 26264  18   3  79   0   0   0
   1    0            0      7259456        23736       296360    0    0     0     0 9823 30884  25   6  69   0   0   0
   1    0            0      7249748        23736       296360    0    0     0    80 13921 56896  28   7  65   0   0   0
   2    0            0      7235752        23736       296420    0    0     0     0 15741 70079  29   7  64   0   0   0
   2    0            0      7221724        23744       296420    0    0     0    68 15746 68501  30   7  63   0   0   0
   1    0            0      7196736        23760       296436    0    0     0    84 13514 62802  34  10  56   0   0   0
   2    0            0      7195584        23760       296436    0    0     0     0 14283 66390  28   7  65   0   0   0
   2    0            0      7195436        23760       296436    0    0     0     8 14275 65346  28   7  65   0   0   0
   3    0            0      7193420        23760       296440    0    0     0     0 14088 64393  29   6  65   0   0   0
   3    0            0      7184508        23760       296440    0    0     0     0 14300 65143  29   7  65   0   0   0
   1    0            0      7179384        23760       296444    0    0     0     0 14393 64567  29   6  65   0   0   0
   1    0            0      7179308        23760       296456    0    0     0     0 14532 65288  29   6  65   0   0   0
   1    0            0      7179308        23760       296460    0    0     0    20 14671 65978  29   6  65   0   0   0
   1    0            0      7179056        23760       296460    0    0     0     0 14484 65046  29   6  64   0   0   0
   3    0            0      7178884        23760       296468    0    0     0     0 14697 65692  29   6  65   0   0   0
   2    0            0      7178328        23760       296468    0    0     0  4124 14570 65132  29   7  64   0   0   0
   1    0            0      7180564        23760       296472    0    0     0     0 14607 65837  29   6  65   0   0   0
   3    0            0      7182488        23760       296472    0    0     0     0 14596 65669  29   6  65   0   0   0
   2    0            0      7183952        23760       296472    0    0     0     0 14691 66270  28   7  65   0   0   0
--procs-- -----------------------memory---------------------- ---swap-- -----io---- -system-- ----------cpu----------
   r    b         swpd         free         buff        cache   si   so    bi    bo   in   cs  us  sy  id  wa  st  gu
   2    0            0      7184900        23760       296476    0    0     0     0 14459 64944  29   7  65   0   0   0
   1    0            0      7184900        23760       296476    0    0     0     0 14571 65542  29   6  65   0   0   0
   1    0            0      7183640        23760       296480    0    0     0     0 14578 65212  29   6  65   0   0   0
   1    0            0      7297236        23760       296480    0    0     0     0 5642 21758  15   4  81   0   0   0
   1    0            0      7250664        23760       296408    0    0     0     0 5803 11872  27   5  69   0   0   0
   3    0            0      7259944        23760       296444    0    0     0     0 11604 39354  28   6  66   0   0   0
   1    0            0      7227416        23760       296448    0    0     0     0 13665 52720  29   6  66   0   0   0
   1    0            0      7225708        23760       296448    0    0     0     0 13321 54153  28   5  67   0   0   0
   3    0            0      7224184        23760       296456    0    0     0     0 12500 53778  28   6  66   0   0   0
   1    0            0      7224048        23760       296456    0    0     0     0 12638 53720  28   6  66   0   0   0
   2    0            0      7221932        23760       296460    0    0     0     0 12779 53761  29   5  66   0   0   0
   1    0            0      7209836        23760       296460    0    0     0     0 12919 54274  28   6  65   0   0   0
   2    0            0      7206436        23760       296464    0    0     0     0 12982 54228  28   5  66   0   0   0
   1    0            0      7202228        23760       296464    0    0     0    96 13077 54542  28   5  66   0   0   0
   2    0            0      7200640        23760       296468    0    0     0     0 13071 54843  28   6  66   0   0   0
   2    0            0      7200388        23760       296500    0    0     0     0 13317 56421  29   5  66   0   0   0
   1    0            0      7199884        23768       296504    0    0     0   112 13231 56301  29   5  65   0   0   0
   1    0            0      7199632        23768       296504    0    0     0     0 13281 56708  29   5  66   0   0   0
   1    0            0      7199128        23768       296512    0    0     0     0 13180 56061  29   5  66   0   0   0
   1    0            0      7198624        23768       296512    0    0     0     8 13433 56959  28   5  66   0   0   0
   3    0            0      7198452        23768       296516    0    0     0     0 13233 56483  29   6  65   0   0   0
--procs-- -----------------------memory---------------------- ---swap-- -----io---- -system-- ----------cpu----------
   r    b         swpd         free         buff        cache   si   so    bi    bo   in   cs  us  sy  id  wa  st  gu
   1    0            0      7198120        23768       296516    0    0     0     0 13339 56951  28   5  66   0   0   0
   1    0            0      7197272        23768       296516    0    0     0     0 13235 56207  29   6  65   0   0   0
   1    0            0      7196860        23768       296524    0    0     0     0 13405 57083  29   6  65   0   0   0
   1    0            0      7196608        23768       296524    0    0     0     0 13331 56632  29   5  66   0   0   0
   1    0            0      7282772        23768       296524    0    0     0     0 3867 9952  16   4  81   0   0   0
   3    0            0      7258728        23768       296508    0    0     0     0 7582 17807  27   5  68   0   0   0
   1    0            0      7235700        23768       296556    0    0     0     0 10627 35269  28   6  67   0   0   0
   1    0            0      7228092        23768       296556    0    0     0     0 12568 49063  28   6  66   0   0   0
   1    0            0      7211688        23768       296560    0    0     0     0 12967 52899  29   6  65   0   0   0
   2    0            0      7210520        23768       296560    0    0     0     0 12421 53752  28   6  66   0   0   0
   1    0            0      7208596        23768       296568    0    0     0     0 12682 53453  28   6  65   0   0   0
   1    0            0      7206200        23768       296568    0    0     0     0 12906 54787  28   5  66   0   0   0
   2    0            0      7204564        23768       296568    0    0     0     0 13097 54632  28   6  66   0   0   0
   1    0            0      7200608        23768       296568    0    0     0    20 13108 55363  29   6  65   0   0   0
   3    0            0      7200028        23768       296604    0    0     0     0 13082 55563  28   6  66   0   0   0
   1    0            0      7191612        23768       296636    0    0     0     0 13251 56465  28   5  66   0   0   0
   3    0            0      7190200        23768       296660    0    0     0     0 13287 56523  29   6  65   0   0   0
   2    0            0      7189948        23768       296696    0    0     0     0 13386 57314  29   5  66   0   0   0
   1    0            0      7191736        23768       296696    0    0     0     4 13342 56682  29   6  65   0   0   0
   2    0            0      7193488        23768       296708    0    0     0     0 13297 56766  29   5  66   0   0   0
   1    0            0      7194776        23768       296708    0    0     0     0 13538 57587  28   7  65   0   0   0
--procs-- -----------------------memory---------------------- ---swap-- -----io---- -system-- ----------cpu----------
   r    b         swpd         free         buff        cache   si   so    bi    bo   in   cs  us  sy  id  wa  st  gu
   1    0            0      7192804        23768       296708    0    0     0     0 13338 56841  29   7  64   0   0   0
   1    0            0      7192508        23768       296712    0    0     0     0 13509 57170  29   5  66   0   0   0
   1    0            0      7192084        23768       296712    0    0     0     0 13385 56915  29   7  65   0   0   0
   1    0            0      7192004        23768       296716    0    0     0     0 13450 57106  28   6  66   0   0   0
   1    0            0      7288592        23780       296704    0    0     0    60 12854 54223  28   6  66   0   0   0
   1    0            0      7269056        23780       296708    0    0     0    48 2166 1963  15   3  82   0   0   0
   1    0            0      7268788        23780       296712    0    0     0     0 4056 4896  27   5  69   0   0   0
   1    0            0      7242152        23780       296696    0    0     0    84 4231 4863  27   5  69   0   0   0
   1    0            0      7232072        23780       296704    0    0     0     0 4213 5104  26   3  71   0   0   0
   1    0            0      7228796        23780       296704    0    0     0     0 4200 5027  26   4  70   0   0   0
   1    0            0      7228544        23780       296704    0    0     0     0 4270 5197  26   4  70   0   0   0
   1    0            0      7228292        23780       296708    0    0     0     0 4193 5067  26   4  70   0   0   0
   4    0            0      7228040        23780       296708    0    0     0     8 4168 5008  27   3  70   0   0   0
   1    0            0      7208636        23780       296712    0    0     0     0 4251 4743  27   4  69   0   0   0
   1    0            0      7173224        23780       296708    0    0     0    16 4264 4985  31   6  63   0   0   0
   1    0            0      7173116        23780       296720    0    0     0     0 4130 5042  26   4  70   0   0   0
   3    0            0      7173128        23780       296724    0    0     0     0 4086 4973  26   4  70   0   0   0
   1    0            0      7173128        23780       296724    0    0     0     0 4163 5080  27   3  70   0   0   0
   3    0            0      7173128        23780       296728    0    0     0    24 4008 4801  26   4  70   0   0   0
   1    0            0      7172876        23780       296728    0    0     0     0 4247 5254  27   3  70   0   0   0
   1    0            0      7174696        23780       296728    0    0     0     0 4188 5172  27   3  70   0   0   0
--procs-- -----------------------memory---------------------- ---swap-- -----io---- -system-- ----------cpu----------
   r    b         swpd         free         buff        cache   si   so    bi    bo   in   cs  us  sy  id  wa  st  gu
   3    0            0      7177732        23780       296732    0    0     0     0 4191 5191  26   4  70   0   0   0
   1    0            0      7180604        23780       296732    0    0     0     0 4200 5268  27   3  70   0   0   0
   3    0            0      7182824        23780       296736    0    0     0     0 4261 5265  26   3  70   0   0   0
   1    0            0      7184868        23780       296736    0    0     0     0 4294 5454  26   4  70   0   0   0
   1    0            0      7186304        23780       296744    0    0     0     0 4327 5445  26   4  70   0   0   0
   0    0            0      7338388        23780       296744    0    0     0     0 3448 4423  22   3  76   0   0   0
   1    0            0      7245744        23780       296728    0    0     0     0 6499 25205  21   6  73   0   0   0
   1    0            0      7179196        23780       296728    0    0     0     0 9750 39319  27  10  62   0   0   0
   3    0            0      7109020        23780       296740    0    0     0     0 9837 39467  28   9  63   0   0   0
   1    0            0      7041084        23780       296740    0    0     0     0 9558 37244  26  10  64   0   0   0
   1    0            0      6991696        23780       296744    0    0     0     0 9500 37128  26  10  64   0   0   0
   1    0            0      6934808        23780       296744    0    0     0     0 9568 37557  26   9  64   0   0   0
   1    0            0      6885420        23780       296752    0    0     0     0 9549 37134  26  10  64   0   0   0
   1    0            0      6836488        23780       296752    0    0     0     0 9490 36851  27   9  64   0   0   0
   1    0            0      6779596        23792       296752    0    0     0   100 9533 37351  27   9  64   0   0   0
   2    0            0      6730900        23792       296760    0    0     0     0 9499 37093  26  10  64   0   0   0
   1    0            0      6682096        23792       296760    0    0     0     0 9524 37341  26   9  64   0   0   0
   1    0            0      6625480        23792       296760    0    0     0   100 9477 37041  26   9  64   0   0   0
   1    0            0      6576768        23792       296764    0    0     0     0 9589 37267  27   9  64   0   0   0
   1    0            0      6528060        23792       296764    0    0     0     0 9546 37455  26  10  64   0   0   0
   2    0            0      6471512        23792       296772    0    0     0     0 9521 37689  26   9  64   0   0   0
--procs-- -----------------------memory---------------------- ---swap-- -----io---- -system-- ----------cpu----------
   r    b         swpd         free         buff        cache   si   so    bi    bo   in   cs  us  sy  id  wa  st  gu
   1    0            0      6422972        23792       296772    0    0     0     0 9504 37561  26   9  64   0   0   0
   1    0            0      6460092        23792       296772    0    0     0     8 5029 17112  26   4  70   0   0   0
   1    0            0      6460092        23792       296784    0    0     0     0 1085   86  25   0  75   0   0   0
   3    0            0      7210264        23792       296800    0    0     0  4496 4473 15727  14   7  79   0   0   0
   1    0            0      7193564        23792       296804    0    0     0     0 9517 37433  27  10  63   0   0   0
   3    0            0      7098572        23792       296804    0    0     0     0 9696 39077  27  10  63   0   0   0
   1    0            0      7049992        23792       296812    0    0     0     0 9251 35716  26   9  65   0   0   0
   1    0            0      6990448        23792       296812    0    0     0     0 9412 36109  27   9  65   0   0   0
   2    0            0      6941732        23792       296812    0    0     0     0 9271 35712  26   9  65   0   0   0
   1    0            0      6885184        23792       296816    0    0     0     0 9254 35681  26   9  65   0   0   0
   1    0            0      6836476        23792       296816    0    0     0     0 9308 36120  26   9  65   0   0   0
   1    0            0      6779848        23792       296824    0    0     0     0 9286 35762  26   9  65   0   0   0
   1    0            0      6731140        23792       296824    0    0     0     0 9367 35807  26   9  65   0   0   0
   1    0            0      6674320        23792       296824    0    0     0     0 9313 35592  26  10  64   0   0   0
   1    0            0      6625652        23792       296828    0    0     0     0 9324 35842  26   9  65   0   0   0
   1    0            0      6569032        23792       296828    0    0     0     0 9377 35775  27   9  65   0   0   0
   3    0            0      6520588        23792       296836    0    0     0    20 9298 35767  27   9  65   0   0   0
   1    0            0      6463948        23792       296836    0    0     0     0 9346 36059  26   9  65   0   0   0
   1    0            0      6415504        23792       296836    0    0     0     0 9366 36086  26   9  65   0   0   0
   1    0            0      6437324        23792       296860    0    0     0     0 6783 24263  27   5  68   0   0   0
   1    0            0      6437324        23792       296860    0    0     0     0 1112  103  25   0  75   0   0   0
--procs-- -----------------------memory---------------------- ---swap-- -----io---- -system-- ----------cpu----------
   r    b         swpd         free         buff        cache   si   so    bi    bo   in   cs  us  sy  id  wa  st  gu
   0    0            0      7232136        23792       296860    0    0     0     0 1098   97  24   2  75   0   0   0
   3    0            0      7203620        23792       296872    0    0     0     0 2824 2541  16   5  79   0   0   0
   1    0            0      7146648        23800       296880    0    0     0   132 5053 5362  26   8  66   0   0   0
   4    0            0      7041988        23800       296892    0    0     0     0 4656 5207  25   8  67   0   0   0
   4    0            0      6961348        23800       296892    0    0     0     0 4271 4914  25   7  68   0   0   0
   1    0            0      6896856        23800       296892    0    0     0     0 4465 5325  25   8  67   0   0   0
   1    0            0      6824280        23800       296900    0    0     0    84 4206 4712  25   7  68   0   0   0
   4    0            0      6751684        23800       296900    0    0     0     0 3964 4250  25   8  68   0   0   0
   1    0            0      6687192        23800       296904    0    0     0     0 4477 5454  25   7  68   0   0   0
   1    0            0      6614596        23800       296904    0    0     0     0 4401 5258  25   8  68   0   0   0
   1    0            0      6550104        23800       296912    0    0     0     0 4302 5100  25   8  67   0   0   0
   3    0            0      6477528        23800       296912    0    0     0    20 4424 5253  25   8  68   0   0   0
   1    0            0      6413016        23800       296916    0    0     0     0 4370 5157  25   7  68   0   0   0
   3    0            0      6340944        23800       296916    0    0     0     0 4544 5616  25   8  67   0   0   0
   1    0            0      6268792        23800       296920    0    0     0     0 4390 5255  25   7  68   0   0   0
   1    0            0      6204280        23800       296920    0    0     0     0 4379 5211  26   7  67   0   0   0
   3    0            0      6131704        23800       296924    0    0     0    12 4385 5303  25   7  68   0   0   0
   1    0            0      6161880        23804       296920    0    0     0     0 3091 3519  25   5  71   0   0   0
   0    0            0      7211480        23804       296940    0    0     0     0 1070  265  18   2  80   0   0   0
   1    0            0      7179444        23804       296944    0    0     0     0 3618 3535  20   6  74   0   0   0
   1    0            0      7123020        23804       296952    0    0     0     0 5138 5493  25   9  66   0   0   0
--procs-- -----------------------memory---------------------- ---swap-- -----io---- -system-- ----------cpu----------
   r    b         swpd         free         buff        cache   si   so    bi    bo   in   cs  us  sy  id  wa  st  gu
   1    0            0      7032616        23804       296952    0    0     0     0 4701 5282  25   8  67   0   0   0
   1    0            0      6957872        23804       296960    0    0     0     0 4496 5156  25   7  68   0   0   0
   1    0            0      6889348        23804       296960    0    0     0     0 4376 4861  26   7  67   0   0   0
   1    0            0      6816772        23804       296960    0    0     0     0 4271 4577  26   7  67   0   0   0
   3    0            0      6744176        23804       296968    0    0     0     0 4368 4856  25   7  68   0   0   0
   3    0            0      6679684        23804       296968    0    0     0     0 4552 5315  25   8  68   0   0   0
   1    0            0      6607108        23804       296968    0    0     0     0 4125 4508  25   7  68   0   0   0
   1    0            0      6534512        23804       296976    0    0     0     0 4178 4393  25   8  68   0   0   0
   1    0            0      6461936        23804       296980    0    0     0     0 4289 4758  26   7  67   0   0   0
   1    0            0      6397444        23804       296980    0    0     0     0 4257 4743  25   7  68   0   0   0
   1    0            0      6324848        23804       296988    0    0     0    20 4260 4658  25   8  67   0   0   0
   1    0            0      6252272        23812       296988    0    0     0    84 4098 4279  25   7  68   0   0   0
   1    0            0      6179696        23812       296988    0    0     0     0 4512 5242  26   7  67   0   0   0
   4    0            0      6115204        23812       296992    0    0     0     0 4054 4119  25   7  68   0   0   0
   1    0            0      6145880        23812       297000    0    0     0     0 2430 2286  25   3  72   0   0   0
   0    0            0      7210448        23812       297004    0    0     0    92  813  116  15   2  83   0   0   0
   1    0            0      7177528        23812       297012    0    0     0     0 7848 29882  25   8  67   0   0   0
   1    0            0      7156144        23812       297012    0    0     0     0 9483 37139  27   9  64   0   0   0
   1    0            0      7073404        23812       297028    0    0     0     0 9456 37255  26   9  64   0   0   0
   3    0            0      7023120        23812       297028    0    0     0     0 9248 35603  26   9  65   0   0   0
   4    0            0      6966608        23812       297032    0    0     0     0 9261 35721  26   9  65   0   0   0
--procs-- -----------------------memory---------------------- ---swap-- -----io---- -system-- ----------cpu----------
   r    b         swpd         free         buff        cache   si   so    bi    bo   in   cs  us  sy  id  wa  st  gu
   1    0            0      6918072        23812       297032    0    0     0     8 9231 35029  26   9  65   0   0   0
   1    0            0      6861868        23812       297036    0    0     0     0 9116 34886  26   9  65   0   0   0
   3    0            0      6813220        23812       297036    0    0     0     0 9236 35530  26   9  65   0   0   0
   3    0            0      6751476        23812       297044    0    0     0     0 9423 35843  28   9  63   0   0   0
   1    0            0      6678732        23812       297056    0    0     0    16 9266 35753  31  11  58   0   0   0
   1    0            0      6630220        23812       297052    0    0     0     0 9243 35342  26  10  64   0   0   0
   1    0            0      6573752        23812       297052    0    0     0     0 9165 35390  26  10  64   0   0   0
   1    0            0      6527812        23812       297052    0    0     0  2544 9338 35919  26   9  64   0   0   0
   1    0            0      6478412        23812       297060    0    0     0     0 9190 35550  26  10  65   0   0   0
   1    0            0      6432804        23812       297060    0    0     0     0 9203 35647  26   9  65   0   0   0
   1    0            0      6389388        23812       297060    0    0     0    20 9166 35638  26   9  64   0   0   0
   1    0            0      6446080        23812       297072    0    0     0     0 3601 10605  25   3  72   0   0   0
   1    0            0      6447748        23812       297072    0    0     0     0 1094   92  25   0  75   0   0   0
   2    0            0      7229732        23812       297084    0    0     0     0 1827 4267  14   4  82   0   0   0
   2    0            0      7215208        23812       297092    0    0     0     0 9869 39636  27  10  63   0   0   0
   1    0            0      7135816        23812       297092    0    0     0     0 9965 41011  27  10  63   0   0   0
   3    0            0      7071504        23812       297100    0    0     0     0 9629 37856  26  10  64   0   0   0
   1    0            0      7021248        23812       297100    0    0     0     0 9634 37464  27   9  64   0   0   0
   2    0            0      6965172        23812       297100    0    0     0     0 9502 37030  27   9  64   0   0   0
   1    0            0      6916372        23812       297112    0    0     0     0 9615 37657  26  10  64   0   0   0
   1    0            0      6859652        23812       297112    0    0     0     0 9544 37244  26   9  65   0   0   0
--procs-- -----------------------memory---------------------- ---swap-- -----io---- -system-- ----------cpu----------
   r    b         swpd         free         buff        cache   si   so    bi    bo   in   cs  us  sy  id  wa  st  gu
   2    0            0      6811188        23824       297112    0    0     0   192 9569 37360  27   9  64   0   0   0
   4    0            0      6762056        23824       297116    0    0     0     0 9537 37545  26   9  64   0   0   0
   1    0            0      6705176        23824       297116    0    0     0     0 9624 37409  26   9  64   0   0   0
   2    0            0      6656732        23824       297124    0    0     0     0 9568 37109  26   9  64   0   0   0
   1    0            0      6600092        23824       297124    0    0     0    16 9594 37543  27   9  64   0   0   0
   3    0            0      6551456        23824       297128    0    0     0     0 9549 37054  27   9  65   0   0   0
   1    0            0      6503012        23824       297128    0    0     0     0 9540 36946  27   9  64   0   0   0
   1    0            0      6446888        23824       297132    0    0     0     0 9601 37352  26   9  65   0   0   0
   1    0            0      6461820        23824       297132    0    0     0     0 9316 35830  26  10  65   0   0   0
   1    0            0      6461820        23824       297148    0    0     0   100 1103  112  25   0  75   0   0   0
   1    0            0      7235964        23824       297152    0    0     0     0  867  162  15   2  83   0   0   0
   1    0            0      7192796        23824       297164    0    0     0     0 8879 35061  25   9  66   0   0   0
   1    0            0      7148724        23824       297168    0    0     0     0 9388 37497  27  10  64   0   0   0
   1    0            0      7077824        23824       297168    0    0     0     0 9461 36952  27   9  64   0   0   0
   1    0            0      7019000        23824       297176    0    0     0     8 9326 35771  27   8  65   0   0   0
   4    0            0      6970604        23824       297176    0    0     0     0 9344 35611  26   9  65   0   0   0
   2    0            0      6913944        23824       297176    0    0     0  1672 9290 35344  27   8  65   0   0   0
   1    0            0      6865548        23824       297184    0    0     0     0 9330 35618  26   9  65   0   0   0
   2    0            0      6808908        23824       297184    0    0     0     0 9259 35478  26   9  65   0   0   0
   1    0            0      6752380        23824       297184    0    0     0     0 9349 35626  27   9  64   0   0   0
   1    0            0      6703824        23824       297188    0    0     0     0 9304 35504  26   9  65   0   0   0
--procs-- -----------------------memory---------------------- ---swap-- -----io---- -system-- ----------cpu----------
   r    b         swpd         free         buff        cache   si   so    bi    bo   in   cs  us  sy  id  wa  st  gu
   1    0            0      6647296        23824       297188    0    0     0     0 9292 35467  27   8  65   0   0   0
   1    0            0      6598912        23824       297196    0    0     0     0 9273 35183  26   9  65   0   0   0
   1    0            0      6542292        23824       297196    0    0     0     0 9309 35393  26   9  65   0   0   0
   1    0            0      6493828        23824       297196    0    0     0     0 9202 34908  26   9  65   0   0   0
   1    0            0      6437208        23824       297200    0    0     0    24 9297 35243  26   9  65   0   0   0
   1    0            0      6388552        23824       297200    0    0     0     0 9254 35436  26   9  65   0   0   0
   1    0            0      6436352        23828       297212    0    0     0     0 2640 6203  25   2  73   0   0   0
   1    0            0      6436352        23828       297212    0    0     0     0 1078   78  25   0  75   0   0   0
   1    0            0      7220420        23828       297228    0    0     0     0 4251 15453  14   6  80   0   0   0
   2    0            0      7187116        23836       297220    0    0     0    64 9912 39975  27  10  63   0   0   0
   3    0            0      7114284        23836       297240    0    0     0     0 10037 40790  27  10  63   0   0   0
   2    0            0      7065780        23836       297248    0    0     0     0 9621 37149  26   9  64   0   0   0
   1    0            0      6997696        23836       297248    0    0     0     0 9638 37813  26   9  64   0   0   0
   3    0            0      6948760        23836       297248    0    0     0     0 9489 36806  26   9  64   0   0   0
   2    0            0      6898000        23836       297252    0    0     0     0 9613 37277  27   9  64   0   0   0
   1    0            0      6843344        23836       297252    0    0     0     0 9617 37506  26   9  64   0   0   0
   1    0            0      6794728        23836       297256    0    0     0     0 9642 37596  26  10  64   0   0   0
   1    0            0      6738008        23836       297260    0    0     0     0 9644 37384  26   9  64   0   0   0
   1    0            0      6689564        23836       297260    0    0     0     0 9573 37507  26   9  64   0   0   0
   1    0            0      6632924        23836       297268    0    0     0    92 9711 37773  26  10  64   0   0   0
   1    0            0      6584480        23836       297268    0    0     0     0 9594 37472  26  10  64   0   0   0
--procs-- -----------------------memory---------------------- ---swap-- -----io---- -system-- ----------cpu----------
   r    b         swpd         free         buff        cache   si   so    bi    bo   in   cs  us  sy  id  wa  st  gu
   1    0            0      6527668        23836       297268    0    0     0     0 9647 38082  27   9  64   0   0   0
   1    0            0      6479124        23836       297276    0    0     0     0 9648 37600  26  10  64   0   0   0
   1    0            0      6422312        23836       297276    0    0     0     0 9577 37874  26   9  64   0   0   0
   1    0            0      6452740        23836       297276    0    0     0    20 6996 25938  26   6  68   0   0   0
   1    0            0      6452708        23836       297316    0    0     0     0 1104   94  25   0  75   0   0   0
   1    0            0      7223140        23836       297324    0    0     0     0 1475  949  14   3  83   0   0   0
   1    0            0      7183180        23836       297336    0    0     0     0 4986 5169  25   9  66   0   0   0
   1    0            0      7084528        23836       297336    0    0     0     0 4915 5524  25   9  66   0   0   0
   1    0            0      7009184        23836       297336    0    0     0     0 4269 4723  25   7  68   0   0   0
   4    0            0      6936584        23836       297352    0    0     0     0 4380 5066  25   8  67   0   0   0
   1    0            0      6872092        23836       297352    0    0     0     0 4405 5322  25   7  68   0   0   0
   1    0            0      6799496        23836       297352    0    0     0     0 4308 4913  25   7  68   0   0   0
   3    0            0      6726920        23836       297360    0    0     0     0 4709 5874  25   8  68   0   0   0
   1    0            0      6662428        23836       297360    0    0     0     0 4153 4790  25   7  67   0   0   0
   1    0            0      6589832        23836       297360    0    0     0     0 4296 5043  25   7  68   0   0   0
   1    0            0      6517256        23836       297368    0    0     0     0 4512 5505  26   7  68   0   0   0
   1    0            0      6452744        23836       297368    0    0     0     0 4263 4887  25   7  68   0   0   0
   1    0            0      6376136        23836       297368    0    0     0     0 4421 5383  26   7  68   0   0   0
   1    0            0      6303560        23836       297376    0    0     0    20 4496 5468  25   8  67   0   0   0
   1    0            0      6239048        23844       297376    0    0     0   144 4362 5178  25   7  68   0   0   0
   1    0            0      6166472        23844       297384    0    0     0     0 4494 5519  25   8  68   0   0   0
--procs-- -----------------------memory---------------------- ---swap-- -----io---- -system-- ----------cpu----------
   r    b         swpd         free         buff        cache   si   so    bi    bo   in   cs  us  sy  id  wa  st  gu
   1    0            0      6166324        23844       297384    0    0     0     0 4390 5525  25   7  68   0   0   0
   1    0            0      6166324        23844       297392    0    0     0     0 1090   88  25   0  75   0   0   0
   3    0            0      7215992        23844       297404    0    0     0     0 6135 22109  15   5  81   0   0   0
   1    0            0      7209452        23844       297416    0    0     0     0 14465 43710  28   7  65   0   0   0
   1    0            0      7192316        23844       297416    0    0     0     0 15045 48450  28   7  65   0   0   0
   1    0            0      7176580        23844       297416    0    0     0     0 15182 46649  29   6  65   0   0   0
   3    0            0      7184652        23844       297420    0    0     0     0 14899 47727  29   6  65   0   0   0
   1    0            0      7191776        23844       297420    0    0     0     0 14267 41577  28   6  65   0   0   0
   2    0            0      7198052        23844       297424    0    0     0    84 15068 48914  29   6  65   0   0   0
   3    0            0      7202860        23844       297424    0    0     0     0 13994 39920  28   6  66   0   0   0
   1    0            0      7206984        23844       297428    0    0     0     0 14514 42922  28   6  66   0   0   0
   1    0            0      7209444        23844       297428    0    0     0     0 13648 38834  28   5  66   0   0   0
   1    0            0      7211824        23844       297436    0    0     0     0 14460 42441  28   7  66   0   0   0
   0    0            0      7305712        23844       297440    0    0     0    16 10116 30478  19   5  76   0   0   0
   2    0            0      7262172        23844       297452    0    0     0     0 11532 36797  24   6  70   0   0   0
   1    0            0      7270304        23844       297452    0    0     0     0 14862 46245  28   6  65   0   0   0
   2    0            0      7260596        23844       297460    0    0     0     0 14357 43041  28   5  66   0   0   0
   1    0            0      7240996        23844       297460    0    0     0     0 14419 41663  28   5  66   0   0   0
   2    0            0      7240356        23844       297460    0    0     0    12 12852 36156  28   5  68   0   0   0
   3    0            0      7239624        23844       297468    0    0     0     0 13124 36446  28   5  67   0   0   0
   1    0            0      7239116        23844       297468    0    0     0     0 13921 40740  28   5  67   0   0   0
--procs-- -----------------------memory---------------------- ---swap-- -----io---- -system-- ----------cpu----------
   r    b         swpd         free         buff        cache   si   so    bi    bo   in   cs  us  sy  id  wa  st  gu
   1    0            0      7237720        23844       297468    0    0     0     0 14576 43070  28   6  66   0   0   0
   1    0            0      7237020        23844       297472    0    0     0     0 14175 42670  28   5  66   0   0   0
   1    0            0      7236068        23844       297472    0    0     0     0 13426 37839  28   6  67   0   0   0
   1    0            0      7235620        23844       297476    0    0     0     0 13303 37333  28   5  66   0   0   0
   1    0            0      7291304        23848       297480    0    0     0     0 5431 13438  16   3  81   0   0   0
   1    0            0      7285352        23848       297508    0    0     0     0 11348 27130  27   6  67   0   0   0
   3    0            0      7259484        23848       297508    0    0     0     0 13501 37268  28   6  66   0   0   0
   1    0            0      7247164        23856       297508    0    0     0    64 14720 46039  28   6  66   0   0   0
   1    0            0      7242716        23856       297516    0    0     0     0 14763 43473  28   6  66   0   0   0
   1    0            0      7242268        23856       297516    0    0     0     0 14313 42384  28   6  67   0   0   0
   3    0            0      7241760        23856       297524    0    0     0     0 14031 40454  28   5  67   0   0   0
   1    0            0      7240588        23856       297524    0    0     0     0 12807 34664  28   5  67   0   0   0
   1    0            0      7240332        23856       297540    0    0     0    24 13419 38251  28   5  67   0   0   0
   1    0            0      7239856        23856       297540    0    0     0     0 13961 42114  28   5  67   0   0   0
   1    0            0      7238460        23856       297540    0    0     0     0 13325 37665  28   5  67   0   0   0
   0    0            0      7323492        23856       297556    0    0     0     0 11760 31556  25   5  70   0   0   0
   1    0            0      7274304        23856       297556    0    0     0     0 5910 12524  18   4  78   0   0   0
   2    0            0      7262484        23856       297568    0    0     0    76 13067 35343  28   6  66   0   0   0
   2    0            0      7253692        23856       297568    0    0     0     0 14676 46363  28   6  66   0   0   0
   1    0            0      7243952        23856       297572    0    0     0     0 14388 42581  28   6  66   0   0   0
   1    0            0      7242436        23856       297572    0    0     0     0 14528 45528  28   6  66   0   0   0
--procs-- -----------------------memory---------------------- ---swap-- -----io---- -system-- ----------cpu----------
   r    b         swpd         free         buff        cache   si   so    bi    bo   in   cs  us  sy  id  wa  st  gu
   1    0            0      7241516        23856       297576    0    0     0     0 12136 32005  28   5  68   0   0   0
   1    0            0      7238608        23856       297576    0    0     0     0 12892 33977  28   5  67   0   0   0
   2    0            0      7233632        23860       297592    0    0     0    44 12177 37141  33   7  59   0   0   0
   1    0            0      7233376        23860       297592    0    0     0     0 14046 40439  28   6  66   0   0   0
   1    0            0      7232960        23860       297600    0    0     0     0 14338 42226  28   6  66   0   0   0
   2    0            0      7232260        23860       297600    0    0     0     0 12736 33583  28   5  67   0   0   0
   1    0            0      7288112        23860       297604    0    0     0     0 6880 18474  17   3  80   0   0   0
   1    0            0      7260196        23860       297616    0    0     0     8 14345 47783  27   6  67   0   0   0
   1    0            0      7258472        23860       297620    0    0     0     0 14900 47346  28   6  66   0   0   0
   1    0            0      7253992        23860       297636    0    0     0     0 14785 46717  28   6  66   0   0   0
   1    0            0      7237356        23860       297636    0    0     0     0 14602 48278  28   6  66   0   0   0
   4    0            0      7236940        23860       297636    0    0     0     0 14561 43062  28   6  67   0   0   0
   1    0            0      7236492        23880       297644    0    0     0  4964 13010 35677  28   6  66   0   0   0
   1    0            0      7236044        23880       297644    0    0     0     0 13564 38558  28   5  67   0   0   0
   3    0            0      7235372        23880       297644    0    0     0     0 14301 42490  28   6  67   0   0   0
   2    0            0      7235116        23880       297648    0    0     0     0 14365 41905  28   6  66   0   0   0
   1    0            0      7234668        23880       297648    0    0     0     0 14181 41817  28   5  67   0   0   0
   3    0            0      7233524        23880       297656    0    0     0   100 12498 33856  27   5  67   0   0   0
   1    0            0      7278660        23880       297660    0    0     0     0 6467 20649  15   4  81   0   0   0
   3    0            0      7272604        23880       297672    0    0     0     0 13577 41126  28   6  66   0   0   0
   1    0            0      7255336        23880       297680    0    0     0     0 15292 47672  28   7  65   0   0   0
--procs-- -----------------------memory---------------------- ---swap-- -----io---- -system-- ----------cpu----------
   r    b         swpd         free         buff        cache   si   so    bi    bo   in   cs  us  sy  id  wa  st  gu
   3    0            0      7236996        23880       297680    0    0     0    24 14513 42563  28   6  66   0   0   0
   1    0            0      7236548        23880       297688    0    0     0     0 15163 47652  28   6  66   0   0   0
   1    0            0      7236292        23880       297688    0    0     0     0 15638 51354  28   6  65   0   0   0
   1    0            0      7235592        23880       297688    0    0     0     0 14650 45941  29   5  66   0   0   0
   1    0            0      7234420        23880       297692    0    0     0     0 13765 38879  28   6  66   0   0   0
   3    0            0      7232652        23880       297692    0    0     0     0 14514 44181  28   6  66   0   0   0
   2    0            0      7231952        23880       297700    0    0     0    20 12182 32756  28   5  67   0   0   0
   1    0            0      7230556        23880       297700    0    0     0     0 14572 43316  28   6  66   0   0   0
   0    0            0      7318244        23884       297700    0    0     0     0 9214 24973  19   4  76   0   0   0
   1    0            0      7261300        23884       297756    0    0     0     0 10361 30685  23   5  72   0   0   0
   1    0            0      7256728        23884       297756    0    0     0     0 14006 41632  28   7  66   0   0   0
   1    0            0      7249812        23884       297764    0    0     0    92 13681 37930  28   6  66   0   0   0
   1    0            0      7227724        23884       297764    0    0     0     0 14203 41213  27   6  66   0   0   0
   1    0            0      7230256        23884       297772    0    0     0     0 14078 42760  28   5  67   0   0   0
   2    0            0      7232472        23884       297772    0    0     0     0 13957 41094  28   6  66   0   0   0
   1    0            0      7234588        23884       297772    0    0     0     8 13402 36716  28   5  67   0   0   0
   1    0            0      7235844        23884       297776    0    0     0    28 14013 41767  28   6  66   0   0   0
   1    0            0      7236452        23884       297776    0    0     0     0 14197 40161  28   5  67   0   0   0
   1    0            0      7236012        23884       297780    0    0     0     0 13544 38367  28   6  67   0   0   0
   1    0            0      7235592        23884       297780    0    0     0     0 14227 41647  28   6  66   0   0   0
   1    0            0      7286188        23884       297796    0    0     0     0 5664 15036  15   3  82   0   0   0
--procs-- -----------------------memory---------------------- ---swap-- -----io---- -system-- ----------cpu----------
   r    b         swpd         free         buff        cache   si   so    bi    bo   in   cs  us  sy  id  wa  st  gu
   1    0            0      7246860        23892       297792    0    0     0   116 14078 43601  28   6  66   0   0   0
   3    0            0      7223652        23892       297808    0    0     0     0 14252 46293  28   5  66   0   0   0
   1    0            0      7212760        23892       297808    0    0     0     0 13519 40405  28   6  66   0   0   0
   1    0            0      7209348        23892       297808    0    0     0     0 13969 39815  28   5  67   0   0   0
   1    0            0      7212260        23892       297812    0    0     0     0 13506 36558  28   5  67   0   0   0
   3    0            0      7213996        23892       297812    0    0     0     0 13811 40252  28   5  67   0   0   0
   1    0            0      7215888        23892       297816    0    0     0     8 13090 36217  28   6  66   0   0   0
   4    0            0      7217492        23892       297820    0    0     0     0 13664 38987  28   5  67   0   0   0
   1    0            0      7216960        23892       297828    0    0     0     0 13035 36257  29   5  67   0   0   0
   1    0            0      7217040        23892       297828    0    0     0     0 13518 37289  28   5  67   0   0   0
   0    0            0      7311168        23892       297832    0    0     0     0 12648 36377  26   6  68   0   0   0
   1    0            0      7266708        23892       297852    0    0     0     8 4788 9653  16   3  81   0   0   0
   1    0            0      7271668        23892       297856    0    0     0     0 11217 26738  27   6  67   0   0   0
   1    0            0      7244144        23892       297864    0    0     0     0 13748 39791  28   6  66   0   0   0
   1    0            0      7223676        23892       297864    0    0     0     0 13969 39366  28   5  66   0   0   0
   1    0            0      7225024        23892       297864    0    0     0     0 13793 39746  28   5  67   0   0   0
   3    0            0      7228048        23892       297868    0    0     0     0 11406 30063  28   4  68   0   0   0
   3    0            0      7230140        23892       297868    0    0     0     0 10240 24016  27   5  68   0   0   0
   1    0            0      7232068        23892       297872    0    0     0     0 12697 34980  28   5  68   0   0   0
   3    0            0      7233772        23892       297872    0    0     0     0 12865 34746  28   5  67   0   0   0
   4    0            0      7235028        23892       297880    0    0     0     0 13804 41475  28   5  67   0   0   0
--procs-- -----------------------memory---------------------- ---swap-- -----io---- -system-- ----------cpu----------
   r    b         swpd         free         buff        cache   si   so    bi    bo   in   cs  us  sy  id  wa  st  gu
   1    0            0      7235356        23892       297880    0    0     0   104 13830 39567  28   6  66   0   0   0
   1    0            0      7297984        23892       297888    0    0     0     0 7627 20317  18   3  80   0   0   0
   1    0            0      7262340        23892       297896    0    0     0     0 8993 20989  25   5  70   0   0   0
   2    0            0      7257436        23892       297904    0    0     0     0 9788 22243  27   5  68   0   0   0
   1    0            0      7247612        23892       297904    0    0     0     0 11680 28511  27   5  68   0   0   0
   1    0            0      7228572        23892       297904    0    0     0     8 12870 32723  28   5  68   0   0   0
   1    0            0      7230940        23892       297912    0    0     0     0 12200 33543  28   5  67   0   0   0
   1    0            0      7232836        23892       297912    0    0     0     0 10893 25962  28   4  68   0   0   0
   2    0            0      7234696        23892       297912    0    0     0     0 11107 27085  28   5  68   0   0   0
   1    0            0      7236204        23892       297916    0    0     0     0 11190 28156  28   4  68   0   0   0
   2    0            0      7235384        23900       297916    0    0     0   188 13556 38482  28   5  67   0   0   0
   1    0            0      7235512        23900       297924    0    0     0     0 12018 31562  28   5  67   0   0   0
   1    0            0      7234752        23900       297924    0    0     0     0 11679 29277  27   4  68   0   0   0
   3    0            0      7282028        23904       297928    0    0     0     0 5757 15042  15   3  82   0   0   0
   1    0            0      7280772        23904       297956    0    0     0     0 14063 43369  28   7  66   0   0   0
   1    0            0      7250560        23904       297956    0    0     0     0 15000 52736  28   6  65   0   0   0
   1    0            0      7231072        23904       297960    0    0     0     0 14482 44372  28   5  66   0   0   0
   1    0            0      7228848        23904       297960    0    0     0     0 12400 31601  28   4  68   0   0   0
   1    0            0      7231812        23904       297972    0    0     0     0 13541 38182  28   5  67   0   0   0
   3    0            0      7232916        23904       297972    0    0     0     0 12990 35408  28   5  67   0   0   0
   1    0            0      7235156        23904       297972    0    0     0    12 14134 41562  28   5  67   0   0   0
--procs-- -----------------------memory---------------------- ---swap-- -----io---- -system-- ----------cpu----------
   r    b         swpd         free         buff        cache   si   so    bi    bo   in   cs  us  sy  id  wa  st  gu
   3    0            0      7236128        23904       297976    0    0     0     0 13759 42507  28   5  67   0   0   0
   1    0            0      7237412        23904       297976    0    0     0     0 13520 37659  28   4  67   0   0   0
   1    0            0      7237036        23904       297980    0    0     0     0 12690 32668  28   5  67   0   0   0
   0    0            0      7311416        23904       297984    0    0     0     0 10555 27687  22   4  74   0   0   0
   1    0            0      7271096        23904       297996    0    0     0     0 9389 29883  20   5  75   0   0   0
   1    0            0      7265568        23904       298004    0    0     0     4 14241 45819  28   6  65   0   0   0
   2    0            0      7250620        23904       298004    0    0     0     0 12582 31697  28   5  67   0   0   0
   2    0            0      7229276        23904       298008    0    0     0     0 14709 44678  29   5  66   0   0   0
   3    0            0      7231940        23904       298008    0    0     0     0 14450 45371  28   5  66   0   0   0
   2    0            0      7234428        23904       298016    0    0     0     0 14160 41109  29   5  66   0   0   0
   1    0            0      7235676        23904       298016    0    0     0    76 13373 36163  28   5  67   0   0   0
   2    0            0      7237376        23904       298020    0    0     0     0 12569 33085  28   5  68   0   0   0
   1    0            0      7238448        23904       298020    0    0     0     0 13162 36575  28   5  67   0   0   0
   1    0            0      7238028        23904       298020    0    0     0     0 11758 31169  28   5  67   0   0   0
   1    0            0      7236960        23904       298024    0    0     0     0 13183 36632  28   5  67   0   0   0
   1    0            0      7274772        23904       298048    0    0     0    32 6497 20083  16   3  81   0   0   0
   1    0            0      7268224        23904       298048    0    0     0     0 5076 9897  25   3  73   0   0   0
   1    0            0      7269248        23904       298052    0    0     0     0 5113 10215  25   2  73   0   0   0
   3    0            0      7266468        23904       298064    0    0     0     0 5134 10190  25   2  73   0   0   0
   2    0            0      7266256        23912       298064    0    0     0    68 5145 10335  25   2  73   0   0   0
   1    0            0      7266828        23912       298064    0    0     0     0 5074 10134  25   2  73   0   0   0
--procs-- -----------------------memory---------------------- ---swap-- -----io---- -system-- ----------cpu----------
   r    b         swpd         free         buff        cache   si   so    bi    bo   in   cs  us  sy  id  wa  st  gu
   1    0            0      7267092        23912       298068    0    0     0     0 5068 10183  25   2  73   0   0   0
   4    0            0      7258392        23920       298060    0    0     0    24 5248 10629  26   3  71   0   0   0
   1    0            0      7245164        23936       298080    0    0     0    92 5263 10708  30   4  66   0   0   0
   1    0            0      7240084        23936       298080    0    0     0     0 5068 10423  25   2  73   0   0   0
   1    0            0      7234972        23936       298084    0    0     0    28 4931 10407  25   2  73   0   0   0
   1    0            0      7234372        23936       298084    0    0     0     0 4841 10332  25   2  73   0   0   0
   1    0            0      7267784        23936       298100    0    0     0     0 2566 4430  14   2  84   0   0   0
   1    0            0      7265164        23936       298104    0    0     0     0 5070 10092  25   2  73   0   0   0
   1    0            0      7260080        23936       298116    0    0     0     0 5111 10216  25   2  73   0   0   0
   1    0            0      7259760        23936       298116    0    0     0     0 5083 10369  25   2  73   0   0   0
   2    0            0      7258076        23936       298116    0    0     0     0 5176 10311  25   3  72   0   0   0
   1    0            0      7258132        23936       298120    0    0     0     0 5094 10242  25   2  73   0   0   0
   1    0            0      7257736        23936       298120    0    0     0     0 5151 10225  25   2  73   0   0   0
   1    0            0      7256644        23936       298128    0    0     0     0 5103 10346  25   2  73   0   0   0
   1    0            0      7255400        23936       298128    0    0     0    16 5009 10245  25   2  73   0   0   0
   1    0            0      7254384        23936       298128    0    0     0     0 4942 10079  26   2  73   0   0   0
   1    0            0      7252468        23936       298132    0    0     0     0 5096 10219  25   2  73   0   0   0
   1    0            0      7301964        23940       298132    0    0     0     0 3399 6588  17   1  82   0   0   0
   1    0            0      7291940        23940       298184    0    0     0     0 3630 7880  23   3  74   0   0   0
   1    0            0      7285272        23940       298184    0    0     0    76 4378 9937  25   2  73   0   0   0
   4    0            0      7281832        23940       298192    0    0     0     0 4138 9901  25   3  73   0   0   0
--procs-- -----------------------memory---------------------- ---swap-- -----io---- -system-- ----------cpu----------
   r    b         swpd         free         buff        cache   si   so    bi    bo   in   cs  us  sy  id  wa  st  gu
   1    0            0      7278544        23940       298192    0    0     0     0 4210 9954  24   2  73   0   0   0
   1    0            0      7273668        23940       298192    0    0     0     0 4098 9670  25   2  73   0   0   0
   1    0            0      7269720        23940       298196    0    0     0     0 4167 9583  24   3  73   0   0   0
   1    0            0      7266992        23940       298196    0    0     0     0 4035 9577  25   3  73   0   0   0
   1    0            0      7264188        23940       298204    0    0     0    28 4116 9682  24   3  73   0   0   0
   1    0            0      7261392        23940       298204    0    0     0     0 4111 9643  25   2  73   0   0   0
   1    0            0      7258364        23940       298204    0    0     0     0 4241 10045  24   3  73   0   0   0
   1    0            0      7256324        23940       298208    0    0     0     0 4025 9704  24   2  73   0   0   0
   1    0            0      7287584        23940       298216    0    0     0    20 2256 4475  14   2  84   0   0   0
   1    0            0      7290888        23940       298228    0    0     0     4 4200 9856  24   3  73   0   0   0
   4    1            0      7272464        24016       306748    0    0  8528     0 4849 11006  26   5  67   2   0   0
   1    0            0      7232868        25604       327488    0    0 22187  6088 5534 15763  28   6  60   6   0   0
   1    0            0      7229252        25604       327492    0    0     0     0 4126 9939  25   2  73   0   0   0
   1    0            0      7228164        25604       327492    0    0     0     0 4204 9956  24   2  73   0   0   0
   1    0            0      7229608        25604       327496    0    0     0     0 4042 9757  25   2  73   0   0   0
   1    0            0      7227880        25604       327496    0    0     0     0 4247 9726  24   3  73   0   0   0
   1    0            0      7225348        25604       327500    0    0     0     0 4204 9945  24   2  73   0   0   0
   1    0            0      7223856        25604       327500    0    0     0     0 4063 9628  25   2  73   0   0   0
   1    0            0      7221856        25604       327508    0    0     0     0 4100 9738  25   2  73   0   0   0
   0    0            0      7250896        25604       327512    0    0     0    20 3926 9386  22   3  76   0   0   0
   1    0            0      7250692        25604       327540    0    0     0     0 2790 5169  17   2  81   0   0   0
--procs-- -----------------------memory---------------------- ---swap-- -----io---- -system-- ----------cpu----------
   r    b         swpd         free         buff        cache   si   so    bi    bo   in   cs  us  sy  id  wa  st  gu
   1    0            0      7244512        25604       327560    0    0     0     0 4838 9865  25   2  73   0   0   0
   1    0            0      7239232        25604       327564    0    0     0     0 4943 9905  25   2  73   0   0   0
   1    0            0      7238252        25604       327564    0    0     0     0 5058 10072  25   2  73   0   0   0
   1    0            0      7236424        25604       327564    0    0     0     0 4990 10090  25   2  73   0   0   0
   1    0            0      7234120        25604       327568    0    0     0     0 5109 10201  25   2  72   0   0   0
   1    0            0      7232008        25604       327568    0    0     0     0 5129 10131  25   2  73   0   0   0
   1    0            0      7230348        25604       327576    0    0     0     0 4942 10329  25   2  73   0   0   0
   1    0            0      7228652        25604       327576    0    0     0     0 4887 10116  25   2  73   0   0   0
   1    0            0      7226088        25604       327576    0    0     0    16 5031 10219  25   2  73   0   0   0
   1    0            0      7223768        25604       327580    0    0     0     0 5241 10427  25   2  73   0   0   0
   0    0            0      7268424        25608       327584    0    0     0     0 2942 5408  16   2  83   0   0   0
   1    0            0      7255616        25608       327596    0    0     0     0 4549 9043  24   2  74   0   0   0
   1    0            0      7252396        25608       327604    0    0     0     0 5130 10261  25   2  73   0   0   0
   1    0            0      7243844        25608       327604    0    0     0    92 5036 10216  25   2  73   0   0   0
   1    0            0      7240348        25608       327608    0    0     0     0 5046 10317  25   2  73   0   0   0
   1    0            0      7237968        25608       327608    0    0     0     0 5114 10387  26   2  73   0   0   0
   1    0            0      7235456        25608       327612    0    0     0     0 5148 10391  25   2  73   0   0   0
   1    0            0      7233148        25608       327612    0    0     0     0 5075 10113  25   2  73   0   0   0
   1    0            0      7230112        25608       327616    0    0     0    28 4997 10117  25   2  73   0   0   0
   1    0            0      7227972        25608       327616    0    0     0     0 5021 10252  25   2  73   0   0   0
   1    0            0      7225516        25616       327620    0    0     0    76 4938 10201  25   2  73   0   0   0
--procs-- -----------------------memory---------------------- ---swap-- -----io---- -system-- ----------cpu----------
   r    b         swpd         free         buff        cache   si   so    bi    bo   in   cs  us  sy  id  wa  st  gu
   1    0            0      7222436        25616       327620    0    0     0   144 5142 10381  25   2  73   0   0   0
   1    0            0      7263996        25616       327640    0    0     0     0 1649 2075  14   1  85   0   0   0
   1    0            0      7261284        25616       327640    0    0     0     4 2211 2553  25   1  74   0   0   0
   1    0            0      7260196        25616       327648    0    0     0     0 2014 2299  25   1  74   0   0   0
   1    0            0      7256952        25616       327648    0    0     0     0 2087 2358  25   1  74   0   0   0
   1    0            0      7258540        25616       327652    0    0     0     0 2115 2450  25   1  74   0   0   0
   1    0            0      7255900        25616       327652    0    0     0     0 2141 2504  25   1  74   0   0   0
   1    0            0      7252532        25616       327660    0    0     0     0 2180 2557  25   1  74   0   0   0
   1    0            0      7253156        25616       327660    0    0     0    16 2174 2556  25   0  74   0   0   0
   1    0            0      7254696        25616       327664    0    0     0     0 2209 2557  25   1  74   0   0   0
   1    0            0      7250096        25616       327664    0    0     0     0 2236 2657  25   1  74   0   0   0
   1    0            0      7251308        25616       327668    0    0     0     0 2214 2598  25   1  74   0   0   0
   0    0            0      7280704        25616       327672    0    0     0     0 1849 2155  19   1  81   0   0   0
   1    0            0      7258276        25616       327672    0    0     0     8 1768 1756  21   1  78   0   0   0
   1    0            0      7256764        25616       327672    0    0     0     0 2246 2608  25   1  74   0   0   0
   1    0            0      7255952        25616       327680    0    0     0     0 2119 2511  25   1  74   0   0   0
   1    0            0      7251248        25616       327680    0    0     0     0 2230 2718  25   0  74   0   0   0
   1    0            0      7252768        25616       327680    0    0     0     0 2233 2712  25   1  74   0   0   0
   1    0            0      7254312        25616       327684    0    0     0     0 2269 2795  25   1  74   0   0   0
   1    0            0      7246972        25616       327684    0    0     0     0 2226 2675  25   1  74   0   0   0
   1    0            0      7248724        25616       327688    0    0     0     0 2239 2699  25   1  74   0   0   0
--procs-- -----------------------memory---------------------- ---swap-- -----io---- -system-- ----------cpu----------
   r    b         swpd         free         buff        cache   si   so    bi    bo   in   cs  us  sy  id  wa  st  gu
   1    0            0      7250380        25616       327688    0    0     0     0 2266 2707  25   1  74   0   0   0
   1    0            0      7251792        25616       327696    0    0     0     0 2263 2705  25   1  74   0   0   0
   1    0            0      7244664        25616       327696    0    0     0    92 2220 2704  25   0  74   0   0   0
   1    0            0      7253972        25616       327752    0    0     0     0 1493 1553  14   1  84   0   0   0
   1    0            0      7254116        25616       327752    0    0     0     0 1701 1814  25   1  74   0   0   0
   1    0            0      7258176        25616       327760    0    0     0     0 2001 2272  25   1  74   0   0   0
   1    0            0      7258200        25616       327760    0    0     0     0 1883 1981  25   1  74   0   0   0
   1    0            0      7229912        25616       327776    0    0     0    12 2618 3135  30   3  67   0   0   0
   1    0            0      7233648        25616       327776    0    0     0     0 2075 2340  25   0  74   0   0   0
   1    0            0      7237800        25624       327776    0    0     0   100 1949 2213  25   0  74   0   0   0
   1    0            0      7240696        25624       327776    0    0     0     0 2015 2356  25   1  74   0   0   0
   1    0            0      7243660        25624       327780    0    0     0     0 1881 2133  25   0  74   0   0   0
   1    0            0      7246224        25624       327784    0    0     0    24 2067 2457  25   0  74   0   0   0
   1    0            0      7247664        25624       327788    0    0     0     0 2044 2342  25   0  74   0   0   0
   1    0            0      7248368        25624       327788    0    0     0     0 2006 2258  25   1  74   0   0   0
   1    0            0      7266608        25628       327784    0    0     0     0 1403 1353  14   1  84   0   0   0
   1    0            0      7264740        25628       327812    0    0     0     0 1913 2077  25   1  74   0   0   0
   1    0            0      7263732        25628       327812    0    0     0     0 1750 1833  25   0  74   0   0   0
   1    0            0      7263732        25628       327812    0    0     0     0 1748 1871  25   1  74   0   0   0
   1    0            0      7261716        25628       327820    0    0     0     0 1924 2269  25   0  75   0   0   0
   1    0            0      7261716        25628       327820    0    0     0     0 1943 2179  25   1  74   0   0   0
--procs-- -----------------------memory---------------------- ---swap-- -----io---- -system-- ----------cpu----------
   r    b         swpd         free         buff        cache   si   so    bi    bo   in   cs  us  sy  id  wa  st  gu
   1    0            0      7251004        25628       327832    0    0     0    24 2617 3226  27   2  71   0   0   0
   1    0            0      7250892        25628       327832    0    0     0    20 1955 2292  25   0  75   0   0   0
   1    0            0      7250892        25628       327844    0    0     0     0 1984 2397  25   0  74   0   0   0
   1    0            0      7250892        25628       327844    0    0     0     0 2041 2459  25   0  75   0   0   0
   1    0            0      7251504        25628       327848    0    0     0     0 2041 2412  25   1  74   0   0   0
   0    0            0      7281984        25628       327856    0    0     0     0 1826 2086  20   1  80   0   0   0
   1    0            0      7256440        25628       327868    0    0     0     0 1654 1622  20   1  79   0   0   0
   1    0            0      7254712        25628       327876    0    0     0     4 2162 2461  25   1  74   0   0   0
   1    0            0      7253704        25628       327876    0    0     0     0 2087 2433  25   1  74   0   0   0
   1    0            0      7251812        25628       327880    0    0     0     0 2160 2499  25   0  74   0   0   0
   1    0            0      7251688        25628       327880    0    0     0     0 2145 2448  25   1  74   0   0   0
   1    0            0      7251688        25628       327884    0    0     0     0 2127 2395  25   1  74   0   0   0
   1    0            0      7247656        25628       327888    0    0     0    80 2169 2534  25   0  74   0   0   0
   1    0            0      7247656        25628       327888    0    0     0     0 2119 2459  25   1  74   0   0   0
   1    0            0      7247656        25628       327888    0    0     0     0 2169 2522  25   1  74   0   0   0
   1    0            0      7247656        25628       327896    0    0     0     0 2170 2512  26   0  74   0   0   0
   1    0            0      7247656        25628       327896    0    0     0  3148 2222 2628  25   1  74   0   0   0
   1    0            0      7263560        25628       327904    0    0     0    24 1374 1378  14   1  85   0   0   0
   1    0            0      7262948        25640       327912    0    0     0   128 2098 2381  25   1  74   0   0   0
   1    0            0      7260600        25640       327920    0    0     0     0 2174 2605  25   1  74   0   0   0
   1    0            0      7259912        25640       327920    0    0     0     0 2092 2437  25   0  75   0   0   0
--procs-- -----------------------memory---------------------- ---swap-- -----io---- -system-- ----------cpu----------
   r    b         swpd         free         buff        cache   si   so    bi    bo   in   cs  us  sy  id  wa  st  gu
   1    0            0      7258836        25640       327920    0    0     0  2252 2142 2435  25   1  74   0   0   0
   1    0            0      7256944        25640       327928    0    0     0     0 2182 2483  25   1  74   0   0   0
   1    0            0      7256820        25640       327928    0    0     0     0 2126 2444  25   1  74   0   0   0
   1    0            0      7256820        25640       327928    0    0     0     0 2146 2461  25   1  74   0   0   0
   1    0            0      7256820        25640       327932    0    0     0     0 2129 2437  25   1  74   0   0   0
   1    0            0      7252864        25640       327932    0    0     0     0 2126 2413  25   1  74   0   0   0
   1    0            0      7252788        25640       327936    0    0     0    20 2134 2443  25   0  74   0   0   0
   1    0            0      7252788        25640       327940    0    0     0     0 2140 2391  25   0  74   0   0   0
   2    0            0      7249300        25640       327960    0    0     0     0 1393 1064  19   3  79   0   0   0
   2    0            0      7249264        25640       327968    0    0     0     0 2390 1598  44   5  51   0   0   0
   2    0            0      7249264        25640       327968    0    0     0     0 2424 1513  44   5  51   0   0   0
   2    0            0      7249264        25640       327972    0    0     0     0 2288 1519  44   5  51   0   0   0
   2    0            0      7248368        25640       327972    0    0     0     0 2424 1536  44   5  51   0   0   0
   2    0            0      7247056        25640       327976    0    0     0     0 2369 1525  44   5  51   0   0   0
   2    0            0      7245904        25640       327976    0    0     0     0 2396 1467  43   6  51   0   0   0
   2    0            0      7245008        25640       327980    0    0     0     0 2361 1483  44   5  51   0   0   0
   2    0            0      7245024        25640       327980    0    0     0    24 2328 1462  45   4  51   0   0   0
   2    0            0      7245120        25640       327984    0    0     0     0 2326 1457  44   5  51   0   0   0
   2    0            0      7245120        25640       327984    0    0     0     0 2297 1409  45   5  51   0   0   0
   0    0            0      7271148        25640       327996    0    0     0     0 1930 1159  36   4  61   0   0   0
   2    0            0      7249620        25644       328004    0    0     0     0 1628  906  28   4  68   0   0   0
--procs-- -----------------------memory---------------------- ---swap-- -----io---- -system-- ----------cpu----------
   r    b         swpd         free         buff        cache   si   so    bi    bo   in   cs  us  sy  id  wa  st  gu
   2    0            0      7248276        25644       328004    0    0     0    76 2342 1447  45   4  51   0   0   0
   2    0            0      7247156        25644       328008    0    0     0     0 2296 1380  44   5  51   0   0   0
   2    0            0      7246036        25644       328008    0    0     0     0 2290 1427  44   5  51   0   0   0
   2    0            0      7244692        25644       328012    0    0     0     0 2355 1423  44   5  51   0   0   0
   2    0            0      7243572        25644       328012    0    0     0     0 2282 1453  45   5  51   0   0   0
   2    0            0      7242452        25644       328016    0    0     0    12 2310 1462  44   5  51   0   0   0
   2    0            0      7241332        25652       328016    0    0     0    76 2223 1447  44   5  51   0   0   0
   2    0            0      7242200        25652       328020    0    0     0   108 2354 1471  45   5  51   0   0   0
   2    0            0      7243400        25652       328020    0    0     0     0 2273 1385  45   4  51   0   0   0
   2    0            0      7243336        25652       328024    0    0     0     0 2379 1437  44   5  51   0   0   0
   1    0            0      7247536        25652       328032    0    0     0     0 1591  949  25   3  72   0   0   0
   2    0            0      7241820        25652       328048    0    0     0    12 2078 1330  38   5  57   0   0   0
   2    0            0      7240700        25652       328048    0    0     0     0 2315 1454  45   4  51   0   0   0
   2    0            0      7239388        25652       328048    0    0     0     0 2340 1425  45   4  51   0   0   0
   2    0            0      7238236        25652       328052    0    0     0     0 2354 1473  44   5  51   0   0   0
   3    0            0      7225768        25652       328060    0    0     0     0 2889 2137  47   7  46   0   0   0
   2    0            0      7214460        25656       328064    0    0     0    32 2726 2130  47   6  47   0   0   0
   2    0            0      7213116        25656       328064    0    0     0     0 2322 1530  44   5  51   0   0   0
   2    0            0      7213180        25656       328068    0    0     0     0 2375 1510  44   5  51   0   0   0
   2    0            0      7215216        25656       328072    0    0     0     0 2332 1500  44   5  51   0   0   0
   2    0            0      7218748        25656       328076    0    0     0     0 2352 1533  44   5  51   0   0   0
--procs-- -----------------------memory---------------------- ---swap-- -----io---- -system-- ----------cpu----------
   r    b         swpd         free         buff        cache   si   so    bi    bo   in   cs  us  sy  id  wa  st  gu
   2    0            0      7218940        25656       328080    0    0     0    20 2400 1497  44   5  51   0   0   0
   2    0            0      7253156        25656       328084    0    0     0     0 1297  717  19   3  78   0   0   0
   2    0            0      7251740        25656       328092    0    0     0     0 2573 1719  44   5  51   0   0   0
   1    0            0      7250620        25656       328096    0    0     0     0 2456 1545  44   5  51   0   0   0
   2    0            0      7249500        25656       328096    0    0     0     0 2406 1570  44   5  51   0   0   0
   2    0            0      7248156        25656       328104    0    0     0     0 2456 1723  44   5  51   0   0   0
   2    0            0      7247036        25656       328104    0    0     0     0 2513 1771  44   5  51   0   0   0
   2    0            0      7245692        25656       328104    0    0     0     0 2451 1659  44   5  51   0   0   0
   3    0            0      7244572        25656       328108    0    0     0     0 2393 1566  44   5  51   0   0   0
   2    0            0      7245448        25656       328108    0    0     0     0 2497 1581  44   5  51   0   0   0
   2    0            0      7245832        25656       328112    0    0     0    16 2485 1611  45   5  51   0   0   0
   2    0            0      7245800        25656       328112    0    0     0     0 2402 1567  45   4  51   0   0   0
   1    0            0      7230384        25656       328116    0    0     0     0 2434 1598  42   5  53   0   0   0
   2    0            0      7250832        25656       328136    0    0     0     0 1407  963  21   3  77   0   0   0
   2    0            0      7249456        25656       328140    0    0     0     0 2625 2120  44   5  51   0   0   0
   2    0            0      7248112        25668       328128    0    0     0   188 2646 2041  44   5  51   0   0   0
   2    0            0      7246768        25668       328156    0    0     0     0 2624 2029  44   5  52   0   0   0
   2    0            0      7245424        25668       328156    0    0     0     0 2747 2132  44   5  52   0   0   0
   2    0            0      7244080        25668       328156    0    0     0     0 2509 1985  44   5  51   0   0   0
   2    0            0      7242736        25668       328160    0    0     0     0 2576 2088  44   5  51   0   0   0
   2    0            0      7243264        25668       328160    0    0     0    12 2719 2114  44   5  52   0   0   0
--procs-- -----------------------memory---------------------- ---swap-- -----io---- -system-- ----------cpu----------
   r    b         swpd         free         buff        cache   si   so    bi    bo   in   cs  us  sy  id  wa  st  gu
   2    0            0      7244932        25668       328164    0    0     0     0 2572 2122  44   5  51   0   0   0
   2    0            0      7244612        25668       328164    0    0     0     0 2656 2169  44   5  52   0   0   0
   2    0            0      7244900        25668       328168    0    0     0     0 2601 2199  43   5  52   0   0   0
   0    0            0      7265944        25668       328168    0    0     0     0 1901 1409  30   4  66   0   0   0
   2    0            0      7244732        25668       328188    0    0     0  3944 1822  918  33   4  63   0   0   0
   2    0            0      7243836        25668       328188    0    0     0     0 2169 1087  45   5  51   0   0   0
   2    0            0      7242716        25668       328188    0    0     0     0 2135 1083  45   5  50   0   0   0
   2    0            0      7242044        25668       328192    0    0     0     0 2150 1065  45   4  50   0   0   0
   2    0            0      7240924        25668       328196    0    0     0     0 2135 1123  45   5  50   0   0   0
   2    0            0      7239804        25668       328200    0    0     0     0 2195 1155  46   4  51   0   0   0
   2    0            0      7238908        25668       328200    0    0     0     0 2173 1144  45   5  50   0   0   0
   2    0            0      7237788        25668       328208    0    0     0     0 2188 1091  45   5  51   0   0   0
   2    0            0      7237852        25668       328208    0    0     0     0 2185 1129  45   4  50   0   0   0
   1    0            0      7238044        25668       328208    0    0     0     0 2152 1070  45   4  51   0   0   0
   2    0            0      7237980        25668       328208    0    0     0     0 2213 1082  45   5  50   0   0   0
