Linux 7.0.0-1013-aws (ip-172-31-2-102) 	09/25/26 	_x86_64_	(4 CPU)

# Time        UID       PID    %usr %system  %guest   %wait    %CPU   CPU  minflt/s  majflt/s     VSZ     RSS   %MEM   cswch/s nvcswch/s  Command
12:41:29        0        11    0.00    0.00    0.00    0.00    0.00     0      0.00      0.00       0       0   0.00      4.95      0.00  kworker/0:1-events
12:41:29        0        12    0.00    0.00    0.00    0.00    0.00     1      0.00      0.00       0       0   0.00      0.99      0.00  kworker/u16:0-events_unbound
12:41:29        0        16    0.00    0.00    0.00    0.00    0.00     1      0.00      0.00       0       0   0.00     35.64      0.00  rcu_sched
12:41:29        0        25    0.00    0.00    0.00    0.00    0.00     1      0.00      0.00       0       0   0.00      0.99      0.00  migration/1
12:41:29        0        26    0.00    0.00    0.00    0.00    0.00     1      0.00      0.00       0       0   0.00      0.99      0.00  ksoftirqd/1
12:41:29        0        33    0.00    0.00    0.00    0.00    0.00     2      0.00      0.00       0       0   0.00      2.97      0.00  kworker/2:0-events
12:41:29        0        48    0.00    0.00    0.00    0.00    0.00     1      0.00      0.00       0       0   0.00      6.93      0.00  kworker/u16:1-events_power_efficient
12:41:29        0        53    0.00    0.00    0.00    0.00    0.00     2      0.00      0.00       0       0   0.00      1.98      0.00  kcompactd0
12:41:29        0        60    0.00    0.00    0.00    0.00    0.00     1      0.00      0.00       0       0   0.00      2.97      0.00  kworker/1:1-events
12:41:29        0       237    0.00    0.00    0.00    0.00    0.00     1      0.00      0.00  288968   27128   0.34      0.99      0.00  multipathd
12:41:29        0      1092    0.00    0.00    0.00    0.00    0.00     3      0.00      0.00       0       0   0.00      4.95      0.00  kworker/3:3-events
12:41:29     1000      1452    0.00    0.00    0.00    0.00    0.00     1      2.97      0.00   30364   21000   0.27      5.94      0.00  python3
12:41:29     1000      1456    0.00    0.00    0.00    0.00    0.00     1      0.00      0.00    9900    3360   0.04      0.99      0.00  vmstat
12:41:29     1000      1457    0.00    0.00    0.00    0.00    0.00     1      2.97      0.00    7712    3696   0.05      0.99      0.00  pidstat
12:41:29     1000      1459   81.19    5.94    0.00    0.00   87.13     0   7568.32      0.99   46912   39856   0.50     29.70      3.96  /home/ubuntu/pe
12:41:29     1000      1460   13.86   10.89    0.00    0.00   24.75     2  10821.78     67.33 1816956   44972   0.57     59.41      3.96  hey

# Time        UID       PID    %usr %system  %guest   %wait    %CPU   CPU  minflt/s  majflt/s     VSZ     RSS   %MEM   cswch/s nvcswch/s  Command
12:41:30        0        11    0.00    0.00    0.00    0.00    0.00     0      0.00      0.00       0       0   0.00      7.00      0.00  kworker/0:1-events
12:41:30        0        16    0.00    0.00    0.00    0.00    0.00     1      0.00      0.00       0       0   0.00     12.00      0.00  rcu_sched
12:41:30        0        19    0.00    0.00    0.00    0.00    0.00     0      0.00      0.00       0       0   0.00      1.00      0.00  migration/0
12:41:30        0        25    0.00    0.00    0.00    0.00    0.00     1      0.00      0.00       0       0   0.00      2.00      0.00  migration/1
12:41:30        0        26    0.00    0.00    0.00    0.00    0.00     1      0.00      0.00       0       0   0.00      1.00      0.00  ksoftirqd/1
12:41:30        0        31    0.00    0.00    0.00    0.00    0.00     2      0.00      0.00       0       0   0.00      1.00      0.00  migration/2
12:41:30        0        33    0.00    0.00    0.00    0.00    0.00     2      0.00      0.00       0       0   0.00      4.00      0.00  kworker/2:0-events
12:41:30        0        37    0.00    0.00    0.00    0.00    0.00     3      0.00      0.00       0       0   0.00      1.00      0.00  migration/3
12:41:30        0        48    0.00    0.00    0.00    0.00    0.00     1      0.00      0.00       0       0   0.00      7.00      0.00  kworker/u16:1-events_power_efficient
12:41:30        0        53    0.00    0.00    0.00    0.00    0.00     3      0.00      0.00       0       0   0.00      2.00      0.00  kcompactd0
12:41:30        0        60    0.00    0.00    0.00    0.00    0.00     1      0.00      0.00       0       0   0.00      7.00      0.00  kworker/1:1-events
12:41:30        0       237    0.00    0.00    0.00    0.00    0.00     1      0.00      0.00  288968   27128   0.34      1.00      0.00  multipathd
12:41:30        0       589    0.00    0.00    0.00    0.00    0.00     1      0.00      0.00   83064    4724   0.06      1.00      0.00  irqbalance
12:41:30        0      1092    0.00    0.00    0.00    0.00    0.00     3      0.00      0.00       0       0   0.00      2.00      0.00  kworker/3:3-mm_percpu_wq
12:41:30     1000      1452    0.00    0.00    0.00    0.00    0.00     1      0.00      0.00   30364   21000   0.27      3.00      0.00  python3
12:41:30     1000      1456    0.00    0.00    0.00    0.00    0.00     1      0.00      0.00    9900    3360   0.04      1.00      0.00  vmstat
12:41:30     1000      1457    0.00    1.00    0.00    0.00    1.00     1      4.00      0.00    7712    3696   0.05      1.00      0.00  pidstat
12:41:30     1000      1459   91.00    8.00    0.00    0.00   99.00     0     39.00      0.00   47176   39984   0.51      2.00      8.00  /home/ubuntu/pe
12:41:30     1000      1468   15.00   13.00    0.00    0.00   28.00     3  10590.00      0.00 1816956   44168   0.56      3.00      2.00  hey

# Time        UID       PID    %usr %system  %guest   %wait    %CPU   CPU  minflt/s  majflt/s     VSZ     RSS   %MEM   cswch/s nvcswch/s  Command
12:41:31        0        11    0.00    0.00    0.00    0.00    0.00     0      0.00      0.00       0       0   0.00      3.00      0.00  kworker/0:1-events
12:41:31        0        16    0.00    0.00    0.00    0.00    0.00     1      0.00      0.00       0       0   0.00      2.00      0.00  rcu_sched
12:41:31        0        26    0.00    0.00    0.00    0.00    0.00     1      0.00      0.00       0       0   0.00      1.00      0.00  ksoftirqd/1
12:41:31        0        33    0.00    0.00    0.00    0.00    0.00     2      0.00      0.00       0       0   0.00      2.00      0.00  kworker/2:0-events
12:41:31        0        48    0.00    0.00    0.00    0.00    0.00     1      0.00      0.00       0       0   0.00      4.00      0.00  kworker/u16:1-events_power_efficient
12:41:31        0        53    0.00    0.00    0.00    0.00    0.00     3      0.00      0.00       0       0   0.00      2.00      0.00  kcompactd0
12:41:31        0        60    0.00    0.00    0.00    0.00    0.00     1      0.00      0.00       0       0   0.00      5.00      0.00  kworker/1:1-events
12:41:31        0       237    0.00    0.00    0.00    0.00    0.00     1      0.00      0.00  288968   27128   0.34      1.00      0.00  multipathd
12:41:31      110       698    0.00    0.00    0.00    0.00    0.00     3      0.00      0.00   19416    3668   0.05      2.00      0.00  chronyd
12:41:31        0      1092    0.00    0.00    0.00    0.00    0.00     3      0.00      0.00       0       0   0.00      1.00      0.00  kworker/3:3-mm_percpu_wq
12:41:31     1000      1456    0.00    0.00    0.00    0.00    0.00     1      0.00      0.00    9900    3360   0.04      1.00      0.00  vmstat
12:41:31     1000      1457    0.00    0.00    0.00    0.00    0.00     1      2.00      0.00    7712    3696   0.05      1.00      0.00  pidstat
12:41:31     1000      1459   93.00    7.00    0.00    0.00  100.00     0      0.00      0.00   47176   39984   0.51      0.00      3.00  /home/ubuntu/pe
12:41:31     1000      1468   21.00   16.00    0.00    0.00   37.00     3   2598.00      0.00 1817404   53512   0.68      0.00      0.00  hey

# Time        UID       PID    %usr %system  %guest   %wait    %CPU   CPU  minflt/s  majflt/s     VSZ     RSS   %MEM   cswch/s nvcswch/s  Command
12:41:32        0        11    0.00    0.00    0.00    0.00    0.00     0      0.00      0.00       0       0   0.00      3.00      0.00  kworker/0:1-events
12:41:32        0        16    0.00    0.00    0.00    0.00    0.00     1      0.00      0.00       0       0   0.00     47.00      0.00  rcu_sched
12:41:32        0        25    0.00    0.00    0.00    0.00    0.00     1      0.00      0.00       0       0   0.00      2.00      0.00  migration/1
12:41:32        0        32    0.00    0.00    0.00    0.00    0.00     2      0.00      0.00       0       0   0.00      1.00      0.00  ksoftirqd/2
12:41:32        0        33    0.00    0.00    0.00    0.00    0.00     2      0.00      0.00       0       0   0.00      3.00      0.00  kworker/2:0-mm_percpu_wq
12:41:32        0        48    0.00    0.00    0.00    0.00    0.00     1      0.00      0.00       0       0   0.00      8.00      0.00  kworker/u16:1-events_power_efficient
12:41:32        0        53    0.00    0.00    0.00    0.00    0.00     1      0.00      0.00       0       0   0.00      2.00      0.00  kcompactd0
12:41:32        0        60    0.00    0.00    0.00    0.00    0.00     1      0.00      0.00       0       0   0.00      5.00      0.00  kworker/1:1-events
12:41:32        0       237    0.00    0.00    0.00    0.00    0.00     1      0.00      0.00  288968   27128   0.34      1.00      0.00  multipathd
12:41:32        0      1092    0.00    0.00    0.00    0.00    0.00     3      0.00      0.00       0       0   0.00      3.00      0.00  kworker/3:3-events
12:41:32     1000      1452    0.00    1.00    0.00    0.00    1.00     1     23.00      0.00   30364   21000   0.27     11.00      0.00  python3
12:41:32     1000      1456    0.00    0.00    0.00    0.00    0.00     1      0.00      0.00    9900    3360   0.04      1.00      0.00  vmstat
12:41:32     1000      1457    1.00    0.00    0.00    0.00    1.00     1      0.00      0.00    7712    3696   0.05      1.00      0.00  pidstat
12:41:32     1000      1476    0.00    0.00    0.00    0.00    0.00     0    146.00      0.00    2704    1464   0.02      1.00      1.00  time
12:41:32     1000      1477   28.00    2.00    0.00    0.00   30.00     0   7939.00      0.00   48056   40828   0.52      5.00      1.00  /home/ubuntu/pa
12:41:32     1000      1478    3.00    3.00    0.00    0.00    6.00     2   2982.00      0.00 1676980   16464   0.21      4.00      4.00  hey

# Time        UID       PID    %usr %system  %guest   %wait    %CPU   CPU  minflt/s  majflt/s     VSZ     RSS   %MEM   cswch/s nvcswch/s  Command
12:41:33        0        11    0.00    0.00    0.00    0.00    0.00     0      0.00      0.00       0       0   0.00      2.00      0.00  kworker/0:1-events
12:41:33        0        16    0.00    0.00    0.00    0.00    0.00     1      0.00      0.00       0       0   0.00     12.00      0.00  rcu_sched
12:41:33        0        25    0.00    0.00    0.00    0.00    0.00     1      0.00      0.00       0       0   0.00      1.00      0.00  migration/1
12:41:33        0        33    0.00    0.00    0.00    0.00    0.00     2      0.00      0.00       0       0   0.00      3.00      0.00  kworker/2:0-events
12:41:33        0        38    0.00    0.00    0.00    0.00    0.00     3      0.00      0.00       0       0   0.00      1.00      0.00  ksoftirqd/3
12:41:33        0        48    0.00    0.00    0.00    0.00    0.00     1      0.00      0.00       0       0   0.00      6.00      0.00  kworker/u16:1-events_power_efficient
12:41:33        0        53    0.00    0.00    0.00    0.00    0.00     1      0.00      0.00       0       0   0.00      2.00      0.00  kcompactd0
12:41:33        0        60    0.00    0.00    0.00    0.00    0.00     1      0.00      0.00       0       0   0.00      6.00      0.00  kworker/1:1-events
12:41:33        0       237    0.00    0.00    0.00    0.00    0.00     1      0.00      0.00  288968   27128   0.34      1.00      0.00  multipathd
12:41:33        0      1092    0.00    0.00    0.00    0.00    0.00     3      0.00      0.00       0       0   0.00      2.00      0.00  kworker/3:3-events
12:41:33     1000      1452    1.00    0.00    0.00    0.00    1.00     1      0.00      0.00   30364   21000   0.27      3.00      0.00  python3
12:41:33     1000      1456    0.00    0.00    0.00    0.00    0.00     1      0.00      0.00    9900    3360   0.04      1.00      0.00  vmstat
12:41:33     1000      1457    0.00    1.00    0.00    0.00    1.00     1      5.00      0.00    7712    3696   0.05      1.00      0.00  pidstat
12:41:33     1000      1477   93.00    6.00    0.00    0.00   99.00     0     47.00      0.00   48320   41084   0.52      2.00      2.00  /home/ubuntu/pa
12:41:33     1000      1486    3.00    3.00    0.00    0.00    6.00     3   2863.00      0.00 1750712   16056   0.20      3.00      3.00  hey

# Time        UID       PID    %usr %system  %guest   %wait    %CPU   CPU  minflt/s  majflt/s     VSZ     RSS   %MEM   cswch/s nvcswch/s  Command
12:41:34        0        11    0.00    0.00    0.00    0.00    0.00     0      0.00      0.00       0       0   0.00      4.00      0.00  kworker/0:1-events
12:41:34        0        12    0.00    0.00    0.00    0.00    0.00     3      0.00      0.00       0       0   0.00      1.00      0.00  kworker/u16:0-events_power_efficient
12:41:34        0        19    0.00    0.00    0.00    0.00    0.00     0      0.00      0.00       0       0   0.00      1.00      0.00  migration/0
12:41:34        0        25    0.00    0.00    0.00    0.00    0.00     1      0.00      0.00       0       0   0.00      1.00      0.00  migration/1
12:41:34        0        31    0.00    0.00    0.00    0.00    0.00     2      0.00      0.00       0       0   0.00      1.00      0.00  migration/2
12:41:34        0        33    0.00    0.00    0.00    0.00    0.00     2      0.00      0.00       0       0   0.00      3.00      0.00  kworker/2:0-events
12:41:34        0        37    0.00    0.00    0.00    0.00    0.00     3      0.00      0.00       0       0   0.00      1.00      0.00  migration/3
12:41:34        0        48    0.00    0.00    0.00    0.00    0.00     1      0.00      0.00       0       0   0.00      2.00      0.00  kworker/u16:1-events_power_efficient
12:41:34        0        49    0.00    0.00    0.00    0.00    0.00     1      0.00      0.00       0       0   0.00      6.00      0.00  kworker/u16:2-events_power_efficient
12:41:34        0        53    0.00    0.00    0.00    0.00    0.00     1      0.00      0.00       0       0   0.00      2.00      0.00  kcompactd0
12:41:34        0        60    0.00    0.00    0.00    0.00    0.00     1      0.00      0.00       0       0   0.00      7.00      0.00  kworker/1:1-events
12:41:34        0       162    0.00    0.00    0.00    0.00    0.00     0      0.00      0.00       0       0   0.00      1.00      0.00  kworker/0:1H-kblockd
12:41:34        0       237    0.00    0.00    0.00    0.00    0.00     1      0.00      0.00  288968   27128   0.34      1.00      0.00  multipathd
12:41:34        0       245    0.00    0.00    0.00    0.00    0.00     2      0.00      0.00       0       0   0.00      1.00      0.00  kworker/2:1H-kblockd
12:41:34        0      1092    0.00    0.00    0.00    0.00    0.00     3      0.00      0.00       0       0   0.00      2.00      0.00  kworker/3:3-events
12:41:34     1000      1456    0.00    0.00    0.00    0.00    0.00     1      0.00      0.00    9900    3360   0.04      1.00      0.00  vmstat
12:41:34     1000      1457    0.00    0.00    0.00    0.00    0.00     1      0.00      0.00    7712    3696   0.05      1.00      0.00  pidstat
12:41:34     1000      1477   93.00    8.00    0.00    0.00  101.00     0      2.00      0.00   48320   41084   0.52      0.00      6.00  /home/ubuntu/pa
12:41:34     1000      1486   20.00   17.00    0.00    0.00   37.00     3   9163.00      0.00 1817020   49384   0.62      0.00      0.00  hey

# Time        UID       PID    %usr %system  %guest   %wait    %CPU   CPU  minflt/s  majflt/s     VSZ     RSS   %MEM   cswch/s nvcswch/s  Command
12:41:35        0        11    0.00    0.00    0.00    0.00    0.00     0      0.00      0.00       0       0   0.00      2.00      0.00  kworker/0:1-events
12:41:35        0        16    0.00    0.00    0.00    0.00    0.00     2      0.00      0.00       0       0   0.00     20.00      0.00  rcu_sched
12:41:35        0        32    0.00    0.00    0.00    0.00    0.00     2      0.00      0.00       0       0   0.00      1.00      0.00  ksoftirqd/2
12:41:35        0        33    0.00    0.00    0.00    0.00    0.00     2      0.00      0.00       0       0   0.00      3.00      0.00  kworker/2:0-events
12:41:35        0        49    0.00    0.00    0.00    0.00    0.00     1      0.00      0.00       0       0   0.00      9.00      0.00  kworker/u16:2-events_power_efficient
12:41:35        0        53    0.00    0.00    0.00    0.00    0.00     3      0.00      0.00       0       0   0.00      2.00      0.00  kcompactd0
12:41:35        0        60    0.00    0.00    0.00    0.00    0.00     1      0.00      0.00       0       0   0.00      7.00      0.00  kworker/1:1-events
12:41:35        0       136    0.00    0.00    0.00    0.00    0.00     2      0.00      0.00       0       0   0.00      3.00      0.00  jbd2/nvme0n1p1-8
12:41:35        0       237    0.00    0.00    0.00    0.00    0.00     1      0.00      0.00  288968   27128   0.34      1.00      0.00  multipathd
12:41:35        0      1092    0.00    0.00    0.00    0.00    0.00     3      0.00      0.00       0       0   0.00      3.00      0.00  kworker/3:3-events
12:41:35     1000      1452    0.00    0.00    0.00    0.00    0.00     1      0.00      0.00   30364   21000   0.27      3.00      0.00  python3
12:41:35     1000      1456    0.00    0.00    0.00    0.00    0.00     1      0.00      0.00    9900    3360   0.04      1.00      0.00  vmstat
12:41:35     1000      1457    0.00    1.00    0.00    0.00    1.00     1      0.00      0.00    7712    3696   0.05      1.00      0.00  pidstat

# Time        UID       PID    %usr %system  %guest   %wait    %CPU   CPU  minflt/s  majflt/s     VSZ     RSS   %MEM   cswch/s nvcswch/s  Command
12:41:36        0        11    0.00    0.00    0.00    0.00    0.00     0      0.00      0.00       0       0   0.00      3.00      0.00  kworker/0:1-events
12:41:36        0        16    0.00    0.00    0.00    0.00    0.00     1      0.00      0.00       0       0   0.00     34.00      0.00  rcu_sched
12:41:36        0        25    0.00    0.00    0.00    0.00    0.00     1      0.00      0.00       0       0   0.00      2.00      0.00  migration/1
12:41:36        0        33    0.00    0.00    0.00    0.00    0.00     2      0.00      0.00       0       0   0.00      1.00      0.00  kworker/2:0-mm_percpu_wq
12:41:36        0        49    0.00    0.00    0.00    0.00    0.00     1      0.00      0.00       0       0   0.00      5.00      0.00  kworker/u16:2-events_power_efficient
12:41:36        0        53    0.00    0.00    0.00    0.00    0.00     2      0.00      0.00       0       0   0.00      2.00      0.00  kcompactd0
12:41:36        0        60    0.00    0.00    0.00    0.00    0.00     1      0.00      0.00       0       0   0.00      5.00      0.00  kworker/1:1-events
12:41:36        0       237    0.00    0.00    0.00    0.00    0.00     1      0.00      0.00  288968   27128   0.34      1.00      0.00  multipathd
12:41:36        0      1092    0.00    0.00    0.00    0.00    0.00     3      0.00      0.00       0       0   0.00      3.00      0.00  kworker/3:3-events
12:41:36     1000      1452    0.00    0.00    0.00    0.00    0.00     1      0.00      0.00   30364   21000   0.27      8.00      0.00  python3
12:41:36     1000      1456    0.00    0.00    0.00    0.00    0.00     1      0.00      0.00    9900    3360   0.04      1.00      0.00  vmstat
12:41:36     1000      1457    0.00    0.00    0.00    0.00    0.00     1      0.00      0.00    7712    3696   0.05      1.00      0.00  pidstat
12:41:36     1000      1494    0.00    0.00    0.00    0.00    0.00     0    146.00      0.00    2704    1464   0.02      1.00      1.00  time
12:41:36     1000      1495   66.00    6.00    0.00    0.00   72.00     0   7934.00      0.00   48136   40808   0.52      5.00      2.00  /home/ubuntu/pa
12:41:36     1000      1496   11.00   10.00    0.00    0.00   21.00     2   7710.00      0.00 1816636   33684   0.43      5.00      4.00  hey

# Time        UID       PID    %usr %system  %guest   %wait    %CPU   CPU  minflt/s  majflt/s     VSZ     RSS   %MEM   cswch/s nvcswch/s  Command
12:41:37        0        11    0.00    0.00    0.00    0.00    0.00     0      0.00      0.00       0       0   0.00      1.00      0.00  kworker/0:1-mm_percpu_wq
12:41:37        0        16    0.00    0.00    0.00    0.00    0.00     1      0.00      0.00       0       0   0.00     11.00      0.00  rcu_sched
12:41:37        0        25    0.00    0.00    0.00    0.00    0.00     1      0.00      0.00       0       0   0.00      1.00      0.00  migration/1
12:41:37        0        33    0.00    0.00    0.00    0.00    0.00     2      0.00      0.00       0       0   0.00      2.00      0.00  kworker/2:0-mm_percpu_wq
12:41:37        0        49    0.00    0.00    0.00    0.00    0.00     1      0.00      0.00       0       0   0.00      6.00      0.00  kworker/u16:2-events_power_efficient
12:41:37        0        53    0.00    0.00    0.00    0.00    0.00     2      0.00      0.00       0       0   0.00      2.00      0.00  kcompactd0
12:41:37        0        60    0.00    0.00    0.00    0.00    0.00     1      0.00      0.00       0       0   0.00      7.00      0.00  kworker/1:1-events
12:41:37        0       237    0.00    0.00    0.00    0.00    0.00     1      0.00      0.00  288968   27128   0.34      1.00      0.00  multipathd
12:41:37        0      1092    0.00    0.00    0.00    0.00    0.00     3      0.00      0.00       0       0   0.00      3.00      0.00  kworker/3:3-events
12:41:37     1000      1452    0.00    0.00    0.00    0.00    0.00     1      0.00      0.00   30364   21000   0.27      3.00      0.00  python3
12:41:37     1000      1456    0.00    0.00    0.00    0.00    0.00     1      0.00      0.00    9900    3360   0.04      1.00      0.00  vmstat
12:41:37     1000      1457    0.00    1.00    0.00    0.00    1.00     1      0.00      0.00    7712    3696   0.05      1.00      0.00  pidstat
12:41:37     1000      1495   93.00    6.00    0.00    0.00   99.00     0     49.00      0.00   48400   41064   0.52      2.00      1.00  /home/ubuntu/pa
12:41:37     1000      1504   11.00    9.00    0.00    0.00   20.00     3   7497.00      0.00 1816636   32976   0.42      3.00      3.00  hey

# Time        UID       PID    %usr %system  %guest   %wait    %CPU   CPU  minflt/s  majflt/s     VSZ     RSS   %MEM   cswch/s nvcswch/s  Command
12:41:38        0        11    0.00    0.00    0.00    0.00    0.00     0      0.00      0.00       0       0   0.00      4.00      0.00  kworker/0:1-events
12:41:38        0        19    0.00    0.00    0.00    0.00    0.00     0      0.00      0.00       0       0   0.00      1.00      0.00  migration/0
12:41:38        0        25    0.00    0.00    0.00    0.00    0.00     1      0.00      0.00       0       0   0.00      1.00      0.00  migration/1
12:41:38        0        31    0.00    0.00    0.00    0.00    0.00     2      0.00      0.00       0       0   0.00      1.00      0.00  migration/2
12:41:38        0        32    0.00    0.00    0.00    0.00    0.00     2      0.00      0.00       0       0   0.00      1.00      0.00  ksoftirqd/2
12:41:38        0        33    0.00    0.00    0.00    0.00    0.00     2      0.00      0.00       0       0   0.00      1.00      0.00  kworker/2:0-mm_percpu_wq
12:41:38        0        37    0.00    0.00    0.00    0.00    0.00     3      0.00      0.00       0       0   0.00      1.00      0.00  migration/3
12:41:38        0        49    0.00    0.00    0.00    0.00    0.00     1      0.00      0.00       0       0   0.00      7.00      0.00  kworker/u16:2-events_power_efficient
12:41:38        0        53    0.00    0.00    0.00    0.00    0.00     2      0.00      0.00       0       0   0.00      1.00      0.00  kcompactd0
12:41:38        0        60    0.00    0.00    0.00    0.00    0.00     1      0.00      0.00       0       0   0.00      6.00      0.00  kworker/1:1-events
12:41:38        0       237    0.00    0.00    0.00    0.00    0.00     1      0.00      0.00  288968   27128   0.34      1.00      0.00  multipathd
12:41:38        0      1092    0.00    0.00    0.00    0.00    0.00     3      0.00      0.00       0       0   0.00      2.00      0.00  kworker/3:3-events
12:41:38     1000      1456    0.00    0.00    0.00    0.00    0.00     1      0.00      0.00    9900    3360   0.04      1.00      0.00  vmstat
12:41:38     1000      1457    0.00    0.00    0.00    0.00    0.00     1      0.00      0.00    7712    3696   0.05      1.00      0.00  pidstat
12:41:38     1000      1495   94.00    6.00    0.00    0.00  100.00     0      2.00      0.00   48400   41064   0.52      0.00      5.00  /home/ubuntu/pa
12:41:38     1000      1504   19.00   13.00    0.00    0.00   32.00     3   4460.00      0.00 1817340   48976   0.62      0.00      0.00  hey

# Time        UID       PID    %usr %system  %guest   %wait    %CPU   CPU  minflt/s  majflt/s     VSZ     RSS   %MEM   cswch/s nvcswch/s  Command
12:41:39        0        11    0.00    0.00    0.00    0.00    0.00     0      0.00      0.00       0       0   0.00      3.00      0.00  kworker/0:1-events
12:41:39        0        12    0.00    0.00    0.00    0.00    0.00     3      0.00      0.00       0       0   0.00      4.00      0.00  kworker/u16:0-events_power_efficient
12:41:39        0        16    0.00    0.00    0.00    0.00    0.00     3      0.00      0.00       0       0   0.00     41.00      0.00  rcu_sched
12:41:39        0        25    0.00    0.00    0.00    0.00    0.00     1      0.00      0.00       0       0   0.00      1.00      0.00  migration/1
12:41:39        0        32    0.00    0.00    0.00    0.00    0.00     2      0.00      0.00       0       0   0.00      1.00      0.00  ksoftirqd/2
12:41:39        0        33    0.00    0.00    0.00    0.00    0.00     2      0.00      0.00       0       0   0.00      3.00      0.00  kworker/2:0-events
12:41:39        0        49    0.00    0.00    0.00    0.00    0.00     1      0.00      0.00       0       0   0.00      4.00      0.00  kworker/u16:2-events_power_efficient
12:41:39        0        53    0.00    0.00    0.00    0.00    0.00     2      0.00      0.00       0       0   0.00      2.00      0.00  kcompactd0
12:41:39        0        60    0.00    0.00    0.00    0.00    0.00     1      0.00      0.00       0       0   0.00      3.00      0.00  kworker/1:1-mm_percpu_wq
12:41:39        0       237    0.00    0.00    0.00    0.00    0.00     1      0.00      0.00  288968   27128   0.34      1.00      0.00  multipathd
12:41:39        0      1092    0.00    0.00    0.00    0.00    0.00     3      0.00      0.00       0       0   0.00      5.00      0.00  kworker/3:3-events
12:41:39     1000      1452    1.00    0.00    0.00    0.00    1.00     1      0.00      0.00   30364   21000   0.27     11.00      0.00  python3
12:41:39     1000      1456    0.00    0.00    0.00    0.00    0.00     1      0.00      0.00    9900    3360   0.04      1.00      0.00  vmstat
12:41:39     1000      1457    0.00    1.00    0.00    0.00    1.00     1      0.00      0.00    7712    3696   0.05      1.00      4.00  pidstat
12:41:39     1000      1512    0.00    0.00    0.00    0.00    0.00     0    144.00      0.00    2704    1464   0.02      1.00      1.00  time
12:41:39     1000      1513   11.00    2.00    0.00    0.00   13.00     0   7608.00      0.00   46780   39488   0.50      5.00      1.00  /home/ubuntu/pe

# Time        UID       PID    %usr %system  %guest   %wait    %CPU   CPU  minflt/s  majflt/s     VSZ     RSS   %MEM   cswch/s nvcswch/s  Command
12:41:40        0        11    0.00    0.00    0.00    0.00    0.00     0      0.00      0.00       0       0   0.00      5.00      0.00  kworker/0:1-events
12:41:40        0        12    0.00    0.00    0.00    0.00    0.00     1      0.00      0.00       0       0   0.00      7.00      0.00  kworker/u16:0-events_power_efficient
12:41:40        0        16    0.00    0.00    0.00    0.00    0.00     1      0.00      0.00       0       0   0.00      9.00      0.00  rcu_sched
12:41:40        0        25    0.00    0.00    0.00    0.00    0.00     1      0.00      0.00       0       0   0.00      1.00      0.00  migration/1
12:41:40        0        33    0.00    0.00    0.00    0.00    0.00     2      0.00      0.00       0       0   0.00      1.00      0.00  kworker/2:0-mm_percpu_wq
12:41:40        0        53    0.00    0.00    0.00    0.00    0.00     2      0.00      0.00       0       0   0.00      2.00      0.00  kcompactd0
12:41:40        0        60    0.00    0.00    0.00    0.00    0.00     1      0.00      0.00       0       0   0.00      5.00      0.00  kworker/1:1-events
12:41:40        0       237    0.00    0.00    0.00    0.00    0.00     1      0.00      0.00  288968   27128   0.34      1.00      0.00  multipathd
12:41:40        0       589    0.00    0.00    0.00    0.00    0.00     3      0.00      0.00   83064    4724   0.06      1.00      0.00  irqbalance
12:41:40        0      1092    0.00    0.00    0.00    0.00    0.00     3      0.00      0.00       0       0   0.00      3.00      0.00  kworker/3:3-events
12:41:40     1000      1456    0.00    0.00    0.00    0.00    0.00     1      0.00      0.00    9900    3360   0.04      1.00      0.00  vmstat
12:41:40     1000      1457    1.00    0.00    0.00    0.00    1.00     1      0.00      0.00    7712    3696   0.05      1.00      0.00  pidstat
12:41:40     1000      1513   94.00    6.00    0.00    0.00  100.00     0     42.00      0.00   47044   39616   0.50      0.00      5.00  /home/ubuntu/pe
12:41:40     1000      1514   21.00   19.00    0.00    0.00   40.00     2  12080.00      0.00 1817276   49244   0.62      3.00      3.00  hey

# Time        UID       PID    %usr %system  %guest   %wait    %CPU   CPU  minflt/s  majflt/s     VSZ     RSS   %MEM   cswch/s nvcswch/s  Command
12:41:41        0        11    0.00    0.00    0.00    0.00    0.00     0      0.00      0.00       0       0   0.00      2.00      0.00  kworker/0:1-events
12:41:41        0        12    0.00    0.00    0.00    0.00    0.00     1      0.00      0.00       0       0   0.00      4.00      0.00  kworker/u16:0-events_power_efficient
12:41:41        0        16    0.00    0.00    0.00    0.00    0.00     1      0.00      0.00       0       0   0.00      8.00      0.00  rcu_sched
12:41:41        0        25    0.00    0.00    0.00    0.00    0.00     1      0.00      0.00       0       0   0.00      1.00      0.00  migration/1
12:41:41        0        33    0.00    0.00    0.00    0.00    0.00     2      0.00      0.00       0       0   0.00      3.00      0.00  kworker/2:0-events
12:41:41        0        38    0.00    0.00    0.00    0.00    0.00     3      0.00      0.00       0       0   0.00      1.00      0.00  ksoftirqd/3
12:41:41        0        53    0.00    0.00    0.00    0.00    0.00     2      0.00      0.00       0       0   0.00      2.00      0.00  kcompactd0
12:41:41        0        60    0.00    0.00    0.00    0.00    0.00     1      0.00      0.00       0       0   0.00      5.00      0.00  kworker/1:1-events
12:41:41        0       162    0.00    0.00    0.00    0.00    0.00     0      0.00      0.00       0       0   0.00      1.00      0.00  kworker/0:1H-kblockd
12:41:41        0       237    0.00    0.00    0.00    0.00    0.00     1      0.00      0.00  288968   27128   0.34      1.00      0.00  multipathd
12:41:41        0      1092    0.00    0.00    0.00    0.00    0.00     3      0.00      0.00       0       0   0.00      2.00      0.00  kworker/3:3-mm_percpu_wq
12:41:41     1000      1452    0.00    0.00    0.00    0.00    0.00     1      0.00      0.00   30364   21000   0.27      3.00      0.00  python3
12:41:41     1000      1456    0.00    0.00    0.00    0.00    0.00     1      0.00      0.00    9900    3360   0.04      1.00      0.00  vmstat
12:41:41     1000      1457    0.00    1.00    0.00    0.00    1.00     1      0.00      0.00    7712    3696   0.05      1.00      0.00  pidstat
12:41:41     1000      1513   93.00    6.00    0.00    0.00   99.00     0     40.00      0.00   47176   39872   0.50      2.00      2.00  /home/ubuntu/pe
12:41:41     1000      1522   20.00   16.00    0.00    0.00   36.00     3  12082.00      0.00 1817276   49316   0.62      4.00      2.00  hey

# Time        UID       PID    %usr %system  %guest   %wait    %CPU   CPU  minflt/s  majflt/s     VSZ     RSS   %MEM   cswch/s nvcswch/s  Command
12:41:42        0        11    0.00    0.00    0.00    0.00    0.00     0      0.00      0.00       0       0   0.00      3.00      0.00  kworker/0:1-events
12:41:42        0        12    0.00    0.00    0.00    0.00    0.00     1      0.00      0.00       0       0   0.00      7.00      0.00  kworker/u16:0-flush-259:0
12:41:42        0        16    0.00    0.00    0.00    0.00    0.00     1      0.00      0.00       0       0   0.00      2.00      0.00  rcu_sched
12:41:42        0        19    0.00    0.00    0.00    0.00    0.00     0      0.00      0.00       0       0   0.00      1.00      0.00  migration/0
12:41:42        0        25    0.00    0.00    0.00    0.00    0.00     1      0.00      0.00       0       0   0.00      1.00      0.00  migration/1
12:41:42        0        31    0.00    0.00    0.00    0.00    0.00     2      0.00      0.00       0       0   0.00      1.00      0.00  migration/2
12:41:42        0        33    0.00    0.00    0.00    0.00    0.00     2      0.00      0.00       0       0   0.00      2.00      0.00  kworker/2:0-events
12:41:42        0        37    0.00    0.00    0.00    0.00    0.00     3      0.00      0.00       0       0   0.00      1.00      0.00  migration/3
12:41:42        0        53    0.00    0.00    0.00    0.00    0.00     3      0.00      0.00       0       0   0.00      2.00      0.00  kcompactd0
12:41:42        0        60    0.00    0.00    0.00    0.00    0.00     1      0.00      0.00       0       0   0.00      6.00      0.00  kworker/1:1-events
12:41:42        0       237    0.00    0.00    0.00    0.00    0.00     1      0.00      0.00  288968   27128   0.34      1.00      0.00  multipathd
12:41:42        0      1092    0.00    0.00    0.00    0.00    0.00     3      0.00      0.00       0       0   0.00      3.00      0.00  kworker/3:3-events
12:41:42     1000      1456    0.00    0.00    0.00    0.00    0.00     1      0.00      0.00    9900    3360   0.04      1.00      0.00  vmstat
12:41:42     1000      1457    0.00    0.00    0.00    0.00    0.00     1      0.00      0.00    7712    3696   0.05      1.00      0.00  pidstat
12:41:42     1000      1513   94.00    6.00    0.00    0.00  100.00     0      0.00      0.00   47176   39872   0.50      0.00      4.00  /home/ubuntu/pe
12:41:42     1000      1522   20.00   15.00    0.00    0.00   35.00     3   4836.00      0.00 1818044   66724   0.84      0.00      0.00  hey

# Time        UID       PID    %usr %system  %guest   %wait    %CPU   CPU  minflt/s  majflt/s     VSZ     RSS   %MEM   cswch/s nvcswch/s  Command
12:41:43        0        11    0.00    0.00    0.00    0.00    0.00     0      0.00      0.00       0       0   0.00      3.00      0.00  kworker/0:1-events
12:41:43        0        12    0.00    0.00    0.00    0.00    0.00     1      0.00      0.00       0       0   0.00      6.00      0.00  kworker/u16:0-flush-259:0
12:41:43        0        16    0.00    0.00    0.00    0.00    0.00     1      0.00      0.00       0       0   0.00     49.00      0.00  rcu_sched
12:41:43        0        25    0.00    0.00    0.00    0.00    0.00     1      0.00      0.00       0       0   0.00      2.00      0.00  migration/1
12:41:43        0        32    0.00    0.00    0.00    0.00    0.00     2      0.00      0.00       0       0   0.00      1.00      0.00  ksoftirqd/2
12:41:43        0        33    0.00    0.00    0.00    0.00    0.00     2      0.00      0.00       0       0   0.00      4.00      0.00  kworker/2:0-events
12:41:43        0        53    0.00    0.00    0.00    0.00    0.00     3      0.00      0.00       0       0   0.00      2.00      0.00  kcompactd0
12:41:43        0        60    0.00    0.00    0.00    0.00    0.00     1      0.00      0.00       0       0   0.00      6.00      0.00  kworker/1:1-events
12:41:43        0       237    0.00    0.00    0.00    0.00    0.00     1      0.00      0.00  288968   27128   0.34      1.00      0.00  multipathd
12:41:43        0      1092    0.00    0.00    0.00    0.00    0.00     3      0.00      0.00       0       0   0.00      2.00      0.00  kworker/3:3-mm_percpu_wq
12:41:43     1000      1452    0.00    0.00    0.00    0.00    0.00     1      0.00      0.00   30364   21000   0.27     11.00      0.00  python3
12:41:43     1000      1456    0.00    0.00    0.00    0.00    0.00     1      0.00      0.00    9900    3360   0.04      1.00      0.00  vmstat
12:41:43     1000      1457    0.00    0.00    0.00    0.00    0.00     1      0.00      0.00    7712    3696   0.05      1.00      0.00  pidstat
12:41:43     1000      1530    0.00    0.00    0.00    0.00    0.00     0    143.00      0.00    2704    1528   0.02      1.00      1.00  time
12:41:43     1000      1531   51.00    4.00    0.00    0.00   55.00     0   7932.00      0.00   48108   40948   0.52      5.00      2.00  /home/ubuntu/pa
12:41:43     1000      1532    8.00    7.00    0.00    0.00   15.00     2   6001.00      0.00 1742648   27468   0.35      3.00      3.00  hey

# Time        UID       PID    %usr %system  %guest   %wait    %CPU   CPU  minflt/s  majflt/s     VSZ     RSS   %MEM   cswch/s nvcswch/s  Command
12:41:44        0        11    0.00    0.00    0.00    0.00    0.00     0      0.00      0.00       0       0   0.00      3.00      0.00  kworker/0:1-events
12:41:44        0        12    0.00    0.00    0.00    0.00    0.00     2      0.00      0.00       0       0   0.00      4.00      0.00  kworker/u16:0-events_power_efficient
12:41:44        0        16    0.00    0.00    0.00    0.00    0.00     1      0.00      0.00       0       0   0.00     14.00      0.00  rcu_sched
12:41:44        0        25    0.00    0.00    0.00    0.00    0.00     1      0.00      0.00       0       0   0.00      1.00      0.00  migration/1
12:41:44        0        33    0.00    0.00    0.00    0.00    0.00     2      0.00      0.00       0       0   0.00      2.00      0.00  kworker/2:0-events
12:41:44        0        38    0.00    0.00    0.00    0.00    0.00     3      0.00      0.00       0       0   0.00      1.00      0.00  ksoftirqd/3
12:41:44        0        49    0.00    0.00    0.00    0.00    0.00     1      0.00      0.00       0       0   0.00      8.00      0.00  kworker/u16:2-events_power_efficient
12:41:44        0        53    0.00    0.00    0.00    0.00    0.00     1      0.00      0.00       0       0   0.00      2.00      0.00  kcompactd0
12:41:44        0        60    0.00    0.00    0.00    0.00    0.00     1      0.00      0.00       0       0   0.00      6.00      0.00  kworker/1:1-events
12:41:44        0       237    0.00    0.00    0.00    0.00    0.00     1      0.00      0.00  288968   27128   0.34      1.00      0.00  multipathd
12:41:44        0      1092    0.00    0.00    0.00    0.00    0.00     3      0.00      0.00       0       0   0.00      4.00      0.00  kworker/3:3-events
12:41:44     1000      1452    0.00    0.00    0.00    0.00    0.00     1      0.00      0.00   30364   21000   0.27      3.00      0.00  python3
12:41:44     1000      1456    0.00    0.00    0.00    0.00    0.00     1      0.00      0.00    9900    3360   0.04      1.00      0.00  vmstat
12:41:44     1000      1457    0.00    1.00    0.00    0.00    1.00     1      0.00      0.00    7712    3696   0.05      1.00      0.00  pidstat
12:41:44     1000      1531   93.00    6.00    0.00    0.00   99.00     0     47.00      0.00   48240   41204   0.52      2.00      3.00  /home/ubuntu/pa
12:41:44     1000      1540    8.00    8.00    0.00    0.00   16.00     3   5825.00      0.00 1816636   26760   0.34      3.00      3.00  hey

# Time        UID       PID    %usr %system  %guest   %wait    %CPU   CPU  minflt/s  majflt/s     VSZ     RSS   %MEM   cswch/s nvcswch/s  Command
12:41:45        0        11    0.00    0.00    0.00    0.00    0.00     0      0.00      0.00       0       0   0.00      1.00      0.00  kworker/0:1-mm_percpu_wq
12:41:45        0        16    0.00    0.00    0.00    0.00    0.00     1      0.00      0.00       0       0   0.00      4.00      0.00  rcu_sched
12:41:45        0        26    0.00    0.00    0.00    0.00    0.00     1      0.00      0.00       0       0   0.00      1.00      0.00  ksoftirqd/1
12:41:45        0        33    0.00    0.00    0.00    0.00    0.00     2      0.00      0.00       0       0   0.00      2.00      0.00  kworker/2:0-events
12:41:45        0        49    0.00    0.00    0.00    0.00    0.00     1      0.00      0.00       0       0   0.00      5.00      0.00  kworker/u16:2-events_power_efficient
12:41:45        0        53    0.00    0.00    0.00    0.00    0.00     1      0.00      0.00       0       0   0.00      2.00      0.00  kcompactd0
12:41:45        0        60    0.00    0.00    0.00    0.00    0.00     1      0.00      0.00       0       0   0.00      5.00      0.00  kworker/1:1-events
12:41:45        0       237    0.00    0.00    0.00    0.00    0.00     1      0.00      0.00  288968   27128   0.34      1.00      0.00  multipathd
12:41:45      110       698    0.00    0.00    0.00    0.00    0.00     3      0.00      0.00   19416    3668   0.05      2.00      0.00  chronyd
12:41:45        0      1092    0.00    0.00    0.00    0.00    0.00     3      0.00      0.00       0       0   0.00      2.00      0.00  kworker/3:3-events
12:41:45     1000      1456    0.00    0.00    0.00    0.00    0.00     1      0.00      0.00    9900    3360   0.04      1.00      0.00  vmstat
12:41:45     1000      1457    0.00    0.00    0.00    0.00    0.00     1      0.00      0.00    7712    3696   0.05      1.00      0.00  pidstat
12:41:45     1000      1531   95.00    5.00    0.00    0.00  100.00     0      5.00      0.00   48372   41204   0.52      0.00      1.00  /home/ubuntu/pa
12:41:45     1000      1540   20.00   15.00    0.00    0.00   35.00     3   6348.00      0.00 1817340   49544   0.63      0.00      0.00  hey

# Time        UID       PID    %usr %system  %guest   %wait    %CPU   CPU  minflt/s  majflt/s     VSZ     RSS   %MEM   cswch/s nvcswch/s  Command
12:41:46        0        11    0.00    0.00    0.00    0.00    0.00     0      0.00      0.00       0       0   0.00      5.00      0.00  kworker/0:1-events
12:41:46        0        12    0.00    0.00    0.00    0.00    0.00     2      0.00      0.00       0       0   0.00      6.00      0.00  kworker/u16:0-events_unbound
12:41:46        0        16    0.00    0.00    0.00    0.00    0.00     3      0.00      0.00       0       0   0.00     27.00      0.00  rcu_sched
12:41:46        0        19    0.00    0.00    0.00    0.00    0.00     0      0.00      0.00       0       0   0.00      1.00      0.00  migration/0
12:41:46        0        25    0.00    0.00    0.00    0.00    0.00     1      0.00      0.00       0       0   0.00      2.00      0.00  migration/1
12:41:46        0        31    0.00    0.00    0.00    0.00    0.00     2      0.00      0.00       0       0   0.00      1.00      0.00  migration/2
12:41:46        0        32    0.00    0.00    0.00    0.00    0.00     2      0.00      0.00       0       0   0.00      1.00      0.00  ksoftirqd/2
12:41:46        0        33    0.00    0.00    0.00    0.00    0.00     2      0.00      0.00       0       0   0.00      2.00      0.00  kworker/2:0-events
12:41:46        0        37    0.00    0.00    0.00    0.00    0.00     3      0.00      0.00       0       0   0.00      1.00      0.00  migration/3
12:41:46        0        49    0.00    0.00    0.00    0.00    0.00     1      0.00      0.00       0       0   0.00      1.00      0.00  kworker/u16:2-flush-259:0
12:41:46        0        53    0.00    0.00    0.00    0.00    0.00     1      0.00      0.00       0       0   0.00      2.00      0.00  kcompactd0
12:41:46        0        60    0.00    0.00    0.00    0.00    0.00     1      0.00      0.00       0       0   0.00      5.00      0.00  kworker/1:1-events
12:41:46        0       237    0.00    0.00    0.00    0.00    0.00     1      0.00      0.00  288968   27128   0.34      1.00      0.00  multipathd
12:41:46      110       698    0.00    0.00    0.00    0.00    0.00     1      0.00      0.00   19416    3668   0.05      4.00      0.00  chronyd
12:41:46        0      1092    0.00    0.00    0.00    0.00    0.00     3      0.00      0.00       0       0   0.00      3.00      0.00  kworker/3:3-events
12:41:46     1000      1452    1.00    0.00    0.00    0.00    1.00     1      0.00      0.00   30364   21000   0.27      5.00      0.00  python3
12:41:46     1000      1456    0.00    0.00    0.00    0.00    0.00     1      0.00      0.00    9900    3360   0.04      1.00      0.00  vmstat
12:41:46     1000      1457    1.00    1.00    0.00    0.00    2.00     1      0.00      0.00    7712    3696   0.05      1.00      0.00  pidstat
12:41:46     1000      1548    0.00    0.00    0.00    0.00    0.00     0    145.00      0.00    2704    1464   0.02      1.00      1.00  time
12:41:46     1000      1549    2.00    0.00    0.00    0.00    2.00     0   1896.00      0.00   18080   12624   0.16      0.00      0.00  perl

# Time        UID       PID    %usr %system  %guest   %wait    %CPU   CPU  minflt/s  majflt/s     VSZ     RSS   %MEM   cswch/s nvcswch/s  Command
12:41:47        0        11    0.00    0.00    0.00    0.00    0.00     0      0.00      0.00       0       0   0.00      1.00      0.00  kworker/0:1-mm_percpu_wq
12:41:47        0        12    0.00    0.00    0.00    0.00    0.00     1      0.00      0.00       0       0   0.00      5.00      0.00  kworker/u16:0-events_power_efficient
12:41:47        0        16    0.00    0.00    0.00    0.00    0.00     1      0.00      0.00       0       0   0.00     40.00      0.00  rcu_sched
12:41:47        0        25    0.00    0.00    0.00    0.00    0.00     1      0.00      0.00       0       0   0.00      1.00      0.00  migration/1
12:41:47        0        26    0.00    0.00    0.00    0.00    0.00     1      0.00      0.00       0       0   0.00      2.00      0.00  ksoftirqd/1
12:41:47        0        33    0.00    0.00    0.00    0.00    0.00     2      0.00      0.00       0       0   0.00      3.00      0.00  kworker/2:0-mm_percpu_wq
12:41:47        0        53    0.00    0.00    0.00    0.00    0.00     1      0.00      0.00       0       0   0.00      2.00      0.00  kcompactd0
12:41:47        0        60    0.00    0.00    0.00    0.00    0.00     1      0.00      0.00       0       0   0.00      4.00      0.00  kworker/1:1-events
12:41:47        0       237    0.00    0.00    0.00    0.00    0.00     1      0.00      0.00  288968   27128   0.34      1.00      0.00  multipathd
12:41:47      110       698    0.00    0.00    0.00    0.00    0.00     1      0.00      0.00   19416    3668   0.05     10.00      0.00  chronyd
12:41:47        0      1092    0.00    0.00    0.00    0.00    0.00     3      0.00      0.00       0       0   0.00      3.00      0.00  kworker/3:3-events
12:41:47     1000      1452    0.00    0.00    0.00    0.00    0.00     1      0.00      0.00   30364   21000   0.27      6.00      0.00  python3
12:41:47     1000      1456    0.00    0.00    0.00    0.00    0.00     1      0.00      0.00    9900    3360   0.04      1.00      0.00  vmstat
12:41:47     1000      1457    0.00    0.00    0.00    0.00    0.00     1      0.00      0.00    7712    3696   0.05      1.00      0.00  pidstat
12:41:47     1000      1549   87.00    8.00    0.00    0.00   95.00     0   6044.00      0.00   48056   40860   0.52      5.00      1.00  /home/ubuntu/pa
12:41:47     1000      1550   16.00   14.00    0.00    0.00   30.00     2  11296.00      0.00 1816956   46552   0.59      4.00      4.00  hey

# Time        UID       PID    %usr %system  %guest   %wait    %CPU   CPU  minflt/s  majflt/s     VSZ     RSS   %MEM   cswch/s nvcswch/s  Command
12:41:48        0        11    0.00    0.00    0.00    0.00    0.00     0      0.00      0.00       0       0   0.00      5.00      0.00  kworker/0:1-events
12:41:48        0        12    0.00    0.00    0.00    0.00    0.00     1      0.00      0.00       0       0   0.00      7.00      0.00  kworker/u16:0-events_power_efficient
12:41:48        0        16    0.00    0.00    0.00    0.00    0.00     1      0.00      0.00       0       0   0.00     14.00      0.00  rcu_sched
12:41:48        0        25    0.00    0.00    0.00    0.00    0.00     1      0.00      0.00       0       0   0.00      1.00      0.00  migration/1
12:41:48        0        26    0.00    0.00    0.00    0.00    0.00     1      0.00      0.00       0       0   0.00      1.00      0.00  ksoftirqd/1
12:41:48        0        33    0.00    0.00    0.00    0.00    0.00     2      0.00      0.00       0       0   0.00      3.00      0.00  kworker/2:0-mm_percpu_wq
12:41:48        0        38    0.00    0.00    0.00    0.00    0.00     3      0.00      0.00       0       0   0.00      1.00      0.00  ksoftirqd/3
12:41:48        0        53    0.00    0.00    0.00    0.00    0.00     1      0.00      0.00       0       0   0.00      2.00      0.00  kcompactd0
12:41:48        0        60    0.00    0.00    0.00    0.00    0.00     1      0.00      0.00       0       0   0.00      6.00      0.00  kworker/1:1-events
12:41:48        0       237    0.00    0.00    0.00    0.00    0.00     1      0.00      0.00  288968   27128   0.34      1.00      0.00  multipathd
12:41:48      110       698    0.00    0.00    0.00    0.00    0.00     1      0.00      0.00   19416    3668   0.05      2.00      0.00  chronyd
12:41:48        0      1092    0.00    0.00    0.00    0.00    0.00     3      0.00      0.00       0       0   0.00      5.00      0.00  kworker/3:3-events
12:41:48     1000      1452    0.00    0.00    0.00    0.00    0.00     1      0.00      0.00   30364   21000   0.27      3.00      0.00  python3
12:41:48     1000      1456    0.00    0.00    0.00    0.00    0.00     1      0.00      0.00    9900    3360   0.04      1.00      0.00  vmstat
12:41:48     1000      1457    0.00    1.00    0.00    0.00    1.00     1      0.00      0.00    7712    3696   0.05      1.00      0.00  pidstat
12:41:48     1000      1549   93.00    5.00    0.00    0.00   98.00     0     47.00      0.00   48320   41116   0.52      2.00      5.00  /home/ubuntu/pa
12:41:48     1000      1558   17.00   15.00    0.00    0.00   32.00     3  10948.00      0.00 1816956   45220   0.57      4.00      2.00  hey

# Time        UID       PID    %usr %system  %guest   %wait    %CPU   CPU  minflt/s  majflt/s     VSZ     RSS   %MEM   cswch/s nvcswch/s  Command
12:41:49        0        11    0.00    0.00    0.00    0.00    0.00     0      0.00      0.00       0       0   0.00      1.00      0.00  kworker/0:1-mm_percpu_wq
12:41:49        0        12    0.00    0.00    0.00    0.00    0.00     1      0.00      0.00       0       0   0.00      5.00      0.00  kworker/u16:0-events_power_efficient
12:41:49        0        33    0.00    0.00    0.00    0.00    0.00     2      0.00      0.00       0       0   0.00      3.00      0.00  kworker/2:0-events
12:41:49        0        49    0.00    0.00    0.00    0.00    0.00     1      0.00      0.00       0       0   0.00      4.00      0.00  kworker/u16:2-events_power_efficient
12:41:49        0        53    0.00    0.00    0.00    0.00    0.00     1      0.00      0.00       0       0   0.00      2.00      0.00  kcompactd0
12:41:49        0        60    0.00    0.00    0.00    0.00    0.00     1      0.00      0.00       0       0   0.00      5.00      0.00  kworker/1:1-events
12:41:49        0       237    0.00    0.00    0.00    0.00    0.00     1      0.00      0.00  288968   27128   0.34      1.00      0.00  multipathd
12:41:49        0      1092    0.00    0.00    0.00    0.00    0.00     3      0.00      0.00       0       0   0.00      1.00      0.00  kworker/3:3-mm_percpu_wq
12:41:49     1000      1456    0.00    0.00    0.00    0.00    0.00     1      0.00      0.00    9900    3360   0.04      1.00      0.00  vmstat
12:41:49     1000      1457    0.00    0.00    0.00    0.00    0.00     1      0.00      0.00    7712    3696   0.05      1.00      0.00  pidstat
12:41:49     1000      1549   92.00    8.00    0.00    0.00  100.00     0      4.00      0.00   48320   41116   0.52      0.00      1.00  /home/ubuntu/pa
12:41:49     1000      1558   19.00   15.00    0.00    0.00   34.00     3   1899.00      0.00 1817660   51876   0.66      0.00      0.00  hey

# Time        UID       PID    %usr %system  %guest   %wait    %CPU   CPU  minflt/s  majflt/s     VSZ     RSS   %MEM   cswch/s nvcswch/s  Command
12:41:50        0        11    0.00    0.00    0.00    0.00    0.00     0      0.00      0.00       0       0   0.00      4.00      0.00  kworker/0:1-events
12:41:50        0        12    0.00    0.00    0.00    0.00    0.00     1      0.00      0.00       0       0   0.00      5.00      0.00  kworker/u16:0-events_power_efficient
12:41:50        0        16    0.00    0.00    0.00    0.00    0.00     2      0.00      0.00       0       0   0.00     47.00      0.00  rcu_sched
12:41:50        0        19    0.00    0.00    0.00    0.00    0.00     0      0.00      0.00       0       0   0.00      1.00      0.00  migration/0
12:41:50        0        25    0.00    0.00    0.00    0.00    0.00     1      0.00      0.00       0       0   0.00      3.00      0.00  migration/1
12:41:50        0        31    0.00    0.00    0.00    0.00    0.00     2      0.00      0.00       0       0   0.00      1.00      0.00  migration/2
12:41:50        0        33    0.00    0.00    0.00    0.00    0.00     2      0.00      0.00       0       0   0.00      2.00      0.00  kworker/2:0-mm_percpu_wq
12:41:50        0        37    0.00    0.00    0.00    0.00    0.00     3      0.00      0.00       0       0   0.00      1.00      0.00  migration/3
12:41:50        0        38    0.00    0.00    0.00    0.00    0.00     3      0.00      0.00       0       0   0.00      1.00      0.00  ksoftirqd/3
12:41:50        0        53    0.00    0.00    0.00    0.00    0.00     1      0.00      0.00       0       0   0.00      2.00      0.00  kcompactd0
12:41:50        0        60    0.00    0.00    0.00    0.00    0.00     1      0.00      0.00       0       0   0.00      8.00      0.00  kworker/1:1-events
12:41:50        0       162    0.00    0.00    0.00    0.00    0.00     0      0.00      0.00       0       0   0.00      1.00      0.00  kworker/0:1H-kblockd
12:41:50        0       237    0.00    0.00    0.00    0.00    0.00     1      0.00      0.00  288968   27128   0.34      1.00      0.00  multipathd
12:41:50        0       589    0.00    0.00    0.00    0.00    0.00     3      0.00      0.00   83064    4724   0.06      1.00      0.00  irqbalance
12:41:50        0      1092    0.00    0.00    0.00    0.00    0.00     3      0.00      0.00       0       0   0.00      5.00      0.00  kworker/3:3-mm_percpu_wq
12:41:50     1000      1452    0.00    1.00    0.00    0.00    1.00     1      0.00      0.00   30364   21000   0.27     13.00      0.00  python3
12:41:50     1000      1456    0.00    0.00    0.00    0.00    0.00     1      0.00      0.00    9900    3360   0.04      1.00      0.00  vmstat
12:41:50     1000      1457    0.00    0.00    0.00    0.00    0.00     1      0.00      0.00    7712    3696   0.05      1.00      0.00  pidstat
12:41:50     1000      1566    0.00    0.00    0.00    0.00    0.00     0    144.00      0.00    2704    1464   0.02      1.00      1.00  time
12:41:50     1000      1567   31.00    4.00    0.00    0.00   35.00     0   7678.00      0.00   47056   39884   0.50      7.00      4.00  /home/ubuntu/pe
12:41:50     1000      1568    4.00    3.00    0.00    0.00    7.00     2   3815.00      1.00 1816316   19544   0.25      4.00      2.00  hey

# Time        UID       PID    %usr %system  %guest   %wait    %CPU   CPU  minflt/s  majflt/s     VSZ     RSS   %MEM   cswch/s nvcswch/s  Command
12:41:51        0         1    0.00    0.00    0.00    0.00    0.00     2      1.00      0.00   22196   13052   0.16      1.00      0.00  systemd
12:41:51        0        11    0.00    0.00    0.00    0.00    0.00     0      0.00      0.00       0       0   0.00      1.00      0.00  kworker/0:1-mm_percpu_wq
12:41:51        0        12    0.00    0.00    0.00    0.00    0.00     1      0.00      0.00       0       0   0.00      7.00      0.00  kworker/u16:0-events_power_efficient
12:41:51        0        16    0.00    0.00    0.00    0.00    0.00     1      0.00      0.00       0       0   0.00     10.00      0.00  rcu_sched
12:41:51        0        25    0.00    0.00    0.00    0.00    0.00     1      0.00      0.00       0       0   0.00      1.00      0.00  migration/1
12:41:51        0        33    0.00    0.00    0.00    0.00    0.00     2      0.00      0.00       0       0   0.00      4.00      0.00  kworker/2:0-events
12:41:51        0        38    0.00    0.00    0.00    0.00    0.00     3      0.00      0.00       0       0   0.00      1.00      0.00  ksoftirqd/3
12:41:51        0        53    0.00    0.00    0.00    0.00    0.00     1      0.00      0.00       0       0   0.00      2.00      0.00  kcompactd0
12:41:51        0        60    0.00    0.00    0.00    0.00    0.00     1      0.00      0.00       0       0   0.00      5.00      0.00  kworker/1:1-events
12:41:51        0       178    0.00    0.00    0.00    0.00    0.00     1      0.00      0.00   50532   17544   0.22      1.00      0.00  systemd-journal
12:41:51        0       237    0.00    0.00    0.00    0.00    0.00     1      0.00      0.00  288968   27128   0.34      1.00      0.00  multipathd
12:41:51        0      1092    0.00    0.00    0.00    0.00    0.00     3      0.00      0.00       0       0   0.00      1.00      0.00  kworker/3:3-events
12:41:51     1000      1452    0.00    0.00    0.00    0.00    0.00     1      0.00      0.00   30364   21000   0.27      3.00      0.00  python3
12:41:51     1000      1456    0.00    0.00    0.00    0.00    0.00     1      0.00      0.00    9900    3360   0.04      1.00      0.00  vmstat
12:41:51     1000      1457    0.00    1.00    0.00    0.00    1.00     1      0.00      0.00    7712    3696   0.05      1.00      0.00  pidstat
12:41:51     1000      1567   92.00    7.00    0.00    0.00   99.00     0     51.00      0.00   47188   40140   0.51      2.00      1.00  /home/ubuntu/pe
12:41:51     1000      1576    5.00    3.00    0.00    0.00    8.00     3   3611.00      0.00 1816316   18752   0.24      4.00      5.00  hey

# Time        UID       PID    %usr %system  %guest   %wait    %CPU   CPU  minflt/s  majflt/s     VSZ     RSS   %MEM   cswch/s nvcswch/s  Command
12:41:52        0        11    0.00    0.00    0.00    0.00    0.00     0      0.00      0.00       0       0   0.00      6.00      0.00  kworker/0:1-events
12:41:52        0        12    0.00    0.00    0.00    0.00    0.00     1      0.00      0.00       0       0   0.00      5.00      0.00  kworker/u16:0-events_power_efficient
12:41:52        0        16    0.00    0.00    0.00    0.00    0.00     1      0.00      0.00       0       0   0.00      2.00      0.00  rcu_sched
12:41:52        0        26    0.00    0.00    0.00    0.00    0.00     1      0.00      0.00       0       0   0.00      1.00      0.00  ksoftirqd/1
12:41:52        0        33    0.00    0.00    0.00    0.00    0.00     2      0.00      0.00       0       0   0.00      2.00      0.00  kworker/2:0-mm_percpu_wq
12:41:52        0        53    0.00    0.00    0.00    0.00    0.00     1      0.00      0.00       0       0   0.00      2.00      0.00  kcompactd0
12:41:52        0        60    0.00    0.00    0.00    0.00    0.00     1      0.00      0.00       0       0   0.00      5.00      0.00  kworker/1:1-events
12:41:52        0       237    0.00    0.00    0.00    0.00    0.00     1      0.00      0.00  288968   27128   0.34      1.00      0.00  multipathd
12:41:52        0       594    0.00    0.00    0.00    0.00    0.00     0     12.00      0.00 1833332   20900   0.26      0.00      0.00  amazon-ssm-agen
12:41:52        0      1092    0.00    0.00    0.00    0.00    0.00     3      0.00      0.00       0       0   0.00      2.00      0.00  kworker/3:3-events
12:41:52     1000      1456    0.00    0.00    0.00    0.00    0.00     1      0.00      0.00    9900    3360   0.04      1.00      0.00  vmstat
12:41:52     1000      1457    0.00    0.00    0.00    0.00    0.00     1      0.00      0.00    7712    3696   0.05      1.00      1.00  pidstat
12:41:52     1000      1567   93.00    7.00    0.00    0.00  100.00     0      0.00      0.00   47188   40140   0.51      0.00      6.00  /home/ubuntu/pe
12:41:52     1000      1576   20.00   17.00    0.00    0.00   37.00     3   8217.00      0.00 1817340   48576   0.61      0.00      0.00  hey

# Time        UID       PID    %usr %system  %guest   %wait    %CPU   CPU  minflt/s  majflt/s     VSZ     RSS   %MEM   cswch/s nvcswch/s  Command
12:41:53        0        11    0.00    0.00    0.00    0.00    0.00     0      0.00      0.00       0       0   0.00      3.00      0.00  kworker/0:1-events
12:41:53        0        12    0.00    0.00    0.00    0.00    0.00     1      0.00      0.00       0       0   0.00      7.00      0.00  kworker/u16:0-events_power_efficient
12:41:53        0        16    0.00    0.00    0.00    0.00    0.00     1      0.00      0.00       0       0   0.00     19.00      0.00  rcu_sched
12:41:53        0        26    0.00    0.00    0.00    0.00    0.00     1      0.00      0.00       0       0   0.00      1.00      0.00  ksoftirqd/1
12:41:53        0        32    0.00    0.00    0.00    0.00    0.00     2      0.00      0.00       0       0   0.00      1.00      0.00  ksoftirqd/2
12:41:53        0        33    0.00    0.00    0.00    0.00    0.00     2      0.00      0.00       0       0   0.00      3.00      0.00  kworker/2:0-events
12:41:53        0        53    0.00    0.00    0.00    0.00    0.00     1      0.00      0.00       0       0   0.00      2.00      0.00  kcompactd0
12:41:53        0        60    0.00    0.00    0.00    0.00    0.00     1      0.00      0.00       0       0   0.00      6.00      0.00  kworker/1:1-events
12:41:53        0       237    0.00    0.00    0.00    0.00    0.00     1      0.00      0.00  288968   27128   0.34      1.00      0.00  multipathd
12:41:53        0      1092    0.00    0.00    0.00    0.00    0.00     3      0.00      0.00       0       0   0.00      2.00      0.00  kworker/3:3-events
12:41:53     1000      1452    0.00    0.00    0.00    0.00    0.00     1      0.00      0.00   30364   21000   0.27      3.00      0.00  python3
12:41:53     1000      1456    0.00    0.00    0.00    0.00    0.00     1      0.00      0.00    9900    3360   0.04      1.00      0.00  vmstat
12:41:53     1000      1457    1.00    1.00    0.00    0.00    2.00     1      0.00      0.00    7712    3696   0.05      1.00      1.00  pidstat

# Time        UID       PID    %usr %system  %guest   %wait    %CPU   CPU  minflt/s  majflt/s     VSZ     RSS   %MEM   cswch/s nvcswch/s  Command
12:41:54        0        11    0.00    0.00    0.00    0.00    0.00     0      0.00      0.00       0       0   0.00      5.00      0.00  kworker/0:1-events
12:41:54        0        12    0.00    0.00    0.00    0.00    0.00     1      0.00      0.00       0       0   0.00      6.00      0.00  kworker/u16:0-events_power_efficient
12:41:54        0        16    0.00    0.00    0.00    0.00    0.00     1      0.00      0.00       0       0   0.00     38.00      0.00  rcu_sched
12:41:54        0        19    0.00    0.00    0.00    0.00    0.00     0      0.00      0.00       0       0   0.00      1.00      0.00  migration/0
12:41:54        0        25    0.00    0.00    0.00    0.00    0.00     1      0.00      0.00       0       0   0.00      3.00      0.00  migration/1
12:41:54        0        26    0.00    0.00    0.00    0.00    0.00     1      0.00      0.00       0       0   0.00      1.00      0.00  ksoftirqd/1
12:41:54        0        31    0.00    0.00    0.00    0.00    0.00     2      0.00      0.00       0       0   0.00      1.00      0.00  migration/2
12:41:54        0        33    0.00    0.00    0.00    0.00    0.00     2      0.00      0.00       0       0   0.00      1.00      0.00  kworker/2:0-mm_percpu_wq
12:41:54        0        37    0.00    0.00    0.00    0.00    0.00     3      0.00      0.00       0       0   0.00      1.00      0.00  migration/3
12:41:54        0        48    0.00    0.00    0.00    0.00    0.00     3      0.00      0.00       0       0   0.00      2.00      0.00  kworker/u16:1-events_power_efficient
12:41:54        0        49    0.00    0.00    0.00    0.00    0.00     2      0.00      0.00       0       0   0.00      1.00      0.00  kworker/u16:2-events_power_efficient
12:41:54        0        53    0.00    0.00    0.00    0.00    0.00     1      0.00      0.00       0       0   0.00      2.00      0.00  kcompactd0
12:41:54        0        60    0.00    0.00    0.00    0.00    0.00     1      0.00      0.00       0       0   0.00      8.00      0.00  kworker/1:1-events
12:41:54        0       237    0.00    0.00    0.00    0.00    0.00     1      0.00      0.00  288968   27128   0.34      1.00      0.00  multipathd
12:41:54        0      1092    0.00    0.00    0.00    0.00    0.00     3      0.00      0.00       0       0   0.00      2.00      0.00  kworker/3:3-events
12:41:54     1000      1452    1.00    0.00    0.00    0.00    1.00     1      0.00      0.00   30364   21000   0.27     10.00      0.00  python3
12:41:54     1000      1456    0.00    0.00    0.00    0.00    0.00     1      0.00      0.00    9900    3360   0.04      1.00      0.00  vmstat
12:41:54     1000      1457    0.00    0.00    0.00    0.00    0.00     1      0.00      0.00    7712    3696   0.05      1.00      1.00  pidstat
12:41:54     1000      1584    0.00    0.00    0.00    0.00    0.00     0    144.00      0.00    2704    1464   0.02      1.00      1.00  time
12:41:54     1000      1585   71.00    5.00    0.00    0.00   76.00     0   7958.00      0.00   48208   40972   0.52      7.00      6.00  /home/ubuntu/pa
12:41:54     1000      1586   11.00   10.00    0.00    0.00   21.00     2   7750.00      0.00 1816892   33900   0.43      4.00      4.00  hey

# Time        UID       PID    %usr %system  %guest   %wait    %CPU   CPU  minflt/s  majflt/s     VSZ     RSS   %MEM   cswch/s nvcswch/s  Command
12:41:55        0        11    0.00    0.00    0.00    0.00    0.00     0      0.00      0.00       0       0   0.00      2.00      0.00  kworker/0:1-events
12:41:55        0        16    0.00    0.00    0.00    0.00    0.00     1      0.00      0.00       0       0   0.00      9.00      0.00  rcu_sched
12:41:55        0        25    0.00    0.00    0.00    0.00    0.00     1      0.00      0.00       0       0   0.00      1.00      0.00  migration/1
12:41:55        0        33    0.00    0.00    0.00    0.00    0.00     2      0.00      0.00       0       0   0.00      2.00      0.00  kworker/2:0-mm_percpu_wq
12:41:55        0        48    0.00    0.00    0.00    0.00    0.00     1      0.00      0.00       0       0   0.00      6.00      0.00  kworker/u16:1-events_power_efficient
12:41:55        0        53    0.00    0.00    0.00    0.00    0.00     1      0.00      0.00       0       0   0.00      2.00      0.00  kcompactd0
12:41:55        0        60    0.00    0.00    0.00    0.00    0.00     1      0.00      0.00       0       0   0.00      4.00      0.00  kworker/1:1-events
12:41:55        0       237    0.00    0.00    0.00    0.00    0.00     1      0.00      0.00  288968   27128   0.34      1.00      0.00  multipathd
12:41:55        0      1092    0.00    0.00    0.00    0.00    0.00     3      0.00      0.00       0       0   0.00      3.00      0.00  kworker/3:3-mm_percpu_wq
12:41:55     1000      1452    0.00    0.00    0.00    0.00    0.00     1      0.00      0.00   30364   21000   0.27      3.00      0.00  python3
12:41:55     1000      1456    0.00    0.00    0.00    0.00    0.00     1      0.00      0.00    9900    3360   0.04      1.00      0.00  vmstat
12:41:55     1000      1457    0.00    1.00    0.00    0.00    1.00     1      0.00      0.00    7712    3696   0.05      1.00      2.00  pidstat
12:41:55     1000      1585   93.00    6.00    0.00    0.00   99.00     0     62.00      0.00   48472   41228   0.52      2.00      2.00  /home/ubuntu/pa
12:41:55     1000      1594    9.00   12.00    0.00    0.00   21.00     3   7619.00      0.00 1816636   33280   0.42      4.00      3.00  hey

# Time        UID       PID    %usr %system  %guest   %wait    %CPU   CPU  minflt/s  majflt/s     VSZ     RSS   %MEM   cswch/s nvcswch/s  Command
12:41:56        0        11    0.00    0.00    0.00    0.00    0.00     0      0.00      0.00       0       0   0.00      3.00      0.00  kworker/0:1-events
12:41:56        0        16    0.00    0.00    0.00    0.00    0.00     1      0.00      0.00       0       0   0.00      4.00      0.00  rcu_sched
12:41:56        0        26    0.00    0.00    0.00    0.00    0.00     1      0.00      0.00       0       0   0.00      1.00      0.00  ksoftirqd/1
12:41:56        0        33    0.00    0.00    0.00    0.00    0.00     2      0.00      0.00       0       0   0.00      2.00      0.00  kworker/2:0-events
12:41:56        0        48    0.00    0.00    0.00    0.00    0.00     1      0.00      0.00       0       0   0.00      6.00      0.00  kworker/u16:1-events_power_efficient
12:41:56        0        53    0.00    0.00    0.00    0.00    0.00     1      0.00      0.00       0       0   0.00      2.00      0.00  kcompactd0
12:41:56        0        60    0.00    0.00    0.00    0.00    0.00     1      0.00      0.00       0       0   0.00      7.00      0.00  kworker/1:1-events
12:41:56        0       237    0.00    0.00    0.00    0.00    0.00     1      0.00      0.00  288968   27128   0.34      1.00      0.00  multipathd
12:41:56        0      1092    0.00    0.00    0.00    0.00    0.00     3      0.00      0.00       0       0   0.00      1.00      0.00  kworker/3:3-mm_percpu_wq
12:41:56     1000      1456    0.00    0.00    0.00    0.00    0.00     1      0.00      0.00    9900    3360   0.04      1.00      0.00  vmstat
12:41:56     1000      1457    0.00    0.00    0.00    0.00    0.00     1      0.00      0.00    7712    3696   0.05      1.00      1.00  pidstat
12:41:56     1000      1585   94.00    5.00    0.00    0.00   99.00     0      7.00      0.00   48472   41228   0.52      0.00      3.00  /home/ubuntu/pa
12:41:56     1000      1594   16.00   14.00    0.00    0.00   30.00     3   4264.00      0.00 1817340   48768   0.62      0.00      0.00  hey

# Time        UID       PID    %usr %system  %guest   %wait    %CPU   CPU  minflt/s  majflt/s     VSZ     RSS   %MEM   cswch/s nvcswch/s  Command
12:41:57        0        11    0.00    0.00    0.00    1.00    0.00     0      0.00      0.00       0       0   0.00      4.00      0.00  kworker/0:1-events
12:41:57        0        16    0.00    0.00    0.00    0.00    0.00     2      0.00      0.00       0       0   0.00     52.00      0.00  rcu_sched
12:41:57        0        25    0.00    0.00    0.00    0.00    0.00     1      0.00      0.00       0       0   0.00      2.00      0.00  migration/1
12:41:57        0        33    0.00    0.00    0.00    0.00    0.00     2      0.00      0.00       0       0   0.00      3.00      0.00  kworker/2:0-events
12:41:57        0        38    0.00    0.00    0.00    0.00    0.00     3      0.00      0.00       0       0   0.00      1.00      0.00  ksoftirqd/3
12:41:57        0        48    0.00    0.00    0.00    0.00    0.00     1      0.00      0.00       0       0   0.00      5.00      0.00  kworker/u16:1-events_power_efficient
12:41:57        0        53    0.00    0.00    0.00    0.00    0.00     1      0.00      0.00       0       0   0.00      2.00      0.00  kcompactd0
12:41:57        0        60    0.00    0.00    0.00    0.00    0.00     1      0.00      0.00       0       0   0.00      4.00      0.00  kworker/1:1-events
12:41:57        0       237    0.00    0.00    0.00    0.00    0.00     1      0.00      0.00  288968   27128   0.34      1.00      0.00  multipathd
12:41:57        0       245    0.00    0.00    0.00    0.00    0.00     2      0.00      0.00       0       0   0.00      1.00      0.00  kworker/2:1H-kblockd
12:41:57        0      1092    0.00    0.00    0.00    0.00    0.00     3      0.00      0.00       0       0   0.00      2.00      0.00  kworker/3:3-events
12:41:57     1000      1452    1.00    0.00    0.00    0.00    1.00     1      1.00      0.00   30364   21000   0.27     13.00      0.00  python3
12:41:57     1000      1456    0.00    0.00    0.00    0.00    0.00     1      0.00      0.00    9900    3360   0.04      1.00      0.00  vmstat
12:41:57     1000      1457    0.00    1.00    0.00    0.00    1.00     1      0.00      0.00    7712    3696   0.05      1.00      1.00  pidstat
12:41:57     1000      1602    0.00    0.00    0.00    0.00    0.00     0    146.00      0.00    2704    1464   0.02      1.00      1.00  time
12:41:57     1000      1603   13.00    2.00    0.00    0.00   15.00     0   7924.00      0.00   48116   40832   0.52      7.00      1.00  /home/ubuntu/pa
12:41:57     1000      1604    0.00    0.00    0.00    0.00    0.00     2   1239.00      0.00 1676724   10164   0.13      4.00      2.00  hey

# Time        UID       PID    %usr %system  %guest   %wait    %CPU   CPU  minflt/s  majflt/s     VSZ     RSS   %MEM   cswch/s nvcswch/s  Command
12:41:58        0        11    0.00    0.00    0.00    0.00    0.00     0      0.00      0.00       0       0   0.00      5.00      0.00  kworker/0:1-events
12:41:58        0        16    0.00    0.00    0.00    0.00    0.00     1      0.00      0.00       0       0   0.00      5.00      0.00  rcu_sched
12:41:58        0        19    0.00    0.00    0.00    0.00    0.00     0      0.00      0.00       0       0   0.00      1.00      0.00  migration/0
12:41:58        0        25    0.00    0.00    0.00    0.00    0.00     1      0.00      0.00       0       0   0.00      1.00      0.00  migration/1
12:41:58        0        26    0.00    0.00    0.00    0.00    0.00     1      0.00      0.00       0       0   0.00      1.00      0.00  ksoftirqd/1
12:41:58        0        31    0.00    0.00    0.00    0.00    0.00     2      0.00      0.00       0       0   0.00      1.00      0.00  migration/2
12:41:58        0        33    0.00    0.00    0.00    0.00    0.00     2      0.00      0.00       0       0   0.00      4.00      0.00  kworker/2:0-events
12:41:58        0        37    0.00    0.00    0.00    0.00    0.00     3      0.00      0.00       0       0   0.00      1.00      0.00  migration/3
12:41:58        0        48    0.00    0.00    0.00    0.00    0.00     1      0.00      0.00       0       0   0.00     20.00      0.00  kworker/u16:1-events_power_efficient
12:41:58        0        53    0.00    0.00    0.00    0.00    0.00     3      0.00      0.00       0       0   0.00      2.00      0.00  kcompactd0
12:41:58        0        60    0.00    0.00    0.00    0.00    0.00     1      0.00      0.00       0       0   0.00      6.00      0.00  kworker/1:1-events
12:41:58        0       162    0.00    0.00    0.00    0.00    0.00     0      0.00      0.00       0       0   0.00      8.00      0.00  kworker/0:1H-kblockd
12:41:58        0       237    0.00    0.00    0.00    0.00    0.00     1      0.00      0.00  288968   27128   0.34      1.00      0.00  multipathd
12:41:58        0       838    0.00    0.00    0.00    0.00    0.00     1      0.00      0.00       0       0   0.00      5.00      0.00  kworker/1:1H-kblockd
12:41:58        0      1092    0.00    0.00    0.00    0.00    0.00     3      0.00      0.00       0       0   0.00      1.00      0.00  kworker/3:3-mm_percpu_wq
12:41:58     1000      1452    0.00    0.00    0.00    0.00    0.00     1      0.00      0.00   30364   21000   0.27      1.00      0.00  python3
12:41:58     1000      1456    0.00    0.00    0.00    0.00    0.00     1      0.00      0.00    9900    3360   0.04      1.00      0.00  vmstat
12:41:58     1000      1457    0.00    0.00    0.00    0.00    0.00     1      0.00      0.00    7712    3696   0.05      1.00      2.00  pidstat
12:41:58     1000      1603   92.00    7.00    0.00    0.00   99.00     0     36.00      0.00   48248   40960   0.52      1.00     14.00  /home/ubuntu/pa

# Time        UID       PID    %usr %system  %guest   %wait    %CPU   CPU  minflt/s  majflt/s     VSZ     RSS   %MEM   cswch/s nvcswch/s  Command
12:41:59        0        11    0.00    0.00    0.00    0.00    0.00     0      0.00      0.00       0       0   0.00      2.00      0.00  kworker/0:1-events
12:41:59        0        12    0.00    0.00    0.00    0.00    0.00     2      0.00      0.00       0       0   0.00      3.00      0.00  kworker/u16:0-events_power_efficient
12:41:59        0        16    0.00    0.00    0.00    0.00    0.00     1      0.00      0.00       0       0   0.00     12.00      0.00  rcu_sched
12:41:59        0        25    0.00    0.00    0.00    0.00    0.00     1      0.00      0.00       0       0   0.00      1.00      0.00  migration/1
12:41:59        0        26    0.00    0.00    0.00    0.00    0.00     1      0.00      0.00       0       0   0.00      1.00      0.00  ksoftirqd/1
12:41:59        0        33    0.00    0.00    0.00    0.00    0.00     2      0.00      0.00       0       0   0.00      4.00      0.00  kworker/2:0-events
12:41:59        0        48    0.00    0.00    0.00    0.00    0.00     1      0.00      0.00       0       0   0.00     11.00      0.00  kworker/u16:1-flush-259:0
12:41:59        0        53    0.00    0.00    0.00    0.00    0.00     3      0.00      0.00       0       0   0.00      2.00      0.00  kcompactd0
12:41:59        0        60    0.00    0.00    0.00    0.00    0.00     1      0.00      0.00       0       0   0.00      5.00      0.00  kworker/1:1-events
12:41:59        0       237    0.00    0.00    0.00    0.00    0.00     1      0.00      0.00  288968   27128   0.34      1.00      0.00  multipathd
12:41:59        0      1092    0.00    0.00    0.00    0.00    0.00     3      0.00      0.00       0       0   0.00      1.00      0.00  kworker/3:3-mm_percpu_wq
12:41:59     1000      1452    0.00    0.00    0.00    1.00    0.00     1      0.00      0.00   30364   21000   0.27      2.00      0.00  python3
12:41:59     1000      1456    0.00    0.00    0.00    0.00    0.00     1      0.00      0.00    9900    3360   0.04      1.00      0.00  vmstat
12:41:59     1000      1457    0.00    1.00    0.00    0.00    1.00     1      0.00      0.00    7712    3696   0.05      1.00      2.00  pidstat
12:41:59     1000      1603   94.00    6.00    0.00    0.00  100.00     0     61.00      0.00   48380   41216   0.52      1.00      2.00  /home/ubuntu/pa
12:41:59     1000      1612   18.00   16.00    0.00    0.00   34.00     3  11787.00      0.00 1743288   48620   0.61      3.00      1.00  hey

# Time        UID       PID    %usr %system  %guest   %wait    %CPU   CPU  minflt/s  majflt/s     VSZ     RSS   %MEM   cswch/s nvcswch/s  Command
12:42:00        0         1    0.00    0.00    0.00    0.00    0.00     3     51.00      0.00   22196   13052   0.16     51.00      3.00  systemd
12:42:00        0        11    0.00    0.00    0.00    0.00    0.00     0      0.00      0.00       0       0   0.00      6.00      0.00  kworker/0:1-events
12:42:00        0        12    0.00    0.00    0.00    0.00    0.00     1      0.00      0.00       0       0   0.00     11.00      0.00  kworker/u16:0-events_power_efficient
12:42:00        0        16    0.00    0.00    0.00    0.00    0.00     1      0.00      0.00       0       0   0.00     79.00      0.00  rcu_sched
12:42:00        0        25    0.00    0.00    0.00    0.00    0.00     1      0.00      0.00       0       0   0.00      4.00      0.00  migration/1
12:42:00        0        26    0.00    0.00    0.00    0.00    0.00     1      0.00      0.00       0       0   0.00      6.00      0.00  ksoftirqd/1
12:42:00        0        31    0.00    0.00    0.00    0.00    0.00     2      0.00      0.00       0       0   0.00      6.00      0.00  migration/2
12:42:00        0        32    0.00    0.00    0.00    0.00    0.00     2      0.00      0.00       0       0   0.00      2.00      0.00  ksoftirqd/2
12:42:00        0        33    0.00    0.00    0.00    0.00    0.00     2      0.00      0.00       0       0   0.00     12.00      0.00  kworker/2:0-memcg
12:42:00        0        37    0.00    0.00    0.00    0.00    0.00     3      0.00      0.00       0       0   0.00      3.00      0.00  migration/3
12:42:00        0        38    0.00    0.00    0.00    0.00    0.00     3      0.00      0.00       0       0   0.00      2.00      0.00  ksoftirqd/3
12:42:00        0        39    0.00    0.00    0.00    0.00    0.00     3      0.00      0.00       0       0   0.00      1.00      0.00  kworker/3:0-cgroup_free
12:42:00        0        53    0.00    0.00    0.00    0.00    0.00     1      0.00      0.00       0       0   0.00      2.00      0.00  kcompactd0
12:42:00        0        60    0.00    0.00    0.00    0.00    0.00     1      0.00      0.00       0       0   0.00     19.00      0.00  kworker/1:1-events
12:42:00        0       178    0.00    1.00    0.00    0.00    1.00     2     71.00      0.00   50532   17544   0.22     10.00      1.00  systemd-journal
12:42:00        0       237    0.00    0.00    0.00    0.00    0.00     1      0.00      0.00  288968   27128   0.34      1.00      0.00  multipathd
12:42:00      101       583    0.00    0.00    0.00    0.00    0.00     1      0.00      0.00    9804    5220   0.07     26.00      5.00  dbus-daemon
12:42:00        0       589    0.00    0.00    0.00    0.00    0.00     3      0.00      0.00   83064    4724   0.06      1.00      0.00  irqbalance
12:42:00      989       592    0.00    0.00    0.00    0.00    0.00     3      0.00      0.00  383684    9780   0.12     16.00      4.00  polkitd
12:42:00        0       602    0.00    0.00    0.00    0.00    0.00     1      1.00      0.00   18172    8696   0.11     17.00      4.00  systemd-logind
12:42:00        0       605    0.00    0.00    0.00    0.00    0.00     3      0.00      0.00  468928   13488   0.17      7.00      0.00  udisksd
12:42:00        0       753    0.00    0.00    0.00    0.00    0.00     1      0.00      0.00  318164   12520   0.16      7.00      0.00  ModemManager
12:42:00        0       932    0.00    0.00    0.00    0.00    0.00     3     21.00      0.00   12032    8060   0.10      4.00      0.00  sshd
12:42:00        0      1092    0.00    0.00    0.00    0.00    0.00     3      0.00      0.00       0       0   0.00     13.00      0.00  kworker/3:3-events
12:42:00     1000      1456    0.00    0.00    0.00    0.00    0.00     1      0.00      0.00    9900    3360   0.04      1.00      0.00  vmstat
12:42:00     1000      1457    0.00    0.00    0.00    0.00    0.00     1      0.00      0.00    7712    3696   0.05      1.00      1.00  pidstat
12:42:00     1000      1603   94.00    6.00    0.00    0.00  100.00     0     10.00      0.00   48512   41216   0.52      1.00      6.00  /home/ubuntu/pa
12:42:00     1000      1612   15.00   13.00    0.00    0.00   28.00     3    782.00      0.00 1817660   51308   0.65      0.00      0.00  hey

# Time        UID       PID    %usr %system  %guest   %wait    %CPU   CPU  minflt/s  majflt/s     VSZ     RSS   %MEM   cswch/s nvcswch/s  Command
12:42:01        0        11    0.00    0.00    0.00    0.00    0.00     0      0.00      0.00       0       0   0.00      3.00      0.00  kworker/0:1-events
12:42:01        0        12    0.00    0.00    0.00    0.00    0.00     1      0.00      0.00       0       0   0.00      7.00      0.00  kworker/u16:0-events_power_efficient
12:42:01        0        16    0.00    0.00    0.00    0.00    0.00     1      0.00      0.00       0       0   0.00     47.00      0.00  rcu_sched
12:42:01        0        25    0.00    0.00    0.00    0.00    0.00     1      0.00      0.00       0       0   0.00      2.00      0.00  migration/1
12:42:01        0        26    0.00    0.00    0.00    0.00    0.00     1      0.00      0.00       0       0   0.00      1.00      0.00  ksoftirqd/1
12:42:01        0        33    0.00    0.00    0.00    0.00    0.00     2      0.00      0.00       0       0   0.00      4.00      0.00  kworker/2:0-events
12:42:01        0        53    0.00    0.00    0.00    0.00    0.00     1      0.00      0.00       0       0   0.00      2.00      0.00  kcompactd0
12:42:01        0        60    0.00    0.00    0.00    0.00    0.00     1      0.00      0.00       0       0   0.00      6.00      0.00  kworker/1:1-events
12:42:01        0       178    0.00    0.00    0.00    0.00    0.00     2      0.00      0.00   50532   17544   0.22      1.00      0.00  systemd-journal
12:42:01        0       237    0.00    0.00    0.00    0.00    0.00     1      0.00      0.00  288968   27128   0.34      1.00      0.00  multipathd
12:42:01        0       582    0.00    0.00    0.00    0.00    0.00     3      0.00      0.00    7236    2820   0.04      1.00      0.00  cron
12:42:01        0      1092    0.00    0.00    0.00    0.00    0.00     3      0.00      0.00       0       0   0.00      3.00      0.00  kworker/3:3-mm_percpu_wq
12:42:01     1000      1452    0.00    0.00    0.00    0.00    0.00     1      0.00      0.00   30364   21000   0.27     11.00      0.00  python3
12:42:01     1000      1456    0.00    0.00    0.00    0.00    0.00     1      0.00      0.00    9900    3360   0.04      1.00      0.00  vmstat
12:42:01     1000      1457    0.00    1.00    0.00    0.00    1.00     1      0.00      0.00    7712    3696   0.05      1.00      1.00  pidstat
12:42:01     1000      1684    0.00    0.00    0.00    0.00    0.00     0    145.00      0.00    2704    1528   0.02      1.00      1.00  time
12:42:01     1000      1685   52.00    4.00    0.00    0.00   56.00     0   8157.00      0.00   49168   41760   0.53      5.00      2.00  /home/ubuntu/pe
12:42:01     1000      1686    2.00    1.00    0.00    0.00    3.00     2   1525.00      0.00 1750712   11128   0.14      4.00      2.00  hey

# Time        UID       PID    %usr %system  %guest   %wait    %CPU   CPU  minflt/s  majflt/s     VSZ     RSS   %MEM   cswch/s nvcswch/s  Command
12:42:02        0        11    0.00    0.00    0.00    0.00    0.00     0      0.00      0.00       0       0   0.00      7.00      0.00  kworker/0:1-events
12:42:02        0        12    0.00    0.00    0.00    0.00    0.00     1      0.00      0.00       0       0   0.00      4.00      0.00  kworker/u16:0-events_power_efficient
12:42:02        0        16    0.00    0.00    0.00    0.00    0.00     1      0.00      0.00       0       0   0.00      9.00      0.00  rcu_sched
12:42:02        0        19    0.00    0.00    0.00    0.00    0.00     0      0.00      0.00       0       0   0.00      1.00      0.00  migration/0
12:42:02        0        25    0.00    0.00    0.00    0.00    0.00     1      0.00      0.00       0       0   0.00      2.00      0.00  migration/1
12:42:02        0        26    0.00    0.00    0.00    0.00    0.00     1      0.00      0.00       0       0   0.00      1.00      0.00  ksoftirqd/1
12:42:02        0        31    0.00    0.00    0.00    0.00    0.00     2      0.00      0.00       0       0   0.00      1.00      0.00  migration/2
12:42:02        0        33    0.00    0.00    0.00    0.00    0.00     2      0.00      0.00       0       0   0.00      2.00      0.00  kworker/2:0-events
12:42:02        0        37    0.00    0.00    0.00    0.00    0.00     3      0.00      0.00       0       0   0.00      1.00      0.00  migration/3
12:42:02        0        38    0.00    0.00    0.00    0.00    0.00     3      0.00      0.00       0       0   0.00      1.00      0.00  ksoftirqd/3
12:42:02        0        53    0.00    0.00    0.00    0.00    0.00     1      0.00      0.00       0       0   0.00      2.00      0.00  kcompactd0
12:42:02        0        60    0.00    0.00    0.00    0.00    0.00     1      0.00      0.00       0       0   0.00      5.00      0.00  kworker/1:1-events
12:42:02        0       237    0.00    0.00    0.00    0.00    0.00     1      0.00      0.00  288968   27128   0.34      1.00      0.00  multipathd
12:42:02        0      1092    0.00    0.00    0.00    0.00    0.00     3      0.00      0.00       0       0   0.00      6.00      0.00  kworker/3:3-events
12:42:02     1000      1452    0.00    0.00    0.00    0.00    0.00     1      0.00      0.00   30364   21000   0.27      3.00      0.00  python3
12:42:02     1000      1456    0.00    0.00    0.00    0.00    0.00     1      0.00      0.00    9900    3360   0.04      1.00      0.00  vmstat
12:42:02     1000      1457    1.00    0.00    0.00    0.00    1.00     1      0.00      0.00    7712    3696   0.05      1.00      1.00  pidstat
12:42:02     1000      1685   96.00    3.00    0.00    0.00   99.00     0    405.00      0.00   50196   42956   0.54      2.00      8.00  /home/ubuntu/pe
12:42:02     1000      1694    1.00    2.00    0.00    0.00    3.00     2   1576.00      0.00 1750456   11320   0.14      4.00      4.00  hey

# Time        UID       PID    %usr %system  %guest   %wait    %CPU   CPU  minflt/s  majflt/s     VSZ     RSS   %MEM   cswch/s nvcswch/s  Command
12:42:03        0        11    0.00    0.00    0.00    0.00    0.00     0      0.00      0.00       0       0   0.00      2.00      0.00  kworker/0:1-events
12:42:03        0        12    0.00    0.00    0.00    0.00    0.00     2      0.00      0.00       0       0   0.00      4.00      0.00  kworker/u16:0-events_unbound
12:42:03        0        16    0.00    0.00    0.00    0.00    0.00     1      0.00      0.00       0       0   0.00      2.00      0.00  rcu_sched
12:42:03        0        33    0.00    0.00    0.00    0.00    0.00     2      0.00      0.00       0       0   0.00      3.00      0.00  kworker/2:0-events
12:42:03        0        48    0.00    0.00    0.00    0.00    0.00     3      0.00      0.00       0       0   0.00      1.00      0.00  kworker/u16:1-events_power_efficient
12:42:03        0        49    0.00    0.00    0.00    0.00    0.00     1      0.00      0.00       0       0   0.00      2.00      0.00  kworker/u16:2-events_power_efficient
12:42:03        0        53    0.00    0.00    0.00    0.00    0.00     1      0.00      0.00       0       0   0.00      2.00      0.00  kcompactd0
12:42:03        0        60    0.00    0.00    0.00    0.00    0.00     1      0.00      0.00       0       0   0.00      5.00      0.00  kworker/1:1-events
12:42:03        0       237    0.00    0.00    0.00    0.00    0.00     1      0.00      0.00  288968   27128   0.34      1.00      0.00  multipathd
12:42:03      110       698    0.00    0.00    0.00    0.00    0.00     1      0.00      0.00   19416    3668   0.05      2.00      0.00  chronyd
12:42:03        0      1092    0.00    0.00    0.00    0.00    0.00     3      0.00      0.00       0       0   0.00      2.00      0.00  kworker/3:3-events
12:42:03     1000      1456    0.00    0.00    0.00    0.00    0.00     1      0.00      0.00    9900    3360   0.04      1.00      0.00  vmstat
12:42:03     1000      1457    0.00    1.00    0.00    0.00    1.00     1      0.00      0.00    7712    3696   0.05      1.00      1.00  pidstat
12:42:03     1000      1685   97.00    3.00    0.00    0.00  100.00     0      0.00      0.00   50196   42956   0.54      0.00      2.00  /home/ubuntu/pe
12:42:03     1000      1694    3.00    5.00    0.00    0.00    8.00     2    762.00      0.00 1750456   14136   0.18      0.00      0.00  hey

# Time        UID       PID    %usr %system  %guest   %wait    %CPU   CPU  minflt/s  majflt/s     VSZ     RSS   %MEM   cswch/s nvcswch/s  Command
12:42:04        0        11    0.00    0.00    0.00    0.00    0.00     0      0.00      0.00       0       0   0.00      7.00      0.00  kworker/0:1-events
12:42:04        0        12    0.00    0.00    0.00    0.00    0.00     2      0.00      0.00       0       0   0.00      1.00      0.00  kworker/u16:0-events_unbound
12:42:04        0        16    0.00    0.00    0.00    0.00    0.00     2      0.00      0.00       0       0   0.00     26.00      0.00  rcu_sched
12:42:04        0        25    0.00    0.00    0.00    0.00    0.00     1      0.00      0.00       0       0   0.00      1.00      0.00  migration/1
12:42:04        0        32    0.00    0.00    0.00    0.00    0.00     2      0.00      0.00       0       0   0.00      1.00      0.00  ksoftirqd/2
12:42:04        0        33    0.00    0.00    0.00    0.00    0.00     2      0.00      0.00       0       0   0.00      4.00      0.00  kworker/2:0-events
12:42:04        0        49    0.00    0.00    0.00    0.00    0.00     1      0.00      0.00       0       0   0.00      9.00      0.00  kworker/u16:2-events_power_efficient
12:42:04        0        53    0.00    0.00    0.00    0.00    0.00     1      0.00      0.00       0       0   0.00      2.00      0.00  kcompactd0
12:42:04        0        60    0.00    0.00    0.00    0.00    0.00     1      0.00      0.00       0       0   0.00      6.00      0.00  kworker/1:1-events
12:42:04        0       162    0.00    0.00    0.00    0.00    0.00     0      0.00      0.00       0       0   0.00      1.00      0.00  kworker/0:1H-kblockd
12:42:04        0       237    0.00    0.00    0.00    0.00    0.00     1      0.00      0.00  288968   27128   0.34      1.00      0.00  multipathd
12:42:04        0      1092    0.00    0.00    0.00    0.00    0.00     3      0.00      0.00       0       0   0.00      2.00      0.00  kworker/3:3-events
12:42:04     1000      1452    1.00    0.00    0.00    0.00    1.00     1      2.00      0.00   30364   21000   0.27      5.00      0.00  python3
12:42:04     1000      1456    0.00    0.00    0.00    0.00    0.00     1      0.00      0.00    9900    3360   0.04      1.00      0.00  vmstat
12:42:04     1000      1457    0.00    0.00    0.00    0.00    0.00     1      0.00      0.00    7712    3696   0.05      1.00      1.00  pidstat
12:42:04     1000      1702    0.00    0.00    0.00    0.00    0.00     0    142.00      0.00    2704    1528   0.02      1.00      1.00  time
12:42:04     1000      1703    3.00    0.00    0.00    0.00    3.00     0   2341.00      0.00   19876   14376   0.18      0.00      0.00  perl

# Time        UID       PID    %usr %system  %guest   %wait    %CPU   CPU  minflt/s  majflt/s     VSZ     RSS   %MEM   cswch/s nvcswch/s  Command
12:42:05        0        11    0.00    0.00    0.00    0.00    0.00     0      0.00      0.00       0       0   0.00      3.00      0.00  kworker/0:1-events
12:42:05        0        12    0.00    0.00    0.00    0.00    0.00     1      0.00      0.00       0       0   0.00      8.00      0.00  kworker/u16:0-flush-259:0
12:42:05        0        16    0.00    0.00    0.00    0.00    0.00     1      0.00      0.00       0       0   0.00     29.00      0.00  rcu_sched
12:42:05        0        25    0.00    0.00    0.00    0.00    0.00     1      0.00      0.00       0       0   0.00      1.00      0.00  migration/1
12:42:05        0        26    0.00    0.00    0.00    0.00    0.00     1      0.00      0.00       0       0   0.00      2.00      0.00  ksoftirqd/1
12:42:05        0        33    0.00    0.00    0.00    0.00    0.00     2      0.00      0.00       0       0   0.00      5.00      0.00  kworker/2:0-events
12:42:05        0        49    0.00    0.00    0.00    0.00    0.00     3      0.00      0.00       0       0   0.00      1.00      0.00  kworker/u16:2-events_power_efficient
12:42:05        0        53    0.00    0.00    0.00    0.00    0.00     1      0.00      0.00       0       0   0.00      2.00      0.00  kcompactd0
12:42:05        0        60    0.00    0.00    0.00    0.00    0.00     1      0.00      0.00       0       0   0.00      3.00      0.00  kworker/1:1-events
12:42:05        0       237    0.00    0.00    0.00    0.00    0.00     1      0.00      0.00  288968   27128   0.34      1.00      0.00  multipathd
12:42:05        0      1092    0.00    0.00    0.00    0.00    0.00     3      0.00      0.00       0       0   0.00      1.00      0.00  kworker/3:3-mm_percpu_wq
12:42:05     1000      1452    0.00    0.00    0.00    0.00    0.00     1      0.00      0.00   30364   21000   0.27      6.00      0.00  python3
12:42:05     1000      1456    0.00    0.00    0.00    0.00    0.00     1      0.00      0.00    9900    3360   0.04      1.00      0.00  vmstat
12:42:05     1000      1457    0.00    0.00    0.00    0.00    0.00     1      0.00      0.00    7712    3696   0.05      1.00      1.00  pidstat
12:42:05     1000      1703   90.00    3.00    0.00    0.00   93.00     0   6222.00      0.00   50780   43412   0.55      5.00      3.00  /home/ubuntu/pa
12:42:05     1000      1704    3.00    3.00    0.00    0.00    6.00     2   1874.00      0.00 1676980   12540   0.16      3.00      3.00  hey

# Time        UID       PID    %usr %system  %guest   %wait    %CPU   CPU  minflt/s  majflt/s     VSZ     RSS   %MEM   cswch/s nvcswch/s  Command
12:42:06        0        11    0.00    0.00    0.00    0.00    0.00     0      0.00      0.00       0       0   0.00      6.00      0.00  kworker/0:1-events
12:42:06        0        16    0.00    0.00    0.00    0.00    0.00     1      0.00      0.00       0       0   0.00      8.00      0.00  rcu_sched
12:42:06        0        19    0.00    0.00    0.00    0.00    0.00     0      0.00      0.00       0       0   0.00      1.00      0.00  migration/0
12:42:06        0        25    0.00    0.00    0.00    0.00    0.00     1      0.00      0.00       0       0   0.00      2.00      0.00  migration/1
12:42:06        0        31    0.00    0.00    0.00    0.00    0.00     2      0.00      0.00       0       0   0.00      1.00      0.00  migration/2
12:42:06        0        33    0.00    0.00    0.00    0.00    0.00     2      0.00      0.00       0       0   0.00      1.00      0.00  kworker/2:0-mm_percpu_wq
12:42:06        0        37    0.00    0.00    0.00    0.00    0.00     3      0.00      0.00       0       0   0.00      1.00      0.00  migration/3
12:42:06        0        38    0.00    0.00    0.00    0.00    0.00     3      0.00      0.00       0       0   0.00      1.00      0.00  ksoftirqd/3
12:42:06        0        49    0.00    0.00    0.00    0.00    0.00     3      0.00      0.00       0       0   0.00      9.00      0.00  kworker/u16:2-events_power_efficient
12:42:06        0        53    0.00    0.00    0.00    0.00    0.00     1      0.00      0.00       0       0   0.00      2.00      0.00  kcompactd0
12:42:06        0        60    0.00    0.00    0.00    0.00    0.00     1      0.00      0.00       0       0   0.00      1.00      0.00  kworker/1:1-mm_percpu_wq
12:42:06        0       136    0.00    0.00    0.00    0.00    0.00     2      0.00      0.00       0       0   0.00      3.00      0.00  jbd2/nvme0n1p1-8
12:42:06        0       237    0.00    0.00    0.00    0.00    0.00     1      0.00      0.00  288968   27128   0.34      1.00      0.00  multipathd
12:42:06        0      1092    0.00    0.00    0.00    0.00    0.00     3      0.00      0.00       0       0   0.00      7.00      0.00  kworker/3:3-events
12:42:06     1000      1452    0.00    0.00    0.00    0.00    0.00     1      0.00      0.00   30364   21000   0.27      3.00      0.00  python3
12:42:06     1000      1456    0.00    0.00    0.00    0.00    0.00     1      0.00      0.00    9900    3360   0.04      1.00      0.00  vmstat
12:42:06     1000      1457    0.00    1.00    0.00    0.00    1.00     1      0.00      0.00    7712    3696   0.05      2.00      1.00  pidstat
12:42:06     1000      1703   98.00    2.00    0.00    0.00  100.00     0    323.00      0.00   50860   43580   0.55      2.00      7.00  /home/ubuntu/pa
12:42:06     1000      1711    3.00    3.00    0.00    0.00    6.00     3   1852.00      0.00 1676724   12276   0.16      4.00      3.00  hey

# Time        UID       PID    %usr %system  %guest   %wait    %CPU   CPU  minflt/s  majflt/s     VSZ     RSS   %MEM   cswch/s nvcswch/s  Command
12:42:07        0        11    0.00    0.00    0.00    0.00    0.00     0      0.00      0.00       0       0   0.00      2.00      0.00  kworker/0:1-events
12:42:07        0        16    0.00    0.00    0.00    0.00    0.00     1      0.00      0.00       0       0   0.00      2.00      0.00  rcu_sched
12:42:07        0        33    0.00    0.00    0.00    0.00    0.00     2      0.00      0.00       0       0   0.00      2.00      0.00  kworker/2:0-events
12:42:07        0        49    0.00    0.00    0.00    0.00    0.00     3      0.00      0.00       0       0   0.00      5.00      0.00  kworker/u16:2-events_power_efficient
12:42:07        0        53    0.00    0.00    0.00    0.00    0.00     1      0.00      0.00       0       0   0.00      2.00      0.00  kcompactd0
12:42:07        0        60    0.00    0.00    0.00    0.00    0.00     1      0.00      0.00       0       0   0.00      1.00      0.00  kworker/1:1-mm_percpu_wq
12:42:07        0       237    0.00    0.00    0.00    0.00    0.00     1      0.00      0.00  288968   27128   0.34      1.00      0.00  multipathd
12:42:07        0      1092    0.00    0.00    0.00    0.00    0.00     3      0.00      0.00       0       0   0.00      4.00      0.00  kworker/3:3-events
12:42:07     1000      1456    0.00    0.00    0.00    0.00    0.00     1      0.00      0.00    9900    3360   0.04      1.00      0.00  vmstat
12:42:07     1000      1457    0.00    1.00    0.00    0.00    1.00     1      0.00      0.00    7712    3696   0.05      1.00      1.00  pidstat
12:42:07     1000      1703   97.00    3.00    0.00    0.00  100.00     0    203.00      0.00   50872   43684   0.55      0.00      2.00  /home/ubuntu/pa
12:42:07     1000      1711    3.00    5.00    0.00    0.00    8.00     3    748.00      0.00 1676724   15092   0.19      0.00      0.00  hey

# Time        UID       PID    %usr %system  %guest   %wait    %CPU   CPU  minflt/s  majflt/s     VSZ     RSS   %MEM   cswch/s nvcswch/s  Command
12:42:08        0        11    0.00    0.00    0.00    0.00    0.00     0      0.00      0.00       0       0   0.00      6.00      0.00  kworker/0:1-events
12:42:08        0        16    0.00    0.00    0.00    0.00    0.00     1      0.00      0.00       0       0   0.00     47.00      0.00  rcu_sched
12:42:08        0        25    0.00    0.00    0.00    0.00    0.00     1      0.00      0.00       0       0   0.00      2.00      0.00  migration/1
12:42:08        0        32    0.00    0.00    0.00    0.00    0.00     2      0.00      0.00       0       0   0.00      1.00      0.00  ksoftirqd/2
12:42:08        0        33    0.00    0.00    0.00    0.00    0.00     2      0.00      0.00       0       0   0.00      3.00      0.00  kworker/2:0-mm_percpu_wq
12:42:08        0        49    0.00    0.00    0.00    0.00    0.00     3      0.00      0.00       0       0   0.00      5.00      0.00  kworker/u16:2-events_power_efficient
12:42:08        0        53    0.00    0.00    0.00    0.00    0.00     1      0.00      0.00       0       0   0.00      2.00      0.00  kcompactd0
12:42:08        0        60    0.00    0.00    0.00    0.00    0.00     1      0.00      0.00       0       0   0.00      2.00      0.00  kworker/1:1-events
12:42:08        0       237    0.00    0.00    0.00    0.00    0.00     1      0.00      0.00  288968   27128   0.34      1.00      0.00  multipathd
12:42:08        0      1092    0.00    0.00    0.00    0.00    0.00     3      0.00      0.00       0       0   0.00      7.00      0.00  kworker/3:3-events
12:42:08     1000      1452    0.00    1.00    0.00    0.00    1.00     1      2.00      0.00   30364   21000   0.27     11.00      0.00  python3
12:42:08     1000      1456    0.00    0.00    0.00    0.00    0.00     1      0.00      0.00    9900    3360   0.04      1.00      0.00  vmstat
12:42:08     1000      1457    0.00    0.00    0.00    0.00    0.00     1      0.00      0.00    7712    3696   0.05      1.00      1.00  pidstat
12:42:08     1000      1718    0.00    0.00    0.00    0.00    0.00     0    144.00      0.00    2704    1464   0.02      1.00      1.00  time
12:42:08     1000      1719   35.00    2.00    0.00    0.00   37.00     0   8587.00      0.00   50868   43472   0.55      5.00      3.00  /home/ubuntu/pa
12:42:08     1000      1720    0.00    1.00    0.00    0.00    1.00     2   1418.00      0.00 1750712   10812   0.14      5.00      2.00  hey

# Time        UID       PID    %usr %system  %guest   %wait    %CPU   CPU  minflt/s  majflt/s     VSZ     RSS   %MEM   cswch/s nvcswch/s  Command
12:42:09        0        11    0.00    0.00    0.00    0.00    0.00     0      0.00      0.00       0       0   0.00      2.00      0.00  kworker/0:1-events
12:42:09        0        16    0.00    0.00    0.00    0.00    0.00     1      0.00      0.00       0       0   0.00     10.00      0.00  rcu_sched
12:42:09        0        25    0.00    0.00    0.00    0.00    0.00     1      0.00      0.00       0       0   0.00      1.00      0.00  migration/1
12:42:09        0        32    0.00    0.00    0.00    0.00    0.00     2      0.00      0.00       0       0   0.00      1.00      0.00  ksoftirqd/2
12:42:09        0        33    0.00    0.00    0.00    0.00    0.00     2      0.00      0.00       0       0   0.00      2.00      0.00  kworker/2:0-events
12:42:09        0        49    0.00    0.00    0.00    0.00    0.00     3      0.00      0.00       0       0   0.00      9.00      0.00  kworker/u16:2-events_power_efficient
12:42:09        0        53    0.00    0.00    0.00    0.00    0.00     1      0.00      0.00       0       0   0.00      2.00      0.00  kcompactd0
12:42:09        0        60    0.00    0.00    0.00    0.00    0.00     1      0.00      0.00       0       0   0.00      1.00      0.00  kworker/1:1-mm_percpu_wq
12:42:09        0       237    0.00    0.00    0.00    0.00    0.00     1      0.00      0.00  288968   27128   0.34      1.00      0.00  multipathd
12:42:09        0      1092    0.00    0.00    0.00    0.00    0.00     3      0.00      0.00       0       0   0.00      6.00      0.00  kworker/3:3-events
12:42:09     1000      1452    0.00    0.00    0.00    0.00    0.00     1      0.00      0.00   30364   21000   0.27      3.00      0.00  python3
12:42:09     1000      1456    0.00    0.00    0.00    0.00    0.00     1      0.00      0.00    9900    3360   0.04      1.00      0.00  vmstat
12:42:09     1000      1457    0.00    1.00    0.00    0.00    1.00     1      0.00      0.00    7712    3696   0.05      1.00      1.00  pidstat
12:42:09     1000      1719   96.00    4.00    0.00    0.00  100.00     0    108.00      0.00   50732   43320   0.55      2.00      2.00  /home/ubuntu/pa
12:42:09     1000      1728    1.00    1.00    0.00    0.00    2.00     3   1388.00      0.00 1676724   10680   0.13      4.00      4.00  hey

# Time        UID       PID    %usr %system  %guest   %wait    %CPU   CPU  minflt/s  majflt/s     VSZ     RSS   %MEM   cswch/s nvcswch/s  Command
12:42:10        0        11    0.00    0.00    0.00    0.00    0.00     0      0.00      0.00       0       0   0.00      5.00      0.00  kworker/0:1-events
12:42:10        0        12    0.00    0.00    0.00    0.00    0.00     1      0.00      0.00       0       0   0.00      5.00      0.00  kworker/u16:0-events_power_efficient
12:42:10        0        19    0.00    0.00    0.00    0.00    0.00     0      0.00      0.00       0       0   0.00      1.00      0.00  migration/0
12:42:10        0        25    0.00    0.00    0.00    0.00    0.00     1      0.00      0.00       0       0   0.00      1.00      0.00  migration/1
12:42:10        0        31    0.00    0.00    0.00    0.00    0.00     2      0.00      0.00       0       0   0.00      1.00      0.00  migration/2
12:42:10        0        33    0.00    0.00    0.00    0.00    0.00     2      0.00      0.00       0       0   0.00      2.00      0.00  kworker/2:0-mm_percpu_wq
12:42:10        0        37    0.00    0.00    0.00    0.00    0.00     3      0.00      0.00       0       0   0.00      1.00      0.00  migration/3
12:42:10        0        49    0.00    0.00    0.00    0.00    0.00     3      0.00      0.00       0       0   0.00      2.00      0.00  kworker/u16:2-events_power_efficient
12:42:10        0        53    0.00    0.00    0.00    0.00    0.00     1      0.00      0.00       0       0   0.00      2.00      0.00  kcompactd0
12:42:10        0        60    0.00    0.00    0.00    0.00    0.00     1      0.00      0.00       0       0   0.00      5.00      0.00  kworker/1:1-events
12:42:10        0       237    0.00    0.00    0.00    0.00    0.00     1      0.00      0.00  288968   27128   0.34      1.00      0.00  multipathd
12:42:10        0       589    0.00    0.00    0.00    0.00    0.00     3      0.00      0.00   83064    4724   0.06      1.00      0.00  irqbalance
12:42:10        0       838    0.00    0.00    0.00    0.00    0.00     1      0.00      0.00       0       0   0.00      1.00      0.00  kworker/1:1H-kblockd
12:42:10        0      1092    0.00    0.00    0.00    0.00    0.00     3      0.00      0.00       0       0   0.00      2.00      0.00  kworker/3:3-mm_percpu_wq
12:42:10     1000      1456    0.00    0.00    0.00    0.00    0.00     1      0.00      0.00    9900    3360   0.04      1.00      0.00  vmstat
12:42:10     1000      1457    0.00    0.00    0.00    0.00    0.00     1      0.00      0.00    7712    3696   0.05      1.00      1.00  pidstat
12:42:10     1000      1719   95.00    4.00    0.00    0.00   99.00     0     39.00      0.00   50936   43576   0.55      0.00      6.00  /home/ubuntu/pa
12:42:10     1000      1728    3.00    4.00    0.00    0.00    7.00     3    776.00      0.00 1676980   13368   0.17      0.00      0.00  hey

# Time        UID       PID    %usr %system  %guest   %wait    %CPU   CPU  minflt/s  majflt/s     VSZ     RSS   %MEM   cswch/s nvcswch/s  Command
12:42:11        0        11    0.00    0.00    0.00    0.00    0.00     0      0.00      0.00       0       0   0.00      2.00      0.00  kworker/0:1-events
12:42:11        0        12    0.00    0.00    0.00    0.00    0.00     1      0.00      0.00       0       0   0.00      1.00      0.00  kworker/u16:0-flush-259:0
12:42:11        0        16    0.00    0.00    0.00    0.00    0.00     1      0.00      0.00       0       0   0.00     19.00      0.00  rcu_sched
12:42:11        0        33    0.00    0.00    0.00    0.00    0.00     2      0.00      0.00       0       0   0.00      3.00      0.00  kworker/2:0-events
12:42:11        0        38    0.00    0.00    0.00    0.00    0.00     3      0.00      0.00       0       0   0.00      1.00      0.00  ksoftirqd/3
12:42:11        0        48    0.00    0.00    0.00    0.00    0.00     1      0.00      0.00       0       0   0.00      7.00      0.00  kworker/u16:1-events_power_efficient
12:42:11        0        49    0.00    0.00    0.00    0.00    0.00     3      0.00      0.00       0       0   0.00      1.00      0.00  kworker/u16:2-flush-259:0
12:42:11        0        53    0.00    0.00    0.00    0.00    0.00     3      0.00      0.00       0       0   0.00      2.00      0.00  kcompactd0
12:42:11        0        60    0.00    0.00    0.00    0.00    0.00     1      0.00      0.00       0       0   0.00      7.00      0.00  kworker/1:1-events
12:42:11        0       237    0.00    0.00    0.00    0.00    0.00     1      0.00      0.00  288968   27128   0.34      1.00      0.00  multipathd
12:42:11        0      1092    0.00    0.00    0.00    0.00    0.00     3      0.00      0.00       0       0   0.00      3.00      0.00  kworker/3:3-events
12:42:11     1000      1452    0.00    0.00    0.00    0.00    0.00     1      0.00      0.00   30364   21000   0.27      3.00      0.00  python3
12:42:11     1000      1456    0.00    0.00    0.00    0.00    0.00     1      0.00      0.00    9900    3360   0.04      1.00      0.00  vmstat
12:42:11     1000      1457    0.00    1.00    0.00    0.00    1.00     1      0.00      0.00    7712    3696   0.05      1.00      1.00  pidstat

# Time        UID       PID    %usr %system  %guest   %wait    %CPU   CPU  minflt/s  majflt/s     VSZ     RSS   %MEM   cswch/s nvcswch/s  Command
12:42:12        0        11    0.00    0.00    0.00    0.00    0.00     0      0.00      0.00       0       0   0.00      5.00      0.00  kworker/0:1-events
12:42:12        0        16    0.00    1.00    0.00    0.00    1.00     1      0.00      0.00       0       0   0.00     38.00      0.00  rcu_sched
12:42:12        0        25    0.00    0.00    0.00    0.00    0.00     1      0.00      0.00       0       0   0.00      2.00      0.00  migration/1
12:42:12        0        33    0.00    0.00    0.00    0.00    0.00     2      0.00      0.00       0       0   0.00      1.00      0.00  kworker/2:0-mm_percpu_wq
12:42:12        0        48    0.00    0.00    0.00    0.00    0.00     1      0.00      0.00       0       0   0.00      4.00      0.00  kworker/u16:1-events_power_efficient
12:42:12        0        53    0.00    0.00    0.00    0.00    0.00     3      0.00      0.00       0       0   0.00      2.00      0.00  kcompactd0
12:42:12        0        60    0.00    0.00    0.00    0.00    0.00     1      0.00      0.00       0       0   0.00      5.00      0.00  kworker/1:1-events
12:42:12        0       237    0.00    0.00    0.00    0.00    0.00     1      0.00      0.00  288968   27128   0.34      1.00      0.00  multipathd
12:42:12        0      1092    0.00    0.00    0.00    0.00    0.00     3      0.00      0.00       0       0   0.00      2.00      0.00  kworker/3:3-events
12:42:12     1000      1452    1.00    0.00    0.00    0.00    1.00     1     25.00      0.00   31388   21128   0.27      8.00      0.00  python3
12:42:12     1000      1457    0.00    0.00    0.00    0.00    0.00     1      0.00      0.00    7712    3696   0.05      1.00      0.00  pidstat
12:42:12     1000      1735    0.00    0.00    0.00    0.00    0.00     0    143.00      0.00    2704    1528   0.02      1.00      1.00  time
12:42:12     1000      1736   75.00    2.00    0.00    0.00   77.00     0   7853.00      0.00   47756   40648   0.51      5.00      5.00  /home/ubuntu/pe
12:42:12     1000      1737    1.00    0.00    0.00    0.00    1.00     2   1442.00      0.00 1676724   10884   0.14      5.00      4.00  hey

# Time        UID       PID    %usr %system  %guest   %wait    %CPU   CPU  minflt/s  majflt/s     VSZ     RSS   %MEM   cswch/s nvcswch/s  Command
12:42:13        0        11    0.00    0.00    0.00    0.00    0.00     0      0.00      0.00       0       0   0.00      3.00      0.00  kworker/0:1-events
12:42:13        0        16    0.00    0.00    0.00    0.00    0.00     1      0.00      0.00       0       0   0.00      9.00      0.00  rcu_sched
12:42:13        0        25    0.00    0.00    0.00    0.00    0.00     1      0.00      0.00       0       0   0.00      1.00      0.00  migration/1
12:42:13        0        33    0.00    0.00    0.00    0.00    0.00     2      0.00      0.00       0       0   0.00      1.00      0.00  kworker/2:0-mm_percpu_wq
12:42:13        0        38    0.00    0.00    0.00    0.00    0.00     3      0.00      0.00       0       0   0.00      1.00      0.00  ksoftirqd/3
12:42:13        0        48    0.00    0.00    0.00    0.00    0.00     2      0.00      0.00       0       0   0.00      6.00      0.00  kworker/u16:1-events_unbound
12:42:13        0        53    0.00    0.00    0.00    0.00    0.00     3      0.00      0.00       0       0   0.00      2.00      0.00  kcompactd0
12:42:13        0        60    0.00    0.00    0.00    0.00    0.00     1      0.00      0.00       0       0   0.00      6.00      0.00  kworker/1:1-events
12:42:13        0       237    0.00    0.00    0.00    0.00    0.00     1      0.00      0.00  288968   27128   0.34      1.00      0.00  multipathd
12:42:13        0      1092    0.00    0.00    0.00    0.00    0.00     3      0.00      0.00       0       0   0.00      2.00      0.00  kworker/3:3-events
12:42:13     1000      1452    0.00    0.00    0.00    0.00    0.00     1      0.00      0.00   31388   21128   0.27      3.00      0.00  python3
12:42:13     1000      1456    0.00    0.00    0.00    0.00    0.00     1      0.00      0.00    9900    3360   0.04      1.00      0.00  vmstat
12:42:13     1000      1457    1.00    0.00    0.00    0.00    1.00     1      0.00      0.00    7712    3696   0.05      1.00      1.00  pidstat
12:42:13     1000      1736   99.00    1.00    0.00    0.00  100.00     0     19.00      0.00   47892   40776   0.52      2.00      3.00  /home/ubuntu/pe
12:42:13     1000      1744    1.00    0.00    0.00    0.00    1.00     3   1364.00      0.00 1676980   10600   0.13      3.00      2.00  hey

# Time        UID       PID    %usr %system  %guest   %wait    %CPU   CPU  minflt/s  majflt/s     VSZ     RSS   %MEM   cswch/s nvcswch/s  Command
12:42:14        0        11    0.00    0.00    0.00    0.00    0.00     0      0.00      0.00       0       0   0.00      6.00      0.00  kworker/0:1-events
12:42:14        0        19    0.00    0.00    0.00    0.00    0.00     0      0.00      0.00       0       0   0.00      1.00      0.00  migration/0
12:42:14        0        25    0.00    0.00    0.00    0.00    0.00     1      0.00      0.00       0       0   0.00      1.00      0.00  migration/1
12:42:14        0        31    0.00    0.00    0.00    0.00    0.00     2      0.00      0.00       0       0   0.00      1.00      0.00  migration/2
12:42:14        0        33    0.00    0.00    0.00    0.00    0.00     2      0.00      0.00       0       0   0.00      7.00      0.00  kworker/2:0-events
12:42:14        0        37    0.00    0.00    0.00    0.00    0.00     3      0.00      0.00       0       0   0.00      1.00      0.00  migration/3
12:42:14        0        48    0.00    0.00    0.00    0.00    0.00     2      0.00      0.00       0       0   0.00      8.00      0.00  kworker/u16:1-writeback
12:42:14        0        53    0.00    0.00    0.00    0.00    0.00     3      0.00      0.00       0       0   0.00      2.00      0.00  kcompactd0
12:42:14        0        60    0.00    0.00    0.00    0.00    0.00     1      0.00      0.00       0       0   0.00      1.00      0.00  kworker/1:1-mm_percpu_wq
12:42:14        0       237    0.00    0.00    0.00    0.00    0.00     1      0.00      0.00  288968   27128   0.34      1.00      0.00  multipathd
12:42:14        0      1092    0.00    0.00    0.00    0.00    0.00     3      0.00      0.00       0       0   0.00      1.00      0.00  kworker/3:3-mm_percpu_wq
12:42:14     1000      1456    0.00    0.00    0.00    0.00    0.00     1      0.00      0.00    9900    3360   0.04      1.00      0.00  vmstat
12:42:14     1000      1457    0.00    1.00    0.00    0.00    1.00     1      0.00      0.00    7712    3696   0.05      1.00      1.00  pidstat
12:42:14     1000      1736   99.00    0.00    0.00    0.00   99.00     0      0.00      0.00   47892   40776   0.52      0.00      7.00  /home/ubuntu/pe
12:42:14     1000      1744    1.00    1.00    0.00    0.00    2.00     3    342.00      0.00 1676980   11880   0.15      0.00      0.00  hey

# Time        UID       PID    %usr %system  %guest   %wait    %CPU   CPU  minflt/s  majflt/s     VSZ     RSS   %MEM   cswch/s nvcswch/s  Command
12:42:15        0        11    0.00    0.00    0.00    0.00    0.00     0      0.00      0.00       0       0   0.00      4.00      0.00  kworker/0:1-events
12:42:15        0        16    0.00    0.00    0.00    0.00    0.00     2      0.00      0.00       0       0   0.00     40.00      0.00  rcu_sched
12:42:15        0        25    0.00    0.00    0.00    0.00    0.00     1      0.00      0.00       0       0   0.00      1.00      0.00  migration/1
12:42:15        0        32    0.00    0.00    0.00    0.00    0.00     2      0.00      0.00       0       0   0.00      1.00      0.00  ksoftirqd/2
12:42:15        0        33    0.00    0.00    0.00    0.00    0.00     2      0.00      0.00       0       0   0.00      6.00      0.00  kworker/2:0-events
12:42:15        0        48    0.00    0.00    0.00    0.00    0.00     2      0.00      0.00       0       0   0.00      5.00      0.00  kworker/u16:1-events_power_efficient
12:42:15        0        49    0.00    0.00    0.00    0.00    0.00     1      0.00      0.00       0       0   0.00      2.00      0.00  kworker/u16:2-events_power_efficient
12:42:15        0        53    0.00    0.00    0.00    0.00    0.00     3      0.00      0.00       0       0   0.00      2.00      0.00  kcompactd0
12:42:15        0        60    0.00    0.00    0.00    0.00    0.00     1      0.00      0.00       0       0   0.00      2.00      0.00  kworker/1:1-events
12:42:15        0       237    0.00    0.00    0.00    0.00    0.00     1      0.00      0.00  288968   27128   0.34      1.00      0.00  multipathd
12:42:15        0      1092    0.00    0.00    0.00    0.00    0.00     3      0.00      0.00       0       0   0.00      3.00      0.00  kworker/3:3-events
12:42:15     1000      1452    1.00    0.00    0.00    0.00    1.00     1      4.00      0.00   31532   21128   0.27      6.00      0.00  python3
12:42:15     1000      1456    0.00    0.00    0.00    0.00    0.00     1      0.00      0.00    9900    3360   0.04      1.00      0.00  vmstat
12:42:15     1000      1457    0.00    0.00    0.00    0.00    0.00     1      0.00      0.00    7712    3696   0.05      1.00      0.00  pidstat
12:42:15     1000      1751    0.00    0.00    0.00    0.00    0.00     0    143.00      0.00    2704    1528   0.02      1.00      1.00  time
12:42:15     1000      1752   12.00    1.00    0.00    0.00   13.00     0   7873.00      0.00   47840   40644   0.51      1.00      1.00  /home/ubuntu/pa

# Time        UID       PID    %usr %system  %guest   %wait    %CPU   CPU  minflt/s  majflt/s     VSZ     RSS   %MEM   cswch/s nvcswch/s  Command
12:42:16        0        11    0.00    0.00    0.00    0.00    0.00     0      0.00      0.00       0       0   0.00      5.00      0.00  kworker/0:1-events
12:42:16        0        16    0.00    0.00    0.00    0.00    0.00     2      0.00      0.00       0       0   0.00     14.00      0.00  rcu_sched
12:42:16        0        25    0.00    0.00    0.00    0.00    0.00     1      0.00      0.00       0       0   0.00      1.00      0.00  migration/1
12:42:16        0        33    0.00    0.00    0.00    0.00    0.00     2      0.00      0.00       0       0   0.00      3.00      0.00  kworker/2:0-events
12:42:16        0        48    0.00    0.00    0.00    0.00    0.00     1      0.00      0.00       0       0   0.00      7.00      0.00  kworker/u16:1-events_power_efficient
12:42:16        0        49    0.00    0.00    0.00    0.00    0.00     1      0.00      0.00       0       0   0.00      3.00      0.00  kworker/u16:2-flush-259:0
12:42:16        0        53    0.00    0.00    0.00    0.00    0.00     3      0.00      0.00       0       0   0.00      2.00      0.00  kcompactd0
12:42:16        0        60    0.00    0.00    0.00    0.00    0.00     1      0.00      0.00       0       0   0.00      4.00      0.00  kworker/1:1-events
12:42:16        0       136    0.00    0.00    0.00    0.00    0.00     2      0.00      0.00       0       0   0.00      3.00      0.00  jbd2/nvme0n1p1-8
12:42:16        0       178    0.00    0.00    0.00    0.00    0.00     2      6.00      0.00   66924   17544   0.22      1.00      0.00  systemd-journal
12:42:16        0       237    0.00    0.00    0.00    0.00    0.00     1      0.00      0.00  288968   27128   0.34      1.00      0.00  multipathd
12:42:16        0       500    0.00    0.00    0.00    0.00    0.00     3      0.00      0.00       0       0   0.00      1.00      0.00  kworker/3:1H-kblockd
12:42:16        0       838    0.00    0.00    0.00    0.00    0.00     1      0.00      0.00       0       0   0.00      1.00      0.00  kworker/1:1H-kblockd
12:42:16        0      1092    0.00    0.00    0.00    0.00    0.00     3      0.00      0.00       0       0   0.00      2.00      0.00  kworker/3:3-events
12:42:16     1000      1452    0.00    0.00    0.00    0.00    0.00     1      0.00      0.00   31532   21128   0.27      5.00      0.00  python3
12:42:16     1000      1456    0.00    0.00    0.00    0.00    0.00     1      0.00      0.00    9900    3360   0.04      1.00      0.00  vmstat
12:42:16     1000      1457    0.00    1.00    0.00    0.00    1.00     1      0.00      0.00    7712    3696   0.05      1.00      0.00  pidstat
12:42:16     1000      1752   98.00    1.00    0.00    0.00   99.00     0    214.00      0.00   48792   41540   0.52      4.00      5.00  /home/ubuntu/pa
12:42:16     1000      1753    1.00    1.00    0.00    0.00    2.00     2   1543.00      0.00 1676724   11264   0.14      3.00      3.00  hey

# Time        UID       PID    %usr %system  %guest   %wait    %CPU   CPU  minflt/s  majflt/s     VSZ     RSS   %MEM   cswch/s nvcswch/s  Command
12:42:17        0        11    0.00    0.00    0.00    0.00    0.00     0      0.00      0.00       0       0   0.00      2.00      0.00  kworker/0:1-events
12:42:17        0        16    0.00    0.00    0.00    0.00    0.00     2      0.00      0.00       0       0   0.00      8.00      0.00  rcu_sched
12:42:17        0        25    0.00    0.00    0.00    0.00    0.00     1      0.00      0.00       0       0   0.00      1.00      0.00  migration/1
12:42:17        0        33    0.00    0.00    0.00    0.00    0.00     2      0.00      0.00       0       0   0.00      1.00      0.00  kworker/2:0-mm_percpu_wq
12:42:17        0        48    0.00    0.00    0.00    0.00    0.00     1      0.00      0.00       0       0   0.00      5.00      0.00  kworker/u16:1-events_power_efficient
12:42:17        0        53    0.00    0.00    0.00    0.00    0.00     3      0.00      0.00       0       0   0.00      2.00      0.00  kcompactd0
12:42:17        0        60    0.00    0.00    0.00    0.00    0.00     1      0.00      0.00       0       0   0.00      5.00      0.00  kworker/1:1-events
12:42:17        0       237    0.00    0.00    0.00    0.00    0.00     1      0.00      0.00  288968   27128   0.34      1.00      0.00  multipathd
12:42:17        0      1092    0.00    0.00    0.00    0.00    0.00     3      0.00      0.00       0       0   0.00      2.00      0.00  kworker/3:3-mm_percpu_wq
12:42:17     1000      1452    0.00    0.00    0.00    0.00    0.00     1      0.00      0.00   31532   21128   0.27      4.00      0.00  python3
12:42:17     1000      1456    0.00    0.00    0.00    0.00    0.00     1      0.00      0.00    9900    3360   0.04      1.00      0.00  vmstat
12:42:17     1000      1457    0.00    0.00    0.00    0.00    0.00     1      0.00      0.00    7712    3696   0.05      1.00      0.00  pidstat
12:42:17     1000      1752   98.00    1.00    0.00    0.00   99.00     0    103.00      0.00   49216   41924   0.53      2.00      2.00  /home/ubuntu/pa
12:42:17     1000      1762    1.00    1.00    0.00    0.00    2.00     3   1543.00      0.00 1676724   11244   0.14      3.00      3.00  hey

# Time        UID       PID    %usr %system  %guest   %wait    %CPU   CPU  minflt/s  majflt/s     VSZ     RSS   %MEM   cswch/s nvcswch/s  Command
12:42:18        0        11    0.00    0.00    0.00    0.00    0.00     0      0.00      0.00       0       0   0.00      6.00      0.00  kworker/0:1-events
12:42:18        0        19    0.00    0.00    0.00    0.00    0.00     0      0.00      0.00       0       0   0.00      1.00      0.00  migration/0
12:42:18        0        25    0.00    0.00    0.00    0.00    0.00     1      0.00      0.00       0       0   0.00      1.00      0.00  migration/1
12:42:18        0        31    0.00    0.00    0.00    0.00    0.00     2      0.00      0.00       0       0   0.00      1.00      0.00  migration/2
12:42:18        0        33    0.00    0.00    0.00    0.00    0.00     2      0.00      0.00       0       0   0.00      2.00      0.00  kworker/2:0-events
12:42:18        0        37    0.00    0.00    0.00    0.00    0.00     3      0.00      0.00       0       0   0.00      1.00      0.00  migration/3
12:42:18        0        48    0.00    0.00    0.00    0.00    0.00     1      0.00      0.00       0       0   0.00      5.00      0.00  kworker/u16:1-events_power_efficient
12:42:18        0        49    0.00    0.00    0.00    0.00    0.00     3      0.00      0.00       0       0   0.00      1.00      0.00  kworker/u16:2-events_power_efficient
12:42:18        0        53    0.00    0.00    0.00    0.00    0.00     3      0.00      0.00       0       0   0.00      2.00      0.00  kcompactd0
12:42:18        0        60    0.00    0.00    0.00    0.00    0.00     1      0.00      0.00       0       0   0.00      4.00      0.00  kworker/1:1-events
12:42:18        0       237    0.00    0.00    0.00    0.00    0.00     1      0.00      0.00  288968   27128   0.34      1.00      0.00  multipathd
12:42:18        0      1092    0.00    0.00    0.00    0.00    0.00     3      0.00      0.00       0       0   0.00      2.00      0.00  kworker/3:3-events
12:42:18     1000      1456    0.00    0.00    0.00    0.00    0.00     1      0.00      0.00    9900    3360   0.04      1.00      0.00  vmstat
12:42:18     1000      1457    0.00    1.00    0.00    0.00    1.00     1      0.00      0.00    7712    3696   0.05      1.00      0.00  pidstat
12:42:18     1000      1752   99.00    0.00    0.00    0.00   99.00     0      0.00      0.00   49216   41924   0.53      0.00      7.00  /home/ubuntu/pa
12:42:18     1000      1762    1.00    1.00    0.00    0.00    2.00     3    335.00      0.00 1676980   12524   0.16      0.00      0.00  hey

# Time        UID       PID    %usr %system  %guest   %wait    %CPU   CPU  minflt/s  majflt/s     VSZ     RSS   %MEM   cswch/s nvcswch/s  Command
12:42:19        0        11    0.00    0.00    0.00    0.00    0.00     0      0.00      0.00       0       0   0.00      4.00      0.00  kworker/0:1-events
12:42:19        0        16    0.00    0.00    0.00    0.00    0.00     3      0.00      0.00       0       0   0.00     54.00      0.00  rcu_sched
12:42:19        0        25    0.00    0.00    0.00    0.00    0.00     1      0.00      0.00       0       0   0.00      2.00      0.00  migration/1
12:42:19        0        32    0.00    0.00    0.00    0.00    0.00     2      0.00      0.00       0       0   0.00      1.00      0.00  ksoftirqd/2
12:42:19        0        33    0.00    0.00    0.00    0.00    0.00     2      0.00      0.00       0       0   0.00      2.00      0.00  kworker/2:0-mm_percpu_wq
12:42:19        0        48    0.00    0.00    0.00    0.00    0.00     1      0.00      0.00       0       0   0.00      7.00      0.00  kworker/u16:1-events_power_efficient
12:42:19        0        53    0.00    0.00    0.00    0.00    0.00     3      0.00      0.00       0       0   0.00      2.00      0.00  kcompactd0
12:42:19        0        60    0.00    0.00    0.00    0.00    0.00     1      0.00      0.00       0       0   0.00      6.00      0.00  kworker/1:1-events
12:42:19        0       237    0.00    0.00    0.00    0.00    0.00     1      0.00      0.00  288968   27128   0.34      1.00      0.00  multipathd
12:42:19      110       698    0.00    0.00    0.00    0.00    0.00     1      0.00      0.00   19416    3668   0.05      2.00      0.00  chronyd
12:42:19        0      1092    0.00    0.00    0.00    0.00    0.00     3      0.00      0.00       0       0   0.00      2.00      0.00  kworker/3:3-mm_percpu_wq
12:42:19     1000      1452    0.00    1.00    0.00    0.00    1.00     1      2.00      0.00   31532   21128   0.27     11.00      0.00  python3
12:42:19     1000      1456    0.00    0.00    0.00    0.00    0.00     1      0.00      0.00    9900    3360   0.04      1.00      0.00  vmstat
12:42:19     1000      1457    0.00    0.00    0.00    0.00    0.00     1      0.00      0.00    7712    3696   0.05      1.00      0.00  pidstat
12:42:19     1000      1769    0.00    0.00    0.00    0.00    0.00     0    144.00      0.00    2704    1528   0.02      1.00      1.00  time
12:42:19     1000      1770   41.00    2.00    0.00    0.00   43.00     0   8075.00      0.00   48648   41320   0.52      5.00      3.00  /home/ubuntu/pa
12:42:19     1000      1771    0.00    0.00    0.00    0.00    0.00     2   1301.00      0.00 1676788   10416   0.13      4.00      3.00  hey

# Time        UID       PID    %usr %system  %guest   %wait    %CPU   CPU  minflt/s  majflt/s     VSZ     RSS   %MEM   cswch/s nvcswch/s  Command
12:42:20        0         1    0.00    0.00    0.00    0.00    0.00     1     13.00      0.00   22196   13052   0.16      4.00      0.00  systemd
12:42:20        0        11    0.00    0.00    0.00    0.00    0.00     0      0.00      0.00       0       0   0.00      5.00      0.00  kworker/0:1-events
12:42:20        0        16    0.00    0.00    0.00    0.00    0.00     3      0.00      0.00       0       0   0.00     20.00      0.00  rcu_sched
12:42:20        0        25    0.00    0.00    0.00    0.00    0.00     1      0.00      0.00       0       0   0.00      1.00      0.00  migration/1
12:42:20        0        33    0.00    0.00    0.00    0.00    0.00     2      0.00      0.00       0       0   0.00      1.00      0.00  kworker/2:0-events
12:42:20        0        48    0.00    0.00    0.00    0.00    0.00     2      0.00      0.00       0       0   0.00      7.00      0.00  kworker/u16:1-events_power_efficient
12:42:20        0        49    0.00    0.00    0.00    0.00    0.00     3      0.00      0.00       0       0   0.00      3.00      0.00  kworker/u16:2-events_unbound
12:42:20        0        53    0.00    0.00    0.00    0.00    0.00     3      0.00      0.00       0       0   0.00      2.00      0.00  kcompactd0
12:42:20        0        60    0.00    0.00    0.00    0.00    0.00     1      0.00      0.00       0       0   0.00      5.00      0.00  kworker/1:1-events
12:42:20        0       136    0.00    0.00    0.00    0.00    0.00     1      0.00      0.00       0       0   0.00      3.00      0.00  jbd2/nvme0n1p1-8
12:42:20        0       162    0.00    0.00    0.00    0.00    0.00     0      0.00      0.00       0       0   0.00      1.00      0.00  kworker/0:1H-kblockd
12:42:20        0       178    0.00    0.00    0.00    0.00    0.00     3     21.00      0.00   66924   17544   0.22      3.00      1.00  systemd-journal
12:42:20        0       237    0.00    0.00    0.00    0.00    0.00     1      0.00      0.00  288968   27128   0.34      1.00      0.00  multipathd
12:42:20      101       583    0.00    0.00    0.00    0.00    0.00     1      0.00      0.00    9804    5220   0.07      2.00      0.00  dbus-daemon
12:42:20        0       589    0.00    0.00    0.00    0.00    0.00     3      0.00      0.00   83064    4724   0.06      1.00      0.00  irqbalance
12:42:20        0       597    0.00    0.00    0.00    0.00    0.00     3      0.00      0.00 1925028   37776   0.48      0.00      0.00  snapd
12:42:20        0       602    0.00    0.00    0.00    0.00    0.00     3      0.00      0.00   18172    8696   0.11      2.00      0.00  systemd-logind
12:42:20        0      1092    0.00    0.00    0.00    0.00    0.00     3      0.00      0.00       0       0   0.00      2.00      0.00  kworker/3:3-events
12:42:20     1000      1452    0.00    0.00    0.00    0.00    0.00     1      1.00      0.00   31532   21128   0.27      3.00      0.00  python3
12:42:20     1000      1456    0.00    0.00    0.00    0.00    0.00     1      0.00      0.00    9900    3360   0.04      1.00      0.00  vmstat
12:42:20     1000      1457    0.00    1.00    0.00    0.00    1.00     1      0.00      0.00    7712    3696   0.05      1.00      0.00  pidstat
12:42:20     1000      1770   99.00    0.00    0.00    0.00   99.00     0     97.00      0.00   49068   41704   0.53      2.00      5.00  /home/ubuntu/pa
12:42:20     1000      1778    0.00    0.00    0.00    0.00    0.00     3   1287.00      0.00 1676980   10468   0.13      3.00      3.00  hey
12:42:20        0      1785    2.00    0.00    0.00    0.00    2.00     2   2558.00      0.00   22012   14700   0.19      7.00      0.00  package-data-do

# Time        UID       PID    %usr %system  %guest   %wait    %CPU   CPU  minflt/s  majflt/s     VSZ     RSS   %MEM   cswch/s nvcswch/s  Command
12:42:21        0         1    1.00    0.00    0.00    0.00    1.00     3    223.00      0.00   22196   13052   0.16      8.00      1.00  systemd
12:42:21        0        11    0.00    0.00    0.00    1.00    0.00     0      0.00      0.00       0       0   0.00      7.00      0.00  kworker/0:1-events
12:42:21        0        16    0.00    0.00    0.00    0.00    0.00     1      0.00      0.00       0       0   0.00     34.00      0.00  rcu_sched
12:42:21        0        18    0.00    0.00    0.00    0.00    0.00     2      0.00      0.00       0       0   0.00     10.00      0.00  rcu_exp_gp_kthread_worker
12:42:21        0        26    0.00    0.00    0.00    0.00    0.00     1      0.00      0.00       0       0   0.00      1.00      0.00  ksoftirqd/1
12:42:21        0        33    0.00    0.00    0.00    0.00    0.00     2      0.00      0.00       0       0   0.00      7.00      0.00  kworker/2:0-events
12:42:21        0        48    0.00    0.00    0.00    0.00    0.00     2      0.00      0.00       0       0   0.00      6.00      0.00  kworker/u16:1-events_power_efficient
12:42:21        0        49    0.00    0.00    0.00    0.00    0.00     3      0.00      0.00       0       0   0.00     10.00      0.00  kworker/u16:2-flush-259:0
12:42:21        0        53    0.00    0.00    0.00    0.00    0.00     3      0.00      0.00       0       0   0.00      2.00      0.00  kcompactd0
12:42:21        0        60    0.00    0.00    0.00    0.00    0.00     1      0.00      0.00       0       0   0.00      7.00      0.00  kworker/1:1-mm_percpu_wq
12:42:21        0       138    0.00    0.00    0.00    0.00    0.00     1      0.00      0.00       0       0   0.00      1.00      0.00  kworker/1:2-cgroup_free
12:42:21        0       178    0.00    0.00    0.00    0.00    0.00     1     32.00      0.00   66924   17544   0.22      8.00      2.00  systemd-journal
12:42:21        0       237    0.00    0.00    0.00    0.00    0.00     1      0.00      0.00  288968   27128   0.34      1.00      0.00  multipathd
12:42:21      991       388    0.00    0.00    0.00    0.00    0.00     2      2.00      0.00   21480   12384   0.16      2.00      0.00  systemd-resolve
12:42:21      101       583    0.00    0.00    0.00    0.00    0.00     2      0.00      0.00    9804    5220   0.07     12.00      0.00  dbus-daemon
12:42:21      989       592    0.00    0.00    0.00    0.00    0.00     1      0.00      0.00  383684    9780   0.12      5.00      0.00  polkitd
12:42:21        0       597    1.00    0.00    0.00    0.00    1.00     3      5.00      4.00 1925028   37920   0.48      0.00      0.00  snapd
12:42:21        0       602    0.00    0.00    0.00    0.00    0.00     3      0.00      0.00   18172    8696   0.11     27.00      0.00  systemd-logind
12:42:21        0      1092    0.00    0.00    0.00    0.00    0.00     3      0.00      0.00       0       0   0.00      5.00      0.00  kworker/3:3-mm_percpu_wq
12:42:21     1000      1456    0.00    0.00    0.00    0.00    0.00     1      0.00      0.00    9900    3360   0.04      1.00      0.00  vmstat
12:42:21     1000      1457    0.00    0.00    0.00    0.00    0.00     1      0.00      0.00    7712    3696   0.05      1.00      0.00  pidstat
12:42:21     1000      1770  100.00    1.00    0.00    0.00  101.00     0     12.00      0.00   49068   41832   0.53      0.00      7.00  /home/ubuntu/pa
12:42:21     1000      1778    1.00    1.00    0.00    0.00    2.00     3    354.00      0.00 1676980   11876   0.15      0.00      0.00  hey
12:42:21        0      1787    1.00    1.00    0.00    0.00    2.00     2    975.00      0.00   17300    7572   0.10      8.00      0.00  systemd-timedat

# Time        UID       PID    %usr %system  %guest   %wait    %CPU   CPU  minflt/s  majflt/s     VSZ     RSS   %MEM   cswch/s nvcswch/s  Command
12:42:22        0        11    0.00    0.00    0.00    0.00    0.00     0      0.00      0.00       0       0   0.00      6.00      0.00  kworker/0:1-events
12:42:22        0        16    0.00    0.00    0.00    0.00    0.00     1      0.00      0.00       0       0   0.00     24.00      0.00  rcu_sched
12:42:22        0        19    0.00    0.00    0.00    0.00    0.00     0      0.00      0.00       0       0   0.00      1.00      0.00  migration/0
12:42:22        0        25    0.00    0.00    0.00    0.00    0.00     1      0.00      0.00       0       0   0.00      1.00      0.00  migration/1
12:42:22        0        26    0.00    0.00    0.00    0.00    0.00     1      0.00      0.00       0       0   0.00      2.00      0.00  ksoftirqd/1
12:42:22        0        31    0.00    0.00    0.00    0.00    0.00     2      0.00      0.00       0       0   0.00      1.00      0.00  migration/2
12:42:22        0        32    0.00    0.00    0.00    0.00    0.00     2      0.00      0.00       0       0   0.00      1.00      0.00  ksoftirqd/2
12:42:22        0        33    0.00    0.00    0.00    0.00    0.00     2      0.00      0.00       0       0   0.00      6.00      0.00  kworker/2:0-events
12:42:22        0        37    0.00    0.00    0.00    0.00    0.00     3      0.00      0.00       0       0   0.00      1.00      0.00  migration/3
12:42:22        0        48    0.00    0.00    0.00    0.00    0.00     1      0.00      0.00       0       0   0.00     11.00      0.00  kworker/u16:1-events_power_efficient
12:42:22        0        53    0.00    0.00    0.00    0.00    0.00     3      0.00      0.00       0       0   0.00      2.00      0.00  kcompactd0
12:42:22        0        60    0.00    0.00    0.00    0.00    0.00     1      0.00      0.00       0       0   0.00      3.00      0.00  kworker/1:1-events
12:42:22        0       136    0.00    0.00    0.00    0.00    0.00     1      0.00      0.00       0       0   0.00      6.00      0.00  jbd2/nvme0n1p1-8
12:42:22        0       178    0.00    0.00    0.00    0.00    0.00     3     13.00      0.00   66924   17544   0.22      3.00      0.00  systemd-journal
12:42:22        0       237    0.00    0.00    0.00    0.00    0.00     1      0.00      0.00  288968   27128   0.34      1.00      0.00  multipathd
12:42:22        0       597    0.00    0.00    0.00    0.00    0.00     3    203.00      1.00 1925028   38700   0.49      0.00      0.00  snapd
12:42:22        0      1092    0.00    0.00    0.00    0.00    0.00     3      0.00      0.00       0       0   0.00      2.00      0.00  kworker/3:3-events
12:42:22     1000      1452    0.00    0.00    0.00    0.00    0.00     1      0.00      0.00   31532   21128   0.27      3.00      0.00  python3
12:42:22     1000      1456    0.00    0.00    0.00    0.00    0.00     1      0.00      0.00    9900    3360   0.04      1.00      0.00  vmstat
12:42:22     1000      1457    1.00    1.00    0.00    0.00    2.00     1      0.00      0.00    7712    3696   0.05      1.00      0.00  pidstat

# Time        UID       PID    %usr %system  %guest   %wait    %CPU   CPU  minflt/s  majflt/s     VSZ     RSS   %MEM   cswch/s nvcswch/s  Command
12:42:23        0        11    0.00    0.00    0.00    0.00    0.00     0      0.00      0.00       0       0   0.00      3.00      0.00  kworker/0:1-events
12:42:23        0        16    0.00    0.00    0.00    0.00    0.00     3      0.00      0.00       0       0   0.00     41.00      0.00  rcu_sched
12:42:23        0        25    0.00    0.00    0.00    0.00    0.00     1      0.00      0.00       0       0   0.00      2.00      0.00  migration/1
12:42:23        0        33    0.00    0.00    0.00    0.00    0.00     2      0.00      0.00       0       0   0.00      4.00      0.00  kworker/2:0-events
12:42:23        0        48    0.00    0.00    0.00    0.00    0.00     1      0.00      0.00       0       0   0.00      4.00      0.00  kworker/u16:1-events_power_efficient
12:42:23        0        53    0.00    0.00    0.00    0.00    0.00     3      0.00      0.00       0       0   0.00      2.00      0.00  kcompactd0
12:42:23        0        60    0.00    0.00    0.00    0.00    0.00     1      0.00      0.00       0       0   0.00      5.00      0.00  kworker/1:1-events
12:42:23        0       237    0.00    0.00    0.00    0.00    0.00     1      0.00      0.00  288968   27128   0.34      1.00      0.00  multipathd
12:42:23        0      1092    0.00    0.00    0.00    0.00    0.00     3      0.00      0.00       0       0   0.00      2.00      0.00  kworker/3:3-mm_percpu_wq
12:42:23     1000      1452    1.00    0.00    0.00    0.00    1.00     1      0.00      0.00   31532   21128   0.27      5.00      0.00  python3
12:42:23     1000      1456    0.00    0.00    0.00    0.00    0.00     1      0.00      0.00    9900    3360   0.04      1.00      0.00  vmstat
12:42:23     1000      1457    0.00    0.00    0.00    0.00    0.00     1      0.00      0.00    7712    3696   0.05      1.00      0.00  pidstat
12:42:23     1000      1788    0.00    0.00    0.00    0.00    0.00     0    144.00      0.00    2704    1464   0.02      1.00      1.00  time
12:42:23     1000      1789   58.00    5.00    0.00    0.00   63.00     0   7712.00      0.00   47172   40164   0.51     24.00      2.00  /home/ubuntu/pe
12:42:23     1000      1790   53.00    4.00    0.00    0.00   57.00     2   4124.00      1.00   26928   21560   0.27    261.00      5.00  perl

# Time        UID       PID    %usr %system  %guest   %wait    %CPU   CPU  minflt/s  majflt/s     VSZ     RSS   %MEM   cswch/s nvcswch/s  Command
12:42:24        0        11    0.00    0.00    0.00    0.00    0.00     0      0.00      0.00       0       0   0.00      8.00      0.00  kworker/0:1-events
12:42:24        0        16    0.00    0.00    0.00    0.00    0.00     3      0.00      0.00       0       0   0.00      4.00      0.00  rcu_sched
12:42:24        0        33    0.00    0.00    0.00    0.00    0.00     2      0.00      0.00       0       0   0.00      1.00      0.00  kworker/2:0-mm_percpu_wq
12:42:24        0        48    0.00    0.00    0.00    0.00    0.00     1      0.00      0.00       0       0   0.00      8.00      0.00  kworker/u16:1-ext4-rsv-conversion
12:42:24        0        53    0.00    0.00    0.00    0.00    0.00     3      0.00      0.00       0       0   0.00      2.00      0.00  kcompactd0
12:42:24        0        60    0.00    0.00    0.00    0.00    0.00     1      0.00      0.00       0       0   0.00      6.00      0.00  kworker/1:1-events
12:42:24        0       237    0.00    0.00    0.00    0.00    0.00     1      0.00      0.00  288968   27128   0.34      1.00      0.00  multipathd
12:42:24     1000      1456    0.00    0.00    0.00    0.00    0.00     1      0.00      0.00    9900    3360   0.04      1.00      0.00  vmstat
12:42:24     1000      1457    0.00    1.00    0.00    0.00    1.00     1      0.00      0.00    7712    3696   0.05      1.00      0.00  pidstat
12:42:24     1000      1789   91.00   10.00    0.00    0.00  101.00     0      0.00      0.00   47172   40164   0.51      2.00      8.00  /home/ubuntu/pe
12:42:24     1000      1790   87.00   11.00    0.00    0.00   98.00     2     46.00      0.00   27068   21816   0.28    522.00      1.00  perl

# Time        UID       PID    %usr %system  %guest   %wait    %CPU   CPU  minflt/s  majflt/s     VSZ     RSS   %MEM   cswch/s nvcswch/s  Command
12:42:25        0        11    0.00    0.00    0.00    0.00    0.00     0      0.00      0.00       0       0   0.00      2.00      0.00  kworker/0:1-events
12:42:25        0        33    0.00    0.00    0.00    0.00    0.00     2      0.00      0.00       0       0   0.00      2.00      0.00  kworker/2:0-events
12:42:25        0        48    0.00    0.00    0.00    0.00    0.00     1      0.00      0.00       0       0   0.00      7.00      0.00  kworker/u16:1-events_power_efficient
12:42:25        0        49    0.00    0.00    0.00    0.00    0.00     3      0.00      0.00       0       0   0.00      1.00      0.00  kworker/u16:2-flush-259:0
12:42:25        0        53    0.00    0.00    0.00    0.00    0.00     3      0.00      0.00       0       0   0.00      2.00      0.00  kcompactd0
12:42:25        0        60    0.00    0.00    0.00    0.00    0.00     1      0.00      0.00       0       0   0.00      6.00      0.00  kworker/1:1-events
12:42:25        0       237    0.00    0.00    0.00    0.00    0.00     1      0.00      0.00  288968   27128   0.34      1.00      0.00  multipathd
12:42:25     1000      1456    0.00    0.00    0.00    0.00    0.00     1      0.00      0.00    9900    3360   0.04      1.00      0.00  vmstat
12:42:25     1000      1457    0.00    0.00    0.00    0.00    0.00     1      0.00      0.00    7712    3696   0.05      1.00      0.00  pidstat
12:42:25     1000      1789   93.00    6.00    0.00    0.00   99.00     0      0.00      0.00   47172   40164   0.51      4.00      2.00  /home/ubuntu/pe
12:42:25     1000      1790   88.00   10.00    0.00    0.00   98.00     2    117.00      0.00   27556   22328   0.28    499.00      2.00  perl

# Time        UID       PID    %usr %system  %guest   %wait    %CPU   CPU  minflt/s  majflt/s     VSZ     RSS   %MEM   cswch/s nvcswch/s  Command
12:42:26        0        11    0.00    0.00    0.00    0.00    0.00     0      0.00      0.00       0       0   0.00      6.00      0.00  kworker/0:1-events
12:42:26        0        12    0.00    0.00    0.00    0.00    0.00     2      0.00      0.00       0       0   0.00      1.00      0.00  kworker/u16:0-flush-259:0
12:42:26        0        16    0.00    0.00    0.00    0.00    0.00     3      0.00      0.00       0       0   0.00     41.00      0.00  rcu_sched
12:42:26        0        19    0.00    0.00    0.00    0.00    0.00     0      0.00      0.00       0       0   0.00      1.00      0.00  migration/0
12:42:26        0        25    0.00    0.00    0.00    0.00    0.00     1      0.00      0.00       0       0   0.00      2.00      0.00  migration/1
12:42:26        0        31    0.00    0.00    0.00    0.00    0.00     2      0.00      0.00       0       0   0.00      1.00      0.00  migration/2
12:42:26        0        33    0.00    0.00    0.00    0.00    0.00     2      0.00      0.00       0       0   0.00      3.00      0.00  kworker/2:0-events
12:42:26        0        37    0.00    0.00    0.00    0.00    0.00     3      0.00      0.00       0       0   0.00      1.00      0.00  migration/3
12:42:26        0        48    0.00    0.00    0.00    0.00    0.00     1      0.00      0.00       0       0   0.00      7.00      0.00  kworker/u16:1-events_power_efficient
12:42:26        0        49    0.00    0.00    0.00    0.00    0.00     3      0.00      0.00       0       0   0.00      4.00      0.00  kworker/u16:2-flush-259:0
12:42:26        0        53    0.00    0.00    0.00    0.00    0.00     3      0.00      0.00       0       0   0.00      2.00      0.00  kcompactd0
12:42:26        0        60    0.00    1.00    0.00    0.00    1.00     1      0.00      0.00       0       0   0.00      5.00      0.00  kworker/1:1-events
12:42:26        0       237    0.00    0.00    0.00    0.00    0.00     1      0.00      0.00  288968   27128   0.34      1.00      0.00  multipathd
12:42:26        0      1092    0.00    0.00    0.00    0.00    0.00     3      0.00      0.00       0       0   0.00      2.00      0.00  kworker/3:3-events
12:42:26     1000      1452    0.00    0.00    0.00    0.00    0.00     1      2.00      0.00   31532   21128   0.27      6.00      1.00  python3
12:42:26     1000      1456    0.00    0.00    0.00    0.00    0.00     1      0.00      0.00    9900    3360   0.04      1.00      0.00  vmstat
12:42:26     1000      1457    0.00    0.00    0.00    0.00    0.00     1      0.00      0.00    7712    3696   0.05      1.00      0.00  pidstat
12:42:26     1000      1791    0.00    0.00    0.00    0.00    0.00     0    144.00      0.00    2704    1464   0.02      1.00      1.00  time
12:42:26     1000      1792   10.00    1.00    0.00    0.00   11.00     0   6825.00      0.00   43776   34080   0.43      0.00      0.00  /home/ubuntu/pa

# Time        UID       PID    %usr %system  %guest   %wait    %CPU   CPU  minflt/s  majflt/s     VSZ     RSS   %MEM   cswch/s nvcswch/s  Command
12:42:27        0        11    0.00    0.00    0.00    0.00    0.00     0      0.00      0.00       0       0   0.00      3.00      0.00  kworker/0:1-events
12:42:27        0        16    0.00    0.00    0.00    0.00    0.00     3      0.00      0.00       0       0   0.00     14.00      0.00  rcu_sched
12:42:27        0        25    0.00    0.00    0.00    0.00    0.00     1      0.00      0.00       0       0   0.00      1.00      0.00  migration/1
12:42:27        0        33    0.00    0.00    0.00    0.00    0.00     2      0.00      0.00       0       0   0.00      1.00      0.00  kworker/2:0-mm_percpu_wq
12:42:27        0        48    0.00    0.00    0.00    0.00    0.00     1      0.00      0.00       0       0   0.00      6.00      0.00  kworker/u16:1-flush-259:0
12:42:27        0        53    0.00    0.00    0.00    0.00    0.00     3      0.00      0.00       0       0   0.00      2.00      0.00  kcompactd0
12:42:27        0        60    0.00    0.00    0.00    0.00    0.00     1      0.00      0.00       0       0   0.00      6.00      0.00  kworker/1:1-events
12:42:27        0       237    0.00    0.00    0.00    0.00    0.00     1      0.00      0.00  288968   27128   0.34      1.00      0.00  multipathd
12:42:27        0       245    0.00    0.00    0.00    0.00    0.00     2      0.00      0.00       0       0   0.00      1.00      0.00  kworker/2:1H-kblockd
12:42:27     1000      1452    0.00    0.00    0.00    0.00    0.00     1      0.00      0.00   31532   21128   0.27      2.00      0.00  python3
12:42:27     1000      1456    0.00    0.00    0.00    0.00    0.00     1      0.00      0.00    9900    3360   0.04      1.00      0.00  vmstat
12:42:27     1000      1457    0.00    1.00    0.00    0.00    1.00     1      0.00      0.00    7712    3696   0.05      1.00      0.00  pidstat
12:42:27     1000      1792   79.00    7.00    0.00    0.00   86.00     0   1181.00      0.00   48456   40936   0.52     22.00      3.00  /home/ubuntu/pa
12:42:27     1000      1793   77.00    9.00    0.00    0.00   86.00     2   4124.00      0.00   26924   21452   0.27    712.00      2.00  perl

# Time        UID       PID    %usr %system  %guest   %wait    %CPU   CPU  minflt/s  majflt/s     VSZ     RSS   %MEM   cswch/s nvcswch/s  Command
12:42:28        0        11    0.00    0.00    0.00    0.00    0.00     0      0.00      0.00       0       0   0.00      3.00      0.00  kworker/0:1-events
12:42:28        0        16    0.00    0.00    0.00    0.00    0.00     3      0.00      0.00       0       0   0.00      2.00      0.00  rcu_sched
12:42:28        0        33    0.00    0.00    0.00    0.00    0.00     2      0.00      0.00       0       0   0.00      3.00      0.00  kworker/2:0-events
12:42:28        0        48    0.00    0.00    0.00    0.00    0.00     3      0.00      0.00       0       0   0.00      5.00      0.00  kworker/u16:1-events_unbound
12:42:28        0        53    0.00    0.00    0.00    0.00    0.00     3      0.00      0.00       0       0   0.00      2.00      0.00  kcompactd0
12:42:28        0        60    0.00    0.00    0.00    0.00    0.00     1      0.00      0.00       0       0   0.00      5.00      0.00  kworker/1:1-events
12:42:28        0       237    0.00    0.00    0.00    0.00    0.00     1      0.00      0.00  288968   27128   0.34      1.00      0.00  multipathd
12:42:28     1000      1456    0.00    0.00    0.00    0.00    0.00     1      0.00      0.00    9900    3360   0.04      1.00      0.00  vmstat
12:42:28     1000      1457    0.00    0.00    0.00    0.00    0.00     1      0.00      0.00    7712    3696   0.05      1.00      0.00  pidstat
12:42:28     1000      1792   91.00    9.00    0.00    0.00  100.00     0      0.00      0.00   48456   40936   0.52      2.00      3.00  /home/ubuntu/pa
12:42:28     1000      1793   86.00    9.00    0.00    0.00   95.00     2     76.00      0.00   27244   21836   0.28    785.00      3.00  perl

# Time        UID       PID    %usr %system  %guest   %wait    %CPU   CPU  minflt/s  majflt/s     VSZ     RSS   %MEM   cswch/s nvcswch/s  Command
12:42:29        0        11    0.00    0.00    0.00    0.00    0.00     0      0.00      0.00       0       0   0.00      3.00      0.00  kworker/0:1-events
12:42:29        0        33    0.00    0.00    0.00    0.00    0.00     2      0.00      0.00       0       0   0.00      1.00      0.00  kworker/2:0-mm_percpu_wq
12:42:29        0        48    0.00    0.00    0.00    0.00    0.00     3      0.00      0.00       0       0   0.00      5.00      0.00  kworker/u16:1-events_power_efficient
12:42:29        0        53    0.00    0.00    0.00    0.00    0.00     3      0.00      0.00       0       0   0.00      2.00      0.00  kcompactd0
12:42:29        0       237    0.00    0.00    0.00    0.00    0.00     1      0.00      0.00  288968   27128   0.34      1.00      0.00  multipathd
12:42:29        0      1092    0.00    0.00    0.00    0.00    0.00     3      0.00      0.00       0       0   0.00      5.00      0.00  kworker/3:3-events
12:42:29     1000      1456    0.00    0.00    0.00    0.00    0.00     1      0.00      0.00    9900    3360   0.04      1.00      0.00  vmstat
12:42:29     1000      1457    1.00    1.00    0.00    0.00    2.00     1      0.00      0.00    7712    3696   0.05      1.00      0.00  pidstat
12:42:29     1000      1792   91.00    9.00    0.00    0.00  100.00     0      0.00      0.00   48456   40936   0.52      1.00      3.00  /home/ubuntu/pa
12:42:29     1000      1793   86.00   10.00    0.00    0.00   96.00     2     95.00      0.00   27588   22220   0.28    721.00      1.00  perl

# Time        UID       PID    %usr %system  %guest   %wait    %CPU   CPU  minflt/s  majflt/s     VSZ     RSS   %MEM   cswch/s nvcswch/s  Command
12:42:30        0        11    0.00    0.00    0.00    0.00    0.00     0      0.00      0.00       0       0   0.00      5.00      0.00  kworker/0:1-events
12:42:30        0        16    0.00    0.00    0.00    0.00    0.00     1      0.00      0.00       0       0   0.00     68.00      0.00  rcu_sched
12:42:30        0        19    0.00    0.00    0.00    0.00    0.00     0      0.00      0.00       0       0   0.00      1.00      0.00  migration/0
12:42:30        0        25    0.00    0.00    0.00    0.00    0.00     1      0.00      0.00       0       0   0.00      3.00      0.00  migration/1
12:42:30        0        31    0.00    0.00    0.00    0.00    0.00     2      0.00      0.00       0       0   0.00      1.00      0.00  migration/2
12:42:30        0        33    0.00    0.00    0.00    0.00    0.00     2      0.00      0.00       0       0   0.00      2.00      0.00  kworker/2:0-mm_percpu_wq
12:42:30        0        37    0.00    0.00    0.00    0.00    0.00     3      0.00      0.00       0       0   0.00      1.00      0.00  migration/3
12:42:30        0        48    0.00    0.00    0.00    0.00    0.00     3      0.00      0.00       0       0   0.00     10.00      0.00  kworker/u16:1-events_power_efficient
12:42:30        0        53    0.00    0.00    0.00    0.00    0.00     3      0.00      0.00       0       0   0.00      2.00      0.00  kcompactd0
12:42:30        0        60    0.00    0.00    0.00    0.00    0.00     1      0.00      0.00       0       0   0.00      2.00      0.00  kworker/1:1-events
12:42:30        0       237    0.00    0.00    0.00    0.00    0.00     1      0.00      0.00  288968   27128   0.34      1.00      0.00  multipathd
12:42:30        0       589    0.00    0.00    0.00    0.00    0.00     3      0.00      0.00   83064    4724   0.06      1.00      0.00  irqbalance
12:42:30        0      1092    0.00    0.00    0.00    0.00    0.00     3      0.00      0.00       0       0   0.00      6.00      0.00  kworker/3:3-events
12:42:30     1000      1452    1.00    0.00    0.00    0.00    1.00     1      0.00      0.00   31532   21128   0.27      8.00      0.00  python3
12:42:30     1000      1456    0.00    0.00    0.00    0.00    0.00     1      0.00      0.00    9900    3360   0.04      1.00      0.00  vmstat
12:42:30     1000      1457    0.00    1.00    0.00    0.00    1.00     1      0.00      0.00    7712    3696   0.05      1.00      0.00  pidstat
12:42:30     1000      1794    0.00    0.00    0.00    0.00    0.00     0    145.00      0.00    2704    1464   0.02      1.00      1.00  time
12:42:30     1000      1795   27.00    2.00    0.00    0.00   29.00     0   8012.00      0.00   48380   41040   0.52     23.00      3.00  /home/ubuntu/pa
12:42:30     1000      1796   21.00    2.00    0.00    0.00   23.00     2   4124.00      0.00   26888   21652   0.27    119.00      3.00  perl

# Time        UID       PID    %usr %system  %guest   %wait    %CPU   CPU  minflt/s  majflt/s     VSZ     RSS   %MEM   cswch/s nvcswch/s  Command
12:42:31        0        11    0.00    0.00    0.00    0.00    0.00     0      0.00      0.00       0       0   0.00      4.00      0.00  kworker/0:1-events
12:42:31        0        33    0.00    0.00    0.00    0.00    0.00     2      0.00      0.00       0       0   0.00      1.00      0.00  kworker/2:0-mm_percpu_wq
12:42:31        0        48    0.00    0.00    0.00    0.00    0.00     3      0.00      0.00       0       0   0.00      3.00      0.00  kworker/u16:1-flush-259:0
12:42:31        0        49    0.00    0.00    0.00    0.00    0.00     1      0.00      0.00       0       0   0.00     14.00      0.00  kworker/u16:2-events_power_efficient
12:42:31        0        53    0.00    0.00    0.00    0.00    0.00     3      0.00      0.00       0       0   0.00      2.00      0.00  kcompactd0
12:42:31        0        60    0.00    0.00    0.00    0.00    0.00     1      0.00      0.00       0       0   0.00      5.00      0.00  kworker/1:1-events
12:42:31        0       237    0.00    0.00    0.00    0.00    0.00     1      0.00      0.00  288968   27128   0.34      1.00      0.00  multipathd
12:42:31        0       838    0.00    0.00    0.00    0.00    0.00     1      0.00      0.00       0       0   0.00      5.00      0.00  kworker/1:1H-kblockd
12:42:31        0      1092    0.00    0.00    0.00    0.00    0.00     3      0.00      0.00       0       0   0.00      2.00      0.00  kworker/3:3-mm_percpu_wq
12:42:31     1000      1456    0.00    0.00    0.00    0.00    0.00     1      0.00      0.00    9900    3360   0.04      1.00      0.00  vmstat
12:42:31     1000      1457    0.00    0.00    0.00    0.00    0.00     1      2.00      0.00    7712    3696   0.05      1.00      0.00  pidstat
12:42:31     1000      1795   91.00   10.00    0.00    0.00  101.00     0      0.00      0.00   48380   41040   0.52      3.00      4.00  /home/ubuntu/pa
12:42:31     1000      1796   86.00    9.00    0.00    0.00   95.00     2      4.00      0.00   26888   21652   0.27    748.00      0.00  perl

# Time        UID       PID    %usr %system  %guest   %wait    %CPU   CPU  minflt/s  majflt/s     VSZ     RSS   %MEM   cswch/s nvcswch/s  Command
12:42:32        0        11    0.00    0.00    0.00    0.00    0.00     0      0.00      0.00       0       0   0.00      6.00      0.00  kworker/0:1-events
12:42:32        0        16    0.00    0.00    0.00    0.00    0.00     1      0.00      0.00       0       0   0.00      2.00      0.00  rcu_sched
12:42:32        0        33    0.00    0.00    0.00    0.00    0.00     2      0.00      0.00       0       0   0.00      1.00      0.00  kworker/2:0-mm_percpu_wq
12:42:32        0        48    0.00    0.00    0.00    0.00    0.00     3      0.00      0.00       0       0   0.00      6.00      0.00  kworker/u16:1-events_power_efficient
12:42:32        0        49    0.00    0.00    0.00    0.00    0.00     1      0.00      0.00       0       0   0.00      1.00      0.00  kworker/u16:2-flush-259:0
12:42:32        0        53    0.00    0.00    0.00    0.00    0.00     3      0.00      0.00       0       0   0.00      2.00      0.00  kcompactd0
12:42:32        0        60    0.00    0.00    0.00    0.00    0.00     1      0.00      0.00       0       0   0.00      1.00      0.00  kworker/1:1-mm_percpu_wq
12:42:32        0       237    0.00    0.00    0.00    0.00    0.00     1      0.00      0.00  288968   27128   0.34      1.00      0.00  multipathd
12:42:32        0      1092    0.00    0.00    0.00    0.00    0.00     3      0.00      0.00       0       0   0.00      6.00      0.00  kworker/3:3-events
12:42:32     1000      1456    0.00    0.00    0.00    0.00    0.00     1      0.00      0.00    9900    3360   0.04      1.00      0.00  vmstat
12:42:32     1000      1457    0.00    1.00    0.00    0.00    1.00     1      0.00      0.00    7712    3696   0.05      1.00      0.00  pidstat
12:42:32     1000      1795   91.00    9.00    0.00    0.00  100.00     0      0.00      0.00   48380   41040   0.52      0.00      6.00  /home/ubuntu/pa
12:42:32     1000      1796   85.00   12.00    0.00    0.00   97.00     2    140.00      0.00   27428   22164   0.28    647.00      1.00  perl

# Time        UID       PID    %usr %system  %guest   %wait    %CPU   CPU  minflt/s  majflt/s     VSZ     RSS   %MEM   cswch/s nvcswch/s  Command
12:42:33        0        11    0.00    0.00    0.00    0.00    0.00     0      0.00      0.00       0       0   0.00      2.00      0.00  kworker/0:1-events
12:42:33        0        16    0.00    0.00    0.00    0.00    0.00     1      0.00      0.00       0       0   0.00     21.00      0.00  rcu_sched
12:42:33        0        33    0.00    0.00    0.00    0.00    0.00     2      0.00      0.00       0       0   0.00      2.00      0.00  kworker/2:0-events
12:42:33        0        48    0.00    0.00    0.00    0.00    0.00     3      0.00      0.00       0       0   0.00      6.00      0.00  kworker/u16:1-events_power_efficient
12:42:33        0        53    0.00    0.00    0.00    0.00    0.00     3      0.00      0.00       0       0   0.00      2.00      0.00  kcompactd0
12:42:33        0        60    0.00    0.00    0.00    0.00    0.00     1      0.00      0.00       0       0   0.00      1.00      0.00  kworker/1:1-mm_percpu_wq
12:42:33        0       237    0.00    0.00    0.00    0.00    0.00     1      0.00      0.00  288968   27128   0.34      1.00      0.00  multipathd
12:42:33        0      1092    0.00    0.00    0.00    0.00    0.00     3      0.00      0.00       0       0   0.00      5.00      0.00  kworker/3:3-events
12:42:33     1000      1452    0.00    0.00    0.00    0.00    0.00     1      0.00      0.00   31532   21128   0.27      3.00      0.00  python3
12:42:33     1000      1456    0.00    0.00    0.00    0.00    0.00     1      0.00      0.00    9900    3360   0.04      1.00      0.00  vmstat
12:42:33     1000      1457    0.00    0.00    0.00    0.00    0.00     1      0.00      0.00    7712    3696   0.05      1.00      0.00  pidstat
