Linux 7.0.0-1013-aws (ip-172-31-2-102) 	09/25/26 	_x86_64_	(4 CPU)

# Time        UID       PID    %usr %system  %guest   %wait    %CPU   CPU  minflt/s  majflt/s     VSZ     RSS   %MEM   cswch/s nvcswch/s  Command
16:31:02        0        11    0.00    0.00    0.00    0.00    0.00     0      0.00      0.00       0       0   0.00      8.00      0.00  kworker/0:1-events
16:31:02        0        16    0.00    0.00    0.00    0.00    0.00     0      0.00      0.00       0       0   0.00     33.00      0.00  rcu_sched
16:31:02        0        19    0.00    0.00    0.00    0.00    0.00     0      0.00      0.00       0       0   0.00      1.00      0.00  migration/0
16:31:02        0        25    0.00    0.00    0.00    0.00    0.00     1      0.00      0.00       0       0   0.00      3.00      0.00  migration/1
16:31:02        0        31    0.00    0.00    0.00    0.00    0.00     2      0.00      0.00       0       0   0.00      1.00      0.00  migration/2
16:31:02        0        37    0.00    0.00    0.00    0.00    0.00     3      0.00      0.00       0       0   0.00      1.00      0.00  migration/3
16:31:02        0        47    0.00    0.00    0.00    0.00    0.00     3      0.00      0.00       0       0   0.00      2.00      0.00  kworker/u16:1-events_power_efficient
16:31:02        0        52    0.00    0.00    0.00    0.00    0.00     1      0.00      0.00       0       0   0.00      2.00      0.00  kcompactd0
16:31:02        0       197    0.00    0.00    0.00    0.00    0.00     2      0.00      0.00       0       0   0.00      1.00      0.00  kworker/2:2-mm_percpu_wq
16:31:02        0       218    0.00    0.00    0.00    0.00    0.00     1      0.00      0.00       0       0   0.00      7.00      0.00  kworker/1:3-mm_percpu_wq
16:31:02        0       219    0.00    0.00    0.00    0.00    0.00     3      0.00      0.00       0       0   0.00      1.00      0.00  kworker/3:3-mm_percpu_wq
16:31:02        0       240    0.00    0.00    0.00    0.00    0.00     3      0.00      0.00  288968   26944   0.34      1.00      0.00  multipathd
16:31:02        0       615    0.00    0.00    0.00    0.00    0.00     1      0.00      0.00       0       0   0.00      9.00      0.00  kworker/u16:4-events_power_efficient
16:31:02     1000      1633    1.00    0.00    0.00    0.00    1.00     1    413.00      0.00   32780   22496   0.28      8.00      0.00  python3
16:31:02     1000      1638    0.00    0.00    0.00    0.00    0.00     1      0.00      0.00    9900    3336   0.04      1.00      0.00  vmstat
16:31:02     1000      1639    0.00    1.00    0.00    0.00    1.00     1      4.00      0.00    7580    3764   0.05      1.00      0.00  pidstat
16:31:02     1000      1641   79.00    7.00    0.00    0.00   86.00     0   7918.00      0.00   47984   40900   0.52     11.00      7.00  /home/ubuntu/pe
16:31:02     1000      1642    2.00    3.00    0.00    0.00    5.00     2   3127.00     75.00 1676724   17812   0.22    183.00      7.00  hey

# Time        UID       PID    %usr %system  %guest   %wait    %CPU   CPU  minflt/s  majflt/s     VSZ     RSS   %MEM   cswch/s nvcswch/s  Command
16:31:03        0        11    0.00    0.00    0.00    0.00    0.00     0      0.00      0.00       0       0   0.00      2.00      0.00  kworker/0:1-mm_percpu_wq
16:31:03        0        14    0.00    0.00    0.00    0.00    0.00     0      0.00      0.00       0       0   0.00      1.00      0.00  ksoftirqd/0
16:31:03        0        16    0.00    0.00    0.00    0.00    0.00     1      0.00      0.00       0       0   0.00      8.00      0.00  rcu_sched
16:31:03        0        25    0.00    0.00    0.00    0.00    0.00     1      0.00      0.00       0       0   0.00      1.00      0.00  migration/1
16:31:03        0        52    0.00    0.00    0.00    0.00    0.00     1      0.00      0.00       0       0   0.00      2.00      0.00  kcompactd0
16:31:03        0       197    0.00    0.00    0.00    0.00    0.00     2      0.00      0.00       0       0   0.00      1.00      0.00  kworker/2:2-mm_percpu_wq
16:31:03        0       218    0.00    0.00    0.00    0.00    0.00     1      0.00      0.00       0       0   0.00      6.00      0.00  kworker/1:3-mm_percpu_wq
16:31:03        0       219    0.00    0.00    0.00    0.00    0.00     3      0.00      0.00       0       0   0.00      2.00      0.00  kworker/3:3-mm_percpu_wq
16:31:03        0       240    0.00    0.00    0.00    0.00    0.00     3      0.00      0.00  288968   26944   0.34      1.00      0.00  multipathd
16:31:03        0       257    0.00    0.00    0.00    0.00    0.00     0      0.00      0.00       0       0   0.00      1.00      0.00  kworker/0:1H-kblockd
16:31:03        0       615    0.00    0.00    0.00    0.00    0.00     1      0.00      0.00       0       0   0.00      6.00      0.00  kworker/u16:4-events_power_efficient
16:31:03     1000      1633    0.00    0.00    0.00    0.00    0.00     1      0.00      0.00   32780   22496   0.28      3.00      0.00  python3
16:31:03     1000      1638    0.00    0.00    0.00    0.00    0.00     1      0.00      0.00    9900    3336   0.04      1.00      0.00  vmstat
16:31:03     1000      1639    0.00    0.00    0.00    0.00    0.00     1      4.00      0.00    7712    3764   0.05      1.00      1.00  pidstat
16:31:03     1000      1641   92.00    7.00    0.00    0.00   99.00     0    169.00      0.00   48652   41540   0.52      2.00      3.00  /home/ubuntu/pe
16:31:03     1000      1649    1.00    3.00    0.00    0.00    4.00     3   2906.00      0.00 1750712   16764   0.21      3.00      4.00  hey

# Time        UID       PID    %usr %system  %guest   %wait    %CPU   CPU  minflt/s  majflt/s     VSZ     RSS   %MEM   cswch/s nvcswch/s  Command
16:31:04        0        11    0.00    0.00    0.00    0.00    0.00     0      0.00      0.00       0       0   0.00      5.00      0.00  kworker/0:1-events
16:31:04        0        16    0.00    0.00    0.00    0.00    0.00     1      0.00      0.00       0       0   0.00      2.00      0.00  rcu_sched
16:31:04        0        52    0.00    0.00    0.00    0.00    0.00     1      0.00      0.00       0       0   0.00      2.00      0.00  kcompactd0
16:31:04        0       197    0.00    0.00    0.00    0.00    0.00     2      0.00      0.00       0       0   0.00      1.00      0.00  kworker/2:2-mm_percpu_wq
16:31:04        0       218    0.00    0.00    0.00    0.00    0.00     1      0.00      0.00       0       0   0.00      6.00      0.00  kworker/1:3-events
16:31:04        0       219    0.00    0.00    0.00    0.00    0.00     3      0.00      0.00       0       0   0.00      1.00      0.00  kworker/3:3-mm_percpu_wq
16:31:04        0       240    0.00    0.00    0.00    0.00    0.00     3      0.00      0.00  288968   26944   0.34      1.00      0.00  multipathd
16:31:04        0       615    0.00    0.00    0.00    0.00    0.00     1      0.00      0.00       0       0   0.00     10.00      0.00  kworker/u16:4-events_power_efficient
16:31:04     1000      1638    0.00    0.00    0.00    0.00    0.00     1      0.00      0.00    9900    3336   0.04      1.00      0.00  vmstat
16:31:04     1000      1639    0.00    0.00    0.00    0.00    0.00     1      2.00      0.00    7712    3764   0.05      1.00      0.00  pidstat
16:31:04     1000      1641   91.00    9.00    0.00    0.00  100.00     0      0.00      0.00   48652   41540   0.52      0.00      5.00  /home/ubuntu/pe
16:31:04     1000      1649    3.00    5.00    0.00    0.00    8.00     3   2174.00      0.00 1816316   25340   0.32      0.00      0.00  hey

# Time        UID       PID    %usr %system  %guest   %wait    %CPU   CPU  minflt/s  majflt/s     VSZ     RSS   %MEM   cswch/s nvcswch/s  Command
16:31:05        0        11    0.00    0.00    0.00    0.00    0.00     0      0.00      0.00       0       0   0.00      3.00      0.00  kworker/0:1-mm_percpu_wq
16:31:05        0        16    0.00    0.00    0.00    0.00    0.00     1      0.00      0.00       0       0   0.00     55.00      0.00  rcu_sched
16:31:05        0        25    0.00    0.00    0.00    0.00    0.00     1      0.00      0.00       0       0   0.00      2.00      0.00  migration/1
16:31:05        0        26    0.00    0.00    0.00    0.00    0.00     1      0.00      0.00       0       0   0.00      1.00      0.00  ksoftirqd/1
16:31:05        0        32    0.00    0.00    0.00    0.00    0.00     2      0.00      0.00       0       0   0.00      1.00      0.00  ksoftirqd/2
16:31:05        0        52    0.00    0.00    0.00    0.00    0.00     1      0.00      0.00       0       0   0.00      2.00      0.00  kcompactd0
16:31:05        0       197    0.00    0.00    0.00    0.00    0.00     2      0.00      0.00       0       0   0.00      3.00      0.00  kworker/2:2-mm_percpu_wq
16:31:05        0       218    0.00    0.00    0.00    0.00    0.00     1      0.00      0.00       0       0   0.00      5.00      0.00  kworker/1:3-events
16:31:05        0       219    0.00    0.00    0.00    0.00    0.00     3      0.00      0.00       0       0   0.00      4.00      0.00  kworker/3:3-mm_percpu_wq
16:31:05        0       240    0.00    0.00    0.00    0.00    0.00     3      0.00      0.00  288968   26944   0.34      1.00      0.00  multipathd
16:31:05        0       615    0.00    0.00    0.00    0.00    0.00     1      0.00      0.00       0       0   0.00      7.00      0.00  kworker/u16:4-events_power_efficient
16:31:05     1000      1633    1.00    0.00    0.00    0.00    1.00     1      0.00      0.00   32780   22496   0.28     13.00      0.00  python3
16:31:05     1000      1638    0.00    0.00    0.00    0.00    0.00     1      0.00      0.00    9900    3336   0.04      1.00      0.00  vmstat
16:31:05     1000      1639    0.00    1.00    0.00    0.00    1.00     1      0.00      0.00    7712    3764   0.05      1.00      0.00  pidstat
16:31:05     1000      1657    0.00    0.00    0.00    0.00    0.00     0    144.00      0.00    2704    1464   0.02      1.00      1.00  time
16:31:05     1000      1658   17.00    1.00    0.00    0.00   18.00     0   8185.00      0.00   49072   41848   0.53      7.00      1.00  /home/ubuntu/pa
16:31:05     1000      1659    0.00    1.00    0.00    0.00    1.00     2   1664.00      0.00 1750456   11704   0.15      4.00      3.00  hey

# Time        UID       PID    %usr %system  %guest   %wait    %CPU   CPU  minflt/s  majflt/s     VSZ     RSS   %MEM   cswch/s nvcswch/s  Command
16:31:06        0        11    0.00    0.00    0.00    0.00    0.00     0      0.00      0.00       0       0   0.00      7.00      0.00  kworker/0:1-events
16:31:06        0        19    0.00    0.00    0.00    0.00    0.00     0      0.00      0.00       0       0   0.00      1.00      0.00  migration/0
16:31:06        0        25    0.00    0.00    0.00    0.00    0.00     1      0.00      0.00       0       0   0.00      1.00      0.00  migration/1
16:31:06        0        31    0.00    0.00    0.00    0.00    0.00     2      0.00      0.00       0       0   0.00      1.00      0.00  migration/2
16:31:06        0        37    0.00    0.00    0.00    0.00    0.00     3      0.00      0.00       0       0   0.00      1.00      0.00  migration/3
16:31:06        0        52    0.00    0.00    0.00    0.00    0.00     1      0.00      0.00       0       0   0.00      2.00      0.00  kcompactd0
16:31:06        0       197    0.00    0.00    0.00    0.00    0.00     2      0.00      0.00       0       0   0.00      1.00      0.00  kworker/2:2-mm_percpu_wq
16:31:06        0       218    0.00    0.00    0.00    0.00    0.00     1      0.00      0.00       0       0   0.00      5.00      0.00  kworker/1:3-mm_percpu_wq
16:31:06        0       219    0.00    0.00    0.00    0.00    0.00     3      0.00      0.00       0       0   0.00      1.00      0.00  kworker/3:3-mm_percpu_wq
16:31:06        0       240    0.00    0.00    0.00    0.00    0.00     3      0.00      0.00  288968   26944   0.34      1.00      0.00  multipathd
16:31:06        0       615    0.00    0.00    0.00    0.00    0.00     1      0.00      0.00       0       0   0.00      5.00      0.00  kworker/u16:4-events_power_efficient
16:31:06     1000      1638    0.00    0.00    0.00    0.00    0.00     1      0.00      0.00    9900    3336   0.04      1.00      0.00  vmstat
16:31:06     1000      1639    0.00    0.00    0.00    0.00    0.00     1      4.00      0.00    7712    3764   0.05      1.00      1.00  pidstat
16:31:06     1000      1658   92.00    8.00    0.00    0.00  100.00     0     20.00      0.00   49204   41976   0.53      0.00      8.00  /home/ubuntu/pa
16:31:06     1000      1659    3.00    3.00    0.00    0.00    6.00     2   2201.00      0.00 1816060   20536   0.26      0.00      0.00  hey

# Time        UID       PID    %usr %system  %guest   %wait    %CPU   CPU  minflt/s  majflt/s     VSZ     RSS   %MEM   cswch/s nvcswch/s  Command
16:31:07        0         1    0.00    0.00    0.00    0.00    0.00     1      5.00      0.00   22164   13096   0.17      1.00      0.00  systemd
16:31:07        0        11    0.00    0.00    0.00    0.00    0.00     0      0.00      0.00       0       0   0.00      2.00      0.00  kworker/0:1-mm_percpu_wq
16:31:07        0        16    0.00    0.00    0.00    0.00    0.00     3      0.00      0.00       0       0   0.00     11.00      0.00  rcu_sched
16:31:07        0        25    0.00    0.00    0.00    0.00    0.00     1      0.00      0.00       0       0   0.00      1.00      0.00  migration/1
16:31:07        0        38    0.00    0.00    0.00    0.00    0.00     3      0.00      0.00       0       0   0.00      1.00      0.00  ksoftirqd/3
16:31:07        0        47    0.00    0.00    0.00    0.00    0.00     1      0.00      0.00       0       0   0.00      2.00      0.00  kworker/u16:1-events_power_efficient
16:31:07        0        52    0.00    0.00    0.00    0.00    0.00     1      0.00      0.00       0       0   0.00      2.00      0.00  kcompactd0
16:31:07        0       197    0.00    0.00    0.00    0.00    0.00     2      0.00      0.00       0       0   0.00      2.00      0.00  kworker/2:2-mm_percpu_wq
16:31:07        0       218    0.00    0.00    0.00    0.00    0.00     1      0.00      0.00       0       0   0.00      6.00      0.00  kworker/1:3-mm_percpu_wq
16:31:07        0       219    0.00    0.00    0.00    0.00    0.00     3      0.00      0.00       0       0   0.00      1.00      0.00  kworker/3:3-mm_percpu_wq
16:31:07        0       240    0.00    0.00    0.00    0.00    0.00     3      0.00      0.00  288968   26944   0.34      1.00      0.00  multipathd
16:31:07        0       244    0.00    0.00    0.00    0.00    0.00     3      0.00      0.00   29244    8156   0.10      1.00      0.00  systemd-udevd
16:31:07      991       411    0.00    0.00    0.00    0.00    0.00     3      0.00      0.00   21480   12416   0.16      1.00      0.00  systemd-resolve
16:31:07      998       538    0.00    0.00    0.00    0.00    0.00     2      0.00      0.00   22432    9808   0.12      1.00      0.00  systemd-network
16:31:07        0       589    0.00    0.00    0.00    0.00    0.00     2      0.00      0.00   83064    4620   0.06      1.00      0.00  irqbalance
16:31:07        0       615    0.00    0.00    0.00    0.00    0.00     1      0.00      0.00       0       0   0.00      9.00      0.00  kworker/u16:4-events_power_efficient
16:31:07     1000      1633    0.00    0.00    0.00    0.00    0.00     1      0.00      0.00   32780   22496   0.28      3.00      0.00  python3
16:31:07     1000      1638    0.00    0.00    0.00    0.00    0.00     1      0.00      0.00    9900    3336   0.04      1.00      0.00  vmstat
16:31:07     1000      1639    1.00    1.00    0.00    0.00    2.00     1      0.00      0.00    7712    3764   0.05      1.00      0.00  pidstat
16:31:07     1000      1658   92.00    8.00    0.00    0.00  100.00     0    179.00      0.00   49868   42744   0.54      2.00      2.00  /home/ubuntu/pa
16:31:07     1000      1667    2.00    4.00    0.00    0.00    6.00     3   3623.00      0.00 1816316   19752   0.25      4.00      3.00  hey

# Time        UID       PID    %usr %system  %guest   %wait    %CPU   CPU  minflt/s  majflt/s     VSZ     RSS   %MEM   cswch/s nvcswch/s  Command
16:31:08        0        11    0.00    0.00    0.00    0.00    0.00     0      0.00      0.00       0       0   0.00      5.00      0.00  kworker/0:1-events
16:31:08        0        16    0.00    0.00    0.00    0.00    0.00     3      0.00      0.00       0       0   0.00      2.00      0.00  rcu_sched
16:31:08        0        46    0.00    0.00    0.00    0.00    0.00     2      0.00      0.00       0       0   0.00      1.00      0.00  khungtaskd
16:31:08        0        52    0.00    0.00    0.00    0.00    0.00     1      0.00      0.00       0       0   0.00      2.00      0.00  kcompactd0
16:31:08        0       197    0.00    0.00    0.00    0.00    0.00     2      0.00      0.00       0       0   0.00      1.00      0.00  kworker/2:2-mm_percpu_wq
16:31:08        0       218    0.00    0.00    0.00    0.00    0.00     1      0.00      0.00       0       0   0.00      6.00      0.00  kworker/1:3-mm_percpu_wq
16:31:08        0       219    0.00    0.00    0.00    0.00    0.00     3      0.00      0.00       0       0   0.00      1.00      0.00  kworker/3:3-mm_percpu_wq
16:31:08        0       240    0.00    0.00    0.00    0.00    0.00     3      0.00      0.00  288968   26944   0.34      1.00      0.00  multipathd
16:31:08        0       615    0.00    0.00    0.00    0.00    0.00     2      0.00      0.00       0       0   0.00      6.00      0.00  kworker/u16:4-ipv6_addrconf
16:31:08     1000      1638    0.00    0.00    0.00    0.00    0.00     1      0.00      0.00    9900    3336   0.04      1.00      0.00  vmstat
16:31:08     1000      1639    0.00    0.00    0.00    0.00    0.00     1      0.00      0.00    7712    3764   0.05      1.00      1.00  pidstat
16:31:08     1000      1658   93.00    7.00    0.00    0.00  100.00     0      0.00      0.00   49868   42744   0.54      0.00      5.00  /home/ubuntu/pa
16:31:08     1000      1667    2.00    5.00    0.00    0.00    7.00     3   2161.00      0.00 1816316   28328   0.36      0.00      0.00  hey

# Time        UID       PID    %usr %system  %guest   %wait    %CPU   CPU  minflt/s  majflt/s     VSZ     RSS   %MEM   cswch/s nvcswch/s  Command
16:31:09        0        11    0.00    0.00    0.00    0.00    0.00     0      0.00      0.00       0       0   0.00      3.00      0.00  kworker/0:1-mm_percpu_wq
16:31:09        0        16    0.00    0.00    0.00    0.00    0.00     1      0.00      0.00       0       0   0.00     64.00      0.00  rcu_sched
16:31:09        0        25    0.00    0.00    0.00    0.00    0.00     1      0.00      0.00       0       0   0.00      2.00      0.00  migration/1
16:31:09        0        26    0.00    0.00    0.00    0.00    0.00     1      0.00      0.00       0       0   0.00      1.00      0.00  ksoftirqd/1
16:31:09        0        32    0.00    0.00    0.00    0.00    0.00     2      0.00      0.00       0       0   0.00      1.00      0.00  ksoftirqd/2
16:31:09        0        47    0.00    0.00    0.00    0.00    0.00     3      0.00      0.00       0       0   0.00      8.00      0.00  kworker/u16:1-events_power_efficient
16:31:09        0        52    0.00    0.00    0.00    0.00    0.00     1      0.00      0.00       0       0   0.00      2.00      0.00  kcompactd0
16:31:09        0       197    0.00    0.00    0.00    0.00    0.00     2      0.00      0.00       0       0   0.00      6.00      0.00  kworker/2:2-mm_percpu_wq
16:31:09        0       218    0.00    0.00    0.00    0.00    0.00     1      0.00      0.00       0       0   0.00      2.00      0.00  kworker/1:3-mm_percpu_wq
16:31:09        0       219    0.00    0.00    0.00    0.00    0.00     3      0.00      0.00       0       0   0.00      6.00      0.00  kworker/3:3-events
16:31:09        0       240    0.00    0.00    0.00    0.00    0.00     3      0.00      0.00  288968   26944   0.34      1.00      0.00  multipathd
16:31:09        0       615    0.00    0.00    0.00    0.00    0.00     2      0.00      0.00       0       0   0.00      3.00      0.00  kworker/u16:4-events_power_efficient
16:31:09     1000      1633    0.00    1.00    0.00    0.00    1.00     1      1.00      0.00   32780   22496   0.28     13.00      0.00  python3
16:31:09     1000      1638    0.00    0.00    0.00    0.00    0.00     1      0.00      0.00    9900    3336   0.04      1.00      0.00  vmstat
16:31:09     1000      1639    0.00    1.00    0.00    0.00    1.00     1      0.00      0.00    7712    3764   0.05      1.00      0.00  pidstat
16:31:09     1000      1675    0.00    0.00    0.00    0.00    0.00     0    143.00      0.00    2704    1464   0.02      1.00      1.00  time
16:31:09     1000      1676   35.00    8.00    0.00    0.00   43.00     0   9316.00      0.00   52644   45524   0.58      7.00      1.00  /home/ubuntu/pa
16:31:09     1000      1677    3.00    5.00    0.00    0.00    8.00     3   4152.00      0.00 1816316   21800   0.28      3.00      4.00  hey

# Time        UID       PID    %usr %system  %guest   %wait    %CPU   CPU  minflt/s  majflt/s     VSZ     RSS   %MEM   cswch/s nvcswch/s  Command
16:31:10        0        11    0.00    0.00    0.00    0.00    0.00     0      0.00      0.00       0       0   0.00      6.00      0.00  kworker/0:1-events
16:31:10        0        16    0.00    0.00    0.00    0.00    0.00     1      0.00      0.00       0       0   0.00     12.00      0.00  rcu_sched
16:31:10        0        19    0.00    0.00    0.00    0.00    0.00     0      0.00      0.00       0       0   0.00      1.00      0.00  migration/0
16:31:10        0        25    0.00    0.00    0.00    0.00    0.00     1      0.00      0.00       0       0   0.00      2.00      0.00  migration/1
16:31:10        0        26    0.00    0.00    0.00    0.00    0.00     1      0.00      0.00       0       0   0.00      1.00      0.00  ksoftirqd/1
16:31:10        0        31    0.00    0.00    0.00    0.00    0.00     2      0.00      0.00       0       0   0.00      1.00      0.00  migration/2
16:31:10        0        37    0.00    0.00    0.00    0.00    0.00     3      0.00      0.00       0       0   0.00      1.00      0.00  migration/3
16:31:10        0        47    0.00    0.00    0.00    0.00    0.00     1      0.00      0.00       0       0   0.00      5.00      0.00  kworker/u16:1-events_power_efficient
16:31:10        0        52    0.00    0.00    0.00    0.00    0.00     1      0.00      0.00       0       0   0.00      2.00      0.00  kcompactd0
16:31:10        0       197    0.00    0.00    0.00    0.00    0.00     2      0.00      0.00       0       0   0.00      2.00      0.00  kworker/2:2-mm_percpu_wq
16:31:10        0       218    0.00    0.00    0.00    0.00    0.00     1      0.00      0.00       0       0   0.00      4.00      0.00  kworker/1:3-events
16:31:10        0       219    0.00    0.00    0.00    0.00    0.00     3      0.00      0.00       0       0   0.00      6.00      0.00  kworker/3:3-mm_percpu_wq
16:31:10        0       240    0.00    0.00    0.00    0.00    0.00     3      0.00      0.00  288968   26944   0.34      1.00      0.00  multipathd
16:31:10        0       839    0.00    0.00    0.00    0.00    0.00     1      0.00      0.00       0       0   0.00      1.00      0.00  kworker/1:1H-kblockd
16:31:10     1000      1633    0.00    0.00    0.00    0.00    0.00     1      0.00      0.00   32780   22496   0.28      3.00      0.00  python3
16:31:10     1000      1638    0.00    0.00    0.00    0.00    0.00     1      0.00      0.00    9900    3336   0.04      1.00      0.00  vmstat
16:31:10     1000      1639    0.00    0.00    0.00    0.00    0.00     1      0.00      0.00    7712    3764   0.05      1.00      0.00  pidstat
16:31:10     1000      1676   83.00   16.00    0.00    0.00   99.00     0   1443.00      0.00   56212   48936   0.62      2.00      7.00  /home/ubuntu/pa
16:31:10     1000      1685    2.00    5.00    0.00    0.00    7.00     3   4023.00      0.00 1742584   21288   0.27      4.00      3.00  hey

# Time        UID       PID    %usr %system  %guest   %wait    %CPU   CPU  minflt/s  majflt/s     VSZ     RSS   %MEM   cswch/s nvcswch/s  Command
16:31:11        0        11    0.00    0.00    0.00    0.00    0.00     0      0.00      0.00       0       0   0.00      2.00      0.00  kworker/0:1-mm_percpu_wq
16:31:11        0        26    0.00    0.00    0.00    0.00    0.00     1      0.00      0.00       0       0   0.00      1.00      0.00  ksoftirqd/1
16:31:11        0        47    0.00    0.00    0.00    0.00    0.00     1      0.00      0.00       0       0   0.00      5.00      0.00  kworker/u16:1-events_power_efficient
16:31:11        0        52    0.00    0.00    0.00    0.00    0.00     1      0.00      0.00       0       0   0.00      2.00      0.00  kcompactd0
16:31:11        0       197    0.00    0.00    0.00    0.00    0.00     2      0.00      0.00       0       0   0.00      1.00      0.00  kworker/2:2-mm_percpu_wq
16:31:11        0       218    0.00    0.00    0.00    0.00    0.00     1      0.00      0.00       0       0   0.00      5.00      0.00  kworker/1:3-mm_percpu_wq
16:31:11        0       219    0.00    0.00    0.00    0.00    0.00     3      0.00      0.00       0       0   0.00      1.00      0.00  kworker/3:3-mm_percpu_wq
16:31:11        0       240    0.00    0.00    0.00    0.00    0.00     3      0.00      0.00  288968   26944   0.34      1.00      0.00  multipathd
16:31:11     1000      1638    0.00    0.00    0.00    0.00    0.00     1      0.00      0.00    9900    3336   0.04      1.00      0.00  vmstat
16:31:11     1000      1639    0.00    1.00    0.00    0.00    1.00     1      0.00      0.00    7712    3764   0.05      1.00      0.00  pidstat
16:31:11     1000      1676   84.00   16.00    0.00    0.00  100.00     0     14.00      0.00   56212   49064   0.62      0.00      2.00  /home/ubuntu/pa
16:31:11     1000      1685    8.00   19.00    0.00    0.00   27.00     3   9163.00      0.00 1742840   57640   0.73      0.00      0.00  hey

# Time        UID       PID    %usr %system  %guest   %wait    %CPU   CPU  minflt/s  majflt/s     VSZ     RSS   %MEM   cswch/s nvcswch/s  Command
16:31:12        0         1    0.00    0.00    0.00    0.00    0.00     2     57.00      0.00   22164   13096   0.17     48.00      1.00  systemd
16:31:12        0        11    0.00    0.00    0.00    0.00    0.00     0      0.00      0.00       0       0   0.00      8.00      0.00  kworker/0:1-events
16:31:12        0        16    0.00    0.00    0.00    0.00    0.00     2      0.00      0.00       0       0   0.00     79.00      0.00  rcu_sched
16:31:12        0        26    0.00    0.00    0.00    0.00    0.00     1      0.00      0.00       0       0   0.00      2.00      0.00  ksoftirqd/1
16:31:12        0        32    0.00    0.00    0.00    0.00    0.00     2      0.00      0.00       0       0   0.00      6.00      0.00  ksoftirqd/2
16:31:12        0        37    0.00    0.00    0.00    0.00    0.00     3      0.00      0.00       0       0   0.00      1.00      0.00  migration/3
16:31:12        0        38    0.00    0.00    0.00    0.00    0.00     3      0.00      0.00       0       0   0.00      1.00      0.00  ksoftirqd/3
16:31:12        0        47    0.00    0.00    0.00    0.00    0.00     1      0.00      0.00       0       0   0.00      4.00      0.00  kworker/u16:1-events_power_efficient
16:31:12        0        52    0.00    0.00    0.00    0.00    0.00     1      0.00      0.00       0       0   0.00      2.00      0.00  kcompactd0
16:31:12        0       177    0.00    0.00    0.00    0.00    0.00     0     17.00      0.00   50528   17452   0.22      6.00      0.00  systemd-journal
16:31:12        0       197    0.00    0.00    0.00    0.00    0.00     2      0.00      0.00       0       0   0.00     18.00      0.00  kworker/2:2-events
16:31:12        0       218    0.00    0.00    0.00    0.00    0.00     1      0.00      0.00       0       0   0.00      5.00      0.00  kworker/1:3-events
16:31:12        0       219    0.00    0.00    0.00    0.00    0.00     3      0.00      0.00       0       0   0.00      6.00      0.00  kworker/3:3-events
16:31:12        0       240    0.00    0.00    0.00    0.00    0.00     3      0.00      0.00  288968   26944   0.34      1.00      0.00  multipathd
16:31:12      101       582    0.00    0.00    0.00    0.00    0.00     2      0.00      0.00    9820    5356   0.07     12.00      0.00  dbus-daemon
16:31:12      989       592    0.00    0.00    0.00    0.00    0.00     3      0.00      0.00  383684    9832   0.12      6.00      0.00  polkitd
16:31:12        0       602    0.00    0.00    0.00    0.00    0.00     1      0.00      0.00   18172    8764   0.11      7.00      0.00  systemd-logind
16:31:12        0       605    0.00    0.00    0.00    0.00    0.00     3      0.00      0.00  468960   13384   0.17      2.00      0.00  udisksd
16:31:12        0       615    0.00    0.00    0.00    0.00    0.00     2      0.00      0.00       0       0   0.00      6.00      0.00  kworker/u16:4-events_power_efficient
16:31:12        0       761    0.00    0.00    0.00    0.00    0.00     3      0.00      0.00  318164   12508   0.16      5.00      0.00  ModemManager
16:31:12        0       933    0.00    0.00    0.00    0.00    0.00     2     21.00      0.00   12032    8080   0.10      3.00      0.00  sshd
16:31:12     1000      1633    0.00    0.00    0.00    0.00    0.00     1      0.00      0.00   32780   22496   0.28      3.00      0.00  python3
16:31:12     1000      1638    0.00    0.00    0.00    0.00    0.00     1      0.00      0.00    9900    3336   0.04      1.00      0.00  vmstat
16:31:12     1000      1639    0.00    0.00    0.00    0.00    0.00     1      0.00      0.00    7712    3764   0.05      1.00      0.00  pidstat
16:31:12        0      1693    0.00    0.00    0.00    0.00    0.00     2    866.00      0.00   14716   10412   0.13     30.00      0.00  sshd
16:31:12     1000      1753    0.00    0.00    0.00    0.00    0.00     1    351.00      0.00   14972    7284   0.09      9.00      0.00  sshd

# Time        UID       PID    %usr %system  %guest   %wait    %CPU   CPU  minflt/s  majflt/s     VSZ     RSS   %MEM   cswch/s nvcswch/s  Command
16:31:13        0         1    0.00    0.00    0.00    0.00    0.00     1      1.00      0.00   22164   13096   0.17      4.00      1.00  systemd
16:31:13        0        11    0.00    0.00    0.00    0.00    0.00     0      0.00      0.00       0       0   0.00      5.00      0.00  kworker/0:1-mm_percpu_wq
16:31:13        0        16    0.00    0.00    0.00    0.00    0.00     2      0.00      0.00       0       0   0.00     37.00      0.00  rcu_sched
16:31:13        0        25    0.00    0.00    0.00    0.00    0.00     1      0.00      0.00       0       0   0.00      2.00      0.00  migration/1
16:31:13        0        26    0.00    0.00    0.00    0.00    0.00     1      0.00      0.00       0       0   0.00      2.00      0.00  ksoftirqd/1
16:31:13        0        32    0.00    0.00    0.00    0.00    0.00     2      0.00      0.00       0       0   0.00      1.00      0.00  ksoftirqd/2
16:31:13        0        47    0.00    0.00    0.00    0.00    0.00     2      0.00      0.00       0       0   0.00      2.00      0.00  kworker/u16:1-events_power_efficient
16:31:13        0        52    0.00    0.00    0.00    0.00    0.00     1      0.00      0.00       0       0   0.00      2.00      0.00  kcompactd0
16:31:13        0       177    0.00    0.00    0.00    0.00    0.00     1     20.00      0.00   50528   17452   0.22      6.00      0.00  systemd-journal
16:31:13        0       197    0.00    0.00    0.00    0.00    0.00     2      0.00      0.00       0       0   0.00      6.00      0.00  kworker/2:2-events
16:31:13        0       218    0.00    0.00    0.00    0.00    0.00     1      0.00      0.00       0       0   0.00     10.00      0.00  kworker/1:3-mm_percpu_wq
16:31:13        0       219    0.00    0.00    0.00    0.00    0.00     3      0.00      0.00       0       0   0.00      2.00      0.00  kworker/3:3-mm_percpu_wq
16:31:13        0       240    0.00    0.00    0.00    0.00    0.00     3      0.00      0.00  288968   26944   0.34      1.00      0.00  multipathd
16:31:13      101       582    0.00    0.00    0.00    0.00    0.00     3      0.00      0.00    9820    5356   0.07     15.00      0.00  dbus-daemon
16:31:13      989       592    0.00    0.00    0.00    0.00    0.00     0      0.00      0.00  383684    9832   0.12      7.00      0.00  polkitd
16:31:13        0       602    0.00    0.00    0.00    0.00    0.00     2      0.00      0.00   18172    8764   0.11     11.00      0.00  systemd-logind
16:31:13        0       605    0.00    0.00    0.00    0.00    0.00     0      0.00      0.00  468960   13384   0.17      4.00      0.00  udisksd
16:31:13        0       615    0.00    0.00    0.00    0.00    0.00     1      0.00      0.00       0       0   0.00      9.00      0.00  kworker/u16:4-events_power_efficient
16:31:13        0       761    0.00    0.00    0.00    0.00    0.00     0      0.00      0.00  318164   12508   0.16      6.00      0.00  ModemManager
16:31:13        0       933    0.00    0.00    0.00    0.00    0.00     1      0.00      0.00   12032    8080   0.10      1.00      0.00  sshd
16:31:13     1000      1633    1.00    0.00    0.00    0.00    1.00     1      0.00      0.00   32780   22496   0.28     15.00      0.00  python3
16:31:13     1000      1638    0.00    0.00    0.00    0.00    0.00     1      0.00      0.00    9900    3336   0.04      1.00      0.00  vmstat
16:31:13     1000      1639    0.00    1.00    0.00    0.00    1.00     1      0.00      0.00    7712    3764   0.05      1.00      0.00  pidstat
16:31:13     1000      1757    0.00    0.00    0.00    0.00    0.00     0    143.00      0.00    2704    1464   0.02      1.00      1.00  time
16:31:13     1000      1758   61.00   20.00    0.00    0.00   81.00     0   8149.00      0.00   48888   41864   0.53      5.00      2.00  /home/ubuntu/pe
16:31:13     1000      1759   14.00   22.00    0.00    0.00   36.00     2   5376.00      0.00 1816380   25204   0.32      4.00      4.00  hey

# Time        UID       PID    %usr %system  %guest   %wait    %CPU   CPU  minflt/s  majflt/s     VSZ     RSS   %MEM   cswch/s nvcswch/s  Command
16:31:14        0        11    0.00    0.00    0.00    0.00    0.00     0      0.00      0.00       0       0   0.00      6.00      0.00  kworker/0:1-events
16:31:14        0        16    0.00    0.00    0.00    0.00    0.00     1      0.00      0.00       0       0   0.00     10.00      0.00  rcu_sched
16:31:14        0        19    0.00    0.00    0.00    0.00    0.00     0      0.00      0.00       0       0   0.00      1.00      0.00  migration/0
16:31:14        0        25    0.00    0.00    0.00    0.00    0.00     1      0.00      0.00       0       0   0.00      2.00      0.00  migration/1
16:31:14        0        31    0.00    0.00    0.00    0.00    0.00     2      0.00      0.00       0       0   0.00      1.00      0.00  migration/2
16:31:14        0        32    0.00    0.00    0.00    0.00    0.00     2      0.00      0.00       0       0   0.00      1.00      0.00  ksoftirqd/2
16:31:14        0        37    0.00    0.00    0.00    0.00    0.00     3      0.00      0.00       0       0   0.00      1.00      0.00  migration/3
16:31:14        0        47    0.00    0.00    0.00    0.00    0.00     1      0.00      0.00       0       0   0.00     22.00      0.00  kworker/u16:1-flush-259:0
16:31:14        0        52    0.00    0.00    0.00    0.00    0.00     1      0.00      0.00       0       0   0.00      2.00      0.00  kcompactd0
16:31:14        0       197    0.00    0.00    0.00    0.00    0.00     2      0.00      0.00       0       0   0.00      8.00      0.00  kworker/2:2-events
16:31:14        0       218    0.00    0.00    0.00    0.00    0.00     1      0.00      0.00       0       0   0.00      5.00      0.00  kworker/1:3-events
16:31:14        0       219    0.00    0.00    0.00    0.00    0.00     3      0.00      0.00       0       0   0.00      6.00      0.00  kworker/3:3-mm_percpu_wq
16:31:14        0       240    0.00    0.00    0.00    0.00    0.00     3      0.00      0.00  288968   26944   0.34      1.00      0.00  multipathd
16:31:14        0       257    0.00    0.00    0.00    0.00    0.00     0      0.00      0.00       0       0   0.00      8.00      0.00  kworker/0:1H-kblockd
16:31:14        0       839    0.00    0.00    0.00    0.00    0.00     1      0.00      0.00       0       0   0.00      8.00      0.00  kworker/1:1H-kblockd
16:31:14     1000      1633    0.00    0.00    0.00    0.00    0.00     1      0.00      0.00   32780   22496   0.28      3.00      0.00  python3
16:31:14     1000      1638    0.00    0.00    0.00    0.00    0.00     1      0.00      0.00    9900    3336   0.04      1.00      0.00  vmstat
16:31:14     1000      1639    0.00    0.00    0.00    0.00    0.00     1      0.00      0.00    7712    3764   0.05      1.00      0.00  pidstat
16:31:14     1000      1758   76.00   24.00    0.00    0.00  100.00     0     49.00      0.00   49036   42120   0.53      2.00     15.00  /home/ubuntu/pe
16:31:14     1000      1767   16.00   20.00    0.00    0.00   36.00     3   5287.00      0.00 1816316   24692   0.31      3.00      3.00  hey

# Time        UID       PID    %usr %system  %guest   %wait    %CPU   CPU  minflt/s  majflt/s     VSZ     RSS   %MEM   cswch/s nvcswch/s  Command
16:31:15        0        11    0.00    0.00    0.00    0.00    0.00     0      0.00      0.00       0       0   0.00      2.00      0.00  kworker/0:1-mm_percpu_wq
16:31:15        0        47    0.00    0.00    0.00    0.00    0.00     1      0.00      0.00       0       0   0.00      7.00      0.00  kworker/u16:1-events_power_efficient
16:31:15        0        52    0.00    0.00    0.00    0.00    0.00     1      0.00      0.00       0       0   0.00      2.00      0.00  kcompactd0
16:31:15        0       197    0.00    0.00    0.00    0.00    0.00     2      0.00      0.00       0       0   0.00      1.00      0.00  kworker/2:2-mm_percpu_wq
16:31:15        0       218    0.00    0.00    0.00    0.00    0.00     1      0.00      0.00       0       0   0.00      6.00      0.00  kworker/1:3-events
16:31:15        0       219    0.00    0.00    0.00    0.00    0.00     3      0.00      0.00       0       0   0.00      2.00      0.00  kworker/3:3-mm_percpu_wq
16:31:15        0       240    0.00    0.00    0.00    0.00    0.00     3      0.00      0.00  288968   26944   0.34      1.00      0.00  multipathd
16:31:15     1000      1638    0.00    0.00    0.00    0.00    0.00     1      0.00      0.00    9900    3336   0.04      1.00      0.00  vmstat
16:31:15     1000      1639    1.00    0.00    0.00    0.00    1.00     1      0.00      0.00    7712    3764   0.05      1.00      0.00  pidstat
16:31:15     1000      1758   76.00   24.00    0.00    0.00  100.00     0      0.00      0.00   49036   42120   0.53      0.00      2.00  /home/ubuntu/pe
16:31:15     1000      1767   20.00   35.00    0.00    0.00   55.00     3   6081.00      0.00 1816956   46836   0.59      0.00      0.00  hey

# Time        UID       PID    %usr %system  %guest   %wait    %CPU   CPU  minflt/s  majflt/s     VSZ     RSS   %MEM   cswch/s nvcswch/s  Command
16:31:16        0        11    0.00    0.00    0.00    0.00    0.00     0      0.00      0.00       0       0   0.00      5.00      0.00  kworker/0:1-events
16:31:16        0        16    0.00    0.00    0.00    0.00    0.00     1      0.00      0.00       0       0   0.00     53.00      0.00  rcu_sched
16:31:16        0        25    0.00    0.00    0.00    0.00    0.00     1      0.00      0.00       0       0   0.00      2.00      0.00  migration/1
16:31:16        0        47    0.00    0.00    0.00    0.00    0.00     1      0.00      0.00       0       0   0.00      5.00      0.00  kworker/u16:1-events_power_efficient
16:31:16        0        52    0.00    0.00    0.00    0.00    0.00     1      0.00      0.00       0       0   0.00      2.00      0.00  kcompactd0
16:31:16        0       136    0.00    0.00    0.00    0.00    0.00     2      0.00      0.00       0       0   0.00      3.00      0.00  jbd2/nvme0n1p1-8
16:31:16        0       197    0.00    0.00    0.00    0.00    0.00     2      0.00      0.00       0       0   0.00      4.00      0.00  kworker/2:2-mm_percpu_wq
16:31:16        0       218    0.00    0.00    0.00    0.00    0.00     1      0.00      0.00       0       0   0.00      7.00      0.00  kworker/1:3-events
16:31:16        0       219    0.00    0.00    0.00    0.00    0.00     3      0.00      0.00       0       0   0.00      3.00      0.00  kworker/3:3-mm_percpu_wq
16:31:16        0       240    0.00    0.00    0.00    0.00    0.00     3      0.00      0.00  288968   26944   0.34      1.00      0.00  multipathd
16:31:16      110       702    0.00    0.00    0.00    0.00    0.00     1      0.00      0.00   19416    3760   0.05      2.00      0.00  chronyd
16:31:16     1000      1633    0.00    0.00    0.00    0.00    0.00     1      0.00      0.00   32780   22496   0.28     19.00      0.00  python3
16:31:16     1000      1638    0.00    0.00    0.00    0.00    0.00     1      0.00      0.00    9900    3336   0.04      1.00      0.00  vmstat
16:31:16     1000      1639    0.00    1.00    0.00    0.00    1.00     1      0.00      0.00    7712    3764   0.05      1.00      0.00  pidstat
16:31:16     1000      1775    0.00    0.00    0.00    0.00    0.00     0    145.00      0.00    2704    1528   0.02      1.00      1.00  time
16:31:16     1000      1776   19.00    5.00    0.00    0.00   24.00     0   8396.00      0.00   50104   42596   0.54      5.00      2.00  /home/ubuntu/pa
16:31:16     1000      1777    2.00    2.00    0.00    0.00    4.00     2   1845.00      0.00 1750456   12404   0.16      5.00      3.00  hey

# Time        UID       PID    %usr %system  %guest   %wait    %CPU   CPU  minflt/s  majflt/s     VSZ     RSS   %MEM   cswch/s nvcswch/s  Command
16:31:17        0        11    0.00    0.00    0.00    0.00    0.00     0      0.00      0.00       0       0   0.00      2.00      0.00  kworker/0:1-mm_percpu_wq
16:31:17        0        16    0.00    0.00    0.00    0.00    0.00     1      0.00      0.00       0       0   0.00     10.00      0.00  rcu_sched
16:31:17        0        25    0.00    0.00    0.00    0.00    0.00     1      0.00      0.00       0       0   0.00      1.00      0.00  migration/1
16:31:17        0        26    0.00    0.00    0.00    0.00    0.00     1      0.00      0.00       0       0   0.00      2.00      0.00  ksoftirqd/1
16:31:17        0        32    0.00    0.00    0.00    0.00    0.00     2      0.00      0.00       0       0   0.00      1.00      0.00  ksoftirqd/2
16:31:17        0        47    0.00    0.00    0.00    0.00    0.00     2      0.00      0.00       0       0   0.00      6.00      0.00  kworker/u16:1-events_power_efficient
16:31:17        0        52    0.00    0.00    0.00    0.00    0.00     1      0.00      0.00       0       0   0.00      2.00      0.00  kcompactd0
16:31:17        0       197    0.00    0.00    0.00    0.00    0.00     2      0.00      0.00       0       0   0.00      6.00      0.00  kworker/2:2-events
16:31:17        0       218    0.00    0.00    0.00    0.00    0.00     1      0.00      0.00       0       0   0.00      3.00      0.00  kworker/1:3-mm_percpu_wq
16:31:17        0       219    0.00    0.00    0.00    0.00    0.00     3      0.00      0.00       0       0   0.00      2.00      0.00  kworker/3:3-events
16:31:17        0       240    0.00    0.00    0.00    0.00    0.00     3      0.00      0.00  288968   26944   0.34      2.00      0.00  multipathd
16:31:17        0       589    0.00    0.00    0.00    0.00    0.00     1      0.00      0.00   83064    4620   0.06      1.00      0.00  irqbalance
16:31:17        0       615    0.00    0.00    0.00    0.00    0.00     3      0.00      0.00       0       0   0.00      6.00      0.00  kworker/u16:4-events_unbound
16:31:17     1000      1633    0.00    0.00    0.00    0.00    0.00     1      0.00      0.00   32780   22496   0.28      3.00      0.00  python3
16:31:17     1000      1638    0.00    0.00    0.00    0.00    0.00     1      0.00      0.00    9900    3336   0.04      1.00      0.00  vmstat
16:31:17     1000      1639    0.00    0.00    0.00    0.00    0.00     1      0.00      0.00    7712    3764   0.05      1.00      0.00  pidstat
16:31:17     1000      1776   75.00   23.00    0.00    0.00   98.00     0     64.00      0.00   50296   42852   0.54      2.00      2.00  /home/ubuntu/pa
16:31:17     1000      1785    1.00    2.00    0.00    0.00    3.00     3   1791.00      0.00 1750712   11976   0.15      3.00      3.00  hey

# Time        UID       PID    %usr %system  %guest   %wait    %CPU   CPU  minflt/s  majflt/s     VSZ     RSS   %MEM   cswch/s nvcswch/s  Command
16:31:18        0        11    0.00    0.00    0.00    0.00    0.00     0      0.00      0.00       0       0   0.00      4.00      0.00  kworker/0:1-events
16:31:18        0        19    0.00    0.00    0.00    0.00    0.00     0      0.00      0.00       0       0   0.00      1.00      0.00  migration/0
16:31:18        0        25    0.00    0.00    0.00    0.00    0.00     1      0.00      0.00       0       0   0.00      1.00      0.00  migration/1
16:31:18        0        31    0.00    0.00    0.00    0.00    0.00     2      0.00      0.00       0       0   0.00      1.00      0.00  migration/2
16:31:18        0        37    0.00    0.00    0.00    0.00    0.00     3      0.00      0.00       0       0   0.00      1.00      0.00  migration/3
16:31:18        0        47    0.00    0.00    0.00    0.00    0.00     2      0.00      0.00       0       0   0.00      1.00      0.00  kworker/u16:1-events_power_efficient
16:31:18        0        52    0.00    0.00    0.00    0.00    0.00     1      0.00      0.00       0       0   0.00      2.00      0.00  kcompactd0
16:31:18        0       197    0.00    0.00    0.00    0.00    0.00     2      0.00      0.00       0       0   0.00      2.00      0.00  kworker/2:2-mm_percpu_wq
16:31:18        0       218    0.00    0.00    0.00    0.00    0.00     1      0.00      0.00       0       0   0.00      6.00      0.00  kworker/1:3-events
16:31:18        0       219    0.00    0.00    0.00    0.00    0.00     3      0.00      0.00       0       0   0.00      4.00      0.00  kworker/3:3-mm_percpu_wq
16:31:18        0       240    0.00    0.00    0.00    0.00    0.00     3      0.00      0.00  288968   26944   0.34      1.00      0.00  multipathd
16:31:18        0       615    0.00    0.00    0.00    0.00    0.00     1      0.00      0.00       0       0   0.00      7.00      0.00  kworker/u16:4-events_power_efficient
16:31:18     1000      1638    0.00    0.00    0.00    0.00    0.00     1      0.00      0.00    9900    3336   0.04      1.00      0.00  vmstat
16:31:18     1000      1639    0.00    1.00    0.00    0.00    1.00     1      0.00      0.00    7712    3764   0.05      1.00      0.00  pidstat
16:31:18     1000      1776   76.00   24.00    0.00    0.00  100.00     0      0.00      0.00   50296   42852   0.54      0.00      5.00  /home/ubuntu/pa
16:31:18     1000      1785   18.00   30.00    0.00    0.00   48.00     3   6212.00      0.00 1816636   34504   0.44      0.00      0.00  hey

# Time        UID       PID    %usr %system  %guest   %wait    %CPU   CPU  minflt/s  majflt/s     VSZ     RSS   %MEM   cswch/s nvcswch/s  Command
16:31:19        0        11    0.00    0.00    0.00    0.00    0.00     0      0.00      0.00       0       0   0.00      3.00      0.00  kworker/0:1-events
16:31:19        0        16    0.00    0.00    0.00    0.00    0.00     2      0.00      0.00       0       0   0.00     19.00      0.00  rcu_sched
16:31:19        0        38    0.00    0.00    0.00    0.00    0.00     3      0.00      0.00       0       0   0.00      1.00      0.00  ksoftirqd/3
16:31:19        0        52    0.00    0.00    0.00    0.00    0.00     1      0.00      0.00       0       0   0.00      2.00      0.00  kcompactd0
16:31:19        0       161    0.00    0.00    0.00    0.00    0.00     2      0.00      0.00       0       0   0.00      1.00      0.00  kworker/2:1H-kblockd
16:31:19        0       197    0.00    0.00    0.00    0.00    0.00     2      0.00      0.00       0       0   0.00      2.00      0.00  kworker/2:2-events
16:31:19        0       218    0.00    0.00    0.00    0.00    0.00     1      0.00      0.00       0       0   0.00      6.00      0.00  kworker/1:3-events
16:31:19        0       219    0.00    0.00    0.00    0.00    0.00     3      0.00      0.00       0       0   0.00      3.00      0.00  kworker/3:3-events
16:31:19        0       240    0.00    0.00    0.00    0.00    0.00     3      0.00      0.00  288968   26944   0.34      1.00      0.00  multipathd
16:31:19        0       615    0.00    0.00    0.00    0.00    0.00     1      0.00      0.00       0       0   0.00      6.00      0.00  kworker/u16:4-events_power_efficient
16:31:19     1000      1633    1.00    0.00    0.00    0.00    1.00     1      0.00      0.00   32780   22496   0.28      3.00      0.00  python3
16:31:19     1000      1638    0.00    0.00    0.00    0.00    0.00     1      0.00      0.00    9900    3336   0.04      1.00      0.00  vmstat
16:31:19     1000      1639    0.00    0.00    0.00    0.00    0.00     1      0.00      0.00    7712    3764   0.05      1.00      0.00  pidstat

# Time        UID       PID    %usr %system  %guest   %wait    %CPU   CPU  minflt/s  majflt/s     VSZ     RSS   %MEM   cswch/s nvcswch/s  Command
16:31:20        0        11    0.00    0.00    0.00    0.00    0.00     0      0.00      0.00       0       0   0.00      3.00      0.00  kworker/0:1-events
16:31:20        0        16    0.00    0.00    0.00    0.00    0.00     1      0.00      0.00       0       0   0.00     43.00      0.00  rcu_sched
16:31:20        0        25    0.00    0.00    0.00    0.00    0.00     1      0.00      0.00       0       0   0.00      2.00      0.00  migration/1
16:31:20        0        52    0.00    0.00    0.00    0.00    0.00     1      0.00      0.00       0       0   0.00      2.00      0.00  kcompactd0
16:31:20        0       197    0.00    0.00    0.00    0.00    0.00     2      0.00      0.00       0       0   0.00      1.00      0.00  kworker/2:2-mm_percpu_wq
16:31:20        0       218    0.00    0.00    0.00    0.00    0.00     1      0.00      0.00       0       0   0.00      7.00      0.00  kworker/1:3-events
16:31:20        0       219    0.00    0.00    0.00    0.00    0.00     3      0.00      0.00       0       0   0.00      1.00      0.00  kworker/3:3-mm_percpu_wq
16:31:20        0       240    0.00    0.00    0.00    0.00    0.00     3      0.00      0.00  288968   26944   0.34      1.00      0.00  multipathd
16:31:20        0       257    0.00    0.00    0.00    0.00    0.00     0      0.00      0.00       0       0   0.00      1.00      0.00  kworker/0:1H-kblockd
16:31:20        0       615    0.00    0.00    0.00    0.00    0.00     1      0.00      0.00       0       0   0.00      8.00      0.00  kworker/u16:4-events_power_efficient
16:31:20     1000      1633    0.00    0.00    0.00    0.00    0.00     1      0.00      0.00   32780   22496   0.28      8.00      0.00  python3
16:31:20     1000      1638    0.00    0.00    0.00    0.00    0.00     1      0.00      0.00    9900    3336   0.04      1.00      0.00  vmstat
16:31:20     1000      1639    0.00    1.00    0.00    0.00    1.00     1      0.00      0.00    7712    3764   0.05      1.00      0.00  pidstat
16:31:20     1000      1793    0.00    0.00    0.00    0.00    0.00     0    143.00      0.00    2704    1528   0.02      1.00      1.00  time
16:31:20     1000      1794   56.00    9.00    0.00    0.00   65.00     0   8413.00      0.00   50096   42856   0.54      5.00      3.00  /home/ubuntu/pa
16:31:20     1000      1795    7.00   12.00    0.00    0.00   19.00     2   5677.00      0.00 1816380   26056   0.33      3.00      2.00  hey

# Time        UID       PID    %usr %system  %guest   %wait    %CPU   CPU  minflt/s  majflt/s     VSZ     RSS   %MEM   cswch/s nvcswch/s  Command
16:31:21        0        11    0.00    0.00    0.00    0.00    0.00     0      0.00      0.00       0       0   0.00      3.00      0.00  kworker/0:1-mm_percpu_wq
16:31:21        0        16    0.00    0.00    0.00    0.00    0.00     1      0.00      0.00       0       0   0.00     11.00      0.00  rcu_sched
16:31:21        0        25    0.00    0.00    0.00    0.00    0.00     1      0.00      0.00       0       0   0.00      1.00      0.00  migration/1
16:31:21        0        52    0.00    0.00    0.00    0.00    0.00     1      0.00      0.00       0       0   0.00      2.00      0.00  kcompactd0
16:31:21        0       197    0.00    0.00    0.00    0.00    0.00     2      0.00      0.00       0       0   0.00      2.00      0.00  kworker/2:2-mm_percpu_wq
16:31:21        0       218    0.00    0.00    0.00    0.00    0.00     1      0.00      0.00       0       0   0.00      5.00      0.00  kworker/1:3-mm_percpu_wq
16:31:21        0       219    0.00    0.00    0.00    0.00    0.00     3      0.00      0.00       0       0   0.00      3.00      0.00  kworker/3:3-events
16:31:21        0       240    0.00    0.00    0.00    0.00    0.00     3      0.00      0.00  288968   26944   0.34      1.00      0.00  multipathd
16:31:21        0       615    0.00    0.00    0.00    0.00    0.00     3      0.00      0.00       0       0   0.00      6.00      0.00  kworker/u16:4-events_power_efficient
16:31:21     1000      1633    0.00    0.00    0.00    0.00    0.00     1      0.00      0.00   32780   22496   0.28      3.00      0.00  python3
16:31:21     1000      1638    0.00    0.00    0.00    0.00    0.00     1      0.00      0.00    9900    3336   0.04      1.00      0.00  vmstat
16:31:21     1000      1639    0.00    0.00    0.00    0.00    0.00     1      0.00      0.00    7712    3764   0.05      1.00      0.00  pidstat
16:31:21     1000      1794   85.00   14.00    0.00    0.00   99.00     0     64.00      0.00   50420   43112   0.54      2.00      3.00  /home/ubuntu/pa
16:31:21     1000      1803    7.00   12.00    0.00    0.00   19.00     3   5628.00      0.00 1816380   25844   0.33      4.00      3.00  hey

# Time        UID       PID    %usr %system  %guest   %wait    %CPU   CPU  minflt/s  majflt/s     VSZ     RSS   %MEM   cswch/s nvcswch/s  Command
16:31:22        0        11    0.00    0.00    0.00    0.00    0.00     0      0.00      0.00       0       0   0.00      5.00      0.00  kworker/0:1-events
16:31:22        0        19    0.00    0.00    0.00    0.00    0.00     0      0.00      0.00       0       0   0.00      1.00      0.00  migration/0
16:31:22        0        25    0.00    0.00    0.00    0.00    0.00     1      0.00      0.00       0       0   0.00      1.00      0.00  migration/1
16:31:22        0        31    0.00    0.00    0.00    0.00    0.00     2      0.00      0.00       0       0   0.00      1.00      0.00  migration/2
16:31:22        0        37    0.00    0.00    0.00    0.00    0.00     3      0.00      0.00       0       0   0.00      1.00      0.00  migration/3
16:31:22        0        47    0.00    0.00    0.00    0.00    0.00     2      0.00      0.00       0       0   0.00      1.00      0.00  kworker/u16:1-events_power_efficient
16:31:22        0        52    0.00    0.00    0.00    0.00    0.00     1      0.00      0.00       0       0   0.00      2.00      0.00  kcompactd0
16:31:22        0       197    0.00    0.00    0.00    0.00    0.00     2      0.00      0.00       0       0   0.00      2.00      0.00  kworker/2:2-mm_percpu_wq
16:31:22        0       218    0.00    0.00    0.00    0.00    0.00     1      0.00      0.00       0       0   0.00      5.00      0.00  kworker/1:3-mm_percpu_wq
16:31:22        0       219    0.00    0.00    0.00    0.00    0.00     3      0.00      0.00       0       0   0.00      2.00      0.00  kworker/3:3-mm_percpu_wq
16:31:22        0       240    0.00    0.00    0.00    0.00    0.00     3      0.00      0.00  288968   26944   0.34      2.00      0.00  multipathd
16:31:22        0       615    0.00    0.00    0.00    0.00    0.00     1      0.00      0.00       0       0   0.00      7.00      0.00  kworker/u16:4-events_power_efficient
16:31:22     1000      1638    0.00    0.00    0.00    0.00    0.00     1      0.00      0.00    9900    3336   0.04      1.00      0.00  vmstat
16:31:22     1000      1639    0.00    1.00    0.00    0.00    1.00     1      0.00      0.00    7712    3764   0.05      1.00      0.00  pidstat
16:31:22     1000      1794   85.00   15.00    0.00    0.00  100.00     0      0.00      0.00   50420   43112   0.54      0.00      6.00  /home/ubuntu/pa
16:31:22     1000      1803   18.00   21.00    0.00    0.00   39.00     3   6469.00      0.00 1817276   49308   0.62      0.00      0.00  hey

# Time        UID       PID    %usr %system  %guest   %wait    %CPU   CPU  minflt/s  majflt/s     VSZ     RSS   %MEM   cswch/s nvcswch/s  Command
16:31:23        0        11    0.00    0.00    0.00    0.00    0.00     0      0.00      0.00       0       0   0.00      3.00      0.00  kworker/0:1-mm_percpu_wq
16:31:23        0        16    0.00    0.00    0.00    0.00    0.00     3      0.00      0.00       0       0   0.00     37.00      0.00  rcu_sched
16:31:23        0        25    0.00    0.00    0.00    0.00    0.00     1      0.00      0.00       0       0   0.00      1.00      0.00  migration/1
16:31:23        0        38    0.00    0.00    0.00    0.00    0.00     3      0.00      0.00       0       0   0.00      1.00      0.00  ksoftirqd/3
16:31:23        0        47    0.00    0.00    0.00    0.00    0.00     2      0.00      0.00       0       0   0.00      7.00      0.00  kworker/u16:1-events_unbound
16:31:23        0        52    0.00    0.00    0.00    0.00    0.00     1      0.00      0.00       0       0   0.00      2.00      0.00  kcompactd0
16:31:23        0       197    0.00    0.00    0.00    0.00    0.00     2      0.00      0.00       0       0   0.00      7.00      0.00  kworker/2:2-events
16:31:23        0       218    0.00    0.00    0.00    0.00    0.00     1      0.00      0.00       0       0   0.00      1.00      0.00  kworker/1:3-mm_percpu_wq
16:31:23        0       219    0.00    0.00    0.00    0.00    0.00     3      0.00      0.00       0       0   0.00      2.00      0.00  kworker/3:3-mm_percpu_wq
16:31:23        0       240    0.00    0.00    0.00    0.00    0.00     3      0.00      0.00  288968   26944   0.34      1.00      0.00  multipathd
16:31:23        0       615    0.00    0.00    0.00    0.00    0.00     1      0.00      0.00       0       0   0.00      1.00      0.00  kworker/u16:4-events_power_efficient
16:31:23     1000      1633    1.00    1.00    0.00    0.00    2.00     1      0.00      0.00   32780   22496   0.28      6.00      0.00  python3
16:31:23     1000      1638    0.00    0.00    0.00    0.00    0.00     1      0.00      0.00    9900    3336   0.04      1.00      0.00  vmstat
16:31:23     1000      1639    1.00    0.00    0.00    0.00    1.00     1      0.00      0.00    7712    3764   0.05      1.00      0.00  pidstat
16:31:23     1000      1811    0.00    0.00    0.00    0.00    0.00     0    144.00      0.00    2704    1528   0.02      1.00      1.00  time
16:31:23     1000      1812   11.00    1.00    0.00    0.00   12.00     0   7439.00      0.00   46052   38784   0.49      0.00      0.00  /home/ubuntu/pe

# Time        UID       PID    %usr %system  %guest   %wait    %CPU   CPU  minflt/s  majflt/s     VSZ     RSS   %MEM   cswch/s nvcswch/s  Command
16:31:24        0        11    0.00    0.00    0.00    1.00    0.00     0      0.00      0.00       0       0   0.00      4.00      0.00  kworker/0:1-events
16:31:24        0        16    0.00    0.00    0.00    0.00    0.00     1      0.00      0.00       0       0   0.00     11.00      0.00  rcu_sched
16:31:24        0        25    0.00    0.00    0.00    0.00    0.00     1      0.00      0.00       0       0   0.00      1.00      0.00  migration/1
16:31:24        0        47    0.00    0.00    0.00    0.00    0.00     2      0.00      0.00       0       0   0.00      4.00      0.00  kworker/u16:1-events_power_efficient
16:31:24        0        52    0.00    0.00    0.00    0.00    0.00     1      0.00      0.00       0       0   0.00      2.00      0.00  kcompactd0
16:31:24        0       197    0.00    0.00    0.00    0.00    0.00     2      0.00      0.00       0       0   0.00      4.00      0.00  kworker/2:2-mm_percpu_wq
16:31:24        0       218    0.00    0.00    0.00    0.00    0.00     1      0.00      0.00       0       0   0.00      3.00      0.00  kworker/1:3-mm_percpu_wq
16:31:24        0       219    0.00    0.00    0.00    0.00    0.00     3      0.00      0.00       0       0   0.00      2.00      0.00  kworker/3:3-mm_percpu_wq
16:31:24        0       240    0.00    0.00    0.00    0.00    0.00     3      0.00      0.00  288968   26944   0.34      1.00      0.00  multipathd
16:31:24        0       615    0.00    0.00    0.00    0.00    0.00     1      0.00      0.00       0       0   0.00      3.00      0.00  kworker/u16:4-events_power_efficient
16:31:24     1000      1633    0.00    0.00    0.00    0.00    0.00     1      0.00      0.00   32780   22496   0.28      5.00      0.00  python3
16:31:24     1000      1638    0.00    0.00    0.00    0.00    0.00     1      0.00      0.00    9900    3336   0.04      1.00      0.00  vmstat
16:31:24     1000      1639    0.00    0.00    0.00    0.00    0.00     1      0.00      0.00    7712    3764   0.05      1.00      0.00  pidstat
16:31:24     1000      1812   90.00    4.00    0.00    0.00   94.00     0    864.00      0.00   49604   42420   0.54      5.00      4.00  /home/ubuntu/pe
16:31:24     1000      1813    3.00    4.00    0.00    0.00    7.00     2   1949.00      0.00 1676980   12616   0.16      3.00      4.00  hey

# Time        UID       PID    %usr %system  %guest   %wait    %CPU   CPU  minflt/s  majflt/s     VSZ     RSS   %MEM   cswch/s nvcswch/s  Command
16:31:25        0        11    0.00    0.00    0.00    0.00    0.00     0      0.00      0.00       0       0   0.00      2.00      0.00  kworker/0:1-mm_percpu_wq
16:31:25        0        16    0.00    0.00    0.00    0.00    0.00     1      0.00      0.00       0       0   0.00      8.00      0.00  rcu_sched
16:31:25        0        25    0.00    0.00    0.00    0.00    0.00     1      0.00      0.00       0       0   0.00      1.00      0.00  migration/1
16:31:25        0        26    0.00    0.00    0.00    0.00    0.00     1      0.00      0.00       0       0   0.00      1.00      0.00  ksoftirqd/1
16:31:25        0        52    0.00    0.00    0.00    0.00    0.00     1      0.00      0.00       0       0   0.00      2.00      0.00  kcompactd0
16:31:25        0       197    0.00    0.00    0.00    0.00    0.00     2      0.00      0.00       0       0   0.00      1.00      0.00  kworker/2:2-mm_percpu_wq
16:31:25        0       218    0.00    0.00    0.00    0.00    0.00     1      0.00      0.00       0       0   0.00      6.00      0.00  kworker/1:3-mm_percpu_wq
16:31:25        0       219    0.00    0.00    0.00    0.00    0.00     3      0.00      0.00       0       0   0.00      1.00      0.00  kworker/3:3-mm_percpu_wq
16:31:25        0       240    0.00    0.00    0.00    0.00    0.00     3      0.00      0.00  288968   26944   0.34      1.00      0.00  multipathd
16:31:25        0       615    0.00    0.00    0.00    0.00    0.00     1      0.00      0.00       0       0   0.00      5.00      0.00  kworker/u16:4-events_power_efficient
16:31:25     1000      1633    0.00    0.00    0.00    0.00    0.00     1      0.00      0.00   32780   22496   0.28      3.00      0.00  python3
16:31:25     1000      1638    0.00    0.00    0.00    0.00    0.00     1      0.00      0.00    9900    3336   0.04      1.00      0.00  vmstat
16:31:25     1000      1639    0.00    1.00    0.00    0.00    1.00     1      0.00      0.00    7712    3764   0.05      1.00      0.00  pidstat
16:31:25     1000      1812   96.00    3.00    0.00    0.00   99.00     0    239.00      0.00   49768   42648   0.54      2.00      2.00  /home/ubuntu/pe
16:31:25     1000      1820    4.00    3.00    0.00    0.00    7.00     3   1950.00      0.00 1750712   12616   0.16      2.00      3.00  hey

# Time        UID       PID    %usr %system  %guest   %wait    %CPU   CPU  minflt/s  majflt/s     VSZ     RSS   %MEM   cswch/s nvcswch/s  Command
16:31:26        0        11    0.00    0.00    0.00    0.00    0.00     0      0.00      0.00       0       0   0.00      4.00      0.00  kworker/0:1-events
16:31:26        0        19    0.00    0.00    0.00    0.00    0.00     0      0.00      0.00       0       0   0.00      1.00      0.00  migration/0
16:31:26        0        25    0.00    0.00    0.00    0.00    0.00     1      0.00      0.00       0       0   0.00      1.00      0.00  migration/1
16:31:26        0        26    0.00    0.00    0.00    0.00    0.00     1      0.00      0.00       0       0   0.00      1.00      0.00  ksoftirqd/1
16:31:26        0        31    0.00    0.00    0.00    0.00    0.00     2      0.00      0.00       0       0   0.00      1.00      0.00  migration/2
16:31:26        0        37    0.00    0.00    0.00    0.00    0.00     3      0.00      0.00       0       0   0.00      1.00      0.00  migration/3
16:31:26        0        52    0.00    0.00    0.00    0.00    0.00     3      0.00      0.00       0       0   0.00      2.00      0.00  kcompactd0
16:31:26        0       197    0.00    0.00    0.00    0.00    0.00     2      0.00      0.00       0       0   0.00      2.00      0.00  kworker/2:2-mm_percpu_wq
16:31:26        0       218    0.00    0.00    0.00    0.00    0.00     1      0.00      0.00       0       0   0.00      6.00      0.00  kworker/1:3-mm_percpu_wq
16:31:26        0       219    0.00    0.00    0.00    0.00    0.00     3      0.00      0.00       0       0   0.00      3.00      0.00  kworker/3:3-mm_percpu_wq
16:31:26        0       240    0.00    0.00    0.00    0.00    0.00     3      0.00      0.00  288968   26944   0.34      1.00      0.00  multipathd
16:31:26        0       257    0.00    0.00    0.00    0.00    0.00     0      0.00      0.00       0       0   0.00      1.00      0.00  kworker/0:1H-kblockd
16:31:26        0       615    0.00    0.00    0.00    0.00    0.00     1      0.00      0.00       0       0   0.00      6.00      0.00  kworker/u16:4-events_power_efficient
16:31:26     1000      1638    0.00    0.00    0.00    0.00    0.00     1      0.00      0.00    9900    3336   0.04      1.00      0.00  vmstat
16:31:26     1000      1639    0.00    0.00    0.00    0.00    0.00     1      0.00      0.00    7712    3764   0.05      1.00      0.00  pidstat
16:31:26     1000      1812   96.00    4.00    0.00    0.00  100.00     0      0.00      0.00   49768   42648   0.54      0.00      6.00  /home/ubuntu/pe
16:31:26     1000      1820    4.00    4.00    0.00    0.00    8.00     3    759.00      0.00 1750712   15432   0.19      0.00      0.00  hey

# Time        UID       PID    %usr %system  %guest   %wait    %CPU   CPU  minflt/s  majflt/s     VSZ     RSS   %MEM   cswch/s nvcswch/s  Command
16:31:27        0        11    0.00    0.00    0.00    0.00    0.00     0      0.00      0.00       0       0   0.00      2.00      0.00  kworker/0:1-mm_percpu_wq
16:31:27        0        16    0.00    0.00    0.00    0.00    0.00     1      0.00      0.00       0       0   0.00     62.00      0.00  rcu_sched
16:31:27        0        25    0.00    0.00    0.00    0.00    0.00     1      0.00      0.00       0       0   0.00      2.00      0.00  migration/1
16:31:27        0        32    0.00    0.00    0.00    0.00    0.00     2      0.00      0.00       0       0   0.00      1.00      0.00  ksoftirqd/2
16:31:27        0        47    0.00    0.00    0.00    0.00    0.00     2      0.00      0.00       0       0   0.00      1.00      0.00  kworker/u16:1-events_power_efficient
16:31:27        0        52    0.00    0.00    0.00    0.00    0.00     3      0.00      0.00       0       0   0.00      2.00      0.00  kcompactd0
16:31:27        0       197    0.00    0.00    0.00    0.00    0.00     2      0.00      0.00       0       0   0.00      3.00      0.00  kworker/2:2-mm_percpu_wq
16:31:27        0       218    0.00    0.00    0.00    0.00    0.00     1      0.00      0.00       0       0   0.00      6.00      0.00  kworker/1:3-events
16:31:27        0       219    0.00    0.00    0.00    0.00    0.00     3      0.00      0.00       0       0   0.00      2.00      0.00  kworker/3:3-mm_percpu_wq
16:31:27        0       240    0.00    0.00    0.00    0.00    0.00     3      0.00      0.00  288968   26944   0.34      1.00      0.00  multipathd
16:31:27        0       589    0.00    0.00    0.00    0.00    0.00     1      0.00      0.00   83064    4620   0.06      1.00      0.00  irqbalance
16:31:27        0       615    0.00    0.00    0.00    0.00    0.00     1      0.00      0.00       0       0   0.00      5.00      0.00  kworker/u16:4-events_power_efficient
16:31:27     1000      1633    0.00    0.00    0.00    0.00    0.00     1      0.00      0.00   32780   22496   0.28     11.00      0.00  python3
16:31:27     1000      1638    0.00    0.00    0.00    0.00    0.00     1      0.00      0.00    9900    3336   0.04      1.00      0.00  vmstat
16:31:27     1000      1639    0.00    1.00    0.00    0.00    1.00     1      0.00      0.00    7712    3764   0.05      1.00      0.00  pidstat
16:31:27     1000      1828    0.00    0.00    0.00    0.00    0.00     0    143.00      0.00    2704    1528   0.02      1.00      1.00  time
16:31:27     1000      1829   44.00    4.00    0.00    0.00   48.00     0  10896.00      0.00   50392   43364   0.55      5.00      1.00  /home/ubuntu/pa
16:31:27     1000      1830    1.00    1.00    0.00    0.00    2.00     2   1503.00      0.00 1676788   11116   0.14      5.00      4.00  hey

# Time        UID       PID    %usr %system  %guest   %wait    %CPU   CPU  minflt/s  majflt/s     VSZ     RSS   %MEM   cswch/s nvcswch/s  Command
16:31:28        0        11    0.00    0.00    0.00    0.00    0.00     0      0.00      0.00       0       0   0.00      4.00      0.00  kworker/0:1-events
16:31:28        0        16    0.00    0.00    0.00    0.00    0.00     1      0.00      0.00       0       0   0.00     46.00      0.00  rcu_sched
16:31:28        0        25    0.00    0.00    0.00    0.00    0.00     1      0.00      0.00       0       0   0.00      1.00      0.00  migration/1
16:31:28        0        47    0.00    0.00    0.00    0.00    0.00     1      0.00      0.00       0       0   0.00      5.00      0.00  kworker/u16:1-events_power_efficient
16:31:28        0        52    0.00    0.00    0.00    0.00    0.00     3      0.00      0.00       0       0   0.00      1.00      0.00  kcompactd0
16:31:28        0       197    0.00    0.00    0.00    0.00    0.00     2      0.00      0.00       0       0   0.00      3.00      0.00  kworker/2:2-mm_percpu_wq
16:31:28        0       218    0.00    0.00    0.00    0.00    0.00     1      0.00      0.00       0       0   0.00      4.00      0.00  kworker/1:3-events
16:31:28        0       219    0.00    0.00    0.00    0.00    0.00     3      0.00      0.00       0       0   0.00      2.00      0.00  kworker/3:3-mm_percpu_wq
16:31:28        0       240    0.00    0.00    0.00    0.00    0.00     3      0.00      0.00  288968   26944   0.34      2.00      0.00  multipathd
16:31:28        0       615    0.00    0.00    0.00    0.00    0.00     3      0.00      0.00       0       0   0.00      5.00      0.00  kworker/u16:4-events_power_efficient
16:31:28     1000      1633    0.00    0.00    0.00    0.00    0.00     1      0.00      0.00   32780   22496   0.28      3.00      0.00  python3
16:31:28     1000      1638    0.00    0.00    0.00    0.00    0.00     1      0.00      0.00    9900    3336   0.04      1.00      0.00  vmstat
16:31:28     1000      1639    0.00    0.00    0.00    0.00    0.00     1      0.00      0.00    7712    3764   0.05      1.00      0.00  pidstat
16:31:28     1000      1829   96.00    4.00    0.00    0.00  100.00     0   7520.00      0.00   50748   43720   0.55      2.00      4.00  /home/ubuntu/pa
16:31:28     1000      1837    0.00    1.00    0.00    0.00    1.00     3   1454.00      0.00 1676980   10808   0.14      3.00      2.00  hey

# Time        UID       PID    %usr %system  %guest   %wait    %CPU   CPU  minflt/s  majflt/s     VSZ     RSS   %MEM   cswch/s nvcswch/s  Command
16:31:29        0        11    0.00    0.00    0.00    0.00    0.00     0      0.00      0.00       0       0   0.00      3.00      0.00  kworker/0:1-mm_percpu_wq
16:31:29        0        16    0.00    0.00    0.00    0.00    0.00     3      0.00      0.00       0       0   0.00     39.00      0.00  rcu_sched
16:31:29        0        38    0.00    0.00    0.00    0.00    0.00     3      0.00      0.00       0       0   0.00      1.00      0.00  ksoftirqd/3
16:31:29        0        47    0.00    0.00    0.00    0.00    0.00     1      0.00      0.00       0       0   0.00      5.00      0.00  kworker/u16:1-events_power_efficient
16:31:29        0        52    0.00    0.00    0.00    0.00    0.00     3      0.00      0.00       0       0   0.00      2.00      0.00  kcompactd0
16:31:29        0       197    0.00    0.00    0.00    0.00    0.00     2      0.00      0.00       0       0   0.00      1.00      0.00  kworker/2:2-mm_percpu_wq
16:31:29        0       218    0.00    0.00    0.00    0.00    0.00     1      0.00      0.00       0       0   0.00      6.00      0.00  kworker/1:3-events
16:31:29        0       219    0.00    0.00    0.00    0.00    0.00     3      0.00      0.00       0       0   0.00      1.00      0.00  kworker/3:3-mm_percpu_wq
16:31:29        0       240    0.00    0.00    0.00    0.00    0.00     3      0.00      0.00  288968   26944   0.34      1.00      0.00  multipathd
16:31:29     1000      1638    0.00    0.00    0.00    0.00    0.00     1      0.00      0.00    9900    3336   0.04      1.00      0.00  vmstat
16:31:29     1000      1639    0.00    0.00    0.00    0.00    0.00     1      0.00      0.00    7712    3764   0.05      1.00      0.00  pidstat
16:31:29     1000      1829   95.00    5.00    0.00    0.00  100.00     0   7984.00      0.00   50748   43720   0.55      0.00      3.00  /home/ubuntu/pa
16:31:29     1000      1837    3.00    5.00    0.00    0.00    8.00     3    760.00      0.00 1750712   13624   0.17      0.00      0.00  hey

# Time        UID       PID    %usr %system  %guest   %wait    %CPU   CPU  minflt/s  majflt/s     VSZ     RSS   %MEM   cswch/s nvcswch/s  Command
16:31:30        0        11    0.00    0.00    0.00    0.00    0.00     0      0.00      0.00       0       0   0.00      3.00      0.00  kworker/0:1-events
16:31:30        0        16    0.00    0.00    0.00    0.00    0.00     0      0.00      0.00       0       0   0.00     47.00      0.00  rcu_sched
16:31:30        0        19    0.00    0.00    0.00    0.00    0.00     0      0.00      0.00       0       0   0.00      1.00      0.00  migration/0
16:31:30        0        25    0.00    0.00    0.00    0.00    0.00     1      0.00      0.00       0       0   0.00      1.00      0.00  migration/1
16:31:30        0        31    0.00    0.00    0.00    0.00    0.00     2      0.00      0.00       0       0   0.00      1.00      0.00  migration/2
16:31:30        0        32    0.00    0.00    0.00    0.00    0.00     2      0.00      0.00       0       0   0.00      1.00      0.00  ksoftirqd/2
16:31:30        0        37    0.00    0.00    0.00    0.00    0.00     3      0.00      0.00       0       0   0.00      1.00      0.00  migration/3
16:31:30        0        47    0.00    0.00    0.00    0.00    0.00     1      0.00      0.00       0       0   0.00      6.00      0.00  kworker/u16:1-events_power_efficient
16:31:30        0        52    0.00    0.00    0.00    0.00    0.00     3      0.00      0.00       0       0   0.00      2.00      0.00  kcompactd0
16:31:30        0       197    0.00    0.00    0.00    0.00    0.00     2      0.00      0.00       0       0   0.00      2.00      0.00  kworker/2:2-events
16:31:30        0       218    0.00    0.00    0.00    0.00    0.00     1      0.00      0.00       0       0   0.00      7.00      0.00  kworker/1:3-events
16:31:30        0       219    0.00    0.00    0.00    0.00    0.00     3      0.00      0.00       0       0   0.00      3.00      0.00  kworker/3:3-events
16:31:30        0       240    0.00    0.00    0.00    0.00    0.00     3      0.00      0.00  288968   26944   0.34      1.00      0.00  multipathd
16:31:30     1000      1633    0.00    0.00    0.00    0.00    0.00     1      0.00      0.00   32780   22496   0.28      3.00      0.00  python3
16:31:30     1000      1638    0.00    0.00    0.00    0.00    0.00     1      0.00      0.00    9900    3336   0.04      1.00      0.00  vmstat
16:31:30     1000      1639    1.00    1.00    0.00    0.00    2.00     1      0.00      0.00    7712    3764   0.05      1.00      0.00  pidstat

# Time        UID       PID    %usr %system  %guest   %wait    %CPU   CPU  minflt/s  majflt/s     VSZ     RSS   %MEM   cswch/s nvcswch/s  Command
16:31:31        0        11    0.00    0.00    0.00    0.00    0.00     0      0.00      0.00       0       0   0.00      2.00      0.00  kworker/0:1-events
16:31:31        0        16    0.00    0.00    0.00    0.00    0.00     1      0.00      0.00       0       0   0.00     71.00      0.00  rcu_sched
16:31:31        0        25    0.00    0.00    0.00    0.00    0.00     1      0.00      0.00       0       0   0.00      2.00      0.00  migration/1
16:31:31        0        26    0.00    0.00    0.00    0.00    0.00     1      0.00      0.00       0       0   0.00      1.00      0.00  ksoftirqd/1
16:31:31        0        47    0.00    0.00    0.00    0.00    0.00     1      0.00      0.00       0       0   0.00      5.00      0.00  kworker/u16:1-events_power_efficient
16:31:31        0        52    0.00    0.00    0.00    0.00    0.00     3      0.00      0.00       0       0   0.00      2.00      0.00  kcompactd0
16:31:31        0       197    0.00    0.00    0.00    0.00    0.00     2      0.00      0.00       0       0   0.00      1.00      0.00  kworker/2:2-mm_percpu_wq
16:31:31        0       218    0.00    0.00    0.00    0.00    0.00     1      0.00      0.00       0       0   0.00      7.00      0.00  kworker/1:3-events
16:31:31        0       219    0.00    0.00    0.00    0.00    0.00     3      0.00      0.00       0       0   0.00      1.00      0.00  kworker/3:3-mm_percpu_wq
16:31:31        0       240    0.00    0.00    0.00    0.00    0.00     3      0.00      0.00  288968   26944   0.34      2.00      0.00  multipathd
16:31:31     1000      1633    1.00    0.00    0.00    1.00    1.00     1      0.00      0.00   32780   22496   0.28      8.00      0.00  python3
16:31:31     1000      1638    0.00    0.00    0.00    0.00    0.00     1      0.00      0.00    9900    3336   0.04      1.00      0.00  vmstat
16:31:31     1000      1639    0.00    0.00    0.00    0.00    0.00     1      0.00      0.00    7712    3764   0.05      1.00      0.00  pidstat
16:31:31     1000      1845    0.00    0.00    0.00    0.00    0.00     0    144.00      0.00    2704    1528   0.02      1.00      1.00  time
16:31:31     1000      1846   82.00    3.00    0.00    0.00   85.00     0  14061.00      0.00   50452   43260   0.55      5.00      1.00  /home/ubuntu/pa
16:31:31     1000      1847    2.00    2.00    0.00    0.00    4.00     2   1813.00      0.00 1676980   12232   0.15      4.00      5.00  hey

# Time        UID       PID    %usr %system  %guest   %wait    %CPU   CPU  minflt/s  majflt/s     VSZ     RSS   %MEM   cswch/s nvcswch/s  Command
16:31:32        0        11    0.00    0.00    0.00    0.00    0.00     0      0.00      0.00       0       0   0.00      5.00      0.00  kworker/0:1-events
16:31:32        0        16    0.00    0.00    0.00    0.00    0.00     1      0.00      0.00       0       0   0.00     55.00      0.00  rcu_sched
16:31:32        0        25    0.00    0.00    0.00    0.00    0.00     1      0.00      0.00       0       0   0.00      1.00      0.00  migration/1
16:31:32        0        38    0.00    0.00    0.00    0.00    0.00     3      0.00      0.00       0       0   0.00      1.00      0.00  ksoftirqd/3
16:31:32        0        47    0.00    0.00    0.00    0.00    0.00     1      0.00      0.00       0       0   0.00     10.00      0.00  kworker/u16:1-ext4-rsv-conversion
16:31:32        0        52    0.00    0.00    0.00    0.00    0.00     3      0.00      0.00       0       0   0.00      2.00      0.00  kcompactd0
16:31:32        0       197    0.00    0.00    0.00    0.00    0.00     2      0.00      0.00       0       0   0.00      2.00      0.00  kworker/2:2-mm_percpu_wq
16:31:32        0       218    0.00    0.00    0.00    0.00    0.00     1      0.00      0.00       0       0   0.00      4.00      0.00  kworker/1:3-events
16:31:32        0       219    0.00    0.00    0.00    0.00    0.00     3      0.00      0.00       0       0   0.00      2.00      0.00  kworker/3:3-mm_percpu_wq
16:31:32        0       240    0.00    0.00    0.00    0.00    0.00     3      0.00      0.00  288968   26944   0.34      1.00      0.00  multipathd
16:31:32        0       615    0.00    0.00    0.00    0.00    0.00     3      0.00      0.00       0       0   0.00      2.00      0.00  kworker/u16:4-flush-259:0
16:31:32      110       702    0.00    0.00    0.00    0.00    0.00     1      0.00      0.00   19416    3760   0.05      6.00      0.00  chronyd
16:31:32     1000      1633    0.00    0.00    0.00    0.00    0.00     1      0.00      0.00   32780   22496   0.28      3.00      0.00  python3
16:31:32     1000      1638    0.00    0.00    0.00    0.00    0.00     1      0.00      0.00    9900    3336   0.04      1.00      0.00  vmstat
16:31:32     1000      1639    0.00    1.00    0.00    0.00    1.00     1      0.00      0.00    7712    3764   0.05      1.00      0.00  pidstat
16:31:32     1000      1846   96.00    4.00    0.00    0.00  100.00     0   7672.00      0.00   51080   43688   0.55      2.00      5.00  /home/ubuntu/pa
16:31:32     1000      1854    1.00    2.00    0.00    0.00    3.00     3   1767.00      0.00 1676980   12000   0.15      3.00      2.00  hey

# Time        UID       PID    %usr %system  %guest   %wait    %CPU   CPU  minflt/s  majflt/s     VSZ     RSS   %MEM   cswch/s nvcswch/s  Command
16:31:33        0        11    0.00    0.00    0.00    0.00    0.00     0      0.00      0.00       0       0   0.00      2.00      0.00  kworker/0:1-events
16:31:33        0        16    0.00    0.00    0.00    0.00    0.00     1      0.00      0.00       0       0   0.00     43.00      0.00  rcu_sched
16:31:33        0        47    0.00    0.00    0.00    0.00    0.00     1      0.00      0.00       0       0   0.00      5.00      0.00  kworker/u16:1-events_power_efficient
16:31:33        0        52    0.00    0.00    0.00    0.00    0.00     3      0.00      0.00       0       0   0.00      2.00      0.00  kcompactd0
16:31:33        0       122    0.00    0.00    0.00    0.00    0.00     2      0.00      0.00       0       0   0.00      5.00      0.00  kworker/u16:3-events_power_efficient
16:31:33        0       197    0.00    0.00    0.00    0.00    0.00     2      0.00      0.00       0       0   0.00      4.00      0.00  kworker/2:2-events
16:31:33        0       218    0.00    0.00    0.00    0.00    0.00     1      0.00      0.00       0       0   0.00      3.00      0.00  kworker/1:3-mm_percpu_wq
16:31:33        0       219    0.00    0.00    0.00    0.00    0.00     3      0.00      0.00       0       0   0.00      1.00      0.00  kworker/3:3-mm_percpu_wq
16:31:33        0       240    0.00    0.00    0.00    0.00    0.00     3      0.00      0.00  288968   26944   0.34      1.00      0.00  multipathd
16:31:33        0       615    0.00    0.00    0.00    0.00    0.00     3      0.00      0.00       0       0   0.00      1.00      0.00  kworker/u16:4-flush-259:0
16:31:33      110       702    0.00    0.00    0.00    0.00    0.00     1      0.00      0.00   19416    3760   0.05      4.00      0.00  chronyd
16:31:33     1000      1638    0.00    0.00    0.00    0.00    0.00     1      0.00      0.00    9900    3336   0.04      1.00      0.00  vmstat
16:31:33     1000      1639    0.00    0.00    0.00    0.00    0.00     1      0.00      0.00    7712    3764   0.05      1.00      0.00  pidstat
16:31:33     1000      1846   97.00    3.00    0.00    0.00  100.00     0   7298.00      0.00   50888   43688   0.55      0.00      2.00  /home/ubuntu/pa
16:31:33     1000      1854    4.00    2.00    0.00    0.00    6.00     3    765.00      0.00 1676980   14816   0.19      0.00      0.00  hey

# Time        UID       PID    %usr %system  %guest   %wait    %CPU   CPU  minflt/s  majflt/s     VSZ     RSS   %MEM   cswch/s nvcswch/s  Command
16:31:34        0        11    0.00    0.00    0.00    0.00    0.00     0      0.00      0.00       0       0   0.00      9.00      0.00  kworker/0:1-events
16:31:34        0        16    0.00    0.00    0.00    0.00    0.00     1      0.00      0.00       0       0   0.00     72.00      0.00  rcu_sched
16:31:34        0        19    0.00    0.00    0.00    0.00    0.00     0      0.00      0.00       0       0   0.00      1.00      0.00  migration/0
16:31:34        0        25    0.00    0.00    0.00    0.00    0.00     1      0.00      0.00       0       0   0.00      3.00      0.00  migration/1
16:31:34        0        26    0.00    0.00    0.00    0.00    0.00     1      0.00      0.00       0       0   0.00      1.00      0.00  ksoftirqd/1
16:31:34        0        31    0.00    0.00    0.00    0.00    0.00     2      0.00      0.00       0       0   0.00      1.00      0.00  migration/2
16:31:34        0        32    0.00    0.00    0.00    0.00    0.00     2      0.00      0.00       0       0   0.00      1.00      0.00  ksoftirqd/2
16:31:34        0        37    0.00    0.00    0.00    0.00    0.00     3      0.00      0.00       0       0   0.00      1.00      0.00  migration/3
16:31:34        0        52    0.00    0.00    0.00    0.00    0.00     3      0.00      0.00       0       0   0.00      2.00      0.00  kcompactd0
16:31:34        0       122    0.00    0.00    0.00    0.00    0.00     1      0.00      0.00       0       0   0.00      6.00      0.00  kworker/u16:3-events_power_efficient
16:31:34        0       197    0.00    0.00    0.00    1.00    0.00     2      0.00      0.00       0       0   0.00      7.00      0.00  kworker/2:2-mm_percpu_wq
16:31:34        0       218    0.00    0.00    0.00    0.00    0.00     1      0.00      0.00       0       0   0.00      3.00      0.00  kworker/1:3-events
16:31:34        0       219    0.00    0.00    0.00    0.00    0.00     3      0.00      0.00       0       0   0.00      2.00      0.00  kworker/3:3-mm_percpu_wq
16:31:34        0       240    0.00    0.00    0.00    0.00    0.00     3      0.00      0.00  288968   26944   0.34      1.00      0.00  multipathd
16:31:34      110       702    0.00    0.00    0.00    0.00    0.00     1      0.00      0.00   19416    3760   0.05      4.00      0.00  chronyd
16:31:34     1000      1633    0.00    0.00    0.00    0.00    0.00     1      0.00      0.00   32780   22496   0.28     11.00      0.00  python3
16:31:34     1000      1638    0.00    0.00    0.00    0.00    0.00     1      0.00      0.00    9900    3336   0.04      1.00      0.00  vmstat
16:31:34     1000      1639    0.00    1.00    0.00    0.00    1.00     1      0.00      0.00    7712    3764   0.05      1.00      0.00  pidstat
16:31:34     1000      1862    0.00    0.00    0.00    0.00    0.00     0    146.00      0.00    2704    1528   0.02      1.00      1.00  time
16:31:34     1000      1863   22.00    3.00    0.00    0.00   25.00     0   8441.00      0.00   50192   42984   0.54      5.00      2.00  /home/ubuntu/pe
16:31:34     1000      1864    3.00    4.00    0.00    0.00    7.00     2   7892.00      0.00 1742840   32292   0.41      7.00      3.00  hey

# Time        UID       PID    %usr %system  %guest   %wait    %CPU   CPU  minflt/s  majflt/s     VSZ     RSS   %MEM   cswch/s nvcswch/s  Command
16:31:35        0        11    0.00    0.00    0.00    0.00    0.00     0      0.00      0.00       0       0   0.00      2.00      0.00  kworker/0:1-events
16:31:35        0        16    0.00    0.00    0.00    0.00    0.00     1      0.00      0.00       0       0   0.00     17.00      0.00  rcu_sched
16:31:35        0        25    0.00    0.00    0.00    0.00    0.00     1      0.00      0.00       0       0   0.00      1.00      0.00  migration/1
16:31:35        0        38    0.00    0.00    0.00    0.00    0.00     3      0.00      0.00       0       0   0.00      2.00      0.00  ksoftirqd/3
16:31:35        0        52    0.00    0.00    0.00    0.00    0.00     1      0.00      0.00       0       0   0.00      2.00      0.00  kcompactd0
16:31:35        0       122    0.00    0.00    0.00    0.00    0.00     1      0.00      0.00       0       0   0.00      5.00      0.00  kworker/u16:3-events_power_efficient
16:31:35        0       197    0.00    0.00    0.00    0.00    0.00     2      0.00      0.00       0       0   0.00      2.00      0.00  kworker/2:2-events
16:31:35        0       218    0.00    0.00    0.00    0.00    0.00     1      0.00      0.00       0       0   0.00      6.00      0.00  kworker/1:3-events
16:31:35        0       219    0.00    0.00    0.00    0.00    0.00     3      0.00      0.00       0       0   0.00      3.00      0.00  kworker/3:3-events
16:31:35        0       240    0.00    0.00    0.00    0.00    0.00     3      0.00      0.00  288968   26944   0.34      1.00      0.00  multipathd
16:31:35      110       702    0.00    0.00    0.00    0.00    0.00     1      0.00      0.00   19416    3760   0.05      4.00      0.00  chronyd
16:31:35     1000      1633    1.00    0.00    0.00    0.00    1.00     1      0.00      0.00   32780   22496   0.28      3.00      0.00  python3
16:31:35     1000      1638    0.00    0.00    0.00    0.00    0.00     1      0.00      0.00    9900    3336   0.04      1.00      0.00  vmstat
16:31:35     1000      1639    0.00    0.00    0.00    0.00    0.00     1      0.00      0.00    7712    3764   0.05      1.00      0.00  pidstat
16:31:35     1000      1863   92.00    7.00    0.00    0.00   99.00     0   1253.00      0.00   55096   47976   0.61      1.00      2.00  /home/ubuntu/pe
16:31:35     1000      1872    0.00    0.00    0.00    0.00    0.00     3   2508.00      0.00 1676724   11464   0.14      6.00      9.00  hey

# Time        UID       PID    %usr %system  %guest   %wait    %CPU   CPU  minflt/s  majflt/s     VSZ     RSS   %MEM   cswch/s nvcswch/s  Command
16:31:36        0        11    0.00    0.00    0.00    0.00    0.00     0      0.00      0.00       0       0   0.00      6.00      0.00  kworker/0:1-events
16:31:36        0        14    0.00    0.00    0.00    0.00    0.00     0      0.00      0.00       0       0   0.00      5.00      0.00  ksoftirqd/0
16:31:36        0        16    0.00    0.00    0.00    0.00    0.00     1      0.00      0.00       0       0   0.00     11.00      0.00  rcu_sched
16:31:36        0        26    0.00    0.00    0.00    0.00    0.00     1      0.00      0.00       0       0   0.00      2.00      0.00  ksoftirqd/1
16:31:36        0        47    0.00    0.00    0.00    0.00    0.00     1      0.00      0.00       0       0   0.00      1.00      0.00  kworker/u16:1-events_power_efficient
16:31:36        0        52    0.00    0.00    0.00    0.00    0.00     1      0.00      0.00       0       0   0.00      2.00      0.00  kcompactd0
16:31:36        0       122    0.00    1.00    0.00    0.00    1.00     1      0.00      0.00       0       0   0.00      5.00      0.00  kworker/u16:3-events_unbound
16:31:36        0       197    0.00    0.00    0.00    0.00    0.00     2      0.00      0.00       0       0   0.00      1.00      0.00  kworker/2:2-mm_percpu_wq
16:31:36        0       218    0.00    0.00    0.00    0.00    0.00     1      0.00      0.00       0       0   0.00      5.00      0.00  kworker/1:3-events
16:31:36        0       219    0.00    0.00    0.00    0.00    0.00     3      0.00      0.00       0       0   0.00      1.00      0.00  kworker/3:3-mm_percpu_wq
16:31:36        0       240    0.00    0.00    0.00    0.00    0.00     3      0.00      0.00  288968   26944   0.34      1.00      0.00  multipathd
16:31:36     1000      1638    0.00    0.00    0.00    0.00    0.00     1      0.00      0.00    9900    3336   0.04      1.00      0.00  vmstat
16:31:36     1000      1639    1.00    0.00    0.00    0.00    1.00     1      0.00      0.00    7712    3764   0.05      1.00      0.00  pidstat
16:31:36     1000      1863   93.00    7.00    0.00    0.00  100.00     0    364.00      0.00   56548   49512   0.63      0.00     11.00  /home/ubuntu/pe
16:31:36     1000      1872   19.00   17.00    0.00    0.00   36.00     3  10415.00      0.00 1817276   50296   0.64      0.00      0.00  hey

# Time        UID       PID    %usr %system  %guest   %wait    %CPU   CPU  minflt/s  majflt/s     VSZ     RSS   %MEM   cswch/s nvcswch/s  Command
16:31:37        0        11    0.00    0.00    0.00    0.00    0.00     0      0.00      0.00       0       0   0.00      2.00      0.00  kworker/0:1-events
16:31:37        0        47    0.00    0.00    0.00    0.00    0.00     1      0.00      0.00       0       0   0.00      7.00      0.00  kworker/u16:1-ext4-rsv-conversion
16:31:37        0        52    0.00    0.00    0.00    0.00    0.00     1      0.00      0.00       0       0   0.00      2.00      0.00  kcompactd0
16:31:37        0       197    0.00    0.00    0.00    0.00    0.00     2      0.00      0.00       0       0   0.00      1.00      0.00  kworker/2:2-mm_percpu_wq
16:31:37        0       218    0.00    0.00    0.00    0.00    0.00     1      0.00      0.00       0       0   0.00      4.00      0.00  kworker/1:3-events
16:31:37        0       219    0.00    0.00    0.00    0.00    0.00     3      0.00      0.00       0       0   0.00      1.00      0.00  kworker/3:3-mm_percpu_wq
16:31:37        0       240    0.00    0.00    0.00    0.00    0.00     3      0.00      0.00  288968   26944   0.34      1.00      0.00  multipathd
16:31:37        0       589    0.00    0.00    0.00    0.00    0.00     1      0.00      0.00   83064    4620   0.06      1.00      0.00  irqbalance
16:31:37     1000      1638    0.00    0.00    0.00    0.00    0.00     1      0.00      0.00    9900    3336   0.04      1.00      0.00  vmstat
16:31:37     1000      1639    0.00    1.00    0.00    0.00    1.00     1      0.00      0.00    7712    3764   0.05      1.00      0.00  pidstat
16:31:37     1000      1863   94.00    7.00    0.00    0.00  101.00     0    279.00      0.00   57736   50664   0.64      0.00      2.00  /home/ubuntu/pe
16:31:37     1000      1872   21.00   19.00    0.00    0.00   40.00     3   7989.00      0.00 1817980   79224   1.00      0.00      0.00  hey

# Time        UID       PID    %usr %system  %guest   %wait    %CPU   CPU  minflt/s  majflt/s     VSZ     RSS   %MEM   cswch/s nvcswch/s  Command
16:31:38        0        11    0.00    0.00    0.00    0.00    0.00     0      0.00      0.00       0       0   0.00      5.00      0.00  kworker/0:1-events
16:31:38        0        14    0.00    0.00    0.00    0.00    0.00     0      0.00      0.00       0       0   0.00      4.00      0.00  ksoftirqd/0
16:31:38        0        16    0.00    0.00    0.00    0.00    0.00     1      0.00      0.00       0       0   0.00     76.00      0.00  rcu_sched
16:31:38        0        19    0.00    0.00    0.00    0.00    0.00     0      0.00      0.00       0       0   0.00      1.00      0.00  migration/0
16:31:38        0        25    0.00    0.00    0.00    0.00    0.00     1      0.00      0.00       0       0   0.00      3.00      0.00  migration/1
16:31:38        0        31    0.00    0.00    0.00    0.00    0.00     2      0.00      0.00       0       0   0.00      1.00      0.00  migration/2
16:31:38        0        32    0.00    0.00    0.00    0.00    0.00     2      0.00      0.00       0       0   0.00      1.00      0.00  ksoftirqd/2
16:31:38        0        37    0.00    0.00    0.00    0.00    0.00     3      0.00      0.00       0       0   0.00      1.00      0.00  migration/3
16:31:38        0        47    0.00    0.00    0.00    0.00    0.00     1      0.00      0.00       0       0   0.00      5.00      0.00  kworker/u16:1-events_power_efficient
16:31:38        0        52    0.00    0.00    0.00    0.00    0.00     1      0.00      0.00       0       0   0.00      2.00      0.00  kcompactd0
16:31:38        0       122    0.00    0.00    0.00    0.00    0.00     1      0.00      0.00       0       0   0.00      3.00      0.00  kworker/u16:3-events_power_efficient
16:31:38        0       197    0.00    0.00    0.00    0.00    0.00     2      0.00      0.00       0       0   0.00      5.00      0.00  kworker/2:2-mm_percpu_wq
16:31:38        0       218    0.00    0.00    0.00    0.00    0.00     1      0.00      0.00       0       0   0.00      5.00      0.00  kworker/1:3-events
16:31:38        0       219    0.00    0.00    0.00    0.00    0.00     3      0.00      0.00       0       0   0.00      4.00      0.00  kworker/3:3-mm_percpu_wq
16:31:38        0       240    0.00    0.00    0.00    0.00    0.00     3      0.00      0.00  288968   26944   0.34      1.00      0.00  multipathd
16:31:38     1000      1633    0.00    0.00    0.00    0.00    0.00     1      0.00      0.00   32780   22496   0.28     12.00      0.00  python3
16:31:38     1000      1638    0.00    0.00    0.00    0.00    0.00     1      0.00      0.00    9900    3336   0.04      1.00      0.00  vmstat
16:31:38     1000      1639    0.00    0.00    0.00    0.00    0.00     1      0.00      0.00    7712    3764   0.05      1.00      0.00  pidstat
16:31:38     1000      1880    0.00    0.00    0.00    0.00    0.00     0    144.00      0.00    2704    1464   0.02      1.00      1.00  time
16:31:38     1000      1881   37.00    4.00    0.00    0.00   41.00     0  10490.00      0.00   58424   51132   0.65      7.00      3.00  /home/ubuntu/pa
16:31:38     1000      1882    4.00    5.00    0.00    0.00    9.00     3   9089.00      0.00 1816828   36712   0.46     56.00     20.00  hey

# Time        UID       PID    %usr %system  %guest   %wait    %CPU   CPU  minflt/s  majflt/s     VSZ     RSS   %MEM   cswch/s nvcswch/s  Command
16:31:39        0        11    0.00    0.00    0.00    0.00    0.00     0      0.00      0.00       0       0   0.00      4.00      0.00  kworker/0:1-events
16:31:39        0        14    0.00    0.00    0.00    0.00    0.00     0      0.00      0.00       0       0   0.00      2.00      0.00  ksoftirqd/0
16:31:39        0        16    0.00    0.00    0.00    0.00    0.00     1      0.00      0.00       0       0   0.00     23.00      0.00  rcu_sched
16:31:39        0        25    0.00    0.00    0.00    0.00    0.00     1      0.00      0.00       0       0   0.00      1.00      0.00  migration/1
16:31:39        0        38    0.00    0.00    0.00    0.00    0.00     3      0.00      0.00       0       0   0.00      1.00      0.00  ksoftirqd/3
16:31:39        0        47    0.00    0.00    0.00    0.00    0.00     1      0.00      0.00       0       0   0.00      5.00      0.00  kworker/u16:1-events_power_efficient
16:31:39        0        52    0.00    0.00    0.00    0.00    0.00     1      0.00      0.00       0       0   0.00      2.00      0.00  kcompactd0
16:31:39        0       122    0.00    0.00    0.00    0.00    0.00     1      0.00      0.00       0       0   0.00      1.00      0.00  kworker/u16:3-events_unbound
16:31:39        0       197    0.00    0.00    0.00    0.00    0.00     2      0.00      0.00       0       0   0.00      2.00      0.00  kworker/2:2-mm_percpu_wq
16:31:39        0       218    0.00    0.00    0.00    0.00    0.00     1      0.00      0.00       0       0   0.00      6.00      0.00  kworker/1:3-events
16:31:39        0       219    0.00    0.00    0.00    0.00    0.00     3      0.00      0.00       0       0   0.00      2.00      0.00  kworker/3:3-mm_percpu_wq
16:31:39        0       240    0.00    0.00    0.00    0.00    0.00     3      0.00      0.00  288968   26944   0.34      1.00      0.00  multipathd
16:31:39        0       257    0.00    0.00    0.00    0.00    0.00     0      0.00      0.00       0       0   0.00      1.00      0.00  kworker/0:1H-kblockd
16:31:39        0       595    0.00    0.00    0.00    0.00    0.00     0     20.00      0.00 1833076   21444   0.27      0.00      0.00  amazon-ssm-agen
16:31:39     1000      1633    0.00    0.00    0.00    0.00    0.00     1      0.00      0.00   32780   22496   0.28      3.00      0.00  python3
16:31:39     1000      1638    0.00    0.00    0.00    0.00    0.00     1      0.00      0.00    9900    3336   0.04      1.00      0.00  vmstat
16:31:39     1000      1639    0.00    0.00    0.00    0.00    0.00     1      0.00      0.00    7712    3764   0.05      1.00      0.00  pidstat
16:31:39     1000      1881   92.00    8.00    0.00    0.00  100.00     0   1549.00      0.00   64496   57276   0.72      1.00      6.00  /home/ubuntu/pa
16:31:39     1000      1890    3.00    4.00    0.00    0.00    7.00     3   8283.00      0.00 1742840   33524   0.42     79.00     23.00  hey

# Time        UID       PID    %usr %system  %guest   %wait    %CPU   CPU  minflt/s  majflt/s     VSZ     RSS   %MEM   cswch/s nvcswch/s  Command
16:31:40        0        11    0.00    0.00    0.00    0.00    0.00     0      0.00      0.00       0       0   0.00      6.00      0.00  kworker/0:1-events
16:31:40        0        16    0.00    0.00    0.00    0.00    0.00     1      0.00      0.00       0       0   0.00      4.00      0.00  rcu_sched
16:31:40        0        47    0.00    0.00    0.00    0.00    0.00     1      0.00      0.00       0       0   0.00      1.00      0.00  kworker/u16:1-events_power_efficient
16:31:40        0        52    0.00    0.00    0.00    0.00    0.00     1      0.00      0.00       0       0   0.00      2.00      0.00  kcompactd0
16:31:40        0       122    0.00    0.00    0.00    0.00    0.00     3      0.00      0.00       0       0   0.00      6.00      0.00  kworker/u16:3-events_power_efficient
16:31:40        0       197    0.00    0.00    0.00    0.00    0.00     2      0.00      0.00       0       0   0.00      1.00      0.00  kworker/2:2-mm_percpu_wq
16:31:40        0       218    0.00    0.00    0.00    0.00    0.00     1      0.00      0.00       0       0   0.00      1.00      0.00  kworker/1:3-mm_percpu_wq
16:31:40        0       219    0.00    0.00    0.00    0.00    0.00     3      0.00      0.00       0       0   0.00      6.00      0.00  kworker/3:3-events
16:31:40        0       240    0.00    0.00    0.00    0.00    0.00     3      0.00      0.00  288968   26944   0.34      1.00      0.00  multipathd
16:31:40     1000      1638    0.00    0.00    0.00    0.00    0.00     1      0.00      0.00    9900    3336   0.04      1.00      0.00  vmstat
16:31:40     1000      1639    0.00    1.00    0.00    0.00    1.00     1      0.00      0.00    7712    3764   0.05      1.00      0.00  pidstat
16:31:40     1000      1881   94.00    6.00    0.00    0.00  100.00     0     74.00      0.00   64892   57660   0.73      0.00      6.00  /home/ubuntu/pa
16:31:40     1000      1890   14.00    9.00    0.00    4.00   23.00     2  10892.00      0.00 1817532   71924   0.91    166.00    122.00  hey

# Time        UID       PID    %usr %system  %guest   %wait    %CPU   CPU  minflt/s  majflt/s     VSZ     RSS   %MEM   cswch/s nvcswch/s  Command
16:31:41        0        11    0.00    0.00    0.00    0.00    0.00     0      0.00      0.00       0       0   0.00      3.00      0.00  kworker/0:1-events
16:31:41        0        14    0.00    0.00    0.00    0.00    0.00     0      0.00      0.00       0       0   0.00      2.00      0.00  ksoftirqd/0
16:31:41        0        16    0.00    0.00    0.00    0.00    0.00     3      0.00      0.00       0       0   0.00     34.00      0.00  rcu_sched
16:31:41        0        32    0.00    0.00    0.00    0.00    0.00     2      0.00      0.00       0       0   0.00      1.00      0.00  ksoftirqd/2
16:31:41        0        52    0.00    0.00    0.00    0.00    0.00     1      0.00      0.00       0       0   0.00      2.00      0.00  kcompactd0
16:31:41        0       122    0.00    0.00    0.00    0.00    0.00     3      0.00      0.00       0       0   0.00      6.00      0.00  kworker/u16:3-events_power_efficient
16:31:41        0       197    0.00    0.00    0.00    0.00    0.00     2      0.00      0.00       0       0   0.00      3.00      0.00  kworker/2:2-events
16:31:41        0       218    0.00    0.00    0.00    0.00    0.00     1      0.00      0.00       0       0   0.00      2.00      0.00  kworker/1:3-mm_percpu_wq
16:31:41        0       219    0.00    0.00    0.00    0.00    0.00     3      0.00      0.00       0       0   0.00      8.00      0.00  kworker/3:3-events
16:31:41        0       240    0.00    0.00    0.00    0.00    0.00     3      0.00      0.00  288968   26944   0.34      1.00      0.00  multipathd
16:31:41     1000      1633    0.00    0.00    0.00    0.00    0.00     1      0.00      0.00   32780   22496   0.28      4.00      0.00  python3
16:31:41     1000      1638    0.00    0.00    0.00    0.00    0.00     1      0.00      0.00    9900    3336   0.04      1.00      0.00  vmstat
16:31:41     1000      1639    0.00    0.00    0.00    0.00    0.00     1      0.00      0.00    7712    3764   0.05      1.00      0.00  pidstat

# Time        UID       PID    %usr %system  %guest   %wait    %CPU   CPU  minflt/s  majflt/s     VSZ     RSS   %MEM   cswch/s nvcswch/s  Command
16:31:42        0        11    0.00    0.00    0.00    0.00    0.00     0      0.00      0.00       0       0   0.00      7.00      0.00  kworker/0:1-events
16:31:42        0        16    0.00    0.00    0.00    0.00    0.00     1      0.00      0.00       0       0   0.00     49.00      0.00  rcu_sched
16:31:42        0        19    0.00    0.00    0.00    0.00    0.00     0      0.00      0.00       0       0   0.00      1.00      0.00  migration/0
16:31:42        0        25    0.00    0.00    0.00    0.00    0.00     1      0.00      0.00       0       0   0.00      3.00      0.00  migration/1
16:31:42        0        31    0.00    0.00    0.00    0.00    0.00     2      0.00      0.00       0       0   0.00      1.00      0.00  migration/2
16:31:42        0        37    0.00    0.00    0.00    0.00    0.00     3      0.00      0.00       0       0   0.00      1.00      0.00  migration/3
16:31:42        0        52    0.00    0.00    0.00    0.00    0.00     1      0.00      0.00       0       0   0.00      2.00      0.00  kcompactd0
16:31:42        0       122    0.00    0.00    0.00    0.00    0.00     1      0.00      0.00       0       0   0.00      4.00      0.00  kworker/u16:3-events_power_efficient
16:31:42        0       197    0.00    0.00    0.00    0.00    0.00     2      0.00      0.00       0       0   0.00      1.00      0.00  kworker/2:2-mm_percpu_wq
16:31:42        0       218    0.00    0.00    0.00    0.00    0.00     1      0.00      0.00       0       0   0.00      5.00      0.00  kworker/1:3-events
16:31:42        0       219    0.00    0.00    0.00    0.00    0.00     3      0.00      0.00       0       0   0.00      4.00      0.00  kworker/3:3-mm_percpu_wq
16:31:42        0       240    0.00    0.00    0.00    0.00    0.00     3      0.00      0.00  288968   26944   0.34      1.00      0.00  multipathd
16:31:42        0       597    1.00    0.00    0.00    0.00    1.00     2      0.00      0.00 1924516   38352   0.48      0.00      0.00  snapd
16:31:42     1000      1633    1.00    0.00    0.00    0.00    1.00     1      0.00      0.00   32780   22496   0.28      8.00      0.00  python3
16:31:42     1000      1638    0.00    0.00    0.00    0.00    0.00     1      0.00      0.00    9900    3336   0.04      1.00      0.00  vmstat
16:31:42     1000      1639    1.00    1.00    0.00    0.00    2.00     1      0.00      0.00    7712    3764   0.05      1.00      0.00  pidstat
16:31:42     1000      1898    0.00    0.00    0.00    0.00    0.00     0    143.00      0.00    2704    1528   0.02      1.00      1.00  time
16:31:42     1000      1899   64.00    6.00    0.00    0.00   70.00     0  10475.00      0.00   58392   50892   0.64      7.00      5.00  /home/ubuntu/pa
16:31:42     1000      1900    8.00    7.00    0.00    0.00   15.00     3  12313.00      0.00 1816892   48100   0.61      5.00      3.00  hey

# Time        UID       PID    %usr %system  %guest   %wait    %CPU   CPU  minflt/s  majflt/s     VSZ     RSS   %MEM   cswch/s nvcswch/s  Command
16:31:43        0        11    0.00    0.00    0.00    0.00    0.00     0      0.00      0.00       0       0   0.00      2.00      0.00  kworker/0:1-events
16:31:43        0        14    0.00    0.00    0.00    0.00    0.00     0      0.00      0.00       0       0   0.00      2.00      0.00  ksoftirqd/0
16:31:43        0        16    0.00    0.00    0.00    0.00    0.00     1      0.00      0.00       0       0   0.00     25.00      0.00  rcu_sched
16:31:43        0        25    0.00    0.00    0.00    0.00    0.00     1      0.00      0.00       0       0   0.00      1.00      0.00  migration/1
16:31:43        0        38    0.00    0.00    0.00    0.00    0.00     3      0.00      0.00       0       0   0.00      2.00      0.00  ksoftirqd/3
16:31:43        0        47    0.00    0.00    0.00    0.00    0.00     1      0.00      0.00       0       0   0.00      8.00      0.00  kworker/u16:1-events_power_efficient
16:31:43        0        52    0.00    0.00    0.00    0.00    0.00     1      0.00      0.00       0       0   0.00      2.00      0.00  kcompactd0
16:31:43        0       122    0.00    0.00    0.00    0.00    0.00     3      0.00      0.00       0       0   0.00      9.00      0.00  kworker/u16:3-events_power_efficient
16:31:43        0       197    0.00    0.00    0.00    0.00    0.00     2      0.00      0.00       0       0   0.00      2.00      0.00  kworker/2:2-mm_percpu_wq
16:31:43        0       218    0.00    0.00    0.00    0.00    0.00     1      0.00      0.00       0       0   0.00      2.00      0.00  kworker/1:3-mm_percpu_wq
16:31:43        0       219    0.00    0.00    0.00    0.00    0.00     3      0.00      0.00       0       0   0.00      6.00      0.00  kworker/3:3-events
16:31:43        0       240    0.00    0.00    0.00    0.00    0.00     3      0.00      0.00  288968   26944   0.34      1.00      0.00  multipathd
16:31:43     1000      1633    0.00    0.00    0.00    0.00    0.00     1      0.00      0.00   32780   22496   0.28      3.00      0.00  python3
16:31:43     1000      1638    0.00    0.00    0.00    0.00    0.00     1      0.00      0.00    9900    3336   0.04      1.00      0.00  vmstat
16:31:43     1000      1639    0.00    0.00    0.00    0.00    0.00     1      0.00      0.00    7712    3764   0.05      1.00      0.00  pidstat
16:31:43     1000      1899   93.00    6.00    0.00    0.00   99.00     0   1638.00      0.00   64892   57420   0.73      1.00      4.00  /home/ubuntu/pa
16:31:43     1000      1908    8.00    6.00    0.00    0.00   14.00     2  11384.00      0.00 1816892   44348   0.56      6.00      6.00  hey

# Time        UID       PID    %usr %system  %guest   %wait    %CPU   CPU  minflt/s  majflt/s     VSZ     RSS   %MEM   cswch/s nvcswch/s  Command
16:31:44        0        11    0.00    0.00    0.00    0.00    0.00     0      0.00      0.00       0       0   0.00      6.00      0.00  kworker/0:1-events
16:31:44        0        16    0.00    0.00    0.00    0.00    0.00     1      0.00      0.00       0       0   0.00      2.00      0.00  rcu_sched
16:31:44        0        52    0.00    0.00    0.00    0.00    0.00     1      0.00      0.00       0       0   0.00      2.00      0.00  kcompactd0
16:31:44        0       122    0.00    0.00    0.00    0.00    0.00     1      0.00      0.00       0       0   0.00      5.00      0.00  kworker/u16:3-events_power_efficient
16:31:44        0       197    0.00    0.00    0.00    0.00    0.00     2      0.00      0.00       0       0   0.00      1.00      0.00  kworker/2:2-mm_percpu_wq
16:31:44        0       218    0.00    0.00    0.00    0.00    0.00     1      0.00      0.00       0       0   0.00      2.00      0.00  kworker/1:3-mm_percpu_wq
16:31:44        0       219    0.00    0.00    0.00    0.00    0.00     3      0.00      0.00       0       0   0.00      5.00      0.00  kworker/3:3-mm_percpu_wq
16:31:44        0       240    0.00    0.00    0.00    0.00    0.00     3      0.00      0.00  288968   26944   0.34      1.00      0.00  multipathd
16:31:44      998       538    0.00    0.00    0.00    0.00    0.00     1      0.00      0.00   22432    9808   0.12      1.00      0.00  systemd-network
16:31:44     1000      1638    0.00    0.00    0.00    0.00    0.00     1      0.00      0.00    9900    3336   0.04      1.00      0.00  vmstat
16:31:44     1000      1639    0.00    1.00    0.00    0.00    1.00     1      0.00      0.00    7712    3764   0.05      1.00      0.00  pidstat
16:31:44     1000      1899   94.00    6.00    0.00    0.00  100.00     0      2.00      0.00   64892   57548   0.73      0.00      6.00  /home/ubuntu/pa
16:31:44     1000      1908   12.00   10.00    0.00    0.00   22.00     2  10357.00      0.00 1817852   80572   1.02      0.00      0.00  hey

# Time        UID       PID    %usr %system  %guest   %wait    %CPU   CPU  minflt/s  majflt/s     VSZ     RSS   %MEM   cswch/s nvcswch/s  Command
16:31:45        0        11    0.00    0.00    0.00    0.00    0.00     0      0.00      0.00       0       0   0.00      3.00      0.00  kworker/0:1-events
16:31:45        0        14    0.00    0.00    0.00    0.00    0.00     0      0.00      0.00       0       0   0.00      2.00      0.00  ksoftirqd/0
16:31:45        0        16    0.00    0.00    0.00    0.00    0.00     3      0.00      0.00       0       0   0.00     42.00      0.00  rcu_sched
16:31:45        0        25    0.00    0.00    0.00    0.00    0.00     1      0.00      0.00       0       0   0.00      1.00      0.00  migration/1
16:31:45        0        32    0.00    0.00    0.00    0.00    0.00     2      0.00      0.00       0       0   0.00      1.00      0.00  ksoftirqd/2
16:31:45        0        38    0.00    0.00    0.00    0.00    0.00     3      0.00      0.00       0       0   0.00      1.00      0.00  ksoftirqd/3
16:31:45        0        47    0.00    0.00    0.00    0.00    0.00     2      0.00      0.00       0       0   0.00      1.00      0.00  kworker/u16:1-events_power_efficient
16:31:45        0        52    0.00    0.00    0.00    0.00    0.00     1      0.00      0.00       0       0   0.00      2.00      0.00  kcompactd0
16:31:45        0       122    0.00    0.00    0.00    0.00    0.00     1      0.00      0.00       0       0   0.00      5.00      0.00  kworker/u16:3-events_power_efficient
16:31:45        0       197    0.00    0.00    0.00    0.00    0.00     2      0.00      0.00       0       0   0.00      2.00      0.00  kworker/2:2-events
16:31:45        0       218    0.00    0.00    0.00    0.00    0.00     1      0.00      0.00       0       0   0.00      6.00      0.00  kworker/1:3-mm_percpu_wq
16:31:45        0       219    0.00    0.00    0.00    0.00    0.00     3      0.00      0.00       0       0   0.00      2.00      0.00  kworker/3:3-mm_percpu_wq
16:31:45        0       240    0.00    0.00    0.00    0.00    0.00     3      0.00      0.00  288968   26944   0.34      1.00      0.00  multipathd
16:31:45     1000      1633    0.00    1.00    0.00    0.00    1.00     1      0.00      0.00   32780   22496   0.28      6.00      0.00  python3
16:31:45     1000      1638    0.00    0.00    0.00    0.00    0.00     1      0.00      0.00    9900    3336   0.04      1.00      0.00  vmstat
16:31:45     1000      1639    0.00    0.00    0.00    0.00    0.00     1      0.00      0.00    7712    3764   0.05      1.00      0.00  pidstat
16:31:45     1000      1916    0.00    0.00    0.00    0.00    0.00     0    144.00      0.00    2704    1464   0.02      1.00      1.00  time
16:31:45     1000      1917    3.00    0.00    0.00    0.00    3.00     0   2211.00      0.00   19340   13988   0.18      0.00      0.00  perl

# Time        UID       PID    %usr %system  %guest   %wait    %CPU   CPU  minflt/s  majflt/s     VSZ     RSS   %MEM   cswch/s nvcswch/s  Command
16:31:46        0        11    0.00    0.00    0.00    0.00    0.00     0      0.00      0.00       0       0   0.00      7.00      0.00  kworker/0:1-events
16:31:46        0        16    0.00    0.00    0.00    0.00    0.00     1      0.00      0.00       0       0   0.00     27.00      0.00  rcu_sched
16:31:46        0        19    0.00    0.00    0.00    0.00    0.00     0      0.00      0.00       0       0   0.00      1.00      0.00  migration/0
16:31:46        0        25    0.00    0.00    0.00    0.00    0.00     1      0.00      0.00       0       0   0.00      2.00      0.00  migration/1
16:31:46        0        26    0.00    0.00    0.00    0.00    0.00     1      0.00      0.00       0       0   0.00      1.00      0.00  ksoftirqd/1
16:31:46        0        31    0.00    0.00    0.00    0.00    0.00     2      0.00      0.00       0       0   0.00      1.00      0.00  migration/2
16:31:46        0        37    0.00    0.00    0.00    0.00    0.00     3      0.00      0.00       0       0   0.00      1.00      0.00  migration/3
16:31:46        0        52    0.00    0.00    0.00    0.00    0.00     1      0.00      0.00       0       0   0.00      2.00      0.00  kcompactd0
16:31:46        0       122    0.00    0.00    0.00    0.00    0.00     2      0.00      0.00       0       0   0.00      6.00      0.00  kworker/u16:3-events_unbound
16:31:46        0       136    0.00    0.00    0.00    0.00    0.00     3      0.00      0.00       0       0   0.00      3.00      0.00  jbd2/nvme0n1p1-8
16:31:46        0       197    0.00    0.00    0.00    0.00    0.00     2      0.00      0.00       0       0   0.00      2.00      0.00  kworker/2:2-events
16:31:46        0       218    0.00    0.00    0.00    0.00    0.00     1      0.00      0.00       0       0   0.00      7.00      0.00  kworker/1:3-events
16:31:46        0       219    0.00    0.00    0.00    0.00    0.00     3      0.00      0.00       0       0   0.00      1.00      0.00  kworker/3:3-mm_percpu_wq
16:31:46        0       240    0.00    0.00    0.00    0.00    0.00     3      0.00      0.00  288968   26944   0.34      2.00      0.00  multipathd
16:31:46     1000      1633    0.00    0.00    0.00    0.00    0.00     1      0.00      0.00   32780   22496   0.28     15.00      0.00  python3
16:31:46     1000      1638    0.00    0.00    0.00    0.00    0.00     1      0.00      0.00    9900    3336   0.04      1.00      0.00  vmstat
16:31:46     1000      1639    0.00    0.00    0.00    0.00    0.00     1      0.00      0.00    7712    3764   0.05      1.00      0.00  pidstat
16:31:46     1000      1917   71.00   22.00    0.00    0.00   93.00     0   5928.00      0.00   48816   41776   0.53      8.00      7.00  /home/ubuntu/pe
16:31:46     1000      1918   19.00   27.00    0.00    0.00   46.00     2   6310.00      0.00 1816636   28656   0.36      3.00      2.00  hey

# Time        UID       PID    %usr %system  %guest   %wait    %CPU   CPU  minflt/s  majflt/s     VSZ     RSS   %MEM   cswch/s nvcswch/s  Command
16:31:47        0        11    0.00    0.00    0.00    0.00    0.00     0      0.00      0.00       0       0   0.00      3.00      0.00  kworker/0:1-events
16:31:47        0        16    0.00    0.00    0.00    0.00    0.00     3      0.00      0.00       0       0   0.00     19.00      0.00  rcu_sched
16:31:47        0        25    0.00    0.00    0.00    0.00    0.00     1      0.00      0.00       0       0   0.00      2.00      0.00  migration/1
16:31:47        0        32    0.00    0.00    0.00    0.00    0.00     2      0.00      0.00       0       0   0.00      1.00      0.00  ksoftirqd/2
16:31:47        0        52    0.00    0.00    0.00    0.00    0.00     1      0.00      0.00       0       0   0.00      2.00      0.00  kcompactd0
16:31:47        0       122    0.00    0.00    0.00    0.00    0.00     1      0.00      0.00       0       0   0.00      6.00      0.00  kworker/u16:3-events_power_efficient
16:31:47        0       197    0.00    0.00    0.00    0.00    0.00     2      0.00      0.00       0       0   0.00      4.00      0.00  kworker/2:2-mm_percpu_wq
16:31:47        0       218    0.00    0.00    0.00    0.00    0.00     1      0.00      0.00       0       0   0.00      4.00      0.00  kworker/1:3-events
16:31:47        0       219    0.00    0.00    0.00    0.00    0.00     3      0.00      0.00       0       0   0.00      2.00      0.00  kworker/3:3-mm_percpu_wq
16:31:47        0       240    0.00    0.00    0.00    0.00    0.00     3      0.00      0.00  288968   26944   0.34      2.00      0.00  multipathd
16:31:47        0       589    0.00    0.00    0.00    0.00    0.00     1      0.00      0.00   83064    4620   0.06      1.00      0.00  irqbalance
16:31:47     1000      1633    0.00    0.00    0.00    0.00    0.00     1      0.00      0.00   32780   22496   0.28      5.00      0.00  python3
16:31:47     1000      1638    0.00    0.00    0.00    0.00    0.00     1      0.00      0.00    9900    3336   0.04      1.00      0.00  vmstat
16:31:47     1000      1639    0.00    1.00    0.00    0.00    1.00     1      0.00      0.00    7712    3764   0.05      1.00      0.00  pidstat
16:31:47     1000      1917   90.00   10.00    0.00    0.00  100.00     0    719.00      0.00   51096   43992   0.56      2.00      3.00  /home/ubuntu/pe
16:31:47     1000      1926   16.00   13.00    0.00    0.00   29.00     2  11669.00      0.00 1743224   47416   0.60      4.00      5.00  hey
16:31:47     1000      1933    1.00    0.00    0.00    0.00    1.00     2   1404.00      0.00 1750456   10856   0.14      2.00      5.00  hey

# Time        UID       PID    %usr %system  %guest   %wait    %CPU   CPU  minflt/s  majflt/s     VSZ     RSS   %MEM   cswch/s nvcswch/s  Command
16:31:48        0        11    0.00    0.00    0.00    0.00    0.00     0      0.00      0.00       0       0   0.00      4.00      0.00  kworker/0:1-events
16:31:48        0        16    0.00    0.00    0.00    0.00    0.00     3      0.00      0.00       0       0   0.00      3.00      0.00  rcu_sched
16:31:48        0        47    0.00    0.00    0.00    0.00    0.00     3      0.00      0.00       0       0   0.00      2.00      0.00  kworker/u16:1-events_power_efficient
16:31:48        0        52    0.00    0.00    0.00    0.00    0.00     1      0.00      0.00       0       0   0.00      2.00      0.00  kcompactd0
16:31:48        0       122    0.00    0.00    0.00    0.00    0.00     1      0.00      0.00       0       0   0.00      7.00      0.00  kworker/u16:3-events_power_efficient
16:31:48        0       197    0.00    0.00    0.00    0.00    0.00     2      0.00      0.00       0       0   0.00      2.00      0.00  kworker/2:2-events
16:31:48        0       218    0.00    0.00    0.00    0.00    0.00     1      0.00      0.00       0       0   0.00      4.00      0.00  kworker/1:3-mm_percpu_wq
16:31:48        0       219    0.00    0.00    0.00    0.00    0.00     3      0.00      0.00       0       0   0.00      2.00      0.00  kworker/3:3-events
16:31:48        0       240    0.00    0.00    0.00    0.00    0.00     3      0.00      0.00  288968   26944   0.34      1.00      0.00  multipathd
16:31:48     1000      1638    0.00    0.00    0.00    0.00    0.00     1      0.00      0.00    9900    3336   0.04      1.00      0.00  vmstat
16:31:48     1000      1639    1.00    0.00    0.00    0.00    1.00     1      0.00      0.00    7712    3764   0.05      1.00      0.00  pidstat
16:31:48     1000      1917   90.00    9.00    0.00    0.00   99.00     0      8.00      0.00   51096   43992   0.56      0.00      4.00  /home/ubuntu/pe
16:31:48     1000      1926   19.00   15.00    0.00    0.00   34.00     2   5620.00      0.00 1817724   67640   0.85      0.00      0.00  hey
16:31:48     1000      1933    3.00    3.00    0.00    0.00    6.00     2    566.00      0.00 1750456   12776   0.16      0.00      0.00  hey

# Time        UID       PID    %usr %system  %guest   %wait    %CPU   CPU  minflt/s  majflt/s     VSZ     RSS   %MEM   cswch/s nvcswch/s  Command
16:31:49        0        11    0.00    0.00    0.00    0.00    0.00     0      0.00      0.00       0       0   0.00      2.00      0.00  kworker/0:1-events
16:31:49        0        16    0.00    0.00    0.00    0.00    0.00     1      0.00      0.00       0       0   0.00     11.00      0.00  rcu_sched
16:31:49        0        26    0.00    0.00    0.00    0.00    0.00     1      0.00      0.00       0       0   0.00      1.00      0.00  ksoftirqd/1
16:31:49        0        38    0.00    0.00    0.00    0.00    0.00     3      0.00      0.00       0       0   0.00      1.00      0.00  ksoftirqd/3
16:31:49        0        47    0.00    0.00    0.00    0.00    0.00     1      0.00      0.00       0       0   0.00      6.00      0.00  kworker/u16:1-events_power_efficient
16:31:49        0        52    0.00    0.00    0.00    0.00    0.00     1      0.00      0.00       0       0   0.00      2.00      0.00  kcompactd0
16:31:49        0       197    0.00    1.00    0.00    0.00    1.00     2      0.00      0.00       0       0   0.00      2.00      0.00  kworker/2:2-mm_percpu_wq
16:31:49        0       218    0.00    0.00    0.00    0.00    0.00     1      0.00      0.00       0       0   0.00      6.00      0.00  kworker/1:3-events
16:31:49        0       219    0.00    0.00    0.00    0.00    0.00     3      0.00      0.00       0       0   0.00      5.00      0.00  kworker/3:3-mm_percpu_wq
16:31:49        0       240    0.00    0.00    0.00    0.00    0.00     3      0.00      0.00  288968   26944   0.34      1.00      0.00  multipathd
16:31:49      110       702    0.00    0.00    0.00    0.00    0.00     1      0.00      0.00   19416    3760   0.05      2.00      0.00  chronyd
16:31:49        0       840    0.00    0.00    0.00    0.00    0.00     3      0.00      0.00       0       0   0.00      1.00      0.00  kworker/3:1H-kblockd
16:31:49     1000      1633    0.00    0.00    0.00    0.00    0.00     1      0.00      0.00   32780   22496   0.28     11.00      0.00  python3
16:31:49     1000      1638    0.00    0.00    0.00    0.00    0.00     1      0.00      0.00    9900    3336   0.04      1.00      0.00  vmstat
16:31:49     1000      1639    0.00    1.00    0.00    0.00    1.00     1      0.00      0.00    7712    3764   0.05      1.00      0.00  pidstat
16:31:49     1000      1917   91.00    9.00    0.00    0.00  100.00     0      0.00      0.00   51096   43992   0.56      0.00      2.00  /home/ubuntu/pe
16:31:49     1000      1926   21.00   14.00    0.00    0.00   35.00     2   1356.00      0.00 1817980   72504   0.92      0.00      0.00  hey

# Time        UID       PID    %usr %system  %guest   %wait    %CPU   CPU  minflt/s  majflt/s     VSZ     RSS   %MEM   cswch/s nvcswch/s  Command
16:31:50        0        11    0.00    0.00    0.00    0.00    0.00     0      0.00      0.00       0       0   0.00      4.00      0.00  kworker/0:1-events
16:31:50        0        19    0.00    0.00    0.00    0.00    0.00     0      0.00      0.00       0       0   0.00      1.00      0.00  migration/0
16:31:50        0        25    0.00    0.00    0.00    0.00    0.00     1      0.00      0.00       0       0   0.00      1.00      0.00  migration/1
16:31:50        0        31    0.00    0.00    0.00    0.00    0.00     2      0.00      0.00       0       0   0.00      1.00      0.00  migration/2
16:31:50        0        37    0.00    0.00    0.00    0.00    0.00     3      0.00      0.00       0       0   0.00      1.00      0.00  migration/3
16:31:50        0        47    0.00    0.00    0.00    0.00    0.00     1      0.00      0.00       0       0   0.00      5.00      0.00  kworker/u16:1-events_power_efficient
16:31:50        0        52    0.00    0.00    0.00    0.00    0.00     1      0.00      0.00       0       0   0.00      2.00      0.00  kcompactd0
16:31:50        0       197    0.00    0.00    0.00    0.00    0.00     2      0.00      0.00       0       0   0.00      2.00      0.00  kworker/2:2-events
16:31:50        0       218    0.00    0.00    0.00    0.00    0.00     1      0.00      0.00       0       0   0.00      7.00      0.00  kworker/1:3-events
16:31:50        0       219    0.00    0.00    0.00    0.00    0.00     3      0.00      0.00       0       0   0.00      3.00      0.00  kworker/3:3-events
16:31:50        0       240    0.00    0.00    0.00    0.00    0.00     3      0.00      0.00  288968   26944   0.34      1.00      0.00  multipathd
16:31:50     1000      1633    0.00    0.00    0.00    0.00    0.00     1      0.00      0.00   32780   22496   0.28     20.00      0.00  python3
16:31:50     1000      1638    0.00    0.00    0.00    0.00    0.00     1      0.00      0.00    9900    3336   0.04      1.00      0.00  vmstat
16:31:50     1000      1639    0.00    0.00    0.00    0.00    0.00     1      0.00      0.00    7712    3764   0.05      1.00      0.00  pidstat
16:31:50     1000      1917   94.00    6.00    0.00    0.00  100.00     0      0.00      0.00   51096   43992   0.56      0.00      5.00  /home/ubuntu/pe
16:31:50     1000      1926   19.00   17.00    0.00    0.00   36.00     2    173.00      0.00 1818428   73016   0.92      0.00      0.00  hey

# Time        UID       PID    %usr %system  %guest   %wait    %CPU   CPU  minflt/s  majflt/s     VSZ     RSS   %MEM   cswch/s nvcswch/s  Command
16:31:51        0        11    0.00    0.00    0.00    0.00    0.00     0      0.00      0.00       0       0   0.00      3.00      0.00  kworker/0:1-events
16:31:51        0        14    0.00    0.00    0.00    0.00    0.00     0      0.00      0.00       0       0   0.00      1.00      0.00  ksoftirqd/0
16:31:51        0        16    0.00    0.00    0.00    0.00    0.00     1      0.00      0.00       0       0   0.00     62.00      0.00  rcu_sched
16:31:51        0        25    0.00    0.00    0.00    0.00    0.00     1      0.00      0.00       0       0   0.00      2.00      0.00  migration/1
16:31:51        0        32    0.00    0.00    0.00    0.00    0.00     2      0.00      0.00       0       0   0.00      1.00      0.00  ksoftirqd/2
16:31:51        0        38    0.00    0.00    0.00    0.00    0.00     3      0.00      0.00       0       0   0.00      2.00      0.00  ksoftirqd/3
16:31:51        0        47    0.00    0.00    0.00    0.00    0.00     1      0.00      0.00       0       0   0.00      6.00      0.00  kworker/u16:1-events_power_efficient
16:31:51        0        52    0.00    0.00    0.00    0.00    0.00     1      0.00      0.00       0       0   0.00      2.00      0.00  kcompactd0
16:31:51        0       197    0.00    0.00    0.00    0.00    0.00     2      0.00      0.00       0       0   0.00      2.00      0.00  kworker/2:2-mm_percpu_wq
16:31:51        0       218    0.00    0.00    0.00    0.00    0.00     1      0.00      0.00       0       0   0.00      7.00      0.00  kworker/1:3-mm_percpu_wq
16:31:51        0       219    0.00    0.00    0.00    1.00    0.00     3      0.00      0.00       0       0   0.00      4.00      0.00  kworker/3:3-mm_percpu_wq
16:31:51        0       240    0.00    0.00    0.00    0.00    0.00     3      0.00      0.00  288968   26944   0.34      1.00      0.00  multipathd
16:31:51     1000      1633    1.00    0.00    0.00    0.00    1.00     1      0.00      0.00   32780   22496   0.28     24.00      0.00  python3
16:31:51     1000      1638    0.00    0.00    0.00    0.00    0.00     1      0.00      0.00    9900    3336   0.04      1.00      0.00  vmstat
16:31:51     1000      1639    0.00    0.00    0.00    0.00    0.00     1      0.00      0.00    7712    3764   0.05      1.00      0.00  pidstat
16:31:51     1000      1942    0.00    0.00    0.00    0.00    0.00     0    144.00      0.00    2704    1528   0.02      1.00      1.00  time
16:31:51     1000      1943   30.00    7.00    0.00    0.00   37.00     0   8394.00      0.00   50052   42764   0.54      8.00      1.00  /home/ubuntu/pa
16:31:51     1000      1944    4.00    5.00    0.00    0.00    9.00     2   2661.00      0.00 1750712   15280   0.19      4.00      3.00  hey

# Time        UID       PID    %usr %system  %guest   %wait    %CPU   CPU  minflt/s  majflt/s     VSZ     RSS   %MEM   cswch/s nvcswch/s  Command
16:31:52        0        11    0.00    0.00    0.00    0.00    0.00     0      0.00      0.00       0       0   0.00      4.00      0.00  kworker/0:1-events
16:31:52        0        16    0.00    0.00    0.00    0.00    0.00     1      0.00      0.00       0       0   0.00     12.00      0.00  rcu_sched
16:31:52        0        25    0.00    0.00    0.00    0.00    0.00     1      0.00      0.00       0       0   0.00      1.00      0.00  migration/1
16:31:52        0        26    0.00    0.00    0.00    0.00    0.00     1      0.00      0.00       0       0   0.00      2.00      0.00  ksoftirqd/1
16:31:52        0        47    0.00    0.00    0.00    0.00    0.00     1      0.00      0.00       0       0   0.00      6.00      0.00  kworker/u16:1-events_power_efficient
16:31:52        0        52    0.00    0.00    0.00    0.00    0.00     1      0.00      0.00       0       0   0.00      2.00      0.00  kcompactd0
16:31:52        0       197    0.00    0.00    0.00    0.00    0.00     2      0.00      0.00       0       0   0.00      3.00      0.00  kworker/2:2-events
16:31:52        0       218    0.00    0.00    0.00    0.00    0.00     1      0.00      0.00       0       0   0.00      6.00      0.00  kworker/1:3-events
16:31:52        0       219    0.00    0.00    0.00    0.00    0.00     3      0.00      0.00       0       0   0.00      2.00      0.00  kworker/3:3-events
16:31:52        0       240    0.00    0.00    0.00    0.00    0.00     3      0.00      0.00  288968   26944   0.34      1.00      0.00  multipathd
16:31:52     1000      1633    0.00    0.00    0.00    0.00    0.00     1      0.00      0.00   32780   22496   0.28      3.00      0.00  python3
16:31:52     1000      1638    0.00    0.00    0.00    0.00    0.00     1      0.00      0.00    9900    3336   0.04      1.00      0.00  vmstat
16:31:52     1000      1639    0.00    1.00    0.00    0.00    1.00     1      0.00      0.00    7712    3764   0.05      1.00      0.00  pidstat
16:31:52     1000      1943   78.00   20.00    0.00    0.00   98.00     0     79.00      0.00   50316   43148   0.54      3.00      4.00  /home/ubuntu/pa
16:31:52     1000      1952    3.00    2.00    0.00    0.00    5.00     3   4644.00      0.00 1742584   22024   0.28      4.00      2.00  hey

# Time        UID       PID    %usr %system  %guest   %wait    %CPU   CPU  minflt/s  majflt/s     VSZ     RSS   %MEM   cswch/s nvcswch/s  Command
16:31:53        0        11    0.00    0.00    0.00    0.00    0.00     0      0.00      0.00       0       0   0.00      1.98      0.00  kworker/0:1-events
16:31:53        0        16    0.00    0.00    0.00    0.00    0.00     1      0.00      0.00       0       0   0.00      8.91      0.00  rcu_sched
16:31:53        0        25    0.00    0.00    0.00    0.00    0.00     1      0.00      0.00       0       0   0.00      0.99      0.00  migration/1
16:31:53        0        47    0.00    0.00    0.00    0.00    0.00     3      0.00      0.00       0       0   0.00      7.92      0.00  kworker/u16:1-events_unbound
16:31:53        0        52    0.00    0.00    0.00    0.00    0.00     1      0.00      0.00       0       0   0.00      1.98      0.00  kcompactd0
16:31:53        0       122    0.00    0.00    0.00    0.00    0.00     2      0.00      0.00       0       0   0.00      0.99      0.00  kworker/u16:3-events_power_efficient
16:31:53        0       197    0.00    0.00    0.00    0.00    0.00     2      0.00      0.00       0       0   0.00      0.99      0.00  kworker/2:2-mm_percpu_wq
16:31:53        0       218    0.00    0.00    0.00    0.00    0.00     1      0.00      0.00       0       0   0.00      4.95      0.00  kworker/1:3-mm_percpu_wq
16:31:53        0       219    0.00    0.00    0.00    0.00    0.00     3      0.00      0.00       0       0   0.00      0.99      0.00  kworker/3:3-mm_percpu_wq
16:31:53        0       240    0.00    0.00    0.00    0.00    0.00     3      0.00      0.00  288968   26944   0.34      0.99      0.00  multipathd
16:31:53        0       615    0.00    0.00    0.00    0.00    0.00     2      0.00      0.00       0       0   0.00      0.99      0.00  kworker/u16:4-flush-259:0
16:31:53     1000      1633    0.00    0.00    0.00    0.00    0.00     1      0.00      0.00   32780   22496   0.28      1.98      0.00  python3
16:31:53     1000      1638    0.00    0.00    0.00    0.00    0.00     1      0.00      0.00    9900    3336   0.04      0.99      0.00  vmstat
16:31:53     1000      1639    0.99    0.00    0.00    0.00    0.99     1      0.00      0.00    7712    3764   0.05      0.99      0.00  pidstat
16:31:53     1000      1943   91.09    7.92    0.00    0.00   99.01     0    544.55      0.00   52456   45324   0.57      0.00      1.98  /home/ubuntu/pa
16:31:53     1000      1952   10.89    9.90    0.00    0.00   20.79     3  11462.38      0.00 1743800   62856   0.79      0.00      0.00  hey
16:31:53     1000      1959    1.98    0.99    0.00    0.00    2.97     2   1649.50      0.00 1676980   11704   0.15      2.97      2.97  hey

# Time        UID       PID    %usr %system  %guest   %wait    %CPU   CPU  minflt/s  majflt/s     VSZ     RSS   %MEM   cswch/s nvcswch/s  Command
16:31:54        0        11    0.00    0.00    0.00    0.00    0.00     0      0.00      0.00       0       0   0.00      7.00      0.00  kworker/0:1-events
16:31:54        0        16    0.00    0.00    0.00    0.00    0.00     1      0.00      0.00       0       0   0.00      2.00      0.00  rcu_sched
16:31:54        0        19    0.00    0.00    0.00    0.00    0.00     0      0.00      0.00       0       0   0.00      1.00      0.00  migration/0
16:31:54        0        25    0.00    0.00    0.00    0.00    0.00     1      0.00      0.00       0       0   0.00      1.00      0.00  migration/1
16:31:54        0        26    0.00    0.00    0.00    0.00    0.00     1      0.00      0.00       0       0   0.00      1.00      0.00  ksoftirqd/1
16:31:54        0        31    0.00    0.00    0.00    0.00    0.00     2      0.00      0.00       0       0   0.00      1.00      0.00  migration/2
16:31:54        0        37    0.00    0.00    0.00    0.00    0.00     3      0.00      0.00       0       0   0.00      1.00      0.00  migration/3
16:31:54        0        47    0.00    0.00    0.00    0.00    0.00     3      0.00      0.00       0       0   0.00      5.00      0.00  kworker/u16:1-events_power_efficient
16:31:54        0        52    0.00    0.00    0.00    0.00    0.00     1      0.00      0.00       0       0   0.00      2.00      0.00  kcompactd0
16:31:54        0       197    0.00    0.00    0.00    0.00    0.00     2      0.00      0.00       0       0   0.00      1.00      0.00  kworker/2:2-mm_percpu_wq
16:31:54        0       218    0.00    0.00    0.00    0.00    0.00     1      0.00      0.00       0       0   0.00      1.00      0.00  kworker/1:3-mm_percpu_wq
16:31:54        0       219    0.00    0.00    0.00    0.00    0.00     3      0.00      0.00       0       0   0.00      6.00      0.00  kworker/3:3-events
16:31:54        0       240    0.00    0.00    0.00    0.00    0.00     3      0.00      0.00  288968   26944   0.34      2.00      0.00  multipathd
16:31:54     1000      1638    0.00    0.00    0.00    0.00    0.00     1      0.00      0.00    9900    3336   0.04      1.00      0.00  vmstat
16:31:54     1000      1639    0.00    1.00    0.00    0.00    1.00     1      0.00      0.00    7712    3764   0.05      1.00      1.00  pidstat
16:31:54     1000      1943   93.00    8.00    0.00    0.00  101.00     0      0.00      0.00   52456   45324   0.57      0.00      8.00  /home/ubuntu/pa
16:31:54     1000      1952   12.00    7.00    0.00    0.00   19.00     3   1485.00      0.00 1817724   68272   0.86      0.00      0.00  hey
16:31:54     1000      1959    2.00    2.00    0.00    0.00    4.00     2    533.00      0.00 1676980   13624   0.17      0.00      0.00  hey

# Time        UID       PID    %usr %system  %guest   %wait    %CPU   CPU  minflt/s  majflt/s     VSZ     RSS   %MEM   cswch/s nvcswch/s  Command
16:31:55        0        11    0.00    0.00    0.00    0.00    0.00     0      0.00      0.00       0       0   0.00      3.00      0.00  kworker/0:1-events
16:31:55        0        16    0.00    0.00    0.00    0.00    0.00     1      0.00      0.00       0       0   0.00      9.00      0.00  rcu_sched
16:31:55        0        38    0.00    0.00    0.00    0.00    0.00     3      0.00      0.00       0       0   0.00      1.00      0.00  ksoftirqd/3
16:31:55        0        47    0.00    0.00    0.00    0.00    0.00     3      0.00      0.00       0       0   0.00      6.00      0.00  kworker/u16:1-events_power_efficient
16:31:55        0        52    0.00    0.00    0.00    0.00    0.00     1      0.00      0.00       0       0   0.00      2.00      0.00  kcompactd0
16:31:55        0       197    0.00    0.00    0.00    0.00    0.00     2      0.00      0.00       0       0   0.00      1.00      0.00  kworker/2:2-mm_percpu_wq
16:31:55        0       218    0.00    0.00    0.00    0.00    0.00     1      0.00      0.00       0       0   0.00      1.00      0.00  kworker/1:3-mm_percpu_wq
16:31:55        0       219    0.00    0.00    0.00    0.00    0.00     3      0.00      0.00       0       0   0.00      7.00      0.00  kworker/3:3-events
16:31:55        0       240    0.00    0.00    0.00    0.00    0.00     3      0.00      0.00  288968   26944   0.34      1.00      0.00  multipathd
16:31:55        0       615    0.00    0.00    0.00    0.00    0.00     2      0.00      0.00       0       0   0.00      1.00      0.00  kworker/u16:4-flush-259:0
16:31:55     1000      1633    0.00    0.00    0.00    0.00    0.00     1      0.00      0.00   32780   22496   0.28     21.00      0.00  python3
16:31:55     1000      1638    0.00    0.00    0.00    0.00    0.00     1      0.00      0.00    9900    3336   0.04      1.00      0.00  vmstat
16:31:55     1000      1639    0.00    0.00    0.00    0.00    0.00     1      0.00      0.00    7712    3764   0.05      1.00      1.00  pidstat
16:31:55     1000      1943   94.00    6.00    0.00    0.00  100.00     0      0.00      0.00   52456   45324   0.57      0.00      3.00  /home/ubuntu/pa
16:31:55     1000      1952   15.00    5.00    0.00    0.00   20.00     3   1251.00      0.00 1818300   72496   0.92      0.00      0.00  hey

# Time        UID       PID    %usr %system  %guest   %wait    %CPU   CPU  minflt/s  majflt/s     VSZ     RSS   %MEM   cswch/s nvcswch/s  Command
16:31:56        0        11    0.00    0.00    0.00    0.00    0.00     0      0.00      0.00       0       0   0.00      4.00      0.00  kworker/0:1-events
16:31:56        0        16    0.00    0.00    0.00    0.00    0.00     2      0.00      0.00       0       0   0.00     22.00      0.00  rcu_sched
16:31:56        0        38    0.00    0.00    0.00    0.00    0.00     3      0.00      0.00       0       0   0.00      1.00      0.00  ksoftirqd/3
16:31:56        0        52    0.00    0.00    0.00    0.00    0.00     1      0.00      0.00       0       0   0.00      2.00      0.00  kcompactd0
16:31:56        0       197    0.00    0.00    0.00    0.00    0.00     2      0.00      0.00       0       0   0.00      8.00      0.00  kworker/2:2-events
16:31:56        0       218    0.00    0.00    0.00    0.00    0.00     1      0.00      0.00       0       0   0.00      2.00      0.00  kworker/1:3-events
16:31:56        0       219    0.00    0.00    0.00    0.00    0.00     3      0.00      0.00       0       0   0.00      4.00      0.00  kworker/3:3-events
16:31:56        0       240    0.00    0.00    0.00    0.00    0.00     3      0.00      0.00  288968   26944   0.34      1.00      0.00  multipathd
16:31:56        0       615    0.00    0.00    0.00    0.00    0.00     2      0.00      0.00       0       0   0.00      6.00      0.00  kworker/u16:4-events_power_efficient
16:31:56     1000      1633    0.00    0.00    0.00    0.00    0.00     1      0.00      0.00   32780   22496   0.28     18.00      0.00  python3
16:31:56     1000      1638    0.00    0.00    0.00    0.00    0.00     1      0.00      0.00    9900    3336   0.04      1.00      0.00  vmstat
16:31:56     1000      1639    0.00    1.00    0.00    0.00    1.00     1      0.00      0.00    7712    3764   0.05      1.00      1.00  pidstat

# Time        UID       PID    %usr %system  %guest   %wait    %CPU   CPU  minflt/s  majflt/s     VSZ     RSS   %MEM   cswch/s nvcswch/s  Command
16:31:57        0         1    0.00    0.00    0.00    0.00    0.00     2      1.00      0.00   22164   13096   0.17      1.00      0.00  systemd
16:31:57        0        11    0.00    0.00    0.00    0.00    0.00     0      0.00      0.00       0       0   0.00      2.00      0.00  kworker/0:1-events
16:31:57        0        16    0.00    0.00    0.00    0.00    0.00     1      0.00      0.00       0       0   0.00     34.00      0.00  rcu_sched
16:31:57        0        25    0.00    0.00    0.00    0.00    0.00     1      0.00      0.00       0       0   0.00      2.00      0.00  migration/1
16:31:57        0        52    0.00    0.00    0.00    0.00    0.00     1      0.00      0.00       0       0   0.00      2.00      0.00  kcompactd0
16:31:57        0       177    0.00    0.00    0.00    0.00    0.00     1      0.00      0.00   50528   17452   0.22      1.00      0.00  systemd-journal
16:31:57        0       197    0.00    0.00    0.00    0.00    0.00     2      0.00      0.00       0       0   0.00      6.00      0.00  kworker/2:2-events
16:31:57        0       218    0.00    0.00    0.00    0.00    0.00     1      0.00      0.00       0       0   0.00      1.00      0.00  kworker/1:3-mm_percpu_wq
16:31:57        0       219    0.00    0.00    0.00    0.00    0.00     3      0.00      0.00       0       0   0.00      1.00      0.00  kworker/3:3-mm_percpu_wq
16:31:57        0       240    0.00    0.00    0.00    0.00    0.00     3      0.00      0.00  288968   26944   0.34      1.00      0.00  multipathd
16:31:57        0       589    0.00    1.00    0.00    0.00    1.00     1      0.00      0.00   83064    4620   0.06      1.00      0.00  irqbalance
16:31:57        0       615    0.00    0.00    0.00    0.00    0.00     2      0.00      0.00       0       0   0.00      6.00      0.00  kworker/u16:4-events_power_efficient
16:31:57     1000      1633    0.00    1.00    0.00    0.00    1.00     1      0.00      0.00   32780   22496   0.28     11.00      0.00  python3
16:31:57     1000      1638    0.00    0.00    0.00    0.00    0.00     1      0.00      0.00    9900    3336   0.04      1.00      0.00  vmstat
16:31:57     1000      1639    0.00    0.00    0.00    0.00    0.00     1      0.00      0.00    7712    3764   0.05      1.00      1.00  pidstat
16:31:57     1000      1967    0.00    0.00    0.00    0.00    0.00     0    145.00      0.00    2704    1464   0.02      1.00      1.00  time
16:31:57     1000      1968   65.00   10.00    0.00    0.00   75.00     0   8401.00      0.00   50120   42724   0.54      8.00      2.00  /home/ubuntu/pa
16:31:57     1000      1969    9.00   13.00    0.00    0.00   22.00     3   6761.00      0.00 1816636   30128   0.38      3.00      5.00  hey

# Time        UID       PID    %usr %system  %guest   %wait    %CPU   CPU  minflt/s  majflt/s     VSZ     RSS   %MEM   cswch/s nvcswch/s  Command
16:31:58        0        11    0.00    0.00    0.00    1.00    0.00     0      0.00      0.00       0       0   0.00      4.00      0.00  kworker/0:1-events
16:31:58        0        14    0.00    0.00    0.00    0.00    0.00     0      0.00      0.00       0       0   0.00      1.00      0.00  ksoftirqd/0
16:31:58        0        16    0.00    0.00    0.00    0.00    0.00     1      0.00      0.00       0       0   0.00     19.00      0.00  rcu_sched
16:31:58        0        19    0.00    0.00    0.00    0.00    0.00     0      0.00      0.00       0       0   0.00      1.00      0.00  migration/0
16:31:58        0        25    0.00    0.00    0.00    0.00    0.00     1      0.00      0.00       0       0   0.00      3.00      0.00  migration/1
16:31:58        0        26    0.00    0.00    0.00    0.00    0.00     1      0.00      0.00       0       0   0.00      1.00      0.00  ksoftirqd/1
16:31:58        0        31    0.00    0.00    0.00    0.00    0.00     2      0.00      0.00       0       0   0.00      1.00      0.00  migration/2
16:31:58        0        37    0.00    0.00    0.00    0.00    0.00     3      0.00      0.00       0       0   0.00      1.00      0.00  migration/3
16:31:58        0        52    0.00    0.00    0.00    0.00    0.00     1      0.00      0.00       0       0   0.00      2.00      0.00  kcompactd0
16:31:58        0       197    0.00    0.00    0.00    0.00    0.00     2      0.00      0.00       0       0   0.00      4.00      0.00  kworker/2:2-events
16:31:58        0       218    0.00    0.00    0.00    0.00    0.00     1      0.00      0.00       0       0   0.00      3.00      0.00  kworker/1:3-events
16:31:58        0       219    0.00    0.00    0.00    0.00    0.00     3      0.00      0.00       0       0   0.00      4.00      0.00  kworker/3:3-mm_percpu_wq
16:31:58        0       240    0.00    0.00    0.00    0.00    0.00     3      0.00      0.00  288968   26944   0.34      1.00      0.00  multipathd
16:31:58        0       615    0.00    0.00    0.00    0.00    0.00     1      0.00      0.00       0       0   0.00      8.00      0.00  kworker/u16:4-events_power_efficient
16:31:58     1000      1633    1.00    0.00    0.00    0.00    1.00     1      0.00      0.00   32780   22496   0.28      5.00      0.00  python3
16:31:58     1000      1638    0.00    0.00    0.00    0.00    0.00     1      0.00      0.00    9900    3336   0.04      1.00      0.00  vmstat
16:31:58     1000      1639    0.00    1.00    0.00    0.00    1.00     1      0.00      0.00    7712    3764   0.05      1.00      1.00  pidstat
16:31:58     1000      1968   89.00   10.00    0.00    0.00   99.00     0    621.00      0.00   52560   45284   0.57      3.00      4.00  /home/ubuntu/pa
16:31:58     1000      1977    7.00    7.00    0.00    0.00   14.00     3   9371.00      0.00 1816700   38708   0.49      3.00      3.00  hey
16:31:58     1000      1985    0.00    0.00    0.00    0.00    0.00     2   1386.00      0.00 1676724   10804   0.14      4.00      3.00  hey

# Time        UID       PID    %usr %system  %guest   %wait    %CPU   CPU  minflt/s  majflt/s     VSZ     RSS   %MEM   cswch/s nvcswch/s  Command
16:31:59        0        11    0.00    0.00    0.00    0.00    0.00     0      0.00      0.00       0       0   0.00      4.00      0.00  kworker/0:1-events
16:31:59        0        47    0.00    0.00    0.00    0.00    0.00     3      0.00      0.00       0       0   0.00      3.00      0.00  kworker/u16:1-events_power_efficient
16:31:59        0        52    0.00    0.00    0.00    0.00    0.00     1      0.00      0.00       0       0   0.00      2.00      0.00  kcompactd0
16:31:59        0       197    0.00    0.00    0.00    0.00    0.00     2      0.00      0.00       0       0   0.00      2.00      0.00  kworker/2:2-mm_percpu_wq
16:31:59        0       218    0.00    0.00    0.00    0.00    0.00     1      0.00      0.00       0       0   0.00      4.00      0.00  kworker/1:3-mm_percpu_wq
16:31:59        0       219    0.00    0.00    0.00    0.00    0.00     3      0.00      0.00       0       0   0.00      3.00      0.00  kworker/3:3-events
16:31:59        0       240    0.00    0.00    0.00    0.00    0.00     3      0.00      0.00  288968   26944   0.34      1.00      0.00  multipathd
16:31:59        0       257    0.00    0.00    0.00    0.00    0.00     0      0.00      0.00       0       0   0.00      1.00      0.00  kworker/0:1H-kblockd
16:31:59        0       615    0.00    0.00    0.00    0.00    0.00     1      0.00      0.00       0       0   0.00      4.00      0.00  kworker/u16:4-events_power_efficient
16:31:59     1000      1638    0.00    0.00    0.00    0.00    0.00     1      0.00      0.00    9900    3336   0.04      1.00      0.00  vmstat
16:31:59     1000      1639    0.00    0.00    0.00    0.00    0.00     1      0.00      0.00    7712    3764   0.05      1.00      1.00  pidstat
16:31:59     1000      1968   94.00    7.00    0.00    0.00  101.00     0     24.00      0.00   52692   45284   0.57      0.00      4.00  /home/ubuntu/pa
16:31:59     1000      1977   13.00    9.00    0.00    0.00   22.00     3   8104.00      0.00 1817916   67764   0.86      0.00      0.00  hey
16:31:59     1000      1985    4.00    3.00    0.00    0.00    7.00     2   1697.00      0.00 1750712   16692   0.21      0.00      0.00  hey

# Time        UID       PID    %usr %system  %guest   %wait    %CPU   CPU  minflt/s  majflt/s     VSZ     RSS   %MEM   cswch/s nvcswch/s  Command
16:32:00        0        11    0.00    0.00    0.00    0.00    0.00     0      0.00      0.00       0       0   0.00      7.00      0.00  kworker/0:1-events
16:32:00        0        16    0.00    0.00    0.00    0.00    0.00     1      0.00      0.00       0       0   0.00     10.00      0.00  rcu_sched
16:32:00        0        26    0.00    0.00    0.00    0.00    0.00     1      0.00      0.00       0       0   0.00      2.00      0.00  ksoftirqd/1
16:32:00        0        38    0.00    0.00    0.00    0.00    0.00     3      0.00      0.00       0       0   0.00      1.00      0.00  ksoftirqd/3
16:32:00        0        47    0.00    0.00    0.00    0.00    0.00     3      0.00      0.00       0       0   0.00      6.00      0.00  kworker/u16:1-events_power_efficient
16:32:00        0        52    0.00    0.00    0.00    0.00    0.00     1      0.00      0.00       0       0   0.00      2.00      0.00  kcompactd0
16:32:00        0       197    0.00    0.00    0.00    0.00    0.00     2      0.00      0.00       0       0   0.00      2.00      0.00  kworker/2:2-events
16:32:00        0       218    0.00    0.00    0.00    0.00    0.00     1      0.00      0.00       0       0   0.00      1.00      0.00  kworker/1:3-mm_percpu_wq
16:32:00        0       219    0.00    0.00    0.00    0.00    0.00     3      0.00      0.00       0       0   0.00      7.00      0.00  kworker/3:3-events
16:32:00        0       240    0.00    0.00    0.00    0.00    0.00     3      0.00      0.00  288968   26944   0.34      1.00      0.00  multipathd
16:32:00     1000      1633    0.00    0.00    0.00    0.00    0.00     1      0.00      0.00   32780   22496   0.28      9.00      0.00  python3
16:32:00     1000      1638    0.00    0.00    0.00    0.00    0.00     1      0.00      0.00    9900    3336   0.04      1.00      0.00  vmstat
16:32:00     1000      1639    0.00    1.00    0.00    0.00    1.00     1      0.00      0.00    7712    3764   0.05      1.00      1.00  pidstat
16:32:00     1000      1968   92.00    7.00    0.00    0.00   99.00     0      0.00      0.00   52692   45284   0.57      0.00      7.00  /home/ubuntu/pa
16:32:00     1000      1977   12.00    7.00    0.00    0.00   19.00     3    163.00      0.00 1818044   68404   0.86      0.00      0.00  hey

# Time        UID       PID    %usr %system  %guest   %wait    %CPU   CPU  minflt/s  majflt/s     VSZ     RSS   %MEM   cswch/s nvcswch/s  Command
16:32:01        0        11    0.00    0.00    0.00    0.00    0.00     0      0.00      0.00       0       0   0.00      3.00      0.00  kworker/0:1-events
16:32:01        0        47    0.00    0.00    0.00    0.00    0.00     3      0.00      0.00       0       0   0.00      5.00      0.00  kworker/u16:1-events_power_efficient
16:32:01        0        52    0.00    0.00    0.00    0.00    0.00     1      0.00      0.00       0       0   0.00      2.00      0.00  kcompactd0
16:32:01        0       197    0.00    0.00    0.00    0.00    0.00     2      0.00      0.00       0       0   0.00      1.00      0.00  kworker/2:2-mm_percpu_wq
16:32:01        0       218    0.00    0.00    0.00    0.00    0.00     1      0.00      0.00       0       0   0.00      1.00      0.00  kworker/1:3-mm_percpu_wq
16:32:01        0       219    0.00    0.00    0.00    0.00    0.00     3      0.00      0.00       0       0   0.00      6.00      0.00  kworker/3:3-events
16:32:01        0       240    0.00    0.00    0.00    0.00    0.00     3      0.00      0.00  288968   26944   0.34      1.00      0.00  multipathd
16:32:01        0       581    0.00    0.00    0.00    0.00    0.00     1      0.00      0.00    7236    2756   0.03      1.00      0.00  cron
16:32:01     1000      1633    0.00    0.00    0.00    0.00    0.00     1      0.00      0.00   32780   22496   0.28     20.00      0.00  python3
16:32:01     1000      1638    0.00    0.00    0.00    0.00    0.00     1      0.00      0.00    9900    3336   0.04      1.00      0.00  vmstat
16:32:01     1000      1639    0.00    0.00    0.00    0.00    0.00     1      0.00      0.00    7712    3764   0.05      1.00      1.00  pidstat
16:32:01     1000      1968   96.00    4.00    0.00    0.00  100.00     0      0.00      0.00   52692   45284   0.57      0.00      3.00  /home/ubuntu/pa
16:32:01     1000      1977   14.00    9.00    0.00    0.00   23.00     3   1236.00      0.00 1818300   72628   0.92      0.00      0.00  hey

# Time        UID       PID    %usr %system  %guest   %wait    %CPU   CPU  minflt/s  majflt/s     VSZ     RSS   %MEM   cswch/s nvcswch/s  Command
16:32:02        0        11    0.00    0.00    0.00    0.00    0.00     0      0.00      0.00       0       0   0.00      7.00      0.00  kworker/0:1-events
16:32:02        0        16    0.00    0.00    0.00    0.00    0.00     1      0.00      0.00       0       0   0.00     47.00      0.00  rcu_sched
16:32:02        0        19    0.00    0.00    0.00    0.00    0.00     0      0.00      0.00       0       0   0.00      1.00      0.00  migration/0
16:32:02        0        25    0.00    0.00    0.00    0.00    0.00     1      0.00      0.00       0       0   0.00      3.00      0.00  migration/1
16:32:02        0        26    0.00    0.00    0.00    0.00    0.00     1      0.00      0.00       0       0   0.00      1.00      0.00  ksoftirqd/1
16:32:02        0        31    0.00    0.00    0.00    0.00    0.00     2      0.00      0.00       0       0   0.00      1.00      0.00  migration/2
16:32:02        0        32    0.00    0.00    0.00    0.00    0.00     2      0.00      0.00       0       0   0.00      1.00      0.00  ksoftirqd/2
16:32:02        0        37    0.00    0.00    0.00    0.00    0.00     3      0.00      0.00       0       0   0.00      1.00      0.00  migration/3
16:32:02        0        38    0.00    0.00    0.00    0.00    0.00     3      0.00      0.00       0       0   0.00      1.00      0.00  ksoftirqd/3
16:32:02        0        47    0.00    0.00    0.00    0.00    0.00     1      0.00      0.00       0       0   0.00      7.00      0.00  kworker/u16:1-events_power_efficient
16:32:02        0        52    0.00    0.00    0.00    0.00    0.00     1      0.00      0.00       0       0   0.00      2.00      0.00  kcompactd0
16:32:02        0       197    0.00    0.00    0.00    0.00    0.00     2      0.00      0.00       0       0   0.00      3.00      0.00  kworker/2:2-mm_percpu_wq
16:32:02        0       218    0.00    0.00    0.00    0.00    0.00     1      0.00      0.00       0       0   0.00      6.00      0.00  kworker/1:3-events
16:32:02        0       219    0.00    0.00    0.00    0.00    0.00     3      0.00      0.00       0       0   0.00      3.00      0.00  kworker/3:3-mm_percpu_wq
16:32:02        0       240    0.00    0.00    0.00    0.00    0.00     3      0.00      0.00  288968   26944   0.34      1.00      0.00  multipathd
16:32:02     1000      1633    0.00    0.00    0.00    0.00    0.00     1      0.00      0.00   32780   22496   0.28     18.00      0.00  python3
16:32:02     1000      1638    0.00    0.00    0.00    0.00    0.00     1      0.00      0.00    9900    3336   0.04      1.00      0.00  vmstat
16:32:02     1000      1639    1.00    0.00    0.00    0.00    1.00     1      0.00      0.00    7712    3764   0.05      1.00      1.00  pidstat
16:32:02     1000      1993    0.00    0.00    0.00    0.00    0.00     0    144.00      0.00    2704    1464   0.02      1.00      1.00  time
16:32:02     1000      1994   12.00    2.00    0.00    0.00   14.00     0   7641.00      0.00   46920   39856   0.50      5.00      2.00  /home/ubuntu/pe
16:32:02     1000      1995    0.00    0.00    0.00    0.00    0.00     3   1261.00      0.00 1676980   10116   0.13      4.00      3.00  hey

# Time        UID       PID    %usr %system  %guest   %wait    %CPU   CPU  minflt/s  majflt/s     VSZ     RSS   %MEM   cswch/s nvcswch/s  Command
16:32:03        0        11    0.00    0.00    0.00    0.00    0.00     0      0.00      0.00       0       0   0.00      4.00      0.00  kworker/0:1-events
16:32:03        0        16    0.00    0.00    0.00    0.00    0.00     1      0.00      0.00       0       0   0.00      3.00      0.00  rcu_sched
16:32:03        0        47    0.00    0.00    0.00    0.00    0.00     1      0.00      0.00       0       0   0.00      8.00      0.00  kworker/u16:1-events_power_efficient
16:32:03        0        52    0.00    0.00    0.00    0.00    0.00     1      0.00      0.00       0       0   0.00      2.00      0.00  kcompactd0
16:32:03        0       197    0.00    0.00    0.00    0.00    0.00     2      0.00      0.00       0       0   0.00      1.00      0.00  kworker/2:2-mm_percpu_wq
16:32:03        0       218    0.00    0.00    0.00    0.00    0.00     1      0.00      0.00       0       0   0.00      5.00      0.00  kworker/1:3-events
16:32:03        0       240    0.00    0.00    0.00    0.00    0.00     3      0.00      0.00  288968   26944   0.34      2.00      0.00  multipathd
16:32:03     1000      1633    0.00    0.00    0.00    0.00    0.00     1      0.00      0.00   32780   22496   0.28      1.00      0.00  python3
16:32:03     1000      1638    0.00    0.00    0.00    0.00    0.00     1      0.00      0.00    9900    3336   0.04      1.00      0.00  vmstat
16:32:03     1000      1639    0.00    1.00    0.00    0.00    1.00     1      0.00      0.00    7712    3764   0.05      1.00      2.00  pidstat
16:32:03     1000      1994   92.00    7.00    0.00    0.00   99.00     0     21.00      0.00   47052   39856   0.50      1.00      4.00  /home/ubuntu/pe
16:32:03     1000      1995   23.00   20.00    0.00    0.00   43.00     3  10785.00      0.00       0       0   0.00      0.00      0.00  hey

# Time        UID       PID    %usr %system  %guest   %wait    %CPU   CPU  minflt/s  majflt/s     VSZ     RSS   %MEM   cswch/s nvcswch/s  Command
16:32:04        0        11    0.00    0.00    0.00    0.00    0.00     0      0.00      0.00       0       0   0.00      5.00      0.00  kworker/0:1-events
16:32:04        0        16    0.00    0.00    0.00    0.00    0.00     1      0.00      0.00       0       0   0.00     16.00      0.00  rcu_sched
16:32:04        0        25    0.00    0.00    0.00    0.00    0.00     1      0.00      0.00       0       0   0.00      1.00      0.00  migration/1
16:32:04        0        26    0.00    0.00    0.00    0.00    0.00     1      0.00      0.00       0       0   0.00      1.00      0.00  ksoftirqd/1
16:32:04        0        47    0.00    0.00    0.00    0.00    0.00     1      0.00      0.00       0       0   0.00      8.00      0.00  kworker/u16:1-events_power_efficient
16:32:04        0        52    0.00    0.00    0.00    0.00    0.00     1      0.00      0.00       0       0   0.00      2.00      0.00  kcompactd0
16:32:04        0       136    0.00    0.00    0.00    0.00    0.00     1      0.00      0.00       0       0   0.00      3.00      0.00  jbd2/nvme0n1p1-8
16:32:04        0       177    0.00    0.00    0.00    0.00    0.00     1      6.00      0.00   66920   17452   0.22      1.00      0.00  systemd-journal
16:32:04        0       197    0.00    0.00    0.00    0.00    0.00     2      0.00      0.00       0       0   0.00      3.00      0.00  kworker/2:2-mm_percpu_wq
16:32:04        0       218    0.00    0.00    0.00    0.00    0.00     1      0.00      0.00       0       0   0.00      6.00      0.00  kworker/1:3-mm_percpu_wq
16:32:04        0       219    0.00    0.00    0.00    0.00    0.00     3      0.00      0.00       0       0   0.00      2.00      0.00  kworker/3:3-mm_percpu_wq
16:32:04        0       240    0.00    0.00    0.00    0.00    0.00     3      0.00      0.00  288968   26944   0.34      2.00      0.00  multipathd
16:32:04        0       615    0.00    0.00    0.00    0.00    0.00     1      0.00      0.00       0       0   0.00      2.00      0.00  kworker/u16:4-events_power_efficient
16:32:04     1000      1633    0.00    0.00    0.00    0.00    0.00     1      0.00      0.00   32780   22496   0.28      2.00      0.00  python3
16:32:04     1000      1638    0.00    0.00    0.00    0.00    0.00     1      0.00      0.00    9900    3336   0.04      1.00      0.00  vmstat
16:32:04     1000      1639    0.00    0.00    0.00    0.00    0.00     1      0.00      0.00    7712    3764   0.05      1.00      2.00  pidstat
16:32:04     1000      1994   91.00    9.00    0.00    0.00  100.00     0     39.00      0.00   47184   40112   0.51      1.00      5.00  /home/ubuntu/pe
16:32:04     1000      2003   20.00   18.00    0.00    0.00   38.00     3  11924.00      0.00 1817276   48816   0.62      3.00      4.00  hey

# Time        UID       PID    %usr %system  %guest   %wait    %CPU   CPU  minflt/s  majflt/s     VSZ     RSS   %MEM   cswch/s nvcswch/s  Command
16:32:05        0        11    0.00    0.00    0.00    0.00    0.00     0      0.00      0.00       0       0   0.00      2.00      0.00  kworker/0:1-events
16:32:05        0        16    0.00    0.00    0.00    0.00    0.00     1      0.00      0.00       0       0   0.00      2.00      0.00  rcu_sched
16:32:05        0        26    0.00    0.00    0.00    0.00    0.00     1      0.00      0.00       0       0   0.00      1.00      0.00  ksoftirqd/1
16:32:05        0        52    0.00    0.00    0.00    0.00    0.00     1      0.00      0.00       0       0   0.00      2.00      0.00  kcompactd0
16:32:05        0       197    0.00    0.00    0.00    0.00    0.00     2      0.00      0.00       0       0   0.00      1.00      0.00  kworker/2:2-mm_percpu_wq
16:32:05        0       218    0.00    0.00    0.00    0.00    0.00     1      0.00      0.00       0       0   0.00      6.00      0.00  kworker/1:3-events
16:32:05        0       219    0.00    0.00    0.00    0.00    0.00     3      0.00      0.00       0       0   0.00      1.00      0.00  kworker/3:3-mm_percpu_wq
16:32:05        0       240    0.00    0.00    0.00    0.00    0.00     3      0.00      0.00  288968   26944   0.34      2.00      0.00  multipathd
16:32:05        0       615    0.00    0.00    0.00    0.00    0.00     1      0.00      0.00       0       0   0.00      5.00      0.00  kworker/u16:4-events_power_efficient
16:32:05      110       702    0.00    0.00    0.00    0.00    0.00     1      0.00      0.00   19416    3760   0.05      2.00      0.00  chronyd
16:32:05     1000      1638    0.00    0.00    0.00    0.00    0.00     1      0.00      0.00    9900    3336   0.04      1.00      0.00  vmstat
16:32:05     1000      1639    0.00    1.00    0.00    0.00    1.00     1      0.00      0.00    7712    3764   0.05      1.00      1.00  pidstat
16:32:05     1000      1994   92.00    7.00    0.00    0.00   99.00     0      0.00      0.00   47184   40112   0.51      0.00      2.00  /home/ubuntu/pe
16:32:05     1000      2003   20.00   17.00    0.00    0.00   37.00     3   4994.00      0.00 1818044   66736   0.84      0.00      0.00  hey

# Time        UID       PID    %usr %system  %guest   %wait    %CPU   CPU  minflt/s  majflt/s     VSZ     RSS   %MEM   cswch/s nvcswch/s  Command
16:32:06        0        11    0.00    0.00    0.00    0.00    0.00     0      0.00      0.00       0       0   0.00      5.00      0.00  kworker/0:1-events
16:32:06        0        16    0.00    0.00    0.00    0.00    0.00     1      0.00      0.00       0       0   0.00     58.00      0.00  rcu_sched
16:32:06        0        19    0.00    0.00    0.00    0.00    0.00     0      0.00      0.00       0       0   0.00      1.00      0.00  migration/0
16:32:06        0        25    0.00    0.00    0.00    0.00    0.00     1      0.00      0.00       0       0   0.00      3.00      0.00  migration/1
16:32:06        0        31    0.00    0.00    0.00    0.00    0.00     2      0.00      0.00       0       0   0.00      1.00      0.00  migration/2
16:32:06        0        32    0.00    0.00    0.00    0.00    0.00     2      0.00      0.00       0       0   0.00      1.00      0.00  ksoftirqd/2
16:32:06        0        37    0.00    0.00    0.00    0.00    0.00     3      0.00      0.00       0       0   0.00      1.00      0.00  migration/3
16:32:06        0        52    0.00    0.00    0.00    0.00    0.00     3      0.00      0.00       0       0   0.00      2.00      0.00  kcompactd0
16:32:06        0       197    0.00    0.00    0.00    1.00    0.00     2      0.00      0.00       0       0   0.00      5.00      0.00  kworker/2:2-events
16:32:06        0       218    0.00    0.00    0.00    0.00    0.00     1      0.00      0.00       0       0   0.00      8.00      0.00  kworker/1:3-events
16:32:06        0       219    0.00    0.00    0.00    0.00    0.00     3      0.00      0.00       0       0   0.00      4.00      0.00  kworker/3:3-mm_percpu_wq
16:32:06        0       240    0.00    0.00    0.00    0.00    0.00     3      0.00      0.00  288968   26944   0.34      1.00      0.00  multipathd
16:32:06        0       615    0.00    0.00    0.00    0.00    0.00     1      0.00      0.00       0       0   0.00      6.00      0.00  kworker/u16:4-events_power_efficient
16:32:06     1000      1633    1.00    0.00    0.00    0.00    1.00     1      0.00      0.00   32780   22496   0.28     11.00      0.00  python3
16:32:06     1000      1638    0.00    0.00    0.00    0.00    0.00     1      0.00      0.00    9900    3336   0.04      1.00      0.00  vmstat
16:32:06     1000      1639    0.00    0.00    0.00    0.00    0.00     1      0.00      0.00    7712    3764   0.05      1.00      1.00  pidstat
16:32:06     1000      2013    0.00    0.00    0.00    0.00    0.00     0    143.00      0.00    2704    1460   0.02      1.00      1.00  time
16:32:06     1000      2014   51.00    5.00    0.00    0.00   56.00     0   7955.00      0.00   48200   41040   0.52      5.00      4.00  /home/ubuntu/pa
16:32:06     1000      2015    6.00    6.00    0.00    0.00   12.00     2   6354.00      0.00 1816636   28772   0.36      5.00      4.00  hey

# Time        UID       PID    %usr %system  %guest   %wait    %CPU   CPU  minflt/s  majflt/s     VSZ     RSS   %MEM   cswch/s nvcswch/s  Command
16:32:07        0         1    1.00    0.00    0.00    0.00    1.00     1    236.00      0.00   22164   13096   0.17     12.00      8.00  systemd
16:32:07        0        11    0.00    0.00    0.00    0.00    0.00     0      0.00      0.00       0       0   0.00      4.00      0.00  kworker/0:1-events
16:32:07        0        16    0.00    0.00    0.00    0.00    0.00     3      0.00      0.00       0       0   0.00     49.00      0.00  rcu_sched
16:32:07        0        18    0.00    0.00    0.00    0.00    0.00     2      0.00      0.00       0       0   0.00     10.00      0.00  rcu_exp_gp_kthread_worker
16:32:07        0        25    0.00    0.00    0.00    0.00    0.00     1      0.00      0.00       0       0   0.00      1.00      0.00  migration/1
16:32:07        0        26    0.00    0.00    0.00    0.00    0.00     1      0.00      0.00       0       0   0.00      1.00      0.00  ksoftirqd/1
16:32:07        0        32    0.00    0.00    0.00    0.00    0.00     2      0.00      0.00       0       0   0.00      2.00      0.00  ksoftirqd/2
16:32:07        0        37    0.00    0.00    0.00    0.00    0.00     3      0.00      0.00       0       0   0.00      1.00      0.00  migration/3
16:32:07        0        38    0.00    0.00    0.00    0.00    0.00     3      0.00      0.00       0       0   0.00      1.00      0.00  ksoftirqd/3
16:32:07        0        39    0.00    0.00    0.00    0.00    0.00     3      0.00      0.00       0       0   0.00      2.00      0.00  kworker/3:0-inode_switch_wbs
16:32:07        0        47    0.00    0.00    0.00    0.00    0.00     1      0.00      0.00       0       0   0.00      7.00      0.00  kworker/u16:1-events_power_efficient
16:32:07        0        52    0.00    0.00    0.00    0.00    0.00     1      0.00      0.00       0       0   0.00      2.00      0.00  kcompactd0
16:32:07        0        60    0.00    0.00    0.00    0.00    0.00     2      0.00      0.00       0       0   0.00      1.00      0.00  kworker/2:1-cgroup_free
16:32:07        0       122    0.00    0.00    0.00    0.00    0.00     3      0.00      0.00       0       0   0.00      1.00      0.00  kworker/u16:3-events_power_efficient
16:32:07        0       136    0.00    0.00    0.00    0.00    0.00     3      0.00      0.00       0       0   0.00      3.00      0.00  jbd2/nvme0n1p1-8
16:32:07        0       177    0.00    0.00    0.00    0.00    0.00     3     54.00      0.00   66920   17452   0.22     10.00      1.00  systemd-journal
16:32:07        0       197    0.00    0.00    0.00    0.00    0.00     2      0.00      0.00       0       0   0.00      6.00      0.00  kworker/2:2-mm_percpu_wq
16:32:07        0       218    0.00    0.00    0.00    0.00    0.00     1      0.00      0.00       0       0   0.00     11.00      0.00  kworker/1:3-events
16:32:07        0       219    0.00    0.00    0.00    0.00    0.00     3      0.00      0.00       0       0   0.00      8.00      0.00  kworker/3:3-mm_percpu_wq
16:32:07        0       240    0.00    0.00    0.00    0.00    0.00     3      0.00      0.00  288968   26944   0.34      2.00      0.00  multipathd
16:32:07      101       582    1.00    0.00    0.00    0.00    1.00     1      0.00      0.00    9820    5356   0.07     17.00      4.00  dbus-daemon
16:32:07        0       589    0.00    0.00    0.00    0.00    0.00     1      0.00      0.00   83064    4620   0.06      1.00      0.00  irqbalance
16:32:07      989       592    0.00    0.00    0.00    0.00    0.00     2      0.00      0.00  383684    9832   0.12      1.00      0.00  polkitd
16:32:07        0       597    0.00    0.00    0.00    0.00    0.00     2      1.00      0.00 1924516   36680   0.46      0.00      0.00  snapd
16:32:07        0       602    0.00    0.00    0.00    0.00    0.00     2      0.00      0.00   18172    8764   0.11     22.00      0.00  systemd-logind
16:32:07        0       615    0.00    0.00    0.00    0.00    0.00     1      0.00      0.00       0       0   0.00      9.00      0.00  kworker/u16:4-flush-259:0
16:32:07     1000      1633    0.00    0.00    0.00    0.00    0.00     1      0.00      0.00   32780   22496   0.28      3.00      0.00  python3
16:32:07     1000      1638    0.00    0.00    0.00    0.00    0.00     1      0.00      0.00    9900    3336   0.04      1.00      0.00  vmstat
16:32:07     1000      1639    0.00    1.00    0.00    0.00    1.00     1      0.00      0.00    7712    3764   0.05      1.00      1.00  pidstat
16:32:07     1000      2014   92.00    7.00    0.00    0.00   99.00     0     55.00      0.00   48332   41168   0.52      2.00      4.00  /home/ubuntu/pa
16:32:07     1000      2025    7.00    7.00    0.00    0.00   14.00     3   6165.00      0.00 1816636   27956   0.35      3.00      3.00  hey
16:32:07        0      2033    1.00    2.00    0.00    0.00    3.00     1    979.00      0.00   17300    7568   0.10      9.00      2.00  systemd-timedat

# Time        UID       PID    %usr %system  %guest   %wait    %CPU   CPU  minflt/s  majflt/s     VSZ     RSS   %MEM   cswch/s nvcswch/s  Command
16:32:08        0        11    0.00    0.00    0.00    0.00    0.00     0      0.00      0.00       0       0   0.00      3.00      0.00  kworker/0:1-events
16:32:08        0        16    0.00    0.00    0.00    0.00    0.00     1      0.00      0.00       0       0   0.00      2.00      0.00  rcu_sched
16:32:08        0        26    0.00    0.00    0.00    0.00    0.00     1      0.00      0.00       0       0   0.00      2.00      0.00  ksoftirqd/1
16:32:08        0        47    0.00    0.00    0.00    0.00    0.00     1      0.00      0.00       0       0   0.00      9.00      0.00  kworker/u16:1-writeback
16:32:08        0        52    0.00    0.00    0.00    0.00    0.00     1      0.00      0.00       0       0   0.00      2.00      0.00  kcompactd0
16:32:08        0       177    0.00    0.00    0.00    0.00    0.00     3      0.00      0.00   66920   17452   0.22      1.00      0.00  systemd-journal
16:32:08        0       197    0.00    0.00    0.00    0.00    0.00     2      0.00      0.00       0       0   0.00      2.00      0.00  kworker/2:2-events
16:32:08        0       218    0.00    0.00    0.00    0.00    0.00     1      0.00      0.00       0       0   0.00      4.00      0.00  kworker/1:3-events
16:32:08        0       219    0.00    0.00    0.00    0.00    0.00     3      0.00      0.00       0       0   0.00      3.00      0.00  kworker/3:3-events
16:32:08        0       240    0.00    0.00    0.00    0.00    0.00     3      0.00      0.00  288968   26944   0.34      1.00      0.00  multipathd
16:32:08     1000      1638    0.00    0.00    0.00    0.00    0.00     1      0.00      0.00    9900    3336   0.04      1.00      0.00  vmstat
16:32:08     1000      1639    0.00    0.00    0.00    0.00    0.00     1      0.00      0.00    7712    3764   0.05      1.00      1.00  pidstat
16:32:08     1000      2014   95.00    5.00    0.00    0.00  100.00     0      0.00      0.00   48332   41168   0.52      0.00      3.00  /home/ubuntu/pa
16:32:08     1000      2025   17.00   19.00    0.00    0.00   36.00     3   5832.00      0.00 1817404   48984   0.62      0.00      0.00  hey

# Time        UID       PID    %usr %system  %guest   %wait    %CPU   CPU  minflt/s  majflt/s     VSZ     RSS   %MEM   cswch/s nvcswch/s  Command
16:32:09        0        11    0.00    1.00    0.00    0.00    1.00     0      0.00      0.00       0       0   0.00      5.00      0.00  kworker/0:1-events
16:32:09        0        16    0.00    0.00    0.00    0.00    0.00     3      0.00      0.00       0       0   0.00     27.00      0.00  rcu_sched
16:32:09        0        25    0.00    0.00    0.00    0.00    0.00     1      0.00      0.00       0       0   0.00      1.00      0.00  migration/1
16:32:09        0        38    0.00    0.00    0.00    0.00    0.00     3      0.00      0.00       0       0   0.00      1.00      0.00  ksoftirqd/3
16:32:09        0        47    0.00    0.00    0.00    0.00    0.00     3      0.00      0.00       0       0   0.00      5.00      0.00  kworker/u16:1-events_power_efficient
16:32:09        0        52    0.00    0.00    0.00    0.00    0.00     1      0.00      0.00       0       0   0.00      2.00      0.00  kcompactd0
16:32:09        0       122    0.00    0.00    0.00    0.00    0.00     2      0.00      0.00       0       0   0.00      2.00      0.00  kworker/u16:3-events_power_efficient
16:32:09        0       197    0.00    0.00    0.00    0.00    0.00     2      0.00      0.00       0       0   0.00      6.00      0.00  kworker/2:2-events
16:32:09        0       218    0.00    0.00    0.00    0.00    0.00     1      0.00      0.00       0       0   0.00      7.00      0.00  kworker/1:3-events
16:32:09        0       219    1.00    0.00    0.00    0.00    1.00     3      0.00      0.00       0       0   0.00      4.00      0.00  kworker/3:3-mm_percpu_wq
16:32:09        0       240    0.00    0.00    0.00    0.00    0.00     3      0.00      0.00  288968   26944   0.34      1.00      0.00  multipathd
16:32:09        0       839    0.00    0.00    0.00    0.00    0.00     1      0.00      0.00       0       0   0.00      1.00      0.00  kworker/1:1H-kblockd
16:32:09     1000      1633    0.00    1.00    0.00    0.00    1.00     1      0.00      0.00   32780   22496   0.28      5.00      0.00  python3
16:32:09     1000      1638    0.00    0.00    0.00    0.00    0.00     1      0.00      0.00    9900    3336   0.04      1.00      0.00  vmstat
16:32:09     1000      1639    0.00    1.00    0.00    0.00    1.00     1      0.00      0.00    7712    3764   0.05      1.00      1.00  pidstat
16:32:09     1000      2034    0.00    0.00    0.00    0.00    0.00     0    143.00      0.00    2704    1464   0.02      1.00      1.00  time
16:32:09     1000      2035    3.00    0.00    0.00    0.00    3.00     0   2421.00      0.00   20156   14824   0.19      0.00      0.00  perl

# Time        UID       PID    %usr %system  %guest   %wait    %CPU   CPU  minflt/s  majflt/s     VSZ     RSS   %MEM   cswch/s nvcswch/s  Command
16:32:10        0        11    0.00    0.00    0.00    0.00    0.00     0      0.00      0.00       0       0   0.00      8.00      0.00  kworker/0:1-events
16:32:10        0        16    0.00    0.00    0.00    0.00    0.00     1      0.00      0.00       0       0   0.00     23.00      0.00  rcu_sched
16:32:10        0        19    0.00    0.00    0.00    0.00    0.00     0      0.00      0.00       0       0   0.00      1.00      0.00  migration/0
16:32:10        0        25    0.00    0.00    0.00    0.00    0.00     1      0.00      0.00       0       0   0.00      2.00      0.00  migration/1
16:32:10        0        31    0.00    0.00    0.00    0.00    0.00     2      0.00      0.00       0       0   0.00      1.00      0.00  migration/2
16:32:10        0        37    0.00    0.00    0.00    0.00    0.00     3      0.00      0.00       0       0   0.00      1.00      0.00  migration/3
16:32:10        0        52    0.00    0.00    0.00    0.00    0.00     1      0.00      0.00       0       0   0.00      2.00      0.00  kcompactd0
16:32:10        0       122    0.00    0.00    0.00    0.00    0.00     2      0.00      0.00       0       0   0.00      6.00      0.00  kworker/u16:3-events_power_efficient
16:32:10        0       197    0.00    0.00    0.00    0.00    0.00     2      0.00      0.00       0       0   0.00      8.00      0.00  kworker/2:2-events
16:32:10        0       218    0.00    1.00    0.00    0.00    1.00     1      0.00      0.00       0       0   0.00      2.00      0.00  kworker/1:3-mm_percpu_wq
16:32:10        0       219    0.00    0.00    0.00    0.00    0.00     3      0.00      0.00       0       0   0.00      2.00      0.00  kworker/3:3-mm_percpu_wq
16:32:10        0       240    0.00    0.00    0.00    0.00    0.00     3      0.00      0.00  288968   26944   0.34      2.00      0.00  multipathd
16:32:10     1000      1633    0.00    0.00    0.00    0.00    0.00     1      0.00      0.00   32780   22496   0.28      6.00      0.00  python3
16:32:10     1000      1638    0.00    0.00    0.00    0.00    0.00     1      0.00      0.00    9900    3336   0.04      1.00      0.00  vmstat
16:32:10     1000      1639    1.00    0.00    0.00    0.00    1.00     1      0.00      0.00    7712    3764   0.05      1.00      1.00  pidstat
16:32:10     1000      2035   87.00    7.00    0.00    0.00   94.00     0   5524.00      0.00   48236   40944   0.52      5.00      7.00  /home/ubuntu/pa
16:32:10     1000      2036   13.00   14.00    0.00    0.00   27.00     2  11237.00      0.00 1816956   46500   0.59      2.00      5.00  hey

# Time        UID       PID    %usr %system  %guest   %wait    %CPU   CPU  minflt/s  majflt/s     VSZ     RSS   %MEM   cswch/s nvcswch/s  Command
16:32:11        0        11    0.00    0.00    0.00    0.00    0.00     0      0.00      0.00       0       0   0.00      4.00      0.00  kworker/0:1-events
16:32:11        0        16    0.00    0.00    0.00    0.00    0.00     1      0.00      0.00       0       0   0.00     12.00      0.00  rcu_sched
16:32:11        0        25    0.00    0.00    0.00    0.00    0.00     1      0.00      0.00       0       0   0.00      1.00      0.00  migration/1
16:32:11        0        38    0.00    0.00    0.00    0.00    0.00     3      0.00      0.00       0       0   0.00      1.00      0.00  ksoftirqd/3
16:32:11        0        47    0.00    0.00    0.00    0.00    0.00     1      0.00      0.00       0       0   0.00      5.00      0.00  kworker/u16:1-events_power_efficient
16:32:11        0        52    0.00    0.00    0.00    0.00    0.00     1      0.00      0.00       0       0   0.00      2.00      0.00  kcompactd0
16:32:11        0       122    0.00    0.00    0.00    0.00    0.00     1      0.00      0.00       0       0   0.00      2.00      0.00  kworker/u16:3-events_power_efficient
16:32:11        0       197    0.00    0.00    0.00    0.00    0.00     2      0.00      0.00       0       0   0.00      2.00      0.00  kworker/2:2-mm_percpu_wq
16:32:11        0       218    0.00    0.00    0.00    0.00    0.00     1      0.00      0.00       0       0   0.00      3.00      0.00  kworker/1:3-events
16:32:11        0       219    0.00    0.00    0.00    0.00    0.00     3      0.00      0.00       0       0   0.00      6.00      0.00  kworker/3:3-mm_percpu_wq
16:32:11        0       240    0.00    0.00    0.00    0.00    0.00     3      0.00      0.00  288968   26944   0.34      2.00      0.00  multipathd
16:32:11     1000      1633    0.00    0.00    0.00    0.00    0.00     1      0.00      0.00   32780   22496   0.28      3.00      0.00  python3
16:32:11     1000      1638    0.00    0.00    0.00    0.00    0.00     1      0.00      0.00    9900    3336   0.04      1.00      0.00  vmstat
16:32:11     1000      1639    0.00    0.00    0.00    0.00    0.00     1      0.00      0.00    7712    3764   0.05      1.00      1.00  pidstat
16:32:11     1000      2035   92.00    7.00    0.00    0.00   99.00     0     56.00      0.00   48500   41200   0.52      2.00      4.00  /home/ubuntu/pa
16:32:11     1000      2044   15.00   12.00    0.00    0.00   27.00     3  11143.00      0.00 1817212   45984   0.58      4.00      4.00  hey

# Time        UID       PID    %usr %system  %guest   %wait    %CPU   CPU  minflt/s  majflt/s     VSZ     RSS   %MEM   cswch/s nvcswch/s  Command
16:32:12        0        11    0.00    0.00    0.00    0.00    0.00     0      0.00      0.00       0       0   0.00      4.00      0.00  kworker/0:1-events
16:32:12        0        16    0.00    0.00    0.00    0.00    0.00     1      0.00      0.00       0       0   0.00      2.00      0.00  rcu_sched
16:32:12        0        47    0.00    0.00    0.00    0.00    0.00     1      0.00      0.00       0       0   0.00      5.00      0.00  kworker/u16:1-flush-259:0
16:32:12        0        52    0.00    0.00    0.00    0.00    0.00     1      0.00      0.00       0       0   0.00      2.00      0.00  kcompactd0
16:32:12        0       122    0.00    0.00    0.00    0.00    0.00     1      0.00      0.00       0       0   0.00      3.00      0.00  kworker/u16:3-events_power_efficient
16:32:12        0       197    0.00    0.00    0.00    0.00    0.00     2      0.00      0.00       0       0   0.00      2.00      0.00  kworker/2:2-events
16:32:12        0       218    0.00    0.00    0.00    0.00    0.00     1      0.00      0.00       0       0   0.00      6.00      0.00  kworker/1:3-events
16:32:12        0       219    0.00    0.00    0.00    0.00    0.00     3      0.00      0.00       0       0   0.00      2.00      0.00  kworker/3:3-mm_percpu_wq
16:32:12        0       240    0.00    0.00    0.00    0.00    0.00     3      0.00      0.00  288968   26944   0.34      1.00      0.00  multipathd
16:32:12     1000      1638    0.00    0.00    0.00    0.00    0.00     1      0.00      0.00    9900    3336   0.04      1.00      0.00  vmstat
16:32:12     1000      1639    0.00    1.00    0.00    0.00    1.00     1      0.00      0.00    7712    3764   0.05      1.00      1.00  pidstat
16:32:12     1000      2035   93.00    7.00    0.00    0.00  100.00     0      0.00      0.00   48500   41200   0.52      0.00      4.00  /home/ubuntu/pa
16:32:12     1000      2044   20.00   16.00    0.00    0.00   36.00     3   1458.00      0.00 1817404   51232   0.65      0.00      0.00  hey

# Time        UID       PID    %usr %system  %guest   %wait    %CPU   CPU  minflt/s  majflt/s     VSZ     RSS   %MEM   cswch/s nvcswch/s  Command
16:32:13        0        11    0.00    0.00    0.00    0.00    0.00     0      0.00      0.00       0       0   0.00      3.00      0.00  kworker/0:1-events
16:32:13        0        16    0.00    0.00    0.00    0.00    0.00     1      0.00      0.00       0       0   0.00     56.00      0.00  rcu_sched
16:32:13        0        25    0.00    0.00    0.00    0.00    0.00     1      0.00      0.00       0       0   0.00      2.00      0.00  migration/1
16:32:13        0        32    0.00    0.00    0.00    0.00    0.00     2      0.00      0.00       0       0   0.00      1.00      0.00  ksoftirqd/2
16:32:13        0        52    0.00    0.00    0.00    0.00    0.00     1      0.00      0.00       0       0   0.00      2.00      0.00  kcompactd0
16:32:13        0       122    0.00    0.00    0.00    0.00    0.00     1      0.00      0.00       0       0   0.00     10.00      0.00  kworker/u16:3-events_power_efficient
16:32:13        0       197    0.00    0.00    0.00    0.00    0.00     2      0.00      0.00       0       0   0.00      4.00      0.00  kworker/2:2-events
16:32:13        0       218    0.00    0.00    0.00    0.00    0.00     1      0.00      0.00       0       0   0.00      5.00      0.00  kworker/1:3-events
16:32:13        0       219    0.00    0.00    0.00    0.00    0.00     3      0.00      0.00       0       0   0.00      3.00      0.00  kworker/3:3-mm_percpu_wq
16:32:13        0       240    0.00    0.00    0.00    0.00    0.00     3      0.00      0.00  288968   26944   0.34      1.00      0.00  multipathd
16:32:13        0       933    0.00    0.00    0.00    0.00    0.00     1     20.00      0.00   12032    8080   0.10      2.00      0.00  sshd
16:32:13     1000      1633    1.00    0.00    0.00    0.00    1.00     1      0.00      0.00   32780   22496   0.28     13.00      0.00  python3
16:32:13     1000      1638    0.00    0.00    0.00    0.00    0.00     1      0.00      0.00    9900    3336   0.04      1.00      0.00  vmstat
16:32:13     1000      1639    0.00    0.00    0.00    0.00    0.00     1      0.00      0.00    7712    3764   0.05      1.00      1.00  pidstat
16:32:13     1000      2052    0.00    0.00    0.00    0.00    0.00     0    146.00      0.00    2704    1528   0.02      1.00      1.00  time
16:32:13     1000      2053   34.00    3.00    0.00    0.00   37.00     0   7669.00      0.00   47040   39912   0.50      7.00      0.00  /home/ubuntu/pe
16:32:13        0      2054    0.00    0.00    0.00    0.00    0.00     2    655.00      0.00   14096    9260   0.12      4.00      4.00  sshd
16:32:13      105      2055    0.00    0.00    0.00    0.00    0.00     1    168.00      0.00   12160    6028   0.08     11.00      0.00  sshd
16:32:13     1000      2056    4.00    4.00    0.00    0.00    8.00     2   3830.00      0.00 1816316   19460   0.25      3.00      3.00  hey

# Time        UID       PID    %usr %system  %guest   %wait    %CPU   CPU  minflt/s  majflt/s     VSZ     RSS   %MEM   cswch/s nvcswch/s  Command
16:32:14        0         1    0.00    0.00    0.00    0.00    0.00     1     18.00      0.00   22164   13096   0.17     49.00      2.00  systemd
16:32:14        0        11    0.00    0.00    0.00    0.00    0.00     0      0.00      0.00       0       0   0.00      9.00      0.00  kworker/0:1-events
16:32:14        0        16    1.00    0.00    0.00    0.00    1.00     1      0.00      0.00       0       0   0.00    128.00      0.00  rcu_sched
16:32:14        0        19    0.00    0.00    0.00    0.00    0.00     0      0.00      0.00       0       0   0.00      1.00      0.00  migration/0
16:32:14        0        25    0.00    0.00    0.00    0.00    0.00     1      0.00      0.00       0       0   0.00      5.00      0.00  migration/1
16:32:14        0        26    0.00    0.00    0.00    0.00    0.00     1      0.00      0.00       0       0   0.00      4.00      0.00  ksoftirqd/1
16:32:14        0        31    0.00    0.00    0.00    0.00    0.00     2      0.00      0.00       0       0   0.00      5.00      0.00  migration/2
16:32:14        0        32    0.00    0.00    0.00    0.00    0.00     2      0.00      0.00       0       0   0.00      4.00      0.00  ksoftirqd/2
16:32:14        0        37    0.00    0.00    0.00    0.00    0.00     3      0.00      0.00       0       0   0.00      4.00      0.00  migration/3
16:32:14        0        38    0.00    0.00    0.00    0.00    0.00     3      0.00      0.00       0       0   0.00      2.00      0.00  ksoftirqd/3
16:32:14        0        39    0.00    0.00    0.00    0.00    0.00     3      0.00      0.00       0       0   0.00      1.00      0.00  kworker/3:0-cgroup_free
16:32:14        0        47    0.00    0.00    0.00    0.00    0.00     1      0.00      0.00       0       0   0.00      3.00      0.00  kworker/u16:1-events_unbound
16:32:14        0        52    0.00    0.00    0.00    0.00    0.00     1      0.00      0.00       0       0   0.00      2.00      0.00  kcompactd0
16:32:14        0       122    0.00    0.00    0.00    0.00    0.00     2      0.00      0.00       0       0   0.00     17.00      0.00  kworker/u16:3-events_power_efficient
16:32:14        0       136    0.00    0.00    0.00    0.00    0.00     2      0.00      0.00       0       0   0.00      3.00      0.00  jbd2/nvme0n1p1-8
16:32:14        0       177    0.00    0.00    0.00    0.00    0.00     2     54.00      0.00   66920   17452   0.22      9.00      2.00  systemd-journal
16:32:14        0       197    0.00    0.00    0.00    0.00    0.00     2      0.00      0.00       0       0   0.00     17.00      0.00  kworker/2:2-events
16:32:14        0       218    0.00    0.00    0.00    0.00    0.00     1      0.00      0.00       0       0   0.00     16.00      0.00  kworker/1:3-mm_percpu_wq
16:32:14        0       219    0.00    0.00    0.00    0.00    0.00     3      0.00      0.00       0       0   0.00     11.00      0.00  kworker/3:3-events
16:32:14        0       240    0.00    0.00    0.00    0.00    0.00     3      0.00      0.00  288968   26944   0.34      1.00      0.00  multipathd
16:32:14      101       582    0.00    0.00    0.00    0.00    0.00     1      2.00      0.00    9820    5356   0.07     28.00      7.00  dbus-daemon
16:32:14      989       592    0.00    0.00    0.00    0.00    0.00     3      0.00      0.00  383684    9832   0.12     15.00      1.00  polkitd
16:32:14        0       602    0.00    0.00    0.00    0.00    0.00     1      0.00      0.00   18172    8764   0.11     17.00      3.00  systemd-logind
16:32:14        0       605    0.00    0.00    0.00    0.00    0.00     3      0.00      0.00  468960   13384   0.17      9.00      0.00  udisksd
16:32:14      102       614    0.00    0.00    0.00    0.00    0.00     0      1.00      0.00  222524    6436   0.08      0.00      0.00  rsyslogd
16:32:14        0       761    0.00    0.00    0.00    0.00    0.00     1      0.00      0.00  318164   12508   0.16      7.00      0.00  ModemManager
16:32:14        0       933    0.00    0.00    0.00    0.00    0.00     3      1.00      0.00   12032    8080   0.10      2.00      0.00  sshd
16:32:14     1000      1633    0.00    0.00    0.00    0.00    0.00     1      0.00      0.00   32780   22496   0.28      3.00      0.00  python3
16:32:14     1000      1638    0.00    0.00    0.00    0.00    0.00     1      0.00      0.00    9900    3336   0.04      1.00      0.00  vmstat
16:32:14     1000      1639    0.00    1.00    0.00    0.00    1.00     1      7.00      0.00    7712    3764   0.05      1.00      1.00  pidstat
16:32:14     1000      2053   93.00    5.00    0.00    0.00   98.00     0     52.00      0.00   47304   40168   0.51      2.00     10.00  /home/ubuntu/pe
16:32:14     1000      2134    4.00    4.00    0.00    0.00    8.00     3   3626.00      0.00 1816316   18944   0.24      3.00      3.00  hey

# Time        UID       PID    %usr %system  %guest   %wait    %CPU   CPU  minflt/s  majflt/s     VSZ     RSS   %MEM   cswch/s nvcswch/s  Command
16:32:15        0        11    0.00    0.00    0.00    0.00    0.00     0      0.00      0.00       0       0   0.00      2.00      0.00  kworker/0:1-events
16:32:15        0        47    0.00    0.00    0.00    0.00    0.00     1      0.00      0.00       0       0   0.00      5.00      0.00  kworker/u16:1-events_power_efficient
16:32:15        0        52    0.00    0.00    0.00    0.00    0.00     1      0.00      0.00       0       0   0.00      2.00      0.00  kcompactd0
16:32:15        0       177    0.00    0.00    0.00    0.00    0.00     2      0.00      0.00   66920   17452   0.22      1.00      0.00  systemd-journal
16:32:15        0       197    0.00    0.00    0.00    0.00    0.00     2      0.00      0.00       0       0   0.00      1.00      0.00  kworker/2:2-mm_percpu_wq
16:32:15        0       218    0.00    0.00    0.00    0.00    0.00     1      0.00      0.00       0       0   0.00      6.00      0.00  kworker/1:3-events
16:32:15        0       219    0.00    0.00    0.00    0.00    0.00     3      0.00      0.00       0       0   0.00      1.00      0.00  kworker/3:3-mm_percpu_wq
16:32:15        0       240    0.00    0.00    0.00    0.00    0.00     3      0.00      0.00  288968   26944   0.34      2.00      0.00  multipathd
16:32:15     1000      1638    0.00    0.00    0.00    0.00    0.00     1      0.00      0.00    9900    3336   0.04      1.00      0.00  vmstat
16:32:15     1000      1639    0.00    0.00    0.00    0.00    0.00     1      0.00      0.00    7712    3764   0.05      1.00      1.00  pidstat
16:32:15     1000      2053   93.00    7.00    0.00    0.00  100.00     0      0.00      0.00   47304   40168   0.51      0.00      2.00  /home/ubuntu/pe
16:32:15     1000      2134   20.00   17.00    0.00    0.00   37.00     3   8356.00      0.00 1817340   49280   0.62      0.00      0.00  hey

# Time        UID       PID    %usr %system  %guest   %wait    %CPU   CPU  minflt/s  majflt/s     VSZ     RSS   %MEM   cswch/s nvcswch/s  Command
16:32:16        0        11    0.00    0.00    0.00    0.00    0.00     0      0.00      0.00       0       0   0.00      5.00      0.00  kworker/0:1-events
16:32:16        0        16    0.00    0.00    0.00    0.00    0.00     2      0.00      0.00       0       0   0.00     23.00      0.00  rcu_sched
16:32:16        0        32    0.00    0.00    0.00    0.00    0.00     2      0.00      0.00       0       0   0.00      1.00      0.00  ksoftirqd/2
16:32:16        0        47    0.00    0.00    0.00    0.00    0.00     1      0.00      0.00       0       0   0.00      6.00      0.00  kworker/u16:1-events_unbound
16:32:16        0        52    0.00    0.00    0.00    0.00    0.00     1      0.00      0.00       0       0   0.00      2.00      0.00  kcompactd0
16:32:16        0       197    0.00    0.00    0.00    0.00    0.00     2      0.00      0.00       0       0   0.00      3.00      0.00  kworker/2:2-events
16:32:16        0       218    0.00    0.00    0.00    0.00    0.00     1      0.00      0.00       0       0   0.00      9.00      0.00  kworker/1:3-events
16:32:16        0       219    0.00    0.00    0.00    0.00    0.00     3      0.00      0.00       0       0   0.00      6.00      0.00  kworker/3:3-events
16:32:16        0       240    0.00    0.00    0.00    0.00    0.00     3      0.00      0.00  288968   26944   0.34      2.00      0.00  multipathd
16:32:16     1000      1633    0.00    0.00    0.00    0.00    0.00     1      0.00      0.00   32780   22496   0.28      3.00      0.00  python3
16:32:16     1000      1639    1.00    1.00    0.00    0.00    2.00     1      0.00      0.00    7712    3764   0.05      1.00      1.00  pidstat

# Time        UID       PID    %usr %system  %guest   %wait    %CPU   CPU  minflt/s  majflt/s     VSZ     RSS   %MEM   cswch/s nvcswch/s  Command
16:32:17        0        11    0.00    0.00    0.00    0.00    0.00     0      0.00      0.00       0       0   0.00      2.00      0.00  kworker/0:1-events
16:32:17        0        16    0.00    0.00    0.00    0.00    0.00     1      0.00      0.00       0       0   0.00     32.00      0.00  rcu_sched
16:32:17        0        25    0.00    0.00    0.00    0.00    0.00     1      0.00      0.00       0       0   0.00      2.00      0.00  migration/1
16:32:17        0        47    0.00    0.00    0.00    0.00    0.00     1      0.00      0.00       0       0   0.00      8.00      0.00  kworker/u16:1-events_power_efficient
16:32:17        0        52    0.00    0.00    0.00    0.00    0.00     1      0.00      0.00       0       0   0.00      2.00      0.00  kcompactd0
16:32:17        0       122    0.00    0.00    0.00    0.00    0.00     2      0.00      0.00       0       0   0.00      1.00      0.00  kworker/u16:3-flush-259:0
16:32:17        0       197    0.00    0.00    0.00    0.00    0.00     2      0.00      0.00       0       0   0.00      1.00      0.00  kworker/2:2-mm_percpu_wq
16:32:17        0       218    0.00    0.00    0.00    0.00    0.00     1      0.00      0.00       0       0   0.00      6.00      0.00  kworker/1:3-events
16:32:17        0       219    0.00    0.00    0.00    0.00    0.00     3      0.00      0.00       0       0   0.00      3.00      0.00  kworker/3:3-mm_percpu_wq
16:32:17        0       240    0.00    0.00    0.00    0.00    0.00     3      0.00      0.00  288968   26944   0.34      1.00      0.00  multipathd
16:32:17        0       589    0.00    0.00    0.00    0.00    0.00     1      0.00      0.00   83064    4620   0.06      1.00      0.00  irqbalance
16:32:17     1000      1633    0.00    0.00    0.00    0.00    0.00     1      0.00      0.00   32780   22496   0.28     10.00      0.00  python3
16:32:17     1000      1638    0.00    0.00    0.00    0.00    0.00     1      0.00      0.00    9900    3336   0.04      1.00      0.00  vmstat
16:32:17     1000      1639    0.00    0.00    0.00    0.00    0.00     1      0.00      0.00    7712    3764   0.05      1.00      0.00  pidstat
16:32:17     1000      2142    0.00    0.00    0.00    0.00    0.00     0    145.00      0.00    2704    1528   0.02      1.00      1.00  time
16:32:17     1000      2143   70.00    6.00    0.00    0.00   76.00     0   7967.00      0.00   48244   41096   0.52      7.00      2.00  /home/ubuntu/pa
16:32:17     1000      2144   11.00    8.00    0.00    0.00   19.00     2   8419.00      0.00 1816892   36328   0.46      4.00      4.00  hey

# Time        UID       PID    %usr %system  %guest   %wait    %CPU   CPU  minflt/s  majflt/s     VSZ     RSS   %MEM   cswch/s nvcswch/s  Command
16:32:18        0        11    0.00    0.00    0.00    0.00    0.00     0      0.00      0.00       0       0   0.00      5.00      0.00  kworker/0:1-events
16:32:18        0        16    0.00    0.00    0.00    0.00    0.00     1      0.00      0.00       0       0   0.00     14.00      0.00  rcu_sched
16:32:18        0        19    0.00    0.00    0.00    0.00    0.00     0      0.00      0.00       0       0   0.00      1.00      0.00  migration/0
16:32:18        0        25    0.00    0.00    0.00    0.00    0.00     1      0.00      0.00       0       0   0.00      2.00      0.00  migration/1
16:32:18        0        31    0.00    0.00    0.00    0.00    0.00     2      0.00      0.00       0       0   0.00      1.00      0.00  migration/2
16:32:18        0        37    0.00    0.00    0.00    0.00    0.00     3      0.00      0.00       0       0   0.00      1.00      0.00  migration/3
16:32:18        0        47    0.00    0.00    0.00    0.00    0.00     1      0.00      0.00       0       0   0.00      9.00      0.00  kworker/u16:1-events_power_efficient
16:32:18        0        52    0.00    0.00    0.00    0.00    0.00     1      0.00      0.00       0       0   0.00      2.00      0.00  kcompactd0
16:32:18        0       197    0.00    0.00    0.00    0.00    0.00     2      0.00      0.00       0       0   0.00      3.00      0.00  kworker/2:2-mm_percpu_wq
16:32:18        0       218    0.00    0.00    0.00    0.00    0.00     1      0.00      0.00       0       0   0.00      6.00      0.00  kworker/1:3-events
16:32:18        0       219    0.00    0.00    0.00    0.00    0.00     3      0.00      0.00       0       0   0.00      3.00      0.00  kworker/3:3-mm_percpu_wq
16:32:18        0       240    0.00    0.00    0.00    0.00    0.00     3      0.00      0.00  288968   26944   0.34      1.00      0.00  multipathd
16:32:18     1000      1633    0.00    0.00    0.00    0.00    0.00     1      0.00      0.00   32780   22496   0.28      3.00      0.00  python3
16:32:18     1000      1638    0.00    0.00    0.00    0.00    0.00     1      0.00      0.00    9900    3336   0.04      1.00      0.00  vmstat
16:32:18     1000      1639    0.00    1.00    0.00    0.00    1.00     1      0.00      0.00    7712    3764   0.05      1.00      0.00  pidstat
16:32:18     1000      2143   92.00    7.00    0.00    0.00   99.00     0     71.00      0.00   48508   41352   0.52      2.00      6.00  /home/ubuntu/pa
16:32:18     1000      2152   10.00    9.00    0.00    0.00   19.00     3   8209.00      0.00 1816636   35508   0.45      4.00      4.00  hey

# Time        UID       PID    %usr %system  %guest   %wait    %CPU   CPU  minflt/s  majflt/s     VSZ     RSS   %MEM   cswch/s nvcswch/s  Command
16:32:19        0        11    0.00    0.00    0.00    0.00    0.00     0      0.00      0.00       0       0   0.00      2.00      0.00  kworker/0:1-events
16:32:19        0        47    0.00    0.00    0.00    0.00    0.00     1      0.00      0.00       0       0   0.00      9.00      0.00  kworker/u16:1-events_power_efficient
16:32:19        0        52    0.00    0.00    0.00    0.00    0.00     1      0.00      0.00       0       0   0.00      2.00      0.00  kcompactd0
16:32:19        0       122    0.00    0.00    0.00    0.00    0.00     2      0.00      0.00       0       0   0.00      1.00      0.00  kworker/u16:3-flush-259:0
16:32:19        0       197    0.00    0.00    0.00    0.00    0.00     2      0.00      0.00       0       0   0.00      1.00      0.00  kworker/2:2-mm_percpu_wq
16:32:19        0       218    0.00    0.00    0.00    0.00    0.00     1      0.00      0.00       0       0   0.00      6.00      0.00  kworker/1:3-events
16:32:19        0       219    0.00    0.00    0.00    0.00    0.00     3      0.00      0.00       0       0   0.00      2.00      0.00  kworker/3:3-mm_percpu_wq
16:32:19        0       240    0.00    0.00    0.00    0.00    0.00     3      0.00      0.00  288968   26944   0.34      1.00      0.00  multipathd
16:32:19        0       839    0.00    0.00    0.00    0.00    0.00     1      0.00      0.00       0       0   0.00      1.00      0.00  kworker/1:1H-kblockd
16:32:19     1000      1638    0.00    0.00    0.00    0.00    0.00     1      0.00      0.00    9900    3336   0.04      1.00      0.00  vmstat
16:32:19     1000      1639    0.00    0.00    0.00    0.00    0.00     1      0.00      0.00    7712    3764   0.05      1.00      0.00  pidstat
16:32:19     1000      2143   94.00    6.00    0.00    0.00  100.00     0      0.00      0.00   48508   41352   0.52      0.00      2.00  /home/ubuntu/pa
16:32:19     1000      2152   19.00   13.00    0.00    0.00   32.00     3   3861.00      0.00 1817404   49588   0.63      0.00      0.00  hey

# Time        UID       PID    %usr %system  %guest   %wait    %CPU   CPU  minflt/s  majflt/s     VSZ     RSS   %MEM   cswch/s nvcswch/s  Command
16:32:20        0        11    0.00    0.00    0.00    0.00    0.00     0      0.00      0.00       0       0   0.00      4.00      0.00  kworker/0:1-events
16:32:20        0        16    0.00    0.00    0.00    0.00    0.00     1      0.00      0.00       0       0   0.00     52.00      0.00  rcu_sched
16:32:20        0        25    0.00    0.00    0.00    0.00    0.00     1      0.00      0.00       0       0   0.00      2.00      0.00  migration/1
16:32:20        0        32    0.00    0.00    0.00    0.00    0.00     2      0.00      0.00       0       0   0.00      1.00      0.00  ksoftirqd/2
16:32:20        0        52    0.00    0.00    0.00    0.00    0.00     1      0.00      0.00       0       0   0.00      2.00      0.00  kcompactd0
16:32:20        0       122    0.00    0.00    0.00    0.00    0.00     3      0.00      0.00       0       0   0.00      6.00      0.00  kworker/u16:3-ext4-rsv-conversion
16:32:20        0       197    0.00    0.00    0.00    0.00    0.00     2      0.00      0.00       0       0   0.00      5.00      0.00  kworker/2:2-mm_percpu_wq
16:32:20        0       218    0.00    0.00    0.00    0.00    0.00     1      0.00      0.00       0       0   0.00      3.00      0.00  kworker/1:3-events
16:32:20        0       219    0.00    0.00    0.00    0.00    0.00     3      0.00      0.00       0       0   0.00      6.00      0.00  kworker/3:3-events
16:32:20        0       240    0.00    0.00    0.00    0.00    0.00     3      0.00      0.00  288968   26944   0.34      1.00      0.00  multipathd
16:32:20        0       839    0.00    0.00    0.00    0.00    0.00     1      0.00      0.00       0       0   0.00      1.00      0.00  kworker/1:1H-kblockd
16:32:20     1000      1633    1.00    0.00    0.00    1.00    1.00     1      0.00      0.00   32780   22496   0.28     13.00      0.00  python3
16:32:20     1000      1638    0.00    0.00    0.00    0.00    0.00     1      0.00      0.00    9900    3336   0.04      1.00      0.00  vmstat
16:32:20     1000      1639    0.00    0.00    0.00    0.00    0.00     1      0.00      0.00    7712    3764   0.05      1.00      1.00  pidstat
16:32:20     1000      2160    0.00    0.00    0.00    0.00    0.00     0    144.00      0.00    2704    1464   0.02      1.00      1.00  time
16:32:20     1000      2161   14.00    1.00    0.00    0.00   15.00     0   7968.00      0.00   48240   40952   0.52      7.00      2.00  /home/ubuntu/pa
16:32:20     1000      2162    0.00    0.00    0.00    0.00    0.00     3   1294.00      0.00 1750712   10536   0.13      3.00      4.00  hey

# Time        UID       PID    %usr %system  %guest   %wait    %CPU   CPU  minflt/s  majflt/s     VSZ     RSS   %MEM   cswch/s nvcswch/s  Command
16:32:21        0        11    0.00    0.00    0.00    0.00    0.00     0      0.00      0.00       0       0   0.00      2.00      0.00  kworker/0:1-events
16:32:21        0        16    0.00    0.00    0.00    0.00    0.00     1      0.00      0.00       0       0   0.00      5.00      0.00  rcu_sched
16:32:21        0        52    0.00    0.00    0.00    0.00    0.00     1      0.00      0.00       0       0   0.00      2.00      0.00  kcompactd0
16:32:21        0       122    0.00    0.00    0.00    0.00    0.00     1      0.00      0.00       0       0   0.00      7.00      0.00  kworker/u16:3-events_power_efficient
16:32:21        0       197    0.00    0.00    0.00    0.00    0.00     2      0.00      0.00       0       0   0.00      1.00      0.00  kworker/2:2-mm_percpu_wq
16:32:21        0       218    0.00    0.00    0.00    1.00    0.00     1      0.00      0.00       0       0   0.00      6.00      0.00  kworker/1:3-mm_percpu_wq
16:32:21        0       219    0.00    0.00    0.00    0.00    0.00     3      0.00      0.00       0       0   0.00      1.00      0.00  kworker/3:3-mm_percpu_wq
16:32:21        0       240    0.00    0.00    0.00    0.00    0.00     3      0.00      0.00  288968   26944   0.34      1.00      0.00  multipathd
16:32:21      110       702    0.00    0.00    0.00    0.00    0.00     1      0.00      0.00   19416    3760   0.05      2.00      0.00  chronyd
16:32:21     1000      1633    0.00    0.00    0.00    0.00    0.00     1      0.00      0.00   32780   22496   0.28      3.00      0.00  python3
16:32:21     1000      1638    0.00    0.00    0.00    0.00    0.00     1      0.00      0.00    9900    3336   0.04      1.00      0.00  vmstat
16:32:21     1000      1639    0.00    1.00    0.00    0.00    1.00     1      0.00      0.00    7712    3764   0.05      1.00      2.00  pidstat
16:32:21     1000      2161   93.00    7.00    0.00    0.00  100.00     0      0.00      0.00   48240   40952   0.52      2.00      2.00  /home/ubuntu/pa

# Time        UID       PID    %usr %system  %guest   %wait    %CPU   CPU  minflt/s  majflt/s     VSZ     RSS   %MEM   cswch/s nvcswch/s  Command
16:32:22        0        11    0.00    0.00    0.00    0.00    0.00     0      0.00      0.00       0       0   0.00      6.00      0.00  kworker/0:1-events
16:32:22        0        16    0.00    0.00    0.00    0.00    0.00     2      0.00      0.00       0       0   0.00     17.00      0.00  rcu_sched
16:32:22        0        19    0.00    0.00    0.00    0.00    0.00     0      0.00      0.00       0       0   0.00      1.00      0.00  migration/0
16:32:22        0        25    0.00    0.00    0.00    0.00    0.00     1      0.00      0.00       0       0   0.00      2.00      0.00  migration/1
16:32:22        0        31    0.00    0.00    0.00    0.00    0.00     2      0.00      0.00       0       0   0.00      1.00      0.00  migration/2
16:32:22        0        32    0.00    0.00    0.00    0.00    0.00     2      0.00      0.00       0       0   0.00      1.00      0.00  ksoftirqd/2
16:32:22        0        37    0.00    0.00    0.00    0.00    0.00     3      0.00      0.00       0       0   0.00      1.00      0.00  migration/3
16:32:22        0        52    0.00    0.00    0.00    0.00    0.00     1      0.00      0.00       0       0   0.00      2.00      0.00  kcompactd0
16:32:22        0       122    0.00    0.00    0.00    0.00    0.00     1      0.00      0.00       0       0   0.00      5.00      0.00  kworker/u16:3-events_power_efficient
16:32:22        0       197    0.00    0.00    0.00    0.00    0.00     2      0.00      0.00       0       0   0.00      2.00      0.00  kworker/2:2-mm_percpu_wq
16:32:22        0       218    0.00    0.00    0.00    0.00    0.00     1      0.00      0.00       0       0   0.00      7.00      0.00  kworker/1:3-events
16:32:22        0       219    0.00    0.00    0.00    0.00    0.00     3      0.00      0.00       0       0   0.00      2.00      0.00  kworker/3:3-mm_percpu_wq
16:32:22        0       240    0.00    0.00    0.00    0.00    0.00     3      0.00      0.00  288968   26944   0.34      1.00      0.00  multipathd
16:32:22     1000      1638    0.00    0.00    0.00    0.00    0.00     1      0.00      0.00    9900    3336   0.04      1.00      0.00  vmstat
16:32:22     1000      1639    0.00    0.00    0.00    0.00    0.00     1      0.00      0.00    7712    3764   0.05      1.00      0.00  pidstat
16:32:22     1000      2161   92.00    7.00    0.00    0.00   99.00     0     70.00      0.00   48636   41208   0.52      0.00      7.00  /home/ubuntu/pa
16:32:22     1000      2170   16.00   13.00    0.00    0.00   29.00     3  11814.00      0.00 1817276   48564   0.61      3.00      3.00  hey

# Time        UID       PID    %usr %system  %guest   %wait    %CPU   CPU  minflt/s  majflt/s     VSZ     RSS   %MEM   cswch/s nvcswch/s  Command
16:32:23        0        11    0.00    0.00    0.00    0.00    0.00     0      0.00      0.00       0       0   0.00      3.00      0.00  kworker/0:1-events
16:32:23        0        52    0.00    0.00    0.00    0.00    0.00     1      0.00      0.00       0       0   0.00      2.00      0.00  kcompactd0
16:32:23        0       122    0.00    0.00    0.00    0.00    0.00     1      0.00      0.00       0       0   0.00      9.00      0.00  kworker/u16:3-events_power_efficient
16:32:23        0       197    0.00    0.00    0.00    0.00    0.00     2      0.00      0.00       0       0   0.00      1.00      0.00  kworker/2:2-mm_percpu_wq
16:32:23        0       218    0.00    0.00    0.00    0.00    0.00     1      0.00      0.00       0       0   0.00      6.00      0.00  kworker/1:3-events
16:32:23        0       219    0.00    0.00    0.00    0.00    0.00     3      0.00      0.00       0       0   0.00      1.00      0.00  kworker/3:3-mm_percpu_wq
16:32:23        0       240    0.00    0.00    0.00    0.00    0.00     3      0.00      0.00  288968   26944   0.34      2.00      0.00  multipathd
16:32:23     1000      1638    0.00    0.00    0.00    0.00    0.00     1      0.00      0.00    9900    3336   0.04      1.00      0.00  vmstat
16:32:23     1000      1639    1.00    1.00    0.00    0.00    2.00     1      0.00      0.00    7712    3764   0.05      1.00      0.00  pidstat
16:32:23     1000      2161   92.00    8.00    0.00    0.00  100.00     0      0.00      0.00   48636   41208   0.52      0.00      3.00  /home/ubuntu/pa
16:32:23     1000      2170   17.00   16.00    0.00    0.00   33.00     3   2493.00      0.00 1817724   57524   0.73      0.00      0.00  hey

# Time        UID       PID    %usr %system  %guest   %wait    %CPU   CPU  minflt/s  majflt/s     VSZ     RSS   %MEM   cswch/s nvcswch/s  Command
16:32:24        0        11    0.00    0.00    0.00    0.00    0.00     0      0.00      0.00       0       0   0.00      6.00      0.00  kworker/0:1-events
16:32:24        0        16    0.00    0.00    0.00    0.00    0.00     3      0.00      0.00       0       0   0.00     48.00      0.00  rcu_sched
16:32:24        0        25    0.00    0.00    0.00    0.00    0.00     1      0.00      0.00       0       0   0.00      2.00      0.00  migration/1
16:32:24        0        32    0.00    0.00    0.00    0.00    0.00     2      0.00      0.00       0       0   0.00      1.00      0.00  ksoftirqd/2
16:32:24        0        38    0.00    0.00    0.00    0.00    0.00     3      0.00      0.00       0       0   0.00      1.00      0.00  ksoftirqd/3
16:32:24        0        52    0.00    0.00    0.00    0.00    0.00     1      0.00      0.00       0       0   0.00      2.00      0.00  kcompactd0
16:32:24        0       122    0.00    0.00    0.00    0.00    0.00     1      0.00      0.00       0       0   0.00      8.00      0.00  kworker/u16:3-events_power_efficient
16:32:24        0       197    0.00    0.00    0.00    0.00    0.00     2      0.00      0.00       0       0   0.00      3.00      0.00  kworker/2:2-mm_percpu_wq
16:32:24        0       218    0.00    0.00    0.00    0.00    0.00     1      0.00      0.00       0       0   0.00      6.00      0.00  kworker/1:3-mm_percpu_wq
16:32:24        0       219    0.00    0.00    0.00    0.00    0.00     3      0.00      0.00       0       0   0.00      2.00      0.00  kworker/3:3-mm_percpu_wq
16:32:24        0       240    0.00    0.00    0.00    0.00    0.00     3      0.00      0.00  288968   26944   0.34      1.00      0.00  multipathd
16:32:24     1000      1633    0.00    0.00    0.00    0.00    0.00     1     25.00      0.00   32780   22624   0.29     11.00      0.00  python3
16:32:24     1000      1638    0.00    0.00    0.00    0.00    0.00     1      0.00      0.00    9900    3336   0.04      1.00      0.00  vmstat
16:32:24     1000      1639    0.00    0.00    0.00    0.00    0.00     1      0.00      0.00    7712    3764   0.05      1.00      1.00  pidstat
16:32:24     1000      2178    0.00    0.00    0.00    0.00    0.00     0    144.00      0.00    2704    1464   0.02      1.00      1.00  time
16:32:24     1000      2179   54.00    1.00    0.00    0.00   55.00     0   7787.00      0.00   47564   40460   0.51      5.00      5.00  /home/ubuntu/pe
16:32:24     1000      2180    0.00    1.00    0.00    0.00    1.00     2   1348.00      0.00 1676724   10552   0.13      3.00      2.00  hey

# Time        UID       PID    %usr %system  %guest   %wait    %CPU   CPU  minflt/s  majflt/s     VSZ     RSS   %MEM   cswch/s nvcswch/s  Command
16:32:25        0        11    0.00    0.00    0.00    0.00    0.00     0      0.00      0.00       0       0   0.00      3.00      0.00  kworker/0:1-events
16:32:25        0        16    0.00    0.00    0.00    0.00    0.00     1      0.00      0.00       0       0   0.00     10.00      0.00  rcu_sched
16:32:25        0        25    0.00    0.00    0.00    0.00    0.00     1      0.00      0.00       0       0   0.00      1.00      0.00  migration/1
16:32:25        0        47    0.00    0.00    0.00    0.00    0.00     2      0.00      0.00       0       0   0.00      1.00      0.00  kworker/u16:1-events_power_efficient
16:32:25        0        52    0.00    0.00    0.00    0.00    0.00     1      0.00      0.00       0       0   0.00      2.00      0.00  kcompactd0
16:32:25        0       122    0.00    0.00    0.00    0.00    0.00     3      0.00      0.00       0       0   0.00      7.00      0.00  kworker/u16:3-events_power_efficient
16:32:25        0       197    0.00    0.00    0.00    0.00    0.00     2      0.00      0.00       0       0   0.00      2.00      0.00  kworker/2:2-mm_percpu_wq
16:32:25        0       218    0.00    0.00    0.00    0.00    0.00     1      0.00      0.00       0       0   0.00      3.00      0.00  kworker/1:3-events
16:32:25        0       219    0.00    0.00    0.00    0.00    0.00     3      0.00      0.00       0       0   0.00      3.00      0.00  kworker/3:3-events
16:32:25        0       240    0.00    0.00    0.00    0.00    0.00     3      0.00      0.00  288968   26944   0.34      1.00      0.00  multipathd
16:32:25     1000      1633    1.00    1.00    0.00    0.00    2.00     1      0.00      0.00   32780   22624   0.29      3.00      0.00  python3
16:32:25     1000      1638    0.00    0.00    0.00    0.00    0.00     1      0.00      0.00    9900    3336   0.04      1.00      0.00  vmstat
16:32:25     1000      1639    0.00    0.00    0.00    0.00    0.00     1      0.00      0.00    7712    3764   0.05      1.00      0.00  pidstat
16:32:25     1000      2179   99.00    1.00    0.00    0.00  100.00     0     66.00      0.00   47848   40716   0.51      2.00      3.00  /home/ubuntu/pe
16:32:25     1000      2187    0.00    1.00    0.00    0.00    1.00     3   1324.00      0.00 1676724   10612   0.13      3.00      2.00  hey

# Time        UID       PID    %usr %system  %guest   %wait    %CPU   CPU  minflt/s  majflt/s     VSZ     RSS   %MEM   cswch/s nvcswch/s  Command
16:32:26        0        11    0.00    0.00    0.00    0.00    0.00     0      0.00      0.00       0       0   0.00      8.00      0.00  kworker/0:1-events
16:32:26        0        16    0.00    0.00    0.00    0.00    0.00     1      0.00      0.00       0       0   0.00      2.00      0.00  rcu_sched
16:32:26        0        19    0.00    0.00    0.00    0.00    0.00     0      0.00      0.00       0       0   0.00      1.00      0.00  migration/0
16:32:26        0        25    0.00    0.00    0.00    0.00    0.00     1      0.00      0.00       0       0   0.00      1.00      0.00  migration/1
16:32:26        0        31    0.00    0.00    0.00    0.00    0.00     2      0.00      0.00       0       0   0.00      1.00      0.00  migration/2
16:32:26        0        37    0.00    0.00    0.00    0.00    0.00     3      0.00      0.00       0       0   0.00      1.00      0.00  migration/3
16:32:26        0        47    0.00    0.00    0.00    0.00    0.00     2      0.00      0.00       0       0   0.00      1.00      0.00  kworker/u16:1-events_power_efficient
16:32:26        0        52    0.00    0.00    0.00    0.00    0.00     1      0.00      0.00       0       0   0.00      2.00      0.00  kcompactd0
16:32:26        0       122    0.00    0.00    0.00    0.00    0.00     3      0.00      0.00       0       0   0.00      6.00      0.00  kworker/u16:3-events_power_efficient
16:32:26        0       197    0.00    0.00    0.00    0.00    0.00     2      0.00      0.00       0       0   0.00      1.00      0.00  kworker/2:2-mm_percpu_wq
16:32:26        0       218    0.00    0.00    0.00    0.00    0.00     1      0.00      0.00       0       0   0.00      1.00      0.00  kworker/1:3-mm_percpu_wq
16:32:26        0       219    0.00    0.00    0.00    0.00    0.00     3      0.00      0.00       0       0   0.00      6.00      0.00  kworker/3:3-events
16:32:26        0       240    0.00    0.00    0.00    0.00    0.00     3      0.00      0.00  288968   26944   0.34      1.00      0.00  multipathd
16:32:26     1000      1638    0.00    0.00    0.00    0.00    0.00     1      0.00      0.00    9900    3336   0.04      1.00      0.00  vmstat
16:32:26     1000      1639    0.00    1.00    0.00    0.00    1.00     1      0.00      0.00    7712    3764   0.05      1.00      0.00  pidstat
16:32:26     1000      2179  100.00    1.00    0.00    0.00  101.00     0     36.00      0.00   47980   40844   0.52      0.00      9.00  /home/ubuntu/pe
16:32:26     1000      2187    2.00    0.00    0.00    0.00    2.00     3    329.00      0.00 1676724   11764   0.15      0.00      0.00  hey

# Time        UID       PID    %usr %system  %guest   %wait    %CPU   CPU  minflt/s  majflt/s     VSZ     RSS   %MEM   cswch/s nvcswch/s  Command
16:32:27        0        11    0.00    0.00    0.00    0.00    0.00     0      0.00      0.00       0       0   0.00      3.00      0.00  kworker/0:1-events
16:32:27        0        16    0.00    0.00    0.00    0.00    0.00     1      0.00      0.00       0       0   0.00     18.00      0.00  rcu_sched
16:32:27        0        32    0.00    0.00    0.00    0.00    0.00     2      0.00      0.00       0       0   0.00      1.00      0.00  ksoftirqd/2
16:32:27        0        47    0.00    0.00    0.00    0.00    0.00     3      0.00      0.00       0       0   0.00      6.00      0.00  kworker/u16:1-events_power_efficient
16:32:27        0        52    0.00    0.00    0.00    0.00    0.00     1      0.00      0.00       0       0   0.00      2.00      0.00  kcompactd0
16:32:27        0       197    0.00    0.00    0.00    0.00    0.00     2      0.00      0.00       0       0   0.00      5.00      0.00  kworker/2:2-events
16:32:27        0       219    0.00    0.00    0.00    0.00    0.00     3      0.00      0.00       0       0   0.00      4.00      0.00  kworker/3:3-mm_percpu_wq
16:32:27        0       240    0.00    0.00    0.00    0.00    0.00     3      0.00      0.00  288968   26944   0.34      1.00      0.00  multipathd
16:32:27        0       257    0.00    0.00    0.00    0.00    0.00     0      0.00      0.00       0       0   0.00      1.00      0.00  kworker/0:1H-kblockd
16:32:27        0       589    0.00    0.00    0.00    0.00    0.00     1      0.00      0.00   83064    4620   0.06      1.00      0.00  irqbalance
16:32:27     1000      1633    0.00    0.00    0.00    0.00    0.00     1      0.00      0.00   32780   22624   0.29      3.00      0.00  python3
16:32:27     1000      1638    0.00    0.00    0.00    0.00    0.00     1      0.00      0.00    9900    3336   0.04      1.00      0.00  vmstat
16:32:27     1000      1639    1.00    0.00    0.00    0.00    1.00     1      0.00      0.00    7712    3764   0.05      1.00      0.00  pidstat

# Time        UID       PID    %usr %system  %guest   %wait    %CPU   CPU  minflt/s  majflt/s     VSZ     RSS   %MEM   cswch/s nvcswch/s  Command
16:32:28        0        11    0.00    0.00    0.00    0.00    0.00     0      0.00      0.00       0       0   0.00      5.00      0.00  kworker/0:1-events
16:32:28        0        16    0.00    0.00    0.00    0.00    0.00     2      0.00      0.00       0       0   0.00     34.00      0.00  rcu_sched
16:32:28        0        25    0.00    0.00    0.00    0.00    0.00     1      0.00      0.00       0       0   0.00      2.00      0.00  migration/1
16:32:28        0        47    0.00    0.00    0.00    0.00    0.00     3      0.00      0.00       0       0   0.00      2.00      0.00  kworker/u16:1-flush-259:0
16:32:28        0        52    0.00    0.00    0.00    0.00    0.00     1      0.00      0.00       0       0   0.00      2.00      0.00  kcompactd0
16:32:28        0       122    0.00    0.00    0.00    0.00    0.00     1      0.00      0.00       0       0   0.00      6.00      0.00  kworker/u16:3-events_power_efficient
16:32:28        0       197    0.00    0.00    0.00    0.00    0.00     2      0.00      0.00       0       0   0.00      1.00      0.00  kworker/2:2-mm_percpu_wq
16:32:28        0       218    0.00    0.00    0.00    0.00    0.00     1      0.00      0.00       0       0   0.00      5.00      0.00  kworker/1:3-events
16:32:28        0       219    0.00    0.00    0.00    0.00    0.00     3      0.00      0.00       0       0   0.00      2.00      0.00  kworker/3:3-mm_percpu_wq
16:32:28        0       240    0.00    0.00    0.00    0.00    0.00     3      0.00      0.00  288968   26944   0.34      1.00      0.00  multipathd
16:32:28     1000      1633    0.00    0.00    0.00    0.00    0.00     1      5.00      0.00   32780   22624   0.29      8.00      0.00  python3
16:32:28     1000      1638    0.00    0.00    0.00    0.00    0.00     1      0.00      0.00    9900    3336   0.04      1.00      0.00  vmstat
16:32:28     1000      1639    0.00    0.00    0.00    0.00    0.00     1      0.00      0.00    7712    3764   0.05      1.00      0.00  pidstat
16:32:28     1000      2194    0.00    0.00    0.00    0.00    0.00     0    144.00      0.00    2704    1464   0.02      1.00      1.00  time
16:32:28     1000      2195   89.00    2.00    0.00    0.00   91.00     0   8358.00      0.00   49880   42440   0.54      5.00      5.00  /home/ubuntu/pa
16:32:28     1000      2196    1.00    1.00    0.00    0.00    2.00     2   1495.00      0.00 1676724   11252   0.14      4.00      2.00  hey

# Time        UID       PID    %usr %system  %guest   %wait    %CPU   CPU  minflt/s  majflt/s     VSZ     RSS   %MEM   cswch/s nvcswch/s  Command
16:32:29        0        11    0.00    0.00    0.00    0.00    0.00     0      0.00      0.00       0       0   0.00      2.00      0.00  kworker/0:1-mm_percpu_wq
16:32:29        0        16    0.00    0.00    0.00    0.00    0.00     2      0.00      0.00       0       0   0.00      8.00      0.00  rcu_sched
16:32:29        0        25    0.00    0.00    0.00    0.00    0.00     1      0.00      0.00       0       0   0.00      1.00      0.00  migration/1
16:32:29        0        52    0.00    0.00    0.00    0.00    0.00     1      0.00      0.00       0       0   0.00      2.00      0.00  kcompactd0
16:32:29        0       122    0.00    0.00    0.00    0.00    0.00     1      0.00      0.00       0       0   0.00      9.00      0.00  kworker/u16:3-events_power_efficient
16:32:29        0       197    0.00    0.00    0.00    0.00    0.00     2      0.00      0.00       0       0   0.00      1.00      0.00  kworker/2:2-mm_percpu_wq
16:32:29        0       218    0.00    0.00    0.00    0.00    0.00     1      0.00      0.00       0       0   0.00      6.00      0.00  kworker/1:3-mm_percpu_wq
16:32:29        0       219    0.00    0.00    0.00    0.00    0.00     3      0.00      0.00       0       0   0.00      1.00      0.00  kworker/3:3-mm_percpu_wq
16:32:29        0       240    0.00    0.00    0.00    0.00    0.00     3      0.00      0.00  288968   26944   0.34      1.00      0.00  multipathd
16:32:29     1000      1633    0.00    0.00    0.00    0.00    0.00     1      0.00      0.00   32780   22624   0.29      3.00      0.00  python3
16:32:29     1000      1638    0.00    0.00    0.00    0.00    0.00     1      0.00      0.00    9900    3336   0.04      1.00      0.00  vmstat
16:32:29     1000      1639    0.00    1.00    0.00    0.00    1.00     1      0.00      0.00    7712    3764   0.05      1.00      0.00  pidstat
16:32:29     1000      2195   99.00    1.00    0.00    0.00  100.00     0     89.00      0.00   50168   42824   0.54      2.00      2.00  /home/ubuntu/pa
16:32:29     1000      2203    1.00    0.00    0.00    0.00    1.00     3   1481.00      0.00 1676980   11168   0.14      3.00      2.00  hey

# Time        UID       PID    %usr %system  %guest   %wait    %CPU   CPU  minflt/s  majflt/s     VSZ     RSS   %MEM   cswch/s nvcswch/s  Command
16:32:30        0        11    0.00    0.00    0.00    0.00    0.00     0      0.00      0.00       0       0   0.00      7.00      0.00  kworker/0:1-events
16:32:30        0        16    0.00    0.00    0.00    0.00    0.00     2      0.00      0.00       0       0   0.00      2.00      0.00  rcu_sched
16:32:30        0        19    0.00    0.00    0.00    0.00    0.00     0      0.00      0.00       0       0   0.00      1.00      0.00  migration/0
16:32:30        0        25    0.00    0.00    0.00    0.00    0.00     1      0.00      0.00       0       0   0.00      1.00      0.00  migration/1
16:32:30        0        31    0.00    0.00    0.00    0.00    0.00     2      0.00      0.00       0       0   0.00      1.00      0.00  migration/2
16:32:30        0        37    0.00    0.00    0.00    0.00    0.00     3      0.00      0.00       0       0   0.00      1.00      0.00  migration/3
16:32:30        0        47    0.00    0.00    0.00    0.00    0.00     3      0.00      0.00       0       0   0.00      2.00      0.00  kworker/u16:1-events_power_efficient
16:32:30        0        52    0.00    0.00    0.00    0.00    0.00     1      0.00      0.00       0       0   0.00      2.00      0.00  kcompactd0
16:32:30        0       122    0.00    0.00    0.00    0.00    0.00     1      0.00      0.00       0       0   0.00      6.00      0.00  kworker/u16:3-events_power_efficient
16:32:30        0       197    0.00    0.00    0.00    0.00    0.00     2      0.00      0.00       0       0   0.00      1.00      0.00  kworker/2:2-mm_percpu_wq
16:32:30        0       218    0.00    0.00    0.00    0.00    0.00     1      0.00      0.00       0       0   0.00      5.00      0.00  kworker/1:3-mm_percpu_wq
16:32:30        0       219    0.00    0.00    0.00    0.00    0.00     3      0.00      0.00       0       0   0.00      3.00      0.00  kworker/3:3-mm_percpu_wq
16:32:30        0       240    0.00    0.00    0.00    0.00    0.00     3      0.00      0.00  288968   26944   0.34      1.00      0.00  multipathd
16:32:30     1000      1638    0.00    0.00    0.00    0.00    0.00     1      0.00      0.00    9900    3336   0.04      1.00      0.00  vmstat
16:32:30     1000      1639    0.00    0.00    0.00    0.00    0.00     1      0.00      0.00    7712    3764   0.05      1.00      0.00  pidstat
16:32:30     1000      2195   99.00    0.00    0.00    0.00   99.00     0      0.00      0.00   50168   42824   0.54      0.00      8.00  /home/ubuntu/pa
16:32:30     1000      2203    1.00    1.00    0.00    0.00    2.00     3    360.00      0.00 1676980   12320   0.16      0.00      0.00  hey

# Time        UID       PID    %usr %system  %guest   %wait    %CPU   CPU  minflt/s  majflt/s     VSZ     RSS   %MEM   cswch/s nvcswch/s  Command
16:32:31        0        11    0.00    0.00    0.00    0.00    0.00     0      0.00      0.00       0       0   0.00      4.00      0.00  kworker/0:1-mm_percpu_wq
16:32:31        0        16    0.00    0.00    0.00    0.00    0.00     1      0.00      0.00       0       0   0.00     56.00      0.00  rcu_sched
16:32:31        0        25    0.00    0.00    0.00    0.00    0.00     1      0.00      0.00       0       0   0.00      2.00      0.00  migration/1
16:32:31        0        26    0.00    0.00    0.00    0.00    0.00     1      0.00      0.00       0       0   0.00      1.00      0.00  ksoftirqd/1
16:32:31        0        38    0.00    0.00    0.00    0.00    0.00     3      0.00      0.00       0       0   0.00      1.00      0.00  ksoftirqd/3
16:32:31        0        47    0.00    0.00    0.00    0.00    0.00     3      0.00      0.00       0       0   0.00      6.00      0.00  kworker/u16:1-events_unbound
16:32:31        0        52    0.00    0.00    0.00    0.00    0.00     3      0.00      0.00       0       0   0.00      2.00      0.00  kcompactd0
16:32:31        0       197    0.00    0.00    0.00    0.00    0.00     2      0.00      0.00       0       0   0.00      2.00      0.00  kworker/2:2-mm_percpu_wq
16:32:31        0       218    0.00    0.00    0.00    0.00    0.00     1      0.00      0.00       0       0   0.00      1.00      0.00  kworker/1:3-mm_percpu_wq
16:32:31        0       219    0.00    0.00    0.00    0.00    0.00     3      0.00      0.00       0       0   0.00      7.00      0.00  kworker/3:3-events
16:32:31        0       240    0.00    0.00    0.00    0.00    0.00     3      0.00      0.00  288968   26944   0.34      1.00      0.00  multipathd
16:32:31     1000      1633    1.00    0.00    0.00    0.00    1.00     1      0.00      0.00   32780   22624   0.29     11.00      0.00  python3
16:32:31     1000      1638    0.00    0.00    0.00    0.00    0.00     1      0.00      0.00    9900    3336   0.04      1.00      0.00  vmstat
16:32:31     1000      1639    0.00    1.00    0.00    0.00    1.00     1      0.00      0.00    7712    3764   0.05      1.00      0.00  pidstat
16:32:31     1000      2210    0.00    0.00    0.00    0.00    0.00     0    143.00      0.00    2704    1528   0.02      1.00      1.00  time
16:32:31     1000      2211   23.00    2.00    0.00    0.00   25.00     0   8170.00      0.00   49204   41832   0.53      5.00      1.00  /home/ubuntu/pa
16:32:31     1000      2212    0.00    0.00    0.00    0.00    0.00     2   1188.00      0.00 1750712    9864   0.12      3.00      4.00  hey

# Time        UID       PID    %usr %system  %guest   %wait    %CPU   CPU  minflt/s  majflt/s     VSZ     RSS   %MEM   cswch/s nvcswch/s  Command
16:32:32        0        11    0.00    0.00    0.00    1.00    0.00     0      0.00      0.00       0       0   0.00      4.00      0.00  kworker/0:1-events
16:32:32        0        16    0.00    0.00    0.00    0.00    0.00     1      0.00      0.00       0       0   0.00      6.00      0.00  rcu_sched
16:32:32        0        25    0.00    0.00    0.00    0.00    0.00     1      0.00      0.00       0       0   0.00      1.00      0.00  migration/1
16:32:32        0        38    0.00    0.00    0.00    0.00    0.00     3      0.00      0.00       0       0   0.00      1.00      0.00  ksoftirqd/3
16:32:32        0        47    0.00    0.00    0.00    0.00    0.00     3      0.00      0.00       0       0   0.00      5.00      0.00  kworker/u16:1-events_power_efficient
16:32:32        0        52    0.00    0.00    0.00    0.00    0.00     1      0.00      0.00       0       0   0.00      1.00      0.00  kcompactd0
16:32:32        0       197    0.00    0.00    0.00    0.00    0.00     2      0.00      0.00       0       0   0.00      1.00      0.00  kworker/2:2-mm_percpu_wq
16:32:32        0       218    0.00    0.00    0.00    0.00    0.00     1      0.00      0.00       0       0   0.00      1.00      0.00  kworker/1:3-mm_percpu_wq
16:32:32        0       219    0.00    0.00    0.00    0.00    0.00     3      0.00      0.00       0       0   0.00      8.00      0.00  kworker/3:3-events
16:32:32        0       240    0.00    0.00    0.00    0.00    0.00     3      0.00      0.00  288968   26944   0.34      1.00      0.00  multipathd
16:32:32     1000      1633    0.00    0.00    0.00    0.00    0.00     1      0.00      0.00   32780   22624   0.29      3.00      0.00  python3
16:32:32     1000      1638    0.00    0.00    0.00    0.00    0.00     1      0.00      0.00    9900    3336   0.04      1.00      0.00  vmstat
16:32:32     1000      1639    0.00    0.00    0.00    0.00    0.00     1      0.00      0.00    7712    3764   0.05      1.00      0.00  pidstat
16:32:32     1000      2211   98.00    1.00    0.00    0.00   99.00     0     71.00      0.00   49468   42216   0.53      2.00      4.00  /home/ubuntu/pa
16:32:32     1000      2220    0.00    0.00    0.00    0.00    0.00     3   1173.00      0.00 1750456   10080   0.13      4.00      3.00  hey

# Time        UID       PID    %usr %system  %guest   %wait    %CPU   CPU  minflt/s  majflt/s     VSZ     RSS   %MEM   cswch/s nvcswch/s  Command
16:32:33        0        11    0.00    0.00    0.00    0.00    0.00     0      0.00      0.00       0       0   0.00      3.00      0.00  kworker/0:1-mm_percpu_wq
16:32:33        0        16    0.00    0.00    0.00    0.00    0.00     2      0.00      0.00       0       0   0.00      5.00      0.00  rcu_sched
16:32:33        0        47    0.00    0.00    0.00    0.00    0.00     1      0.00      0.00       0       0   0.00      8.00      0.00  kworker/u16:1-events_power_efficient
16:32:33        0        52    0.00    0.00    0.00    0.00    0.00     1      0.00      0.00       0       0   0.00      2.00      0.00  kcompactd0
16:32:33        0       122    0.00    0.00    0.00    0.00    0.00     1      0.00      0.00       0       0   0.00      1.00      0.00  kworker/u16:3-events_power_efficient
16:32:33        0       197    0.00    0.00    0.00    0.00    0.00     2      0.00      0.00       0       0   0.00      1.00      0.00  kworker/2:2-mm_percpu_wq
16:32:33        0       218    0.00    0.00    0.00    0.00    0.00     1      0.00      0.00       0       0   0.00      2.00      0.00  kworker/1:3-mm_percpu_wq
16:32:33        0       219    0.00    0.00    0.00    0.00    0.00     3      0.00      0.00       0       0   0.00      5.00      0.00  kworker/3:3-mm_percpu_wq
16:32:33        0       240    0.00    0.00    0.00    0.00    0.00     3      0.00      0.00  288968   26944   0.34      1.00      0.00  multipathd
16:32:33     1000      1638    0.00    0.00    0.00    0.00    0.00     1      0.00      0.00    9900    3336   0.04      1.00      0.00  vmstat
16:32:33     1000      1639    0.00    1.00    0.00    0.00    1.00     1      0.00      0.00    7712    3764   0.05      1.00      0.00  pidstat
16:32:33     1000      2211  100.00    0.00    0.00    0.00  100.00     0     85.00      0.00   49732   42472   0.54      0.00      3.00  /home/ubuntu/pa
16:32:33     1000      2220    1.00    1.00    0.00    0.00    2.00     3    335.00      0.00 1750456   11232   0.14      0.00      0.00  hey

# Time        UID       PID    %usr %system  %guest   %wait    %CPU   CPU  minflt/s  majflt/s     VSZ     RSS   %MEM   cswch/s nvcswch/s  Command
16:32:34        0        11    0.00    0.00    0.00    0.00    0.00     0      0.00      0.00       0       0   0.00      7.00      0.00  kworker/0:1-events
16:32:34        0        12    0.00    0.00    0.00    0.00    0.00     2      0.00      0.00       0       0   0.00      1.00      0.00  kworker/u16:0-flush-259:0
16:32:34        0        16    0.00    0.00    0.00    0.00    0.00     1      0.00      0.00       0       0   0.00      9.00      0.00  rcu_sched
16:32:34        0        19    0.00    0.00    0.00    0.00    0.00     0      0.00      0.00       0       0   0.00      1.00      0.00  migration/0
16:32:34        0        25    0.00    0.00    0.00    0.00    0.00     1      0.00      0.00       0       0   0.00      1.00      0.00  migration/1
16:32:34        0        26    0.00    0.00    0.00    0.00    0.00     1      0.00      0.00       0       0   0.00      1.00      0.00  ksoftirqd/1
16:32:34        0        31    0.00    0.00    0.00    0.00    0.00     2      0.00      0.00       0       0   0.00      1.00      0.00  migration/2
16:32:34        0        37    0.00    0.00    0.00    0.00    0.00     3      0.00      0.00       0       0   0.00      1.00      0.00  migration/3
16:32:34        0        38    0.00    0.00    0.00    0.00    0.00     3      0.00      0.00       0       0   0.00      2.00      0.00  ksoftirqd/3
16:32:34        0        47    0.00    0.00    0.00    0.00    0.00     1      0.00      0.00       0       0   0.00     17.00      0.00  kworker/u16:1-events_unbound
16:32:34        0        52    0.00    0.00    0.00    0.00    0.00     1      0.00      0.00       0       0   0.00      2.00      0.00  kcompactd0
16:32:34        0       122    0.00    0.00    0.00    0.00    0.00     2      0.00      0.00       0       0   0.00      3.00      0.00  kworker/u16:3-events_unbound
16:32:34        0       197    0.00    0.00    0.00    0.00    0.00     2      0.00      0.00       0       0   0.00      4.00      0.00  kworker/2:2-events
16:32:34        0       218    0.00    0.00    0.00    0.00    0.00     1      0.00      0.00       0       0   0.00      6.00      0.00  kworker/1:3-events
16:32:34        0       219    0.00    0.00    0.00    0.00    0.00     3      0.00      0.00       0       0   0.00      3.00      0.00  kworker/3:3-events
16:32:34        0       240    0.00    0.00    0.00    0.00    0.00     3      0.00      0.00  288968   26944   0.34      1.00      0.00  multipathd
16:32:34        0       615    0.00    0.00    0.00    0.00    0.00     2      0.00      0.00       0       0   0.00      1.00      0.00  kworker/u16:4-flush-259:0
16:32:34     1000      1638    0.00    0.00    0.00    0.00    0.00     1      0.00      0.00    9900    3336   0.04      1.00      0.00  vmstat
16:32:34     1000      1639    1.00    0.00    0.00    0.00    1.00     1      0.00      0.00    7712    3764   0.05      1.00      0.00  pidstat
16:32:34     1000      2211  100.00    1.00    0.00    0.00  101.00     0      1.00      0.00   49732   42472   0.54      0.00      8.00  /home/ubuntu/pa
16:32:34     1000      2220    1.00    1.00    0.00    0.00    2.00     3    311.00      0.00 1750712   12512   0.16      0.00      0.00  hey

# Time        UID       PID    %usr %system  %guest   %wait    %CPU   CPU  minflt/s  majflt/s     VSZ     RSS   %MEM   cswch/s nvcswch/s  Command
16:32:35        0        11    0.00    0.00    0.00    0.00    0.00     0      0.00      0.00       0       0   0.00      4.00      0.00  kworker/0:1-mm_percpu_wq
16:32:35        0        16    0.00    0.00    0.00    0.00    0.00     1      0.00      0.00       0       0   0.00     52.00      0.00  rcu_sched
16:32:35        0        25    0.00    0.00    0.00    0.00    0.00     1      0.00      0.00       0       0   0.00      2.00      0.00  migration/1
16:32:35        0        38    0.00    0.00    0.00    0.00    0.00     3      0.00      0.00       0       0   0.00      1.00      0.00  ksoftirqd/3
16:32:35        0        47    0.00    0.00    0.00    0.00    0.00     3      0.00      0.00       0       0   0.00      7.00      0.00  kworker/u16:1-events_unbound
16:32:35        0        52    0.00    0.00    0.00    0.00    0.00     1      0.00      0.00       0       0   0.00      2.00      0.00  kcompactd0
16:32:35        0       122    0.00    0.00    0.00    0.00    0.00     2      0.00      0.00       0       0   0.00      1.00      0.00  kworker/u16:3-events_unbound
16:32:35        0       197    0.00    0.00    0.00    0.00    0.00     2      0.00      0.00       0       0   0.00      4.00      0.00  kworker/2:2-mm_percpu_wq
16:32:35        0       218    0.00    0.00    0.00    0.00    0.00     1      0.00      0.00       0       0   0.00      3.00      0.00  kworker/1:3-mm_percpu_wq
16:32:35        0       219    0.00    0.00    0.00    0.00    0.00     3      0.00      0.00       0       0   0.00      3.00      0.00  kworker/3:3-mm_percpu_wq
16:32:35        0       240    0.00    0.00    0.00    0.00    0.00     3      0.00      0.00  288968   26944   0.34      1.00      0.00  multipathd
16:32:35        0       839    0.00    0.00    0.00    0.00    0.00     1      0.00      0.00       0       0   0.00      1.00      0.00  kworker/1:1H-kblockd
16:32:35     1000      1633    0.00    0.00    0.00    0.00    0.00     1      0.00      0.00   32780   22624   0.29      8.00      0.00  python3
16:32:35     1000      1638    0.00    1.00    0.00    0.00    1.00     1      0.00      0.00    9900    3336   0.04      1.00      0.00  vmstat
16:32:35     1000      1639    0.00    1.00    0.00    0.00    1.00     1      0.00      0.00    7712    3764   0.05      1.00      0.00  pidstat
16:32:35     1000      2228    0.00    0.00    0.00    0.00    0.00     0    144.00      0.00    2704    1528   0.02      1.00      1.00  time
16:32:35     1000      2229   39.00    4.00    0.00    0.00   43.00     0   7716.00      0.00   47168   40148   0.51     24.00      1.00  /home/ubuntu/pe
16:32:35     1000      2230   32.00    3.00    0.00    0.00   35.00     2   4124.00      0.00   26880   21600   0.27    207.00      2.00  perl

# Time        UID       PID    %usr %system  %guest   %wait    %CPU   CPU  minflt/s  majflt/s     VSZ     RSS   %MEM   cswch/s nvcswch/s  Command
16:32:36        0        11    0.00    0.00    0.00    0.00    0.00     0      0.00      0.00       0       0   0.00      5.00      0.00  kworker/0:1-events
16:32:36        0        16    0.00    0.00    0.00    0.00    0.00     1      0.00      0.00       0       0   0.00      5.00      0.00  rcu_sched
16:32:36        0        26    0.00    0.00    0.00    0.00    0.00     1      0.00      0.00       0       0   0.00      1.00      0.00  ksoftirqd/1
16:32:36        0        47    0.00    0.00    0.00    0.00    0.00     3      0.00      0.00       0       0   0.00      5.00      0.00  kworker/u16:1-events_power_efficient
16:32:36        0        52    0.00    0.00    0.00    0.00    0.00     1      0.00      0.00       0       0   0.00      2.00      0.00  kcompactd0
16:32:36        0       197    0.00    0.00    0.00    0.00    0.00     2      0.00      0.00       0       0   0.00      1.00      0.00  kworker/2:2-mm_percpu_wq
16:32:36        0       218    0.00    0.00    0.00    0.00    0.00     1      0.00      0.00       0       0   0.00      1.00      0.00  kworker/1:3-mm_percpu_wq
16:32:36        0       219    0.00    0.00    0.00    0.00    0.00     3      0.00      0.00       0       0   0.00      5.00      0.00  kworker/3:3-events
16:32:36        0       240    0.00    0.00    0.00    0.00    0.00     3      0.00      0.00  288968   26944   0.34      1.00      0.00  multipathd
16:32:36      110       702    0.00    0.00    0.00    0.00    0.00     1      0.00      0.00   19416    3760   0.05      2.00      0.00  chronyd
16:32:36     1000      1638    0.00    0.00    0.00    0.00    0.00     1      0.00      0.00    9900    3336   0.04      1.00      0.00  vmstat
16:32:36     1000      1639    0.00    0.00    0.00    0.00    0.00     1      0.00      0.00    7712    3764   0.05      1.00      0.00  pidstat
16:32:36     1000      2229   91.00    9.00    0.00    0.00  100.00     0      0.00      0.00   47168   40148   0.51      3.00      5.00  /home/ubuntu/pe
16:32:36     1000      2230   83.00   13.00    0.00    0.00   96.00     2     18.00      0.00   27024   21728   0.27    724.00      2.00  perl

# Time        UID       PID    %usr %system  %guest   %wait    %CPU   CPU  minflt/s  majflt/s     VSZ     RSS   %MEM   cswch/s nvcswch/s  Command
16:32:37        0         1    0.00    1.00    0.00    0.00    1.00     3    227.00      0.00   22164   13096   0.17      5.00      0.00  systemd
16:32:37        0         2    0.00    0.00    0.00    0.00    0.00     1      0.00      0.00       0       0   0.00      1.00      0.00  kthreadd
16:32:37        0        11    0.00    0.00    0.00    0.00    0.00     0      0.00      0.00       0       0   0.00      4.00      0.00  kworker/0:1-rcu_gp
16:32:37        0        16    0.00    0.00    0.00    0.00    0.00     3      0.00      0.00       0       0   0.00     18.00      0.00  rcu_sched
16:32:37        0        18    0.00    0.00    0.00    0.00    0.00     3      0.00      0.00       0       0   0.00      2.00      0.00  rcu_exp_gp_kthread_worker
16:32:37        0        26    0.00    0.00    0.00    0.00    0.00     1      0.00      0.00       0       0   0.00      1.00      0.00  ksoftirqd/1
16:32:37        0        38    0.00    0.00    0.00    0.00    0.00     3      0.00      0.00       0       0   0.00      1.00      0.00  ksoftirqd/3
16:32:37        0        39    0.00    0.00    0.00    0.00    0.00     3      0.00      0.00       0       0   0.00      2.00      0.00  kworker/3:0-cgroup_release
16:32:37        0        47    0.00    0.00    0.00    0.00    0.00     1      0.00      0.00       0       0   0.00      7.00      0.00  kworker/u16:1-events_unbound
16:32:37        0        52    0.00    0.00    0.00    0.00    0.00     1      0.00      0.00       0       0   0.00      2.00      0.00  kcompactd0
16:32:37        0       122    0.00    0.00    0.00    0.00    0.00     3      0.00      0.00       0       0   0.00      3.00      0.00  kworker/u16:3-events_unbound
16:32:37        0       177    0.00    0.00    0.00    0.00    0.00     1      2.00      0.00   66920   17452   0.22      2.00      1.00  systemd-journal
16:32:37        0       197    0.00    0.00    0.00    0.00    0.00     2      0.00      0.00       0       0   0.00      1.00      0.00  kworker/2:2-mm_percpu_wq
16:32:37        0       218    0.00    0.00    0.00    0.00    0.00     1      0.00      0.00       0       0   0.00      5.00      0.00  kworker/1:3-events
16:32:37        0       219    0.00    0.00    0.00    0.00    0.00     3      0.00      0.00       0       0   0.00     12.00      0.00  kworker/3:3-events
16:32:37        0       240    0.00    0.00    0.00    0.00    0.00     3      0.00      0.00  288968   26944   0.34      1.00      0.00  multipathd
16:32:37      101       582    0.00    0.00    0.00    0.00    0.00     3      0.00      0.00    9820    5356   0.07      2.00      3.00  dbus-daemon
16:32:37        0       589    0.00    0.00    0.00    0.00    0.00     1      0.00      0.00   83064    4620   0.06      1.00      0.00  irqbalance
16:32:37      989       592    0.00    0.00    0.00    0.00    0.00     3      0.00      0.00  383684    9832   0.12      3.00      0.00  polkitd
16:32:37        0       602    0.00    0.00    0.00    0.00    0.00     1      0.00      0.00   18172    8764   0.11      2.00      0.00  systemd-logind
16:32:37      110       702    0.00    0.00    0.00    0.00    0.00     1      0.00      0.00   19416    3760   0.05      6.00      0.00  chronyd
16:32:37     1000      1638    0.00    0.00    0.00    0.00    0.00     1      0.00      0.00    9900    3336   0.04      1.00      0.00  vmstat
16:32:37     1000      1639    0.00    0.00    0.00    0.00    0.00     1      0.00      0.00    7712    3764   0.05      1.00      0.00  pidstat
16:32:37     1000      2229   91.00    9.00    0.00    0.00  100.00     0      0.00      0.00   47168   40148   0.51      1.00      4.00  /home/ubuntu/pe
16:32:37     1000      2230   88.00    8.00    0.00    0.00   96.00     2    127.00      0.00   27428   22240   0.28    644.00      3.00  perl
16:32:37        0      2234    0.00    0.00    0.00    0.00    0.00     3      0.00      0.00       0       0   0.00      3.00      0.00  kworker/3:1-cgroup_free

# Time        UID       PID    %usr %system  %guest   %wait    %CPU   CPU  minflt/s  majflt/s     VSZ     RSS   %MEM   cswch/s nvcswch/s  Command
16:32:38        0        11    0.00    0.00    0.00    0.00    0.00     0      0.00      0.00       0       0   0.00      8.00      0.00  kworker/0:1-events
16:32:38        0        16    0.00    0.00    0.00    0.00    0.00     3      0.00      0.00       0       0   0.00     28.00      0.00  rcu_sched
16:32:38        0        19    0.00    0.00    0.00    0.00    0.00     0      0.00      0.00       0       0   0.00      1.00      0.00  migration/0
16:32:38        0        25    0.00    0.00    0.00    0.00    0.00     1      0.00      0.00       0       0   0.00      1.00      0.00  migration/1
16:32:38        0        26    0.00    0.00    0.00    0.00    0.00     1      0.00      0.00       0       0   0.00      1.00      0.00  ksoftirqd/1
16:32:38        0        31    0.00    0.00    0.00    0.00    0.00     2      0.00      0.00       0       0   0.00      1.00      0.00  migration/2
16:32:38        0        37    0.00    0.00    0.00    0.00    0.00     3      0.00      0.00       0       0   0.00      1.00      0.00  migration/3
16:32:38        0        47    0.00    0.00    0.00    0.00    0.00     1      0.00      0.00       0       0   0.00      5.00      0.00  kworker/u16:1-events_power_efficient
16:32:38        0        52    0.00    0.00    0.00    0.00    0.00     1      0.00      0.00       0       0   0.00      2.00      0.00  kcompactd0
16:32:38        0       122    0.00    0.00    0.00    0.00    0.00     2      0.00      0.00       0       0   0.00     16.00      0.00  kworker/u16:3-writeback
16:32:38        0       161    0.00    0.00    0.00    0.00    0.00     2      0.00      0.00       0       0   0.00      8.00      0.00  kworker/2:1H-kblockd
16:32:38        0       177    0.00    0.00    0.00    0.00    0.00     1      0.00      0.00   66920   17452   0.22      1.00      0.00  systemd-journal
16:32:38        0       197    0.00    0.00    0.00    0.00    0.00     2      0.00      0.00       0       0   0.00      2.00      0.00  kworker/2:2-events
16:32:38        0       218    0.00    0.00    0.00    0.00    0.00     1      0.00      0.00       0       0   0.00      4.00      0.00  kworker/1:3-events
16:32:38        0       219    0.00    0.00    0.00    0.00    0.00     3      0.00      0.00       0       0   0.00      3.00      0.00  kworker/3:3-mm_percpu_wq
16:32:38        0       240    0.00    0.00    0.00    0.00    0.00     3      0.00      0.00  288968   26944   0.34      1.00      0.00  multipathd
16:32:38      110       702    0.00    0.00    0.00    0.00    0.00     1      0.00      0.00   19416    3760   0.05      4.00      0.00  chronyd
16:32:38        0       840    0.00    0.00    0.00    0.00    0.00     3      0.00      0.00       0       0   0.00      2.00      0.00  kworker/3:1H-kblockd
16:32:38     1000      1633    0.00    0.00    0.00    0.00    0.00     1      0.00      0.00   32780   22624   0.29      3.00      0.00  python3
16:32:38     1000      1638    0.00    0.00    0.00    0.00    0.00     1      0.00      0.00    9900    3336   0.04      1.00      0.00  vmstat
16:32:38     1000      1639    1.00    0.00    0.00    0.00    1.00     1      0.00      0.00    7712    3764   0.05      1.00      0.00  pidstat

# Time        UID       PID    %usr %system  %guest   %wait    %CPU   CPU  minflt/s  majflt/s     VSZ     RSS   %MEM   cswch/s nvcswch/s  Command
16:32:39        0        11    0.00    0.00    0.00    0.00    0.00     0      0.00      0.00       0       0   0.00      2.00      0.00  kworker/0:1-mm_percpu_wq
16:32:39        0        16    0.00    0.00    0.00    0.00    0.00     3      0.00      0.00       0       0   0.00     57.00      0.00  rcu_sched
16:32:39        0        25    0.00    0.00    0.00    0.00    0.00     1      0.00      0.00       0       0   0.00      2.00      0.00  migration/1
16:32:39        0        26    0.00    0.00    0.00    0.00    0.00     1      0.00      0.00       0       0   0.00      2.00      0.00  ksoftirqd/1
16:32:39        0        47    0.00    0.00    0.00    0.00    0.00     1      0.00      0.00       0       0   0.00      9.00      0.00  kworker/u16:1-events_power_efficient
16:32:39        0        52    0.00    0.00    0.00    0.00    0.00     1      0.00      0.00       0       0   0.00      2.00      0.00  kcompactd0
16:32:39        0       197    0.00    0.00    0.00    0.00    0.00     2      0.00      0.00       0       0   0.00      1.00      0.00  kworker/2:2-mm_percpu_wq
16:32:39        0       218    0.00    0.00    0.00    0.00    0.00     1      0.00      0.00       0       0   0.00      8.00      0.00  kworker/1:3-events
16:32:39        0       219    0.00    0.00    0.00    0.00    0.00     3      0.00      0.00       0       0   0.00      2.00      0.00  kworker/3:3-events
16:32:39        0       240    0.00    0.00    0.00    0.00    0.00     3      0.00      0.00  288968   26944   0.34      1.00      0.00  multipathd
16:32:39        0       595    0.00    0.00    0.00    0.00    0.00     0      0.00      0.00 1833076   20884   0.26      0.00      0.00  amazon-ssm-agen
16:32:39      110       702    0.00    0.00    0.00    0.00    0.00     1      0.00      0.00   19416    3760   0.05      4.00      0.00  chronyd
16:32:39     1000      1633    1.00    1.00    0.00    0.00    2.00     1      0.00      0.00   32780   22624   0.29      5.00      0.00  python3
16:32:39     1000      1638    0.00    0.00    0.00    0.00    0.00     1      0.00      0.00    9900    3336   0.04      1.00      0.00  vmstat
16:32:39     1000      1639    0.00    1.00    0.00    0.00    1.00     1      0.00      0.00    7712    3764   0.05      1.00      1.00  pidstat
16:32:39     1000      2235    0.00    0.00    0.00    0.00    0.00     0    142.00      0.00    2704    1464   0.02      1.00      1.00  time
16:32:39     1000      2236   68.00    8.00    0.00    0.00   76.00     0   8019.00      0.00   48392   41240   0.52     25.00      2.00  /home/ubuntu/pa
16:32:39     1000      2237   58.00    7.00    0.00    0.00   65.00     2   4119.00      0.00   26924   21632   0.27    629.00      3.00  perl

# Time        UID       PID    %usr %system  %guest   %wait    %CPU   CPU  minflt/s  majflt/s     VSZ     RSS   %MEM   cswch/s nvcswch/s  Command
16:32:40        0        11    0.00    0.00    0.00    0.00    0.00     0      0.00      0.00       0       0   0.00      6.00      0.00  kworker/0:1-events
16:32:40        0        16    0.00    0.00    0.00    0.00    0.00     3      0.00      0.00       0       0   0.00      4.00      0.00  rcu_sched
16:32:40        0        26    0.00    0.00    0.00    0.00    0.00     1      0.00      0.00       0       0   0.00      2.00      0.00  ksoftirqd/1
16:32:40        0        47    0.00    0.00    0.00    0.00    0.00     1      0.00      0.00       0       0   0.00      6.00      0.00  kworker/u16:1-events_power_efficient
16:32:40        0        52    0.00    0.00    0.00    0.00    0.00     1      0.00      0.00       0       0   0.00      2.00      0.00  kcompactd0
16:32:40        0       218    0.00    0.00    0.00    0.00    0.00     1      0.00      0.00       0       0   0.00      6.00      0.00  kworker/1:3-events
16:32:40        0       219    0.00    0.00    0.00    0.00    0.00     3      0.00      0.00       0       0   0.00      2.00      0.00  kworker/3:3-mm_percpu_wq
16:32:40        0       240    0.00    0.00    0.00    0.00    0.00     3      0.00      0.00  288968   26944   0.34      1.00      0.00  multipathd
16:32:40      110       702    0.00    0.00    0.00    0.00    0.00     1      0.00      0.00   19416    3760   0.05      2.00      0.00  chronyd
16:32:40     1000      1638    0.00    0.00    0.00    0.00    0.00     1      0.00      0.00    9900    3336   0.04      1.00      0.00  vmstat
16:32:40     1000      1639    0.00    0.00    0.00    0.00    0.00     1      0.00      0.00    7712    3764   0.05      1.00      0.00  pidstat
16:32:40     1000      2236   94.00    6.00    0.00    0.00  100.00     0      0.00      0.00   48392   41240   0.52      5.00      6.00  /home/ubuntu/pa
16:32:40     1000      2237   82.00   12.00    0.00    0.00   94.00     3     50.00      0.00   27068   21760   0.27   1021.00      1.00  perl

# Time        UID       PID    %usr %system  %guest   %wait    %CPU   CPU  minflt/s  majflt/s     VSZ     RSS   %MEM   cswch/s nvcswch/s  Command
16:32:41        0        11    0.00    0.00    0.00    0.00    0.00     0      0.00      0.00       0       0   0.00      4.00      0.00  kworker/0:1-mm_percpu_wq
16:32:41        0        47    0.00    0.00    0.00    0.00    0.00     1      0.00      0.00       0       0   0.00      5.00      0.00  kworker/u16:1-events_power_efficient
16:32:41        0        52    0.00    0.00    0.00    0.00    0.00     1      0.00      0.00       0       0   0.00      2.00      0.00  kcompactd0
16:32:41        0       122    0.00    0.00    0.00    0.00    0.00     2      0.00      0.00       0       0   0.00      4.00      0.00  kworker/u16:3-events_power_efficient
16:32:41        0       197    0.00    0.00    0.00    0.00    0.00     2      0.00      0.00       0       0   0.00      3.00      0.00  kworker/2:2-events
16:32:41        0       218    0.00    0.00    0.00    0.00    0.00     1      0.00      0.00       0       0   0.00      3.00      0.00  kworker/1:3-events
16:32:41        0       219    0.00    0.00    0.00    0.00    0.00     3      0.00      0.00       0       0   0.00      1.00      0.00  kworker/3:3-mm_percpu_wq
16:32:41        0       240    0.00    0.00    0.00    0.00    0.00     3      0.00      0.00  288968   26944   0.34      1.00      0.00  multipathd
16:32:41     1000      1638    0.00    0.00    0.00    0.00    0.00     1      0.00      0.00    9900    3336   0.04      1.00      0.00  vmstat
16:32:41     1000      1639    0.00    1.00    0.00    0.00    1.00     1      0.00      0.00    7712    3764   0.05      1.00      0.00  pidstat
16:32:41     1000      2236   92.00    8.00    0.00    0.00  100.00     0      0.00      0.00   48392   41240   0.52      0.00      4.00  /home/ubuntu/pa
16:32:41     1000      2237   86.00    9.00    0.00    0.00   95.00     3    114.00      0.00   27556   22272   0.28    910.00      2.00  perl

# Time        UID       PID    %usr %system  %guest   %wait    %CPU   CPU  minflt/s  majflt/s     VSZ     RSS   %MEM   cswch/s nvcswch/s  Command
16:32:42        0        11    0.00    0.00    0.00    0.00    0.00     0      0.00      0.00       0       0   0.00      8.00      0.00  kworker/0:1-events
16:32:42        0        16    0.00    0.00    0.00    0.00    0.00     0      0.00      0.00       0       0   0.00     51.00      0.00  rcu_sched
16:32:42        0        19    0.00    0.00    0.00    0.00    0.00     0      0.00      0.00       0       0   0.00      1.00      0.00  migration/0
16:32:42        0        25    0.00    0.00    0.00    0.00    0.00     1      0.00      0.00       0       0   0.00      3.00      0.00  migration/1
16:32:42        0        31    0.00    0.00    0.00    0.00    0.00     2      0.00      0.00       0       0   0.00      2.00      0.00  migration/2
16:32:42        0        37    0.00    0.00    0.00    0.00    0.00     3      0.00      0.00       0       0   0.00      1.00      0.00  migration/3
16:32:42        0        47    0.00    0.00    0.00    0.00    0.00     1      0.00      0.00       0       0   0.00      6.00      0.00  kworker/u16:1-events_power_efficient
16:32:42        0        52    0.00    0.00    0.00    0.00    0.00     1      0.00      0.00       0       0   0.00      2.00      0.00  kcompactd0
16:32:42        0       197    0.00    0.00    0.00    0.00    0.00     2      0.00      0.00       0       0   0.00      1.00      0.00  kworker/2:2-mm_percpu_wq
16:32:42        0       218    0.00    0.00    0.00    0.00    0.00     1      0.00      0.00       0       0   0.00      6.00      0.00  kworker/1:3-events
16:32:42        0       219    0.00    0.00    0.00    0.00    0.00     3      0.00      0.00       0       0   0.00      2.00      0.00  kworker/3:3-mm_percpu_wq
16:32:42        0       240    0.00    0.00    0.00    0.00    0.00     3      0.00      0.00  288968   26944   0.34      1.00      0.00  multipathd
16:32:42     1000      1633    0.00    0.00    0.00    0.00    0.00     1      0.00      0.00   32780   22624   0.29      8.00      0.00  python3
16:32:42     1000      1638    0.00    0.00    0.00    0.00    0.00     1      0.00      0.00    9900    3336   0.04      1.00      0.00  vmstat
16:32:42     1000      1639    0.00    0.00    0.00    0.00    0.00     1      0.00      0.00    7712    3764   0.05      1.00      0.00  pidstat
16:32:42     1000      2238    0.00    0.00    0.00    0.00    0.00     0    145.00      0.00    2704    1464   0.02      1.00      1.00  time
16:32:42     1000      2239   13.00    2.00    0.00    0.00   15.00     0   7895.00      0.00   48020   40632   0.51      2.00      2.00  /home/ubuntu/pa
16:32:42     1000      2240    2.00    0.00    0.00    0.00    2.00     3   1936.00      0.00   18120   12452   0.16      0.00      3.00  perl

# Time        UID       PID    %usr %system  %guest   %wait    %CPU   CPU  minflt/s  majflt/s     VSZ     RSS   %MEM   cswch/s nvcswch/s  Command
16:32:43        0        11    0.00    0.00    0.00    0.00    0.00     0      0.00      0.00       0       0   0.00      2.00      0.00  kworker/0:1-mm_percpu_wq
16:32:43        0        16    0.00    0.00    0.00    0.00    0.00     1      0.00      0.00       0       0   0.00     12.00      0.00  rcu_sched
16:32:43        0        47    0.00    0.00    0.00    0.00    0.00     1      0.00      0.00       0       0   0.00      3.00      0.00  kworker/u16:1-flush-259:0
16:32:43        0        52    0.00    0.00    0.00    0.00    0.00     1      0.00      0.00       0       0   0.00      2.00      0.00  kcompactd0
16:32:43        0       122    0.00    0.00    0.00    0.00    0.00     2      0.00      0.00       0       0   0.00      4.00      0.00  kworker/u16:3-events_power_efficient
16:32:43        0       197    0.00    0.00    0.00    0.00    0.00     2      0.00      0.00       0       0   0.00      4.00      0.00  kworker/2:2-mm_percpu_wq
16:32:43        0       218    0.00    0.00    0.00    0.00    0.00     1      0.00      0.00       0       0   0.00      3.00      0.00  kworker/1:3-mm_percpu_wq
16:32:43        0       219    0.00    0.00    0.00    0.00    0.00     3      0.00      0.00       0       0   0.00      2.00      0.00  kworker/3:3-mm_percpu_wq
16:32:43        0       240    0.00    0.00    0.00    0.00    0.00     3      0.00      0.00  288968   26944   0.34      1.00      0.00  multipathd
16:32:43     1000      1638    0.00    0.00    0.00    0.00    0.00     1      0.00      0.00    9900    3336   0.04      1.00      0.00  vmstat
16:32:43     1000      1639    1.00    0.00    0.00    0.00    1.00     1      0.00      0.00    7712    3764   0.05      1.00      1.00  pidstat
16:32:43     1000      2239   84.00    9.00    0.00    0.00   93.00     0    123.00      0.00   48548   41016   0.52     25.00      2.00  /home/ubuntu/pa
16:32:43     1000      2240   83.00   12.00    0.00    0.00   95.00     3   2187.00      0.00   26936   21628   0.27    896.00      2.00  perl

# Time        UID       PID    %usr %system  %guest   %wait    %CPU   CPU  minflt/s  majflt/s     VSZ     RSS   %MEM   cswch/s nvcswch/s  Command
16:32:44        0        11    0.00    0.00    0.00    0.00    0.00     0      0.00      0.00       0       0   0.00      5.00      0.00  kworker/0:1-events
16:32:44        0        16    0.00    0.00    0.00    0.00    0.00     1      0.00      0.00       0       0   0.00      3.00      0.00  rcu_sched
16:32:44        0        52    0.00    0.00    0.00    0.00    0.00     1      0.00      0.00       0       0   0.00      2.00      0.00  kcompactd0
16:32:44        0       122    0.00    0.00    0.00    0.00    0.00     3      0.00      0.00       0       0   0.00     11.00      0.00  kworker/u16:3-events_power_efficient
16:32:44        0       197    0.00    0.00    0.00    0.00    0.00     2      0.00      0.00       0       0   0.00      5.00      0.00  kworker/2:2-mm_percpu_wq
16:32:44        0       219    0.00    0.00    0.00    0.00    0.00     3      0.00      0.00       0       0   0.00      2.00      0.00  kworker/3:3-events
16:32:44        0       240    0.00    0.00    0.00    0.00    0.00     3      0.00      0.00  288968   26944   0.34      1.00      0.00  multipathd
16:32:44        0       257    0.00    0.00    0.00    0.00    0.00     0      0.00      0.00       0       0   0.00      1.00      0.00  kworker/0:1H-kblockd
16:32:44     1000      1638    0.00    0.00    0.00    0.00    0.00     1      0.00      0.00    9900    3336   0.04      1.00      0.00  vmstat
16:32:44     1000      1639    0.00    1.00    0.00    0.00    1.00     1      0.00      0.00    7712    3764   0.05      1.00      0.00  pidstat
16:32:44     1000      2239   90.00   10.00    0.00    0.00  100.00     0      0.00      0.00   48548   41016   0.52      3.00      5.00  /home/ubuntu/pa
16:32:44     1000      2240   84.00   10.00    0.00    0.00   94.00     2     80.00      0.00   27244   22012   0.28    859.00      2.00  perl

# Time        UID       PID    %usr %system  %guest   %wait    %CPU   CPU  minflt/s  majflt/s     VSZ     RSS   %MEM   cswch/s nvcswch/s  Command
16:32:45        0        11    0.00    0.00    0.00    0.00    0.00     0      0.00      0.00       0       0   0.00      2.00      0.00  kworker/0:1-mm_percpu_wq
16:32:45        0        52    0.00    0.00    0.00    0.00    0.00     1      0.00      0.00       0       0   0.00      2.00      0.00  kcompactd0
16:32:45        0       122    0.00    0.00    0.00    0.00    0.00     2      0.00      0.00       0       0   0.00      7.00      0.00  kworker/u16:3-events_power_efficient
16:32:45        0       136    0.00    0.00    0.00    0.00    0.00     2      0.00      0.00       0       0   0.00      3.00      0.00  jbd2/nvme0n1p1-8
16:32:45        0       197    0.00    0.00    0.00    0.00    0.00     2      0.00      0.00       0       0   0.00      5.00      0.00  kworker/2:2-mm_percpu_wq
16:32:45        0       218    0.00    0.00    0.00    0.00    0.00     1      0.00      0.00       0       0   0.00      1.00      0.00  kworker/1:3-mm_percpu_wq
16:32:45        0       219    0.00    0.00    0.00    0.00    0.00     3      0.00      0.00       0       0   0.00      1.00      0.00  kworker/3:3-mm_percpu_wq
16:32:45        0       240    0.00    0.00    0.00    0.00    0.00     3      0.00      0.00  288968   26944   0.34      1.00      0.00  multipathd
16:32:45     1000      1638    0.00    0.00    0.00    0.00    0.00     1      0.00      0.00    9900    3336   0.04      1.00      0.00  vmstat
16:32:45     1000      1639    0.00    0.00    0.00    0.00    0.00     1      0.00      0.00    7712    3764   0.05      1.00      0.00  pidstat
16:32:45     1000      2239   91.00    9.00    0.00    0.00  100.00     0      0.00      0.00   48548   41016   0.52      0.00      2.00  /home/ubuntu/pa
16:32:45     1000      2240   85.00   10.00    0.00    0.00   95.00     3    101.00      0.00   27592   22396   0.28    854.00      1.00  perl
