--procs-- -----------------------memory---------------------- ---swap-- -----io---- -system-- ----------cpu----------
   r    b         swpd         free         buff        cache   si   so    bi    bo   in   cs  us  sy  id  wa  st  gu
   4    0            0      7274444        24744       317132    0    0    80    19  262    1   1   0  99   0   0   0
   1    0            0      7232860        24744       317312    0    0     0     0 11889 36545  26   5  69   0   0   0
   1    0            0      7242192        24744       317320    0    0     0     0 15105 50640  28   7  65   0   0   0
   1    0            0      7238188        24744       317324    0    0     0    20 15699 52061  28   6  66   0   0   0
   1    0            0      7224920        24744       317324    0    0     0     0 14286 41305  28   6  66   0   0   0
   1    0            0      7226620        24744       317328    0    0     0     0 13185 36850  28   5  67   0   0   0
   1    0            0      7227808        24744       317328    0    0     0     0 12289 31836  27   5  67   0   0   0
   1    0            0      7232020        24744       317332    0    0     0     0 13570 38812  28   5  66   0   0   0
   1    0            0      7232980        24744       317336    0    0     0    24 14974 47126  29   5  66   0   0   0
   1    0            0      7233780        24744       317336    0    0     0     0 15213 45637  28   6  66   0   0   0
   1    0            0      7233340        24744       317340    0    0     0     0 14153 40813  28   5  66   0   0   0
   2    0            0      7232164        24744       317340    0    0     0     0 12887 34674  28   5  67   0   0   0
   1    0            0      7230836        24744       317344    0    0     0     0 14596 42338  29   5  66   0   0   0
   1    0            0      7229724        24744       317344    0    0     0    24 13598 36121  28   6  66   0   0   0
   1    0            0      7229104        24744       317348    0    0     0     0 14081 40403  29   5  66   0   0   0
   1    0            0      7227880        24744       317348    0    0     0     0 13665 38108  28   5  66   0   0   0
   1    0            0      7227024        24744       317352    0    0     0     0 13716 38202  28   6  66   0   0   0
   3    0            0      7281492        24752       317360    0    0     0    80 5958 17055  15   3  82   0   0   0
   1    0            0      7262228        24752       317376    0    0     0    16 14041 44498  29   5  67   0   0   0
   2    0            0      7246636        24752       317380    0    0     0     0 14344 46349  28   6  66   0   0   0
   1    0            0      7244992        24752       317384    0    0     0     0 13549 37713  28   4  68   0   0   0
--procs-- -----------------------memory---------------------- ---swap-- -----io---- -system-- ----------cpu----------
   r    b         swpd         free         buff        cache   si   so    bi    bo   in   cs  us  sy  id  wa  st  gu
   1    0            0      7231188        24752       317384    0    0     0     0 13277 36264  28   5  68   0   0   0
   1    0            0      7230176        24752       317388    0    0     0     0 13737 40100  28   5  67   0   0   0
   2    0            0      7229700        24752       317388    0    0     0    28 13660 37820  28   5  67   0   0   0
   1    0            0      7228720        24752       317392    0    0     0     0 13572 37186  28   5  67   0   0   0
   1    0            0      7227708        24752       317392    0    0     0     0 13782 40608  28   5  67   0   0   0
   2    0            0      7227072        24752       317396    0    0     0     0 12944 35702  28   5  67   0   0   0
   1    0            0      7226120        24752       317396    0    0     0     0 12194 32877  28   4  68   0   0   0
   2    0            0      7224664        24752       317400    0    0     0     0 12579 32805  28   4  68   0   0   0
   2    0            0      7223984        24752       317404    0    0     0    44 13570 38288  28   5  67   0   0   0
   1    0            0      7223236        24752       317404    0    0     0     0 13435 37862  28   5  67   0   0   0
   2    0            0      7221496        24752       317412    0    0     0     0 10887 26986  27   4  68   0   0   0
   4    0            0      7220988        24752       317412    0    0     0     0 12703 35308  28   4  68   0   0   0
   1    0            0      7313384        24756       317412    0    0     0     0 11406 30786  24   4  72   0   0   0
   2    0            0      7265628        24756       317428    0    0     0   248 7991 22324  19   5  77   0   0   0
   2    0            0      7252000        24756       317432    0    0     0     0 13811 39522  27   6  67   0   0   0
   2    0            0      7240496        24756       317440    0    0     0     0 13946 39967  28   6  66   0   0   0
   2    0            0      7226160        24756       317440    0    0     0     0 14336 42254  28   6  66   0   0   0
   2    0            0      7225936        24756       317444    0    0     0     0 13795 39150  28   5  67   0   0   0
   2    0            0      7225520        24756       317444    0    0     0     0 13874 39741  28   5  67   0   0   0
   2    0            0      7224820        24756       317448    0    0     0     0 13598 37447  28   5  67   0   0   0
   4    0            0      7224312        24756       317452    0    0     0     0 14157 42840  28   5  67   0   0   0
--procs-- -----------------------memory---------------------- ---swap-- -----io---- -system-- ----------cpu----------
   r    b         swpd         free         buff        cache   si   so    bi    bo   in   cs  us  sy  id  wa  st  gu
   2    0            0      7223392        24756       317452    0    0     0     0 13571 38717  28   5  67   0   0   0
   3    0            0      7222632        24756       317456    0    0     0     0 13970 41758  27   5  68   0   0   0
   2    0            0      7221964        24756       317456    0    0     0     0 13209 35860  28   5  67   0   0   0
   2    0            0      7221708        24756       317460    0    0     0     0 13125 35070  28   5  67   0   0   0
   2    0            0      7221040        24756       317460    0    0     0     0 12829 34686  28   4  67   0   0   0
   2    0            0      7220280        24756       317464    0    0     0     0 13626 38352  28   5  67   0   0   0
   3    0            0      7219612        24764       317468    0    0     0   176 13943 38391  29   5  67   0   0   0
   4    0            0      7218932        24764       317468    0    0     0    20 12337 33296  27   5  68   0   0   0
   2    0            0      7279028        24764       317480    0    0     0     0 6279 16314  17   3  80   0   0   0
   3    0            0      7246664        24764       317484    0    0     0     0 13526 44962  27   6  68   0   0   0
   1    0            0      7252480        24764       317492    0    0     0     0 14082 43026  28   6  66   0   0   0
   2    0            0      7250996        24764       317496    0    0     0     0 13740 40636  28   5  67   0   0   0
   1    0            0      7225852        24764       317496    0    0     0     0 14320 42372  28   6  66   0   0   0
   1    0            0      7225184        24764       317500    0    0     0     0 13892 40102  28   5  66   0   0   0
   1    0            0      7224484        24764       317500    0    0     0     0 14060 40964  28   5  67   0   0   0
   1    0            0      7223784        24764       317504    0    0     0     0 13210 35710  28   5  67   0   0   0
   1    0            0      7223276        24764       317504    0    0     0     0 13427 38003  27   6  67   0   0   0
   1    0            0      7222356        24764       317508    0    0     0     0 13752 39792  28   5  67   0   0   0
   3    0            0      7221848        24764       317512    0    0     0     0 13161 36068  28   5  67   0   0   0
   1    0            0      7221180        24764       317512    0    0     0     0 11263 28192  27   5  68   0   0   0
   3    0            0      7219972        24764       317516    0    0     0  2216 11349 29317  27   5  68   0   0   0
--procs-- -----------------------memory---------------------- ---swap-- -----io---- -system-- ----------cpu----------
   r    b         swpd         free         buff        cache   si   so    bi    bo   in   cs  us  sy  id  wa  st  gu
   1    0            0      7219112        24764       317520    0    0     0     0 12254 32511  27   5  68   0   0   0
   1    0            0      7218572        24764       317524    0    0     0    12 13578 38128  29   5  67   0   0   0
   1    0            0      7218348        24764       317528    0    0     0     0 14194 41634  28   5  67   0   0   0
   1    0            0      7217760        24764       317528    0    0     0     0 14323 41008  28   6  67   0   0   0
   1    0            0      7268888        24764       317552    0    0     0     0 5998 16719  15   4  81   0   0   0
   1    0            0      7262044        24764       317552    0    0     0     0 13471 37240  28   6  66   0   0   0
   1    0            0      7243672        24764       317560    0    0     0     0 12829 33858  28   6  66   0   0   0
   1    0            0      7223568        24764       317564    0    0     0   104 12082 30095  28   5  68   0   0   0
   1    0            0      7223088        24764       317564    0    0     0     0 13571 37125  28   5  67   0   0   0
   2    0            0      7222420        24764       317568    0    0     0     0 13502 37112  27   6  67   0   0   0
   1    0            0      7221720        24764       317568    0    0     0     0 13811 38589  28   5  67   0   0   0
   2    0            0      7221212        24764       317572    0    0     0     0 13839 39865  28   4  68   0   0   0
   1    0            0      7220736        24764       317572    0    0     0     0 13938 39014  28   6  66   0   0   0
   1    0            0      7219564        24764       317576    0    0     0     0 13362 36330  28   5  67   0   0   0
   1    0            0      7218612        24772       317576    0    0     0    36 13715 39327  28   5  67   0   0   0
   1    0            0      7218296        24772       317580    0    0     0     0 15056 49542  28   6  66   0   0   0
   1    0            0      7217740        24772       317580    0    0     0     0 13179 36741  29   4  67   0   0   0
   1    0            0      7216960        24772       317588    0    0     0     0 14005 40100  28   5  67   0   0   0
   1    0            0      7216148        24772       317588    0    0     0     0 13179 34893  28   5  66   0   0   0
   1    0            0      7173052        24776       317756    0    0   120     4 10971 31488  33   7  61   0   0   0
   0    0            0      7275040        24776       317780    0    0     0     0 9263 25422  20   4  76   0   0   0
--procs-- -----------------------memory---------------------- ---swap-- -----io---- -system-- ----------cpu----------
   r    b         swpd         free         buff        cache   si   so    bi    bo   in   cs  us  sy  id  wa  st  gu
   3    0            0      7240804        24776       317780    0    0     0     0 10684 35772  23   5  72   0   0   0
   1    0            0      7245508        24776       317792    0    0     0    32 14806 49438  28   7  66   0   0   0
   1    0            0      7237504        24776       317792    0    0     0     0 13255 36098  28   5  67   0   0   0
   1    0            0      7217936        24776       317800    0    0     0     0 13785 38803  28   6  66   0   0   0
   1    0            0      7217488        24776       317800    0    0     0     0 13666 38074  28   5  68   0   0   0
   1    0            0      7216980        24776       317800    0    0     0     0 13477 37265  28   5  67   0   0   0
   1    0            0      7216060        24776       317804    0    0     0     0 12409 32105  28   4  68   0   0   0
   1    0            0      7215016        24776       317804    0    0     0     0 12535 34477  28   5  67   0   0   0
   1    0            0      7214824        24776       317808    0    0     0     0 13043 36024  28   5  67   0   0   0
   1    0            0      7214408        24776       317812    0    0     0     0 13940 39710  28   5  67   0   0   0
   4    0            0      7213900        24776       317816    0    0     0     0 14001 40810  29   5  67   0   0   0
   2    0            0      7213424        24776       317816    0    0     0     0 14464 44094  28   5  66   0   0   0
   3    0            0      7213092        24776       317824    0    0     0     0 12416 33217  27   5  68   0   0   0
   2    0            0      7213828        24776       317824    0    0     0     0 11983 30305  27   5  68   0   0   0
   2    0            0      7212112        24776       317824    0    0     0     0 14296 43427  29   5  66   0   0   0
   1    0            0      7212684        24776       317828    0    0     0     0 14497 43476  28   5  67   0   0   0
   2    0            0      7279288        24780       317832    0    0     0    16 5605 14219  16   3  81   0   0   0
   3    0            0      7266212        24780       317852    0    0     0     0 13190 37981  27   6  66   0   0   0
   1    0            0      7245860        24780       317852    0    0     0     0 14354 44763  29   6  66   0   0   0
   1    0            0      7238892        24780       317856    0    0     0     0 12841 34745  28   5  67   0   0   0
   1    0            0      7226600        24780       317856    0    0     0     0 11781 28839  28   5  67   0   0   0
--procs-- -----------------------memory---------------------- ---swap-- -----io---- -system-- ----------cpu----------
   r    b         swpd         free         buff        cache   si   so    bi    bo   in   cs  us  sy  id  wa  st  gu
   1    0            0      7226344        24780       317860    0    0     0    96 14464 43997  28   6  66   0   0   0
   2    0            0      7225896        24780       317860    0    0     0     0 14486 42660  28   5  67   0   0   0
   1    0            0      7224976        24780       317864    0    0     0     0 13725 38628  27   5  67   0   0   0
   2    0            0      7222704        24792       317872    0    0     0   148 13783 39642  28   5  67   0   0   0
   4    0            0      7222288        24792       317876    0    0     0     0 12582 33183  28   4  68   0   0   0
   1    0            0      7221528        24792       317876    0    0     0     0 13283 36600  28   5  67   0   0   0
   1    0            0      7220104        24792       317880    0    0     0     0 12078 32500  28   5  67   0   0   0
   1    0            0      7219260        24792       317880    0    0     0     0 11825 30808  28   5  68   0   0   0
   1    0            0      7218196        24792       317888    0    0     0  3684 13384 37937  28   5  66   0   0   0
   1    0            0      7217528        24792       317888    0    0     0     0 13503 37927  28   5  67   0   0   0
   1    0            0      7216848        24792       317888    0    0     0     0 14161 42063  28   5  67   0   0   0
   0    0            0      7310060        24792       317928    0    0     0    20 12915 36720  27   5  67   0   0   0
   2    0            0      7266632        24792       317936    0    0     0     0 7066 23895  16   4  80   0   0   0
   1    0            0      7257156        24792       317952    0    0     0     0 14636 47074  28   6  67   0   0   0
   1    0            0      7244836        24792       317952    0    0     0     0 13699 40291  28   5  66   0   0   0
   3    0            0      7226780        24792       317952    0    0     0     0 13819 37933  28   5  67   0   0   0
   1    0            0      7226332        24792       317956    0    0     0     0 13038 33521  28   4  68   0   0   0
   1    0            0      7225824        24792       317956    0    0     0     0 13450 36236  28   4  67   0   0   0
   1    0            0      7224904        24792       317964    0    0     0     0 13301 36656  28   4  67   0   0   0
   1    0            0      7224396        24792       317964    0    0     0     0 13123 35935  28   4  67   0   0   0
   3    0            0      7223920        24792       317972    0    0     0     0 14689 44886  28   5  67   0   0   0
--procs-- -----------------------memory---------------------- ---swap-- -----io---- -system-- ----------cpu----------
   r    b         swpd         free         buff        cache   si   so    bi    bo   in   cs  us  sy  id  wa  st  gu
   1    0            0      7222496        24792       317972    0    0     0     0 14167 39519  28   5  67   0   0   0
   1    0            0      7221988        24792       317972    0    0     0     0 13643 39133  28   5  67   0   0   0
   1    0            0      7220956        24792       317976    0    0     0     0 12964 34629  28   5  67   0   0   0
   1    0            0      7219640        24792       317976    0    0     0     0 13013 35142  28   5  67   0   0   0
   2    0            0      7218012        24792       317980    0    0     0     0 14206 40552  28   5  67   0   0   0
   1    0            0      7217172        24792       317980    0    0     0    20 13986 41003  28   5  67   0   0   0
   2    0            0      7215504        24792       317988    0    0     0     0 13775 38939  28   5  67   0   0   0
   1    0            0      7306128        24792       317992    0    0     0     0 7209 17933  18   3  79   0   0   0
   1    0            0      7254924        24792       318004    0    0     0     0 12344 39782  26   5  69   0   0   0
   1    0            0      7253616        24792       318004    0    0     0     0 13541 39897  28   6  67   0   0   0
   1    0            0      7242396        24792       318012    0    0     0    88 13269 38233  28   5  67   0   0   0
   3    0            0      7226324        24792       318012    0    0     0     0 13244 35657  27   6  67   0   0   0
   3    0            0      7225876        24800       318016    0    0     0    64 12030 30082  28   5  68   0   0   0
   2    0            0      7225620        24800       318016    0    0     0     0 13543 37750  28   5  67   0   0   0
   1    0            0      7225144        24800       318024    0    0     0     0 12289 31694  28   5  67   0   0   0
   1    0            0      7224636        24800       318024    0    0     0     0 13820 42169  27   6  67   0   0   0
   3    0            0      7223716        24800       318024    0    0     0     0 11149 27387  28   5  68   0   0   0
   3    0            0      7222320        24800       318028    0    0     0     0 10264 25734  27   4  68   0   0   0
   1    0            0      7221620        24800       318028    0    0     0     0 9360 21825  27   4  69   0   0   0
   3    0            0      7220668        24800       318032    0    0     0     0 12891 35004  28   5  67   0   0   0
   3    0            0      7219624        24800       318032    0    0     0     0 13120 36958  28   5  67   0   0   0
--procs-- -----------------------memory---------------------- ---swap-- -----io---- -system-- ----------cpu----------
   r    b         swpd         free         buff        cache   si   so    bi    bo   in   cs  us  sy  id  wa  st  gu
   1    0            0      7218704        24800       318040    0    0     0     0 12919 34752  28   5  67   0   0   0
   1    0            0      7218036        24800       318040    0    0     0     0 12824 34158  27   5  68   0   0   0
   1    0            0      7217164        24800       318040    0    0     0     0 13019 35942  28   4  68   0   0   0
   1    0            0      7280460        24800       318056    0    0     0     0 6312 19118  15   4  81   0   0   0
   1    0            0      7264776        24800       318056    0    0     0    16 14742 50832  29   6  65   0   0   0
   2    0            0      7250156        24800       318068    0    0     0     0 15145 50143  28   7  65   0   0   0
   3    0            0      7230780        24800       318068    0    0     0     0 14243 40681  28   6  66   0   0   0
   1    0            0      7229980        24800       318068    0    0     0     0 12756 33775  28   5  67   0   0   0
   1    0            0      7228964        24800       318072    0    0     0     0 14413 40187  28   5  67   0   0   0
   1    0            0      7228012        24800       318080    0    0     0     0 14407 42025  28   6  66   0   0   0
   3    0            0      7227312        24800       318084    0    0     0     0 14459 43834  28   6  66   0   0   0
   2    0            0      7226076        24800       318084    0    0     0     0 13582 38824  28   6  66   0   0   0
   1    0            0      7225408        24800       318088    0    0     0     0 14953 46577  29   6  65   0   0   0
   3    0            0      7224648        24800       318088    0    0     0     0 15704 53145  28   7  65   0   0   0
   3    0            0      7223476        24800       318092    0    0     0     0 14071 40549  29   5  66   0   0   0
   1    0            0      7222604        24800       318092    0    0     0     0 14105 42313  29   5  66   0   0   0
   1    0            0      7221348        24800       318100    0    0     0     0 11919 31043  28   5  67   0   0   0
   3    0            0      7220396        24800       318100    0    0     0     0 13899 39773  29   5  66   0   0   0
   1    0            0      7219260        24800       318100    0    0     0     0 14566 43519  28   6  66   0   0   0
   0    0            0      7314252        24804       318120    0    0     0     0 12037 36752  24   5  71   0   0   0
   1    0            0      7268648        24804       318120    0    0     0   112 8092 22563  19   4  77   0   0   0
--procs-- -----------------------memory---------------------- ---swap-- -----io---- -system-- ----------cpu----------
   r    b         swpd         free         buff        cache   si   so    bi    bo   in   cs  us  sy  id  wa  st  gu
   2    0            0      7263668        24808       318128    0    0     0    44 13355 37550  28   5  67   0   0   0
   1    0            0      7247408        24812       318132    0    0     0    68 12054 30452  28   5  67   0   0   0
   1    0            0      7230772        24812       318136    0    0     0     0 13823 38970  27   5  67   0   0   0
   1    0            0      7230296        24812       318136    0    0     0     0 13280 38532  28   5  67   0   0   0
   1    0            0      7229596        24812       318144    0    0     0     0 13584 39066  27   5  67   0   0   0
   1    0            0      7229120        24812       318144    0    0     0     0 13433 39717  27   6  67   0   0   0
   1    0            0      7228452        24812       318160    0    0     0     0 14152 40952  28   4  68   0   0   0
   2    0            0      7227692        24812       318160    0    0     0     0 13816 41014  28   6  66   0   0   0
   1    0            0      7226460        24812       318160    0    0     0     0 13785 39015  28   5  68   0   0   0
   3    0            0      7225540        24812       318164    0    0     0     0 13134 35456  27   6  67   0   0   0
   1    0            0      7225032        24812       318164    0    0     0     0 13470 37700  28   5  67   0   0   0
   1    0            0      7224192        24812       318172    0    0     0     0 13685 39881  28   5  67   0   0   0
   1    0            0      7223604        24812       318172    0    0     0     0 13597 38301  27   5  68   0   0   0
   1    0            0      7222764        24812       318172    0    0     0     0 12953 36550  28   5  67   0   0   0
   1    0            0      7221812        24812       318176    0    0     0    16 11358 27869  28   4  68   0   0   0
   0    0            0      7286876        24812       318188    0    0     0     0 5749 14654  16   3  81   0   0   0
   1    0            0      7249772        24812       318232    0    0     0     0 12909 36447  27   6  68   0   0   0
   2    0            0      7247452        24812       318232    0    0     0     0 14487 46799  29   6  65   0   0   0
   1    0            0      7246028        24812       318240    0    0     0     0 14575 44195  29   5  66   0   0   0
   1    0            0      7229392        24812       318240    0    0     0     0 14207 42245  28   6  66   0   0   0
   2    0            0      7211468        24812       318392    0    0     0     0 13407 39251  30   6  64   0   0   0
--procs-- -----------------------memory---------------------- ---swap-- -----io---- -system-- ----------cpu----------
   r    b         swpd         free         buff        cache   si   so    bi    bo   in   cs  us  sy  id  wa  st  gu
   3    0            0      7192904        24812       318428    0    0     0     4 12186 33870  31   7  62   0   0   0
   1    0            0      7192516        24812       318428    0    0     0     0 12504 34211  28   5  67   0   0   0
   1    0            0      7192068        24812       318428    0    0     0     0 13769 38259  28   5  66   0   0   0
   1    0            0      7193160        24816       318444    0    0     0     0 13701 41022  29   7  64   0   0   0
   1    0            0      7192748        24816       318444    0    0     0     0 12964 34827  28   5  67   0   0   0
   1    0            0      7196556        24816       318452    0    0     0     0 12849 33513  28   5  68   0   0   0
   1    0            0      7202848        24816       318452    0    0     0     0 12956 34751  28   4  67   0   0   0
   3    0            0      7202312        24816       318452    0    0     0     0 14593 45889  28   5  67   0   0   0
   1    0            0      7204744        24816       318460    0    0     0     0 13431 36313  28   5  67   0   0   0
   2    0            0      7206944        24816       318460    0    0     0   108 13638 40416  28   5  67   0   0   0
   3    0            0      7208612        24824       318452    0    0     0    96 12923 34495  28   5  67   0   0   0
   1    0            0      7265840        24824       318480    0    0     0     0 6266 17661  15   4  81   0   0   0
   1    0            0      7252944        24824       318496    0    0     0     0 15113 47070  29   6  65   0   0   0
   4    0            0      7242288        24824       318504    0    0     0     0 13097 35255  28   6  66   0   0   0
   2    0            0      7223664        24824       318504    0    0     0     4 12341 31715  28   6  66   0   0   0
   1    0            0      7222992        24824       318508    0    0     0  3332 14089 40050  27   6  67   0   0   0
   1    0            0      7221868        24824       318508    0    0     0     0 13967 41680  28   5  66   0   0   0
   1    0            0      7220548        24824       318516    0    0     0     0 12563 33495  28   5  67   0   0   0
   1    0            0      7219408        24824       318516    0    0     0     0 13904 39983  28   6  66   0   0   0
   1    0            0      7217760        24824       318516    0    0     0     0 13640 39657  28   6  66   0   0   0
   3    0            0      7216332        24824       318520    0    0     0     0 14924 45876  29   5  66   0   0   0
--procs-- -----------------------memory---------------------- ---swap-- -----io---- -system-- ----------cpu----------
   r    b         swpd         free         buff        cache   si   so    bi    bo   in   cs  us  sy  id  wa  st  gu
   2    0            0      7215096        24824       318520    0    0     0     0 14528 44441  29   5  66   0   0   0
   1    0            0      7214144        24824       318528    0    0     0     0 13926 38991  28   5  66   0   0   0
   1    0            0      7213272        24824       318528    0    0     0     0 13978 40656  28   6  66   0   0   0
   1    0            0      7212432        24824       318528    0    0     0     0 14616 44583  29   6  66   0   0   0
   1    0            0      7212784        24824       318532    0    0     0     0 13911 39010  28   6  67   0   0   0
   1    0            0      7211392        24824       318532    0    0     0     0 14464 41441  28   6  66   0   0   0
   0    0            0      7288764        24824       318548    0    0     0     0 9790 27635  19   5  76   0   0   0
   2    0            0      7243212        24828       318552    0    0     0     0 10851 33110  23   5  72   0   0   0
   1    0            0      7244060        24828       318556    0    0     0    24 14351 46906  28   7  65   0   0   0
   1    0            0      7235028        24828       318568    0    0     0     0 13923 41870  28   5  66   0   0   0
   1    0            0      7211588        24828       318568    0    0     0     4 14231 41922  28   5  67   0   0   0
   1    0            0      7210980        24828       318572    0    0     0     0 13674 38358  28   5  68   0   0   0
   1    0            0      7210128        24828       318576    0    0     0     0 13985 41302  28   5  67   0   0   0
   1    0            0      7209552        24828       318576    0    0     0     0 10883 26370  27   4  69   0   0   0
   4    0            0      7208820        24828       318576    0    0     0  1284 12648 33978  28   5  67   0   0   0
   1    0            0      7208072        24852       318592    0    0     0    92 14098 39187  28   5  67   0   0   0
   3    0            0      7207404        24852       318592    0    0     0     0 12620 35326  27   6  67   0   0   0
   1    0            0      7210004        24852       318592    0    0     0     0 11711 29139  28   4  68   0   0   0
   1    0            0      7209592        24852       318596    0    0     0     0 13572 37810  27   5  68   0   0   0
   1    0            0      7210616        24852       318596    0    0     0    96 12673 33300  28   5  67   0   0   0
   1    0            0      7211788        24852       318604    0    0     0     0 13248 37027  28   5  67   0   0   0
--procs-- -----------------------memory---------------------- ---swap-- -----io---- -system-- ----------cpu----------
   r    b         swpd         free         buff        cache   si   so    bi    bo   in   cs  us  sy  id  wa  st  gu
   1    0            0      7210500        24852       318604    0    0     0     0 12651 32805  28   5  68   0   0   0
   1    0            0      7210900        24852       318604    0    0     0     0 13109 35180  28   5  67   0   0   0
   1    0            0      7267732        24852       318636    0    0     0   116 6480 14422  15   3  82   0   0   0
   1    0            0      7255032        24852       318636    0    0     0     4 13249 35855  27   6  67   0   0   0
   1    0            0      7228924        24852       318644    0    0     0     0 12581 31896  28   5  67   0   0   0
   2    0            0      7226872        24852       318644    0    0     0     0 13215 35912  28   5  67   0   0   0
   1    0            0      7211276        24852       318648    0    0     0     0 13820 39848  28   5  66   0   0   0
   1    0            0      7210796        24852       318652    0    0     0     0 13389 38271  28   5  67   0   0   0
   4    0            0      7210160        24852       318652    0    0     0     0 13456 37412  28   5  68   0   0   0
   1    0            0      7209652        24852       318652    0    0     0     0 11992 31064  28   5  67   0   0   0
   1    0            0      7208192        24852       318660    0    0     0     0 12021 30845  28   5  68   0   0   0
   1    0            0      7207748        24852       318660    0    0     0     0 12630 33674  28   4  68   0   0   0
   1    0            0      7207956        24852       318660    0    0     0     0 13710 38093  28   5  67   0   0   0
   4    0            0      7207224        24852       318664    0    0     0     0 11497 28952  28   5  68   0   0   0
   2    0            0      7208220        24852       318664    0    0     0     0 13740 39720  28   5  67   0   0   0
   1    0            0      7209736        24852       318672    0    0     0     0 13244 37315  28   5  67   0   0   0
   1    0            0      7208848        24852       318672    0    0     0     0 13608 37709  28   5  67   0   0   0
   3    0            0      7209596        24852       318672    0    0     0     0 13249 35114  28   4  67   0   0   0
   0    0            0      7305792        24852       318692    0    0     0    16 12397 32997  26   6  68   0   0   0
   2    0            0      7258672        24852       318700    0    0     0     0 7650 26248  17   4  79   0   0   0
   1    0            0      7260100        24852       318704    0    0     0     0 14501 45409  29   6  65   0   0   0
--procs-- -----------------------memory---------------------- ---swap-- -----io---- -system-- ----------cpu----------
   r    b         swpd         free         buff        cache   si   so    bi    bo   in   cs  us  sy  id  wa  st  gu
   1    0            0      7247900        24852       318712    0    0     0     0 14324 41485  29   6  66   0   0   0
   1    0            0      7228952        24852       318712    0    0     0     0 13684 36523  29   5  66   0   0   0
   1    0            0      7227616        24852       318716    0    0     0     0 14381 40745  29   4  67   0   0   0
   2    0            0      7226344        24860       318712    0    0     0    48 14399 42736  29   6  66   0   0   0
   1    0            0      7224752        24860       318724    0    0     0     0 13748 38370  28   5  67   0   0   0
   1    0            0      7222268        24860       318724    0    0     0     0 13398 35805  28   5  67   0   0   0
   1    0            0      7220876        24860       318724    0    0     0     0 14236 41368  28   5  66   0   0   0
   1    0            0      7219316        24860       318732    0    0     0     0 14050 39409  29   5  67   0   0   0
   1    0            0      7218168        24860       318732    0    0     0     0 13908 40238  29   5  66   0   0   0
   1    0            0      7216000        24860       318732    0    0     0     0 12585 33264  28   5  67   0   0   0
   3    0            0      7214288        24860       318736    0    0     0     0 13592 37668  29   5  66   0   0   0
   2    0            0      7213016        24860       318736    0    0     0     0 13959 40207  28   5  66   0   0   0
   3    0            0      7211504        24860       318744    0    0     0   116 13727 39019  29   5  66   0   0   0
   1    0            0      7210060        24868       318744    0    0     0    44 15072 45446  29   6  66   0   0   0
   1    0            0      7305540        24868       318756    0    0     0     0 8141 23220  17   4  79   0   0   0
   1    0            0      7250964        24868       318760    0    0     0     0 13249 42889  26   6  69   0   0   0
   1    0            0      7244680        24868       318772    0    0     0     0 14143 41006  28   5  67   0   0   0
   1    0            0      7241084        24868       318772    0    0     0     4 13445 36245  29   4  67   0   0   0
   1    0            0      7226044        24868       318776    0    0     0     0 12317 31182  27   5  67   0   0   0
   1    0            0      7225216        24868       318776    0    0     0     0 12809 33275  28   3  68   0   0   0
   1    0            0      7224352        24868       318776    0    0     0     0 12145 30274  27   5  68   0   0   0
--procs-- -----------------------memory---------------------- ---swap-- -----io---- -system-- ----------cpu----------
   r    b         swpd         free         buff        cache   si   so    bi    bo   in   cs  us  sy  id  wa  st  gu
   1    0            0      7223524        24868       318780    0    0     0     0 13834 38406  28   5  67   0   0   0
   2    0            0      7222000        24868       318780    0    0     0     0 12845 33535  28   3  69   0   0   0
   1    0            0      7220792        24868       318788    0    0     0     0 12313 31628  28   4  68   0   0   0
   1    0            0      7219364        24868       318788    0    0     0     0 12814 32498  28   4  68   0   0   0
   1    0            0      7218712        24868       318788    0    0     0     0 13401 36769  29   4  67   0   0   0
   1    0            0      7217644        24868       318792    0    0     0     0 13707 38479  28   5  67   0   0   0
   1    0            0      7216896        24868       318792    0    0     0     0 13645 36987  28   4  68   0   0   0
   1    0            0      7218836        24868       318804    0    0     0     0 13433 36764  28   5  67   0   0   0
   1    0            0      7217376        24868       318808    0    0     0     0 12310 31029  28   4  68   0   0   0
   1    0            0      7216648        24868       318812    0    0     0     0 13390 37681  29   4  67   0   0   0
   1    0            0      7271100        24872       318816    0    0     0     0 6106 17330  15   4  81   0   0   0
   2    0            0      7262220        24872       318836    0    0     0     0 13370 36767  28   5  66   0   0   0
   1    0            0      7237836        24872       318840    0    0     0    16 14054 38617  28   6  66   0   0   0
   1    0            0      7223300        24872       318840    0    0     0    16 13121 33526  28   4  67   0   0   0
   1    0            0      7219700        24872       318844    0    0     0     0 13963 41162  28   5  67   0   0   0
   1    0            0      7218776        24872       318844    0    0     0     0 14086 39378  29   5  67   0   0   0
   3    0            0      7217756        24872       318848    0    0     0     0 13904 39020  28   5  68   0   0   0
   1    0            0      7217180        24872       318848    0    0     0     0 13061 34901  28   5  67   0   0   0
   1    0            0      7216196        24872       318848    0    0     0     0 13740 38572  29   4  67   0   0   0
   2    0            0      7214732        24872       318856    0    0     0     0 13334 35409  28   5  67   0   0   0
   2    0            0      7213908        24872       318856    0    0     0     0 12698 33059  28   5  67   0   0   0
--procs-- -----------------------memory---------------------- ---swap-- -----io---- -system-- ----------cpu----------
   r    b         swpd         free         buff        cache   si   so    bi    bo   in   cs  us  sy  id  wa  st  gu
   1    0            0      7216068        24872       318860    0    0     0     0 12666 32821  28   4  68   0   0   0
   1    0            0      7215368        24880       318864    0    0     0   144 12364 31620  28   4  68   0   0   0
   1    0            0      7215536        24880       318864    0    0     0   840 12294 31342  28   4  68   0   0   0
   1    0            0      7214152        24880       318868    0    0     0     0 13591 37362  28   5  67   0   0   0
   2    0            0      7213392        24880       318868    0    0     0     0 13174 34986  28   5  67   0   0   0
   0    0            0      7306424        24880       318872    0    0     0     0 10482 27754  23   4  74   0   0   0
   1    0            0      7257680        24888       318900    0    0     0    24 9862 31670  20   4  75   0   0   0
   1    0            0      7253976        24888       318900    0    0     0     0 14410 41578  28   6  66   0   0   0
   1    0            0      7241676        24888       318908    0    0     0     0 12739 32398  29   4  67   0   0   0
   3    0            0      7222668        24888       318908    0    0     0     0 12906 33062  27   5  67   0   0   0
   1    0            0      7222252        24888       318912    0    0     0     0 13417 37636  29   5  67   0   0   0
   1    0            0      7221740        24888       318916    0    0     0     0 13119 34505  28   5  67   0   0   0
   3    0            0      7220780        24888       318916    0    0     0     0 11669 29611  28   5  67   0   0   0
   1    0            0      7219600        24888       318916    0    0     0     0 12170 32386  28   4  68   0   0   0
   1    0            0      7217848        24888       318920    0    0     0     0 12890 34314  28   5  67   0   0   0
   1    0            0      7216072        24888       318920    0    0     0     0 12969 34232  28   5  67   0   0   0
   1    0            0      7214796        24888       318924    0    0     0     0 12957 34809  29   4  67   0   0   0
   1    0            0      7213796        24888       318924    0    0     0     0 12811 33825  28   5  67   0   0   0
   2    0            0      7212348        24888       318932    0    0     0     0 13222 35466  28   4  68   0   0   0
   1    0            0      7214408        24888       318936    0    0     0     0 12911 35157  28   4  68   0   0   0
   1    0            0      7213432        24888       318936    0    0     0     0 14007 40985  28   5  67   0   0   0
--procs-- -----------------------memory---------------------- ---swap-- -----io---- -system-- ----------cpu----------
   r    b         swpd         free         buff        cache   si   so    bi    bo   in   cs  us  sy  id  wa  st  gu
   1    0            0      7212836        24888       318944    0    0     0    16 13398 37085  28   5  67   0   0   0
   0    0            0      7284736        24888       318988    0    0     0     0 5856 15132  16   3  82   0   0   0
   1    0            0      7243036        24888       318992    0    0     0     0 15003 45555  29   6  66   0   0   0
   1    0            0      7242536        24888       319000    0    0     0     0 14193 41377  28   6  65   0   0   0
   1    0            0      7232000        24888       319000    0    0     0     0 13067 34573  28   5  67   0   0   0
   1    0            0      7219612        24888       319000    0    0     0     0 14351 39928  29   5  66   0   0   0
   1    0            0      7218848        24888       319008    0    0     0     0 14258 40113  28   5  67   0   0   0
   1    0            0      7217576        24888       319008    0    0     0     0 13788 38995  28   5  67   0   0   0
   1    0            0      7216488        24888       319008    0    0     0     0 12868 33721  28   5  67   0   0   0
   1    0            0      7215628        24888       319012    0    0     0     0 14815 45563  29   4  66   0   0   0
   2    0            0      7214296        24896       319012    0    0     0    48 13571 36854  28   5  67   0   0   0
   1    0            0      7214240        24896       319020    0    0     0    88 13726 37823  29   4  67   0   0   0
   1    0            0      7213348        24896       319020    0    0     0    40 13688 39226  28   5  67   0   0   0
   1    0            0      7214448        24896       319020    0    0     0     0 12844 33045  28   4  68   0   0   0
   1    0            0      7213908        24896       319024    0    0     0     0 13170 34346  29   4  67   0   0   0
   2    0            0      7212772        24896       319024    0    0     0     0 14131 39297  29   5  66   0   0   0
   1    0            0      7211988        24896       319032    0    0     0    16 14697 42635  28   5  67   0   0   0
   1    0            0      7211564        24896       319032    0    0     0     0 13924 38726  28   5  67   0   0   0
   3    0            0      7266104        24896       319040    0    0     0     0 6569 19773  16   3  81   0   0   0
   1    0            0      7267640        24896       319064    0    0     0     0 14094 40444  29   5  66   0   0   0
   1    0            0      7247536        24896       319064    0    0     0     0 13811 38632  29   5  66   0   0   0
--procs-- -----------------------memory---------------------- ---swap-- -----io---- -system-- ----------cpu----------
   r    b         swpd         free         buff        cache   si   so    bi    bo   in   cs  us  sy  id  wa  st  gu
   1    0            0      7230328        24896       319064    0    0     0     4 12983 34961  29   5  67   0   0   0
   1    0            0      7229084        24896       319068    0    0     0     0 13483 36636  28   4  68   0   0   0
   1    0            0      7227752        24896       319068    0    0     0     0 13244 35654  28   5  67   0   0   0
   1    0            0      7226192        24896       319076    0    0     0     0 12693 33649  29   4  67   0   0   0
   3    0            0      7223904        24896       319076    0    0     0     0 11649 29756  29   4  68   0   0   0
   2    0            0      7222824        24896       319076    0    0     0     0 13934 41758  28   5  67   0   0   0
   1    0            0      7221104        24896       319080    0    0     0     0 13368 39446  29   5  67   0   0   0
   2    0            0      7220152        24896       319088    0    0     0     0 13805 39435  29   5  67   0   0   0
   1    0            0      7218940        24896       319088    0    0     0     0 13208 35207  28   5  67   0   0   0
   3    0            0      7216684        24896       319092    0    0     0     0 12864 33047  28   5  67   0   0   0
   2    0            0      7215684        24900       319096    0    0     0    16 13925 40455  28   5  67   0   0   0
   1    0            0      7214900        24900       319096    0    0     0     0 13251 36269  28   4  67   0   0   0
   1    0            0      7213628        24900       319100    0    0     0     0 13934 39921  29   5  66   0   0   0
   0    0            0      7306732        24900       319108    0    0     0     0 8854 23613  19   3  78   0   0   0
   2    0            0      7250344        24904       319124    0    0     0     0 11252 33274  24   5  71   0   0   0
   3    0            0      7251436        24904       319132    0    0     0     8 13805 40415  28   6  66   0   0   0
   1    0            0      7241092        24904       319132    0    0     0     0 13174 34880  28   5  67   0   0   0
   1    0            0      7222628        24904       319136    0    0     0     0 15207 47539  29   6  66   0   0   0
   1    0            0      7222436        24904       319140    0    0     0     0 14866 47379  28   5  66   0   0   0
   1    0            0      7221412        24904       319140    0    0     0     0 12379 32491  28   5  68   0   0   0
   1    0            0      7220076        24912       319144    0    0     0    60 14564 44232  29   5  67   0   0   0
--procs-- -----------------------memory---------------------- ---swap-- -----io---- -system-- ----------cpu----------
   r    b         swpd         free         buff        cache   si   so    bi    bo   in   cs  us  sy  id  wa  st  gu
   1    0            0      7218612        24912       319144    0    0     0     0 13097 35393  27   5  67   0   0   0
   1    0            0      7216744        24912       319148    0    0     0     0 14116 40016  28   5  67   0   0   0
   1    0            0      7215820        24912       319152    0    0     0     0 12796 33979  29   4  68   0   0   0
   1    0            0      7214800        24912       319152    0    0     0     0 12960 34016  28   4  68   0   0   0
   2    0            0      7216072        24912       319156    0    0     0    96 13109 35678  28   5  68   0   0   0
   3    0            0      7215440        24912       319156    0    0     0     0 14023 39020  28   4  68   0   0   0
   1    0            0      7215256        24912       319156    0    0     0     0 13441 36974  28   5  68   0   0   0
   1    0            0      7214176        24912       319164    0    0     0     0 12604 32140  28   4  68   0   0   0
   1    0            0      7212924        24912       319164    0    0     0     0 13499 36204  29   4  67   0   0   0
   1    0            0      7275020        24916       319180    0    0     0    24 5881 15896  15   3  82   0   0   0
   1    0            0      7265952        24916       319188    0    0     0     0 14322 43260  28   6  66   0   0   0
   1    0            0      7241064        24916       319188    0    0     0     0 14266 40666  29   6  65   0   0   0
   1    0            0      7229048        24916       319192    0    0     0     0 13432 35617  28   5  68   0   0   0
   4    0            0      7222580        24916       319192    0    0     0     0 13397 35171  28   5  67   0   0   0
   1    0            0      7220744        24916       319192    0    0     0     0 14099 38395  28   5  67   0   0   0
   1    0            0      7220172        24916       319196    0    0     0     0 14039 38556  28   5  67   0   0   0
   2    0            0      7219092        24916       319196    0    0     0     0 13592 37026  29   4  67   0   0   0
   1    0            0      7217540        24916       319200    0    0     0     0 13337 36331  29   4  67   0   0   0
   3    0            0      7216364        24916       319208    0    0     0     0 13142 35927  29   4  67   0   0   0
   1    0            0      7215284        24916       319212    0    0     0     0 13932 40557  28   5  67   0   0   0
   1    0            0      7215812        24916       319212    0    0     0     0 13844 38313  28   5  67   0   0   0
--procs-- -----------------------memory---------------------- ---swap-- -----io---- -system-- ----------cpu----------
   r    b         swpd         free         buff        cache   si   so    bi    bo   in   cs  us  sy  id  wa  st  gu
   3    0            0      7215628        24916       319216    0    0     0     0 13226 35080  28   4  67   0   0   0
   1    0            0      7216060        24916       319220    0    0     0     0 13307 35970  28   4  68   0   0   0
   1    0            0      7215112        24916       319220    0    0     0     0 12597 32419  28   4  67   0   0   0
   1    0            0      7214432        24916       319220    0    0     0     0 13023 34209  28   5  68   0   0   0
   0    0            0      7303968        24916       319232    0    0     0    20 11660 31601  26   4  70   0   0   0
   1    0            0      7260764        24916       319240    0    0     0     0 7978 24027  18   4  78   0   0   0
   1    0            0      7253456        24916       319248    0    0     0     0 14025 38858  28   5  67   0   0   0
   1    0            0      7240212        24916       319248    0    0     0     0 13314 35563  28   5  67   0   0   0
   1    0            0      7221340        24924       319252    0    0     0    64 13338 36961  29   5  66   0   0   0
   1    0            0      7220512        24924       319256    0    0     0     0 13818 38093  28   5  67   0   0   0
   1    0            0      7219492        24924       319256    0    0     0     0 12129 31963  28   4  68   0   0   0
   1    0            0      7218856        24924       319256    0    0     0     0 14070 38800  28   4  67   0   0   0
   4    0            0      7218316        24924       319260    0    0     0     0 13863 38007  28   5  67   0   0   0
   1    0            0      7216720        24924       319264    0    0     0     0 12418 31538  28   4  68   0   0   0
   1    0            0      7214692        24924       319268    0    0     0    88 10943 27457  28   4  68   0   0   0
   3    0            0      7216104        24924       319268    0    0     0     0 14437 41642  28   5  67   0   0   0
   1    0            0      7216740        24924       319272    0    0     0     0 12859 34179  28   5  67   0   0   0
   1    0            0      7216504        24924       319276    0    0     0     0 13148 34635  28   4  67   0   0   0
   3    0            0      7214984        24924       319276    0    0     0     0 12074 30418  28   4  68   0   0   0
   3    0            0      7214068        24924       319276    0    0     0    12 13336 36055  28   4  68   0   0   0
   1    0            0      7213220        24924       319280    0    0     0     0 10915 27260  27   5  68   0   0   0
--procs-- -----------------------memory---------------------- ---swap-- -----io---- -system-- ----------cpu----------
   r    b         swpd         free         buff        cache   si   so    bi    bo   in   cs  us  sy  id  wa  st  gu
   1    0            0      7282156        24924       319292    0    0     0     0 7132 19745  18   3  80   0   0   0
   1    0            0      7243144        24924       319300    0    0     0     0 13372 39064  28   5  67   0   0   0
   1    0            0      7251196        24924       319304    0    0     0     0 14823 44677  29   6  65   0   0   0
   1    0            0      7233388        24924       319308    0    0     0     4 14952 44847  29   5  65   0   0   0
   1    0            0      7231420        24924       319308    0    0     0     0 14059 40501  28   6  66   0   0   0
   1    0            0      7229860        24924       319312    0    0     0     0 14519 42297  28   5  66   0   0   0
   1    0            0      7227508        24924       319312    0    0     0     0 13205 36555  29   5  66   0   0   0
   1    0            0      7225632        24924       319320    0    0     0     0 13228 35660  29   5  66   0   0   0
   1    0            0      7223700        24924       319324    0    0     0     0 14078 41596  29   5  66   0   0   0
   3    0            0      7222872        24924       319328    0    0     0     0 14674 42942  29   5  66   0   0   0
   1    0            0      7221408        24924       319328    0    0     0     0 14402 41451  29   5  66   0   0   0
   1    0            0      7219752        24924       319332    0    0     0     0 13876 38410  28   5  67   0   0   0
   2    0            0      7218288        24924       319332    0    0     0     0 13697 38405  29   5  66   0   0   0
   1    0            0      7215808        24924       319336    0    0     0     0 13181 35508  28   5  67   0   0   0
   1    0            0      7214404        24924       319336    0    0     0    16 13784 38817  28   5  67   0   0   0
   1    0            0      7213004        24924       319340    0    0     0     0 14590 42709  29   4  66   0   0   0
   1    0            0      7210352        24924       319344    0    0     0     0 13774 39400  29   5  66   0   0   0
   1    0            0      7275164        24928       319348    0    0     0     0 6067 17274  16   4  81   0   0   0
   1    0            0      7268464        24936       319372    0    0     0   100 13640 37629  28   5  67   0   0   0
   1    0            0      7244608        24936       319372    0    0     0     8 12628 31628  28   5  67   0   0   0
   1    0            0      7229920        24936       319376    0    0     0     0 13135 34577  28   5  67   0   0   0
--procs-- -----------------------memory---------------------- ---swap-- -----io---- -system-- ----------cpu----------
   r    b         swpd         free         buff        cache   si   so    bi    bo   in   cs  us  sy  id  wa  st  gu
   1    0            0      7222600        24936       319380    0    0     0     0 13758 37631  28   5  67   0   0   0
   1    0            0      7221228        24936       319380    0    0     0     0 13081 34173  28   4  68   0   0   0
   1    0            0      7220336        24936       319384    0    0     0     0 13358 35061  28   5  67   0   0   0
   1    0            0      7219828        24936       319384    0    0     0    88 14087 39320  29   4  67   0   0   0
   1    0            0      7218392        24936       319384    0    0     0     0 10474 25767  28   4  68   0   0   0
   3    0            0      7216580        24936       319392    0    0     0     0 12729 32941  28   5  67   0   0   0
   1    0            0      7217680        24936       319392    0    0     0     0 13872 38400  28   4  68   0   0   0
   1    0            0      7219280        24936       319392    0    0     0     0 13327 37034  28   5  67   0   0   0
   1    0            0      7218988        24936       319400    0    0     0     0 14124 40386  29   6  66   0   0   0
   1    0            0      7218340        24936       319400    0    0     0     0 12064 29999  27   4  69   0   0   0
   4    0            0      7217612        24936       319404    0    0     0     0 13413 36133  28   3  68   0   0   0
   1    0            0      7216916        24936       319404    0    0     0     0 13204 36326  28   4  68   0   0   0
   0    0            0      7301924        24936       319408    0    0     0     0 9550 25532  21   4  75   0   0   0
   3    0            0      7249396        24936       319432    0    0     0    16 10494 32449  22   5  73   0   0   0
   1    0            0      7250076        24936       319436    0    0     0     0 14405 43839  28   6  66   0   0   0
   1    0            0      7237908        24936       319440    0    0     0     0 13340 35674  28   5  67   0   0   0
   1    0            0      7218240        24936       319440    0    0     0     0 14109 39094  28   5  66   0   0   0
   1    0            0      7217568        24936       319448    0    0     0     0 13896 38115  29   4  67   0   0   0
   3    0            0      7216704        24936       319452    0    0     0     0 13317 36006  28   5  67   0   0   0
   1    0            0      7215524        24936       319452    0    0     0     0 13450 35571  28   4  67   0   0   0
   1    0            0      7214696        24936       319452    0    0     0     0 13675 36815  29   5  67   0   0   0
--procs-- -----------------------memory---------------------- ---swap-- -----io---- -system-- ----------cpu----------
   r    b         swpd         free         buff        cache   si   so    bi    bo   in   cs  us  sy  id  wa  st  gu
   1    0            0      7213396        24936       319460    0    0     0     0 14019 39965  29   4  67   0   0   0
   1    0            0      7212248        24936       319460    0    0     0     0 13344 36557  28   5  67   0   0   0
   1    0            0      7213124        24936       319460    0    0     0     0 12976 34489  28   4  68   0   0   0
   2    0            0      7213320        24936       319464    0    0     0     0 12335 31949  28   4  67   0   0   0
   3    0            0      7213572        24936       319468    0    0     0     0 14168 41963  28   6  66   0   0   0
   1    0            0      7211804        24936       319472    0    0     0     0 13254 35701  28   4  67   0   0   0
   1    0            0      7210916        24944       319472    0    0     0    48 14348 41694  29   5  66   0   0   0
   2    0            0      7210016        24944       319476    0    0     0    32 13787 38076  28   5  67   0   0   0
   3    0            0      7279076        24944       319524    0    0     0     0 5723 15084  15   3  82   0   0   0
   1    0            0      7260152        24944       319528    0    0     0     0 15257 49947  29   7  64   0   0   0
   3    0            0      7240172        24944       319532    0    0     0     0 15023 46950  29   6  65   0   0   0
   3    0            0      7222268        24944       319536    0    0     0     0 15148 48590  30   5  65   0   0   0
   1    0            0      7221344        24944       319536    0    0     0    80 13873 38509  28   5  67   0   0   0
   2    0            0      7220196        24944       319540    0    0     0     0 14986 46233  29   6  65   0   0   0
   1    0            0      7218796        24944       319540    0    0     0     0 13655 37347  29   5  66   0   0   0
   1    0            0      7217368        24944       319544    0    0     0     0 14574 43919  29   5  66   0   0   0
   1    0            0      7215464        24944       319548    0    0     0     0 14666 44683  29   5  66   0   0   0
   2    0            0      7214064        24944       319548    0    0     0     0 13321 36200  28   5  67   0   0   0
   1    0            0      7212984        24944       319548    0    0     0     8 14611 43929  28   6  66   0   0   0
   3    0            0      7211488        24944       319552    0    0     0     0 14149 40207  28   5  66   0   0   0
   1    0            0      7210692        24944       319556    0    0     0     0 14380 41398  28   5  66   0   0   0
--procs-- -----------------------memory---------------------- ---swap-- -----io---- -system-- ----------cpu----------
   r    b         swpd         free         buff        cache   si   so    bi    bo   in   cs  us  sy  id  wa  st  gu
   1    0            0      7210276        24944       319560    0    0     0     0 10149 23737  28   4  68   0   0   0
   1    0            0      7210784        24944       319560    0    0     0     0 13690 37638  28   5  66   0   0   0
   1    0            0      7209788        24944       319564    0    0     0    12 12860 33811  29   5  66   0   0   0
   1    0            0      7243424        24944       319564    0    0     0     0 13301 38895  29   5  66   0   0   0
   1    0            0      7263608        24944       319580    0    0     0     0 6534 17953  16   3  81   0   0   0
   1    0            0      7255516        24944       319588    0    0     0     0 14309 40889  28   6  66   0   0   0
   1    0            0      7239316        24944       319592    0    0     0     0 14016 38573  29   5  66   0   0   0
   3    0            0      7221508        24944       319596    0    0     0     4 14751 43032  28   6  66   0   0   0
   1    0            0      7220584        24944       319596    0    0     0     0 12781 34044  28   4  68   0   0   0
   2    0            0      7219436        24944       319600    0    0     0     0 13496 36280  28   5  67   0   0   0
   1    0            0      7218260        24944       319604    0    0     0     0 13501 37697  29   4  67   0   0   0
   2    0            0      7216832        24944       319604    0    0     0     0 14164 40607  28   4  67   0   0   0
   1    0            0      7215908        24944       319608    0    0     0     0 13946 39456  28   5  67   0   0   0
   4    0            0      7214636        24944       319612    0    0     0     0 12862 34362  28   5  67   0   0   0
   3    0            0      7212072        24944       319612    0    0     0     0 13795 38073  28   5  67   0   0   0
   1    0            0      7211148        24952       319616    0    0     0    60 14035 40834  28   5  67   0   0   0
   2    0            0      7212752        24952       319616    0    0     0    48 14973 45568  28   5  67   0   0   0
   1    0            0      7213528        24952       319620    0    0     0    16 13410 36811  28   4  67   0   0   0
   1    0            0      7213128        24952       319620    0    0     0     0 13832 36883  28   5  67   0   0   0
   1    0            0      7212752        24952       319624    0    0     0     0 12542 32213  28   5  67   0   0   0
   1    0            0      7305632        24956       319636    0    0     0     0 7228 17182  17   3  79   0   0   0
--procs-- -----------------------memory---------------------- ---swap-- -----io---- -system-- ----------cpu----------
   r    b         swpd         free         buff        cache   si   so    bi    bo   in   cs  us  sy  id  wa  st  gu
   1    0            0      7244656        24956       319636    0    0     0     0 10875 27934  25   5  69   0   0   0
   1    0            0      7255588        24956       319656    0    0     0     8 14662 42945  28   6  66   0   0   0
   1    0            0      7245368        24956       319660    0    0     0     0 13198 35275  28   4  67   0   0   0
   3    0            0      7227280        24956       319660    0    0     0     0 12956 34287  28   5  67   0   0   0
   1    0            0      7226832        24956       319664    0    0     0     0 13352 36330  28   5  67   0   0   0
   1    0            0      7226384        24956       319664    0    0     0     0 14126 41718  29   4  68   0   0   0
   1    0            0      7225240        24956       319668    0    0     0    88 13041 34793  28   4  68   0   0   0
   3    0            0      7224536        24956       319668    0    0     0     0 14097 39718  28   4  68   0   0   0
   1    0            0      7222912        24956       319672    0    0     0     0 12428 32000  28   4  68   0   0   0
   3    0            0      7221512        24956       319676    0    0     0     0 12657 34610  28   4  68   0   0   0
   2    0            0      7220112        24956       319676    0    0     0     0 13006 34530  28   4  68   0   0   0
   1    0            0      7218744        24956       319680    0    0     0     8 11046 27580  28   4  68   0   0   0
   2    0            0      7215548        24964       319688    0    0     0    56 12213 32987  28   4  67   0   0   0
   1    0            0      7214176        24964       319688    0    0     0     0 13416 36261  29   4  67   0   0   0
   1    0            0      7212748        24964       319692    0    0     0     0 13788 37447  28   4  67   0   0   0
   1    0            0      7211572        24964       319692    0    0     0     0 13434 36434  29   4  67   0   0   0
   3    0            0      7275772        24964       319712    0    0     0     0 5885 17828  15   3  82   0   0   0
   1    0            0      7241544        24964       319724    0    0     0    16 14691 48635  28   7  65   0   0   0
   1    0            0      7222308        24964       319728    0    0     0     0 14755 47230  29   6  66   0   0   0
   1    0            0      7213772        24964       319728    0    0     0     0 13405 37754  29   5  66   0   0   0
   1    0            0      7216936        24964       319732    0    0     0     0 11734 29826  27   5  68   0   0   0
--procs-- -----------------------memory---------------------- ---swap-- -----io---- -system-- ----------cpu----------
   r    b         swpd         free         buff        cache   si   so    bi    bo   in   cs  us  sy  id  wa  st  gu
   2    0            0      7218472        24964       319732    0    0     0     0 11684 29129  28   5  68   0   0   0
   3    0            0      7220176        24964       319736    0    0     0     0 13383 36658  28   5  66   0   0   0
   1    0            0      7221624        24964       319740    0    0     0     0 12040 31993  28   5  67   0   0   0
   3    0            0      7221820        24964       319740    0    0     0     0 13293 36836  28   5  67   0   0   0
   1    0            0      7221536        24964       319744    0    0     0     0 14325 43535  28   6  66   0   0   0
   1    0            0      7220936        24964       319744    0    0     0     0 13382 38702  28   5  67   0   0   0
   1    0            0      7220684        24964       319748    0    0     0     0 12663 33641  28   5  67   0   0   0
   3    0            0      7220148        24964       319752    0    0     0     0 13276 38149  28   5  66   0   0   0
   1    0            0      7220404        24964       319752    0    0     0     0 13659 37557  28   5  67   0   0   0
   1    0            0      7219928        24964       319756    0    0     0     0 13257 37700  28   6  66   0   0   0
   2    0            0      7219804        24964       319756    0    0     0     0 14297 42445  29   5  66   0   0   0
   0    0            0      7304544        24964       319760    0    0     0    32 11214 30149  25   5  70   0   0   0
   2    0            0      7261536        24964       319808    0    0     0     0 7062 19301  18   4  78   0   0   0
   1    0            0      7253612        24964       319812    0    0     0     0 14236 43472  28   6  67   0   0   0
   1    0            0      7240144        24964       319816    0    0     0     0 13750 41038  28   5  67   0   0   0
   1    0            0      7218556        24964       319820    0    0     0     0 13109 35151  28   5  67   0   0   0
   2    0            0      7214108        24964       319820    0    0     0    84 12743 32986  28   5  68   0   0   0
   1    0            0      7217376        24964       319824    0    0     0     0 12507 33159  27   5  68   0   0   0
   1    0            0      7219332        24964       319828    0    0     0     0 12915 35475  28   5  67   0   0   0
   1    0            0      7220616        24964       319828    0    0     0     0 10998 27261  27   4  69   0   0   0
   4    0            0      7222572        24964       319832    0    0     0     0 12521 32797  28   5  67   0   0   0
--procs-- -----------------------memory---------------------- ---swap-- -----io---- -system-- ----------cpu----------
   r    b         swpd         free         buff        cache   si   so    bi    bo   in   cs  us  sy  id  wa  st  gu
   1    0            0      7223988        24972       319832    0    0     0    88 12137 31565  28   4  68   0   0   0
   4    0            0      7224184        24972       319836    0    0     0   716 12468 31739  28   4  68   0   0   0
   1    0            0      7224092        24972       319840    0    0     0     0 12603 33819  29   4  67   0   0   0
   1    0            0      7223552        24972       319840    0    0     0     0 12887 34482  27   6  67   0   0   0
   1    0            0      7223300        24972       319844    0    0     0     0 12832 35655  28   4  68   0   0   0
   2    0            0      7222956        24972       319860    0    0     0    12 11610 30436  27   5  68   0   0   0
   1    0            0      7222768        24972       319864    0    0     0     0 12168 34169  27   5  68   0   0   0
   1    0            0      7278356        24972       319876    0    0     0     0 5776 14772  17   2  81   0   0   0
   1    0            0      7253648        24972       319880    0    0     0     0 12055 33563  26   5  69   0   0   0
   1    0            0      7232624        24972       319888    0    0     0     0 13194 38588  28   6  66   0   0   0
   3    0            0      7224952        24972       319892    0    0     0     4 13066 36028  28   5  67   0   0   0
   1    0            0      7216456        24972       319892    0    0     0     0 13441 37354  28   5  67   0   0   0
   1    0            0      7218940        24972       319896    0    0     0     0 13705 38757  28   4  67   0   0   0
   1    0            0      7220932        24972       319896    0    0     0     0 13266 37408  28   4  68   0   0   0
   1    0            0      7221960        24972       319900    0    0     0     0 12210 33059  28   4  68   0   0   0
   1    0            0      7223080        24972       319900    0    0     0     0 11566 28644  28   5  68   0   0   0
   1    0            0      7222828        24972       319904    0    0     0     0 12609 33603  28   4  68   0   0   0
   1    0            0      7222800        24972       319904    0    0     0     0 13083 36102  28   5  67   0   0   0
   1    0            0      7222260        24972       319908    0    0     0     0 13823 40559  28   5  67   0   0   0
   1    0            0      7222264        24972       319912    0    0     0     0 12808 35957  28   5  67   0   0   0
   1    0            0      7221692        24972       319912    0    0     0     0 12322 32555  28   4  68   0   0   0
--procs-- -----------------------memory---------------------- ---swap-- -----io---- -system-- ----------cpu----------
   r    b         swpd         free         buff        cache   si   so    bi    bo   in   cs  us  sy  id  wa  st  gu
   2    0            0      7221408        24972       319916    0    0     0    16 11818 29263  27   5  68   0   0   0
   1    0            0      7221220        24972       319916    0    0     0     0 12853 34458  27   4  68   0   0   0
   1    0            0      7221032        24972       319920    0    0     0     0 12496 33665  27   6  67   0   0   0
   2    0            0      7266332        24976       319936    0    0     0     0 5884 18277  15   3  82   0   0   0
   1    0            0      7263784        24976       319940    0    0     0     0 13977 43536  28   6  66   0   0   0
   1    0            0      7240544        24976       319944    0    0     0    84 14039 40696  29   5  66   0   0   0
   1    0            0      7225648        24976       319948    0    0     0     0 13123 34860  27   5  68   0   0   0
   3    0            0      7221580        24976       319948    0    0     0     0 13421 37219  28   5  67   0   0   0
   1    0            0      7224080        24976       319952    0    0     0     0 12563 32764  28   5  67   0   0   0
   1    0            0      7224656        24984       319952    0    0     0    52 12779 34867  28   5  68   0   0   0
   1    0            0      7225864        24984       319956    0    0     0     8 12183 31453  28   4  68   0   0   0
   2    0            0      7226000        24984       319960    0    0     0     0 12279 33240  27   5  68   0   0   0
   1    0            0      7225400        24984       319960    0    0     0     0 12832 35276  28   4  68   0   0   0
   3    0            0      7225056        24984       319964    0    0     0     0 12917 36276  28   4  67   0   0   0
   1    0            0      7224612        24984       319964    0    0     0     0 12511 32933  28   5  68   0   0   0
   3    0            0      7223256        24984       319968    0    0     0     0 12219 31047  28   5  67   0   0   0
   1    0            0      7223544        24984       319976    0    0     0     0 12061 30414  28   4  68   0   0   0
   1    0            0      7222784        24984       319976    0    0     0     0 12299 31928  28   4  68   0   0   0
   1    0            0      7221996        24984       319980    0    0     0     0 12895 34542  28   5  67   0   0   0
   0    0            0      7294036        24992       320008    0    0     0    36 9353 24212  22   4  74   0   0   0
   1    0            0      7258764        24992       320012    0    0     0    16 9131 27817  21   4  75   0   0   0
--procs-- -----------------------memory---------------------- ---swap-- -----io---- -system-- ----------cpu----------
   r    b         swpd         free         buff        cache   si   so    bi    bo   in   cs  us  sy  id  wa  st  gu
   1    0            0      7259000        24992       320024    0    0     0     0 14198 41157  28   6  67   0   0   0
   1    0            0      7233744        24992       320028    0    0     0     0 14183 43441  29   5  66   0   0   0
   3    0            0      7217760        24992       320028    0    0     0     0 13099 37265  27   6  67   0   0   0
   3    0            0      7220540        24992       320032    0    0     0     0 12733 33341  28   5  67   0   0   0
   1    0            0      7222752        24992       320032    0    0     0     0 12365 31608  28   5  68   0   0   0
   1    0            0      7223788        24992       320036    0    0     0     0 13275 36244  28   5  68   0   0   0
   1    0            0      7225708        24992       320036    0    0     0     0 12887 34690  28   5  67   0   0   0
   2    0            0      7225520        24992       320040    0    0     0     0 12551 32796  28   4  69   0   0   0
   1    0            0      7225740        24992       320044    0    0     0     0 12297 32209  27   5  68   0   0   0
   1    0            0      7225012        24992       320044    0    0     0     0 12546 33563  28   5  67   0   0   0
   3    0            0      7224316        24992       320048    0    0     0     0 13498 38514  28   5  67   0   0   0
   2    0            0      7224072        24992       320048    0    0     0     0 13197 37451  28   5  67   0   0   0
   1    0            0      7223756        24992       320052    0    0     0     0 13067 35556  28   5  68   0   0   0
   2    0            0      7222900        24992       320056    0    0     0     0 11901 31175  27   5  68   0   0   0
   1    0            0      7222148        24992       320056    0    0     0   112 12745 34155  28   4  68   0   0   0
   1    0            0      7275668        25004       320072    0    0     0     0 5103 12081  16   3  82   0   0   0
   2    0            0      7248652        25004       320076    0    0     0     0 13234 42748  27   5  67   0   0   0
   1    0            0      7245584        25004       320080    0    0     0     0 14306 45476  28   6  66   0   0   0
   1    0            0      7237884        25004       320084    0    0     0     0 12586 33461  28   5  67   0   0   0
   2    0            0      7216780        25004       320088    0    0     0    16 12512 31679  28   5  67   0   0   0
   1    0            0      7219596        25004       320088    0    0     0     8 13319 38076  28   5  67   0   0   0
--procs-- -----------------------memory---------------------- ---swap-- -----io---- -system-- ----------cpu----------
   r    b         swpd         free         buff        cache   si   so    bi    bo   in   cs  us  sy  id  wa  st  gu
   1    0            0      7221676        25004       320092    0    0     0     0 13144 36124  28   5  68   0   0   0
   1    0            0      7223352        25004       320092    0    0     0     0 13610 38332  28   5  67   0   0   0
   1    0            0      7224700        25004       320096    0    0     0     0 13066 35624  28   5  67   0   0   0
   1    0            0      7225088        25004       320100    0    0     0     0 12953 35669  28   5  68   0   0   0
   3    0            0      7224996        25004       320104    0    0     0     0 13015 36816  28   4  67   0   0   0
   1    0            0      7224556        25004       320108    0    0     0     0 12387 32895  28   4  67   0   0   0
   1    0            0      7224624        25004       320108    0    0     0     0 11833 30171  28   4  68   0   0   0
   1    0            0      7224084        25012       320112    0    0     0    80 12765 33800  28   5  67   0   0   0
   1    0            0      7223960        25012       320112    0    0     0     0 12461 32828  28   4  68   0   0   0
   1    0            0      7223548        25012       320116    0    0     0    12 13336 37907  28   5  67   0   0   0
   1    0            0      7222788        25012       320116    0    0     0     0 12775 34958  28   4  68   0   0   0
   1    0            0      7266764        25012       320132    0    0     0     0 6025 19695  15   4  82   0   0   0
   2    0            0      7245064        25012       320140    0    0     0     0 13978 43487  28   5  66   0   0   0
   1    0            0      7227872        25012       320144    0    0     0     0 12749 34311  28   5  67   0   0   0
   1    0            0      7217608        25012       320144    0    0     0     4 13077 36166  28   5  67   0   0   0
   1    0            0      7217460        25012       320148    0    0     0     0 12860 35256  28   5  68   0   0   0
   1    0            0      7220024        25012       320148    0    0     0     0 12295 32261  28   5  68   0   0   0
   1    0            0      7221488        25012       320152    0    0     0     0 12326 32293  28   4  68   0   0   0
   3    0            0      7223376        25012       320152    0    0     0     0 11860 30389  27   5  68   0   0   0
   1    0            0      7224120        25012       320156    0    0     0     0 12333 32238  27   5  68   0   0   0
   4    0            0      7223740        25012       320160    0    0     0     0 13131 35381  28   5  67   0   0   0
--procs-- -----------------------memory---------------------- ---swap-- -----io---- -system-- ----------cpu----------
   r    b         swpd         free         buff        cache   si   so    bi    bo   in   cs  us  sy  id  wa  st  gu
   1    0            0      7223548        25012       320160    0    0     0     0 12591 34318  28   4  68   0   0   0
   1    0            0      7223488        25012       320164    0    0     0     0 12591 34327  28   5  67   0   0   0
   1    0            0      7222856        25012       320164    0    0     0     0 12737 34410  28   5  68   0   0   0
   1    0            0      7222508        25012       320168    0    0     0    16 12117 31369  28   4  68   0   0   0
   1    0            0      7222604        25012       320172    0    0     0     0 11445 29708  28   4  68   0   0   0
   1    0            0      7222388        25012       320172    0    0     0     0 12769 36324  28   5  67   0   0   0
   0    0            0      7305784        25012       320184    0    0     0     0 8662 22777  20   3  77   0   0   0
   1    0            0      7255832        25016       320192    0    0     0     0 9756 29369  23   5  72   0   0   0
   2    0            0      7256280        25016       320196    0    0     0   100 14028 42328  28   6  66   0   0   0
   1    0            0      7240516        25016       320200    0    0     0     0 12531 33188  28   5  67   0   0   0
   2    0            0      7217608        25016       320204    0    0     0     0 11373 27983  28   5  67   0   0   0
   1    0            0      7220720        25016       320204    0    0     0     0 12164 31059  28   5  67   0   0   0
   1    0            0      7222964        25016       320208    0    0     0     0 12286 32801  28   4  68   0   0   0
   1    0            0      7224068        25016       320208    0    0     0     8 13368 38704  28   5  67   0   0   0
   1    0            0      7225548        25016       320212    0    0     0     0 13137 36016  28   5  68   0   0   0
   1    0            0      7226864        25016       320212    0    0     0     0 11076 27272  27   5  68   0   0   0
   1    0            0      7225948        25016       320220    0    0     0     0 13055 35338  28   4  68   0   0   0
   2    0            0      7225888        25024       320224    0    0     0    60 12518 33120  27   4  68   0   0   0
   1    0            0      7225640        25024       320224    0    0     0    76 12194 31289  28   5  67   0   0   0
   1    0            0      7225100        25024       320228    0    0     0     0 12649 33407  27   4  68   0   0   0
   1    0            0      7223336        25024       320232    0    0     0     0 12851 34157  27   5  67   0   0   0
--procs-- -----------------------memory---------------------- ---swap-- -----io---- -system-- ----------cpu----------
   r    b         swpd         free         buff        cache   si   so    bi    bo   in   cs  us  sy  id  wa  st  gu
   1    0            0      7223244        25024       320232    0    0     0     0 12824 33327  28   4  68   0   0   0
   2    0            0      7223024        25024       320236    0    0     0     0 12824 34087  28   5  67   0   0   0
   1    0            0      7272600        25024       320252    0    0     0     0 5586 14712  15   3  82   0   0   0
   1    0            0      7256864        25024       320260    0    0     0    16 14295 44378  28   6  66   0   0   0
   1    0            0      7229088        25024       320264    0    0     0     0 14196 44821  28   5  67   0   0   0
   1    0            0      7224608        25024       320264    0    0     0     0 12025 31619  28   4  68   0   0   0
   1    0            0      7221364        25024       320268    0    0     0     0 11934 30906  27   5  68   0   0   0
   1    0            0      7223700        25024       320268    0    0     0     0 12305 32400  27   5  67   0   0   0
   1    0            0      7225592        25024       320272    0    0     0     0 13211 37676  28   5  67   0   0   0
   1    0            0      7226880        25024       320276    0    0     0     0 12660 33700  28   5  67   0   0   0
   2    0            0      7226596        25024       320276    0    0     0     0 11989 31598  27   5  68   0   0   0
   1    0            0      7226376        25024       320280    0    0     0     0 12973 34566  28   5  68   0   0   0
   1    0            0      7226032        25024       320280    0    0     0     0 13486 38704  28   4  68   0   0   0
   1    0            0      7225560        25024       320284    0    0     0     0 12264 33249  28   4  68   0   0   0
   1    0            0      7224864        25024       320288    0    0     0     0 12703 34160  28   5  67   0   0   0
   1    0            0      7224300        25024       320288    0    0     0     0 13084 36001  27   5  67   0   0   0
   2    0            0      7224112        25024       320300    0    0     0     0 12608 33434  28   4  68   0   0   0
   1    0            0      7223540        25024       320300    0    0     0     0 12083 31639  27   5  68   0   0   0
   0    0            0      7309384        25024       320304    0    0     0   100 12636 34781  27   5  68   0   0   0
   2    0            0      7271912        25024       320328    0    0     0     0 6220 17568  15   4  81   0   0   0
   1    0            0      7243000        25024       320332    0    0     0     0 14713 49079  29   6  65   0   0   0
--procs-- -----------------------memory---------------------- ---swap-- -----io---- -system-- ----------cpu----------
   r    b         swpd         free         buff        cache   si   so    bi    bo   in   cs  us  sy  id  wa  st  gu
   2    0            0      7225176        25024       320336    0    0     0     0 13818 39740  28   6  66   0   0   0
   2    0            0      7213456        25024       320340    0    0     0     0 12556 32809  28   6  66   0   0   0
   3    0            0      7215628        25024       320340    0    0     0     8 13101 38463  28   5  67   0   0   0
   1    0            0      7218316        25024       320344    0    0     0     0 12683 33323  28   5  67   0   0   0
   1    0            0      7220236        25024       320348    0    0     0     0 13625 38932  28   5  67   0   0   0
   1    0            0      7222092        25032       320352    0    0     0    64 14319 41909  29   5  67   0   0   0
   3    0            0      7222508        25032       320356    0    0     0     0 12852 34371  28   5  67   0   0   0
   1    0            0      7222636        25032       320356    0    0     0     0 12772 33776  29   5  66   0   0   0
   1    0            0      7222444        25032       320360    0    0     0     0 13752 39534  28   5  67   0   0   0
   1    0            0      7221952        25032       320360    0    0     0     0 12323 32353  28   5  67   0   0   0
   1    0            0      7222304        25032       320364    0    0     0     0 12734 34018  28   5  67   0   0   0
   1    0            0      7222528        25032       320364    0    0     0     0 12624 34692  28   5  67   0   0   0
   1    0            0      7222592        25032       320368    0    0     0    12 12341 32625  28   5  67   0   0   0
   1    0            0      7222304        25032       320372    0    0     0     0 13132 35411  28   5  67   0   0   0
   1    0            0      7306772        25032       320380    0    0     0     0 8318 22658  18   4  78   0   0   0
   1    0            0      7255524        25032       320388    0    0     0     0 11671 37176  25   5  70   0   0   0
   1    0            0      7252496        25032       320408    0    0     0     0 13310 38794  28   6  66   0   0   0
   1    0            0      7235920        25032       320408    0    0     0     4 11483 28226  27   5  68   0   0   0
   3    0            0      7215340        25032       320412    0    0     0     0 11848 29421  28   4  68   0   0   0
   1    0            0      7218012        25032       320412    0    0     0     0 11295 29179  27   4  68   0   0   0
   1    0            0      7220188        25032       320416    0    0     0     0 11272 28919  28   4  68   0   0   0
--procs-- -----------------------memory---------------------- ---swap-- -----io---- -system-- ----------cpu----------
   r    b         swpd         free         buff        cache   si   so    bi    bo   in   cs  us  sy  id  wa  st  gu
   2    0            0      7221676        25032       320420    0    0     0     0 13350 35958  28   4  68   0   0   0
   1    0            0      7223788        25032       320420    0    0     0     0 13417 37779  28   5  67   0   0   0
   1    0            0      7224952        25032       320424    0    0     0     0 13549 37295  28   5  67   0   0   0
   1    0            0      7225256        25032       320428    0    0     0     0 12446 33288  27   5  68   0   0   0
   1    0            0      7224908        25032       320428    0    0     0     0 12241 32245  28   4  68   0   0   0
   1    0            0      7224468        25032       320432    0    0     0     0 12571 32406  28   4  68   0   0   0
   1    0            0      7224060        25032       320432    0    0     0     0 12145 31589  28   4  68   0   0   0
   2    0            0      7223776        25032       320436    0    0     0   104 12333 32797  27   5  68   0   0   0
   1    0            0      7223620        25032       320436    0    0     0     0 12679 34345  28   5  67   0   0   0
   2    0            0      7222828        25032       320440    0    0     0     0 13012 37655  28   5  67   0   0   0
   3    0            0      7269092        25036       320456    0    0     0     0 5610 16515  15   3  82   0   0   0
   2    0            0      7248432        25036       320464    0    0     0     0 14202 46816  28   6  66   0   0   0
   1    0            0      7224716        25036       320468    0    0     0    16 14576 47814  28   6  66   0   0   0
   1    0            0      7215560        25036       320472    0    0     0     0 13258 36943  28   5  67   0   0   0
   1    0            0      7213444        25044       320472    0    0     0    68 13006 34415  28   5  67   0   0   0
   1    0            0      7215956        25044       320480    0    0     0    64 11865 30419  28   4  68   0   0   0
   1    0            0      7218388        25044       320480    0    0     0     0 12970 35378  27   5  68   0   0   0
   1    0            0      7220316        25044       320484    0    0     0     0 12598 33590  28   5  67   0   0   0
   1    0            0      7222048        25044       320488    0    0     0     0 11695 29431  28   4  68   0   0   0
   1    0            0      7222792        25044       320488    0    0     0     0 13149 36151  28   5  67   0   0   0
   2    0            0      7222504        25044       320492    0    0     0     0 13330 37963  28   5  67   0   0   0
--procs-- -----------------------memory---------------------- ---swap-- -----io---- -system-- ----------cpu----------
   r    b         swpd         free         buff        cache   si   so    bi    bo   in   cs  us  sy  id  wa  st  gu
   1    0            0      7222636        25044       320492    0    0     0     0 12368 32585  28   5  67   0   0   0
   1    0            0      7222036        25044       320496    0    0     0     0 12741 34134  28   5  68   0   0   0
   3    0            0      7221776        25044       320496    0    0     0     0 11874 30830  27   4  68   0   0   0
   1    0            0      7221712        25044       320500    0    0     0     0 11837 30480  28   5  68   0   0   0
   1    0            0      7220984        25044       320500    0    0     0     0 12913 34691  28   5  67   0   0   0
   0    0            0      7292536        25044       320512    0    0     0     0 10808 27483  25   4  70   0   0   0
   1    0            0      7248296        25044       320520    0    0     0    16 7533 22986  17   3  80   0   0   0
   1    0            0      7232924        25044       320528    0    0     0     0 14188 44386  28   6  66   0   0   0
   1    0            0      7215816        25044       320528    0    0     0     0 14014 41961  28   6  66   0   0   0
   1    0            0      7210572        25044       320532    0    0     0     0 14687 47533  28   6  66   0   0   0
   1    0            0      7212944        25044       320536    0    0     0     0 11912 30953  28   5  67   0   0   0
   1    0            0      7215092        25044       320536    0    0     0     0 12834 33595  28   5  67   0   0   0
   1    0            0      7216032        25044       320540    0    0     0     0 13067 36107  28   6  66   0   0   0
   1    0            0      7217828        25044       320540    0    0     0     0 12314 30940  28   5  67   0   0   0
   1    0            0      7217800        25044       320544    0    0     0     0 12165 30956  28   4  68   0   0   0
   1    0            0      7217356        25044       320548    0    0     0     0 14017 40482  28   6  66   0   0   0
   2    0            0      7217456        25044       320548    0    0     0    80 14216 43357  28   5  67   0   0   0
   3    0            0      7216444        25044       320552    0    0     0     0 14026 42461  28   6  66   0   0   0
   1    0            0      7216348        25044       320552    0    0     0     0 14715 47293  29   5  66   0   0   0
   1    0            0      7215968        25044       320556    0    0     0     0 13436 37888  28   5  67   0   0   0
   1    0            0      7215940        25044       320560    0    0     0     0 12245 32661  28   5  67   0   0   0
--procs-- -----------------------memory---------------------- ---swap-- -----io---- -system-- ----------cpu----------
   r    b         swpd         free         buff        cache   si   so    bi    bo   in   cs  us  sy  id  wa  st  gu
   1    0            0      7215656        25044       320560    0    0     0     0 13105 35705  28   5  66   0   0   0
   1    0            0      7282392        25044       320604    0    0     0    32 7045 18199  17   4  79   0   0   0
   1    0            0      7252336        25044       320612    0    0     0     0 10637 28386  25   5  70   0   0   0
   1    0            0      7240132        25052       320624    0    0     0    64 13347 37396  28   6  66   0   0   0
   1    0            0      7232936        25052       320628    0    0     0     0 13627 37458  28   5  67   0   0   0
   1    0            0      7217512        25052       320632    0    0     0     0 13914 38930  28   5  67   0   0   0
   1    0            0      7220228        25052       320632    0    0     0     0 12705 33641  28   4  68   0   0   0
   1    0            0      7222812        25052       320636    0    0     0     0 11751 29935  28   4  68   0   0   0
   1    0            0      7223628        25052       320636    0    0     0     0 12593 32843  27   5  67   0   0   0
   3    0            0      7225456        25052       320640    0    0     0     0 13117 36075  27   5  68   0   0   0
   1    0            0      7226396        25052       320640    0    0     0     0 12971 34001  28   5  67   0   0   0
   1    0            0      7226016        25052       320644    0    0     0     0 12936 35823  28   4  68   0   0   0
   1    0            0      7225608        25052       320648    0    0     0     0 13231 35745  27   5  67   0   0   0
   1    0            0      7225132        25052       320648    0    0     0     0 12758 34790  28   4  68   0   0   0
   2    0            0      7224352        25052       320652    0    0     0     0 11670 29181  28   4  68   0   0   0
   3    0            0      7224264        25052       320652    0    0     0     0 13888 39458  28   5  67   0   0   0
   1    0            0      7223220        25052       320656    0    0     0    12 11459 30254  28   4  68   0   0   0
   1    0            0      7222684        25052       320660    0    0     0     0 10779 26883  28   4  68   0   0   0
   1    0            0      7270756        25052       320680    0    0     0     0 5617 15944  15   3  82   0   0   0
   1    0            0      7260812        25052       320688    0    0     0     0 13785 39197  27   6  66   0   0   0
   1    0            0      7240820        25052       320692    0    0     0     0 13330 37556  28   6  66   0   0   0
--procs-- -----------------------memory---------------------- ---swap-- -----io---- -system-- ----------cpu----------
   r    b         swpd         free         buff        cache   si   so    bi    bo   in   cs  us  sy  id  wa  st  gu
   1    0            0      7228720        25052       320692    0    0     0     4 12852 34830  28   5  68   0   0   0
   2    0            0      7218120        25052       320696    0    0     0     0 13499 37224  27   6  67   0   0   0
   1    0            0      7220076        25052       320696    0    0     0     0 12586 34781  27   5  68   0   0   0
   2    0            0      7222028        25052       320700    0    0     0     0 14144 42533  28   6  67   0   0   0
   2    0            0      7223224        25052       320704    0    0     0     0 13570 41261  28   5  67   0   0   0
   1    0            0      7223548        25052       320704    0    0     0     0 12703 35747  28   5  67   0   0   0
   1    0            0      7223248        25052       320708    0    0     0     0 11876 31154  27   5  68   0   0   0
   1    0            0      7222348        25052       320708    0    0     0     0 10895 28407  28   4  68   0   0   0
   1    0            0      7221996        25052       320712    0    0     0     0 13116 36952  28   5  67   0   0   0
   1    0            0      7221904        25052       320712    0    0     0     0 12216 32603  28   4  68   0   0   0
   1    0            0      7221748        25052       320716    0    0     0   112 10601 25733  27   5  68   0   0   0
   1    0            0      7221368        25052       320720    0    0     0     0 12428 31931  27   5  68   0   0   0
   2    0            0      7221148        25060       320720    0    0     0   128 13132 36176  28   5  67   0   0   0
   0    0            0      7309552        25060       320732    0    0     0     0 9960 25637  23   4  73   0   0   0
   1    0            0      7281100        25064       320744    0    0     0     0 3248 5864  18   2  80   0   0   0
   1    0            0      7271512        25064       320748    0    0     0    20 5010 9909  25   3  72   0   0   0
   1    0            0      7265368        25064       320752    0    0     0     0 4984 10043  25   2  73   0   0   0
   1    0            0      7263972        25064       320756    0    0     0     0 4972 10088  25   2  73   0   0   0
   1    0            0      7262376        25064       320756    0    0     0     0 5025 10197  25   2  73   0   0   0
   1    0            0      7259336        25064       320760    0    0     0     0 4962 9966  25   2  73   0   0   0
   1    0            0      7256812        25064       320760    0    0     0     0 4994 10031  25   2  73   0   0   0
--procs-- -----------------------memory---------------------- ---swap-- -----io---- -system-- ----------cpu----------
   r    b         swpd         free         buff        cache   si   so    bi    bo   in   cs  us  sy  id  wa  st  gu
   1    0            0      7253860        25064       320764    0    0     0     0 4910 9970  25   2  73   0   0   0
   1    0            0      7250760        25064       320764    0    0     0     0 5068 10109  25   2  73   0   0   0
   1    0            0      7248884        25064       320768    0    0     0     0 4996 9974  25   2  73   0   0   0
   1    0            0      7246168        25064       320768    0    0     0     0 4968 9993  25   2  73   0   0   0
   1    0            0      7243532        25064       320772    0    0     0     0 5133 10128  25   2  73   0   0   0
   1    0            0      7240712        25064       320776    0    0     0     0 5103 10286  25   2  73   0   0   0
   1    0            0      7237820        25064       320776    0    0     0     0 5178 10459  25   3  72   0   0   0
   1    0            0      7235212        25064       320780    0    0     0     0 5144 10343  25   2  73   0   0   0
   1    0            0      7234120        25064       320780    0    0     0     0 5146 10571  25   2  73   0   0   0
   0    0            0      7289348        25064       320796    0    0     0     0 2648 4811  14   2  84   0   0   0
   1    0            0      7276500        25064       320800    0    0     0    16 4590 8903  25   2  73   0   0   0
   1    0            0      7267164        25064       320804    0    0     0     0 4865 9369  25   2  73   0   0   0
   1    0            0      7265060        25064       320808    0    0     0     0 4844 9457  25   2  73   0   0   0
   1    0            0      7262520        25064       320808    0    0     0     0 4884 9539  25   2  73   0   0   0
   1    0            0      7260380        25064       320812    0    0     0     0 4858 9541  25   2  73   0   0   0
   1    0            0      7257576        25064       320816    0    0     0     0 4886 9568  25   2  73   0   0   0
   1    0            0      7255192        25064       320816    0    0     0     0 4926 9538  25   2  73   0   0   0
   1    0            0      7252408        25072       320820    0    0     0    84 5102 9939  25   2  73   0   0   0
   1    0            0      7249944        25072       320820    0    0     0     0 4994 9773  25   2  73   0   0   0
   1    0            0      7247392        25072       320824    0    0     0     0 4939 9562  25   2  73   0   0   0
   1    0            0      7245156        25072       320828    0    0     0    80 4941 9703  25   2  73   0   0   0
--procs-- -----------------------memory---------------------- ---swap-- -----io---- -system-- ----------cpu----------
   r    b         swpd         free         buff        cache   si   so    bi    bo   in   cs  us  sy  id  wa  st  gu
   1    0            0      7242804        25072       320828    0    0     0     0 4914 9732  25   2  73   0   0   0
   1    0            0      7240124        25072       320832    0    0     0     0 4885 9593  25   3  73   0   0   0
   1    0            0      7237652        25072       320832    0    0     0     0 4884 9723  25   2  73   0   0   0
   1    0            0      7234664        25072       320840    0    0     0     0 4852 9404  25   2  73   0   0   0
   1    0            0      7231900        25072       320840    0    0     0    32 4786 9399  25   2  73   0   0   0
   2    0            0      7280412        25072       320888    0    0     0     0 2468 4267  14   2  84   0   0   0
   1    0            0      7275724        25072       320896    0    0     0     0 4897 9752  25   2  73   0   0   0
   1    0            0      7269324        25072       320896    0    0     0     0 4889 9684  25   2  73   0   0   0
   1    0            0      7264328        25072       320900    0    0     0     0 4829 9571  25   2  73   0   0   0
   1    0            0      7261380        25072       320900    0    0     0     0 4943 9677  25   2  73   0   0   0
   1    0            0      7259260        25072       320904    0    0     0     0 4859 9927  25   2  73   0   0   0
   1    0            0      7256616        25072       320908    0    0     0     0 4996 9893  25   2  73   0   0   0
   1    0            0      7253600        25072       320908    0    0     0     0 5015 9992  25   2  73   0   0   0
   1    0            0      7251204        25072       320912    0    0     0     0 4980 9908  26   2  72   0   0   0
   1    0            0      7248656        25072       320912    0    0     0     0 5068 9980  25   3  73   0   0   0
   1    0            0      7245924        25072       320916    0    0     0     0 5013 10132  25   2  73   0   0   0
   1    0            0      7243352        25072       320916    0    0     0     0 4992 10100  25   2  73   0   0   0
   1    0            0      7240184        25072       320920    0    0     0     0 5032 10126  25   2  73   0   0   0
   1    0            0      7237980        25072       320920    0    0     0     0 5052 10100  25   2  73   0   0   0
   1    0            0      7235052        25072       320924    0    0     0    12 5154 10192  25   3  73   0   0   0
   1    0            0      7232540        25072       320924    0    0     0     0 5133 10103  25   2  73   0   0   0
--procs-- -----------------------memory---------------------- ---swap-- -----io---- -system-- ----------cpu----------
   r    b         swpd         free         buff        cache   si   so    bi    bo   in   cs  us  sy  id  wa  st  gu
   1    0            0      7286588        25072       320944    0    0     0     0 3648 6994  16   2  82   0   0   0
   1    0            0      7276260        25072       320952    0    0     0     0 3984 7483  23   3  74   0   0   0
   1    0            0      7273196        25072       320960    0    0     0     0 4821 9620  25   2  73   0   0   0
   2    0            0      7265048        25072       320960    0    0     0     0 4889 9563  25   2  73   0   0   0
   1    0            0      7261540        25072       320964    0    0     0     4 4816 9576  25   3  73   0   0   0
   1    0            0      7258292        25080       320972    0    0     0    84 4813 9497  25   2  73   0   0   0
   1    0            0      7255292        25080       320976    0    0     0  1236 4770 9685  25   2  73   0   0   0
   1    0            0      7253328        25080       320980    0    0     0     0 4758 9755  25   2  73   0   0   0
   1    0            0      7251120        25080       320980    0    0     0     0 4825 9937  25   2  73   0   0   0
   1    0            0      7249044        25080       320984    0    0     0    76 4846 9843  25   2  73   0   0   0
   1    0            0      7246652        25080       320984    0    0     0     0 4806 9836  25   2  73   0   0   0
   1    0            0      7244324        25080       320988    0    0     0     0 4831 9790  25   2  73   0   0   0
   1    0            0      7241516        25080       320988    0    0     0     0 4838 9807  25   2  73   0   0   0
   1    0            0      7238772        25080       320992    0    0     0     0 4733 9793  25   2  73   0   0   0
   1    0            0      7236528        25080       321000    0    0     0    28 4767 9650  25   2  73   0   0   0
   1    0            0      7233712        25080       321004    0    0     0     0 4850 9783  25   2  73   0   0   0
   1    0            0      7233632        25080       321008    0    0     0     0 4946 9727  25   2  73   0   0   0
   1    0            0      7281528        25084       321024    0    0     0     0 2539 4346  14   2  84   0   0   0
   1    0            0      7278084        25084       321028    0    0     0     0 5008 9687  25   3  72   0   0   0
   1    0            0      7270060        25084       321032    0    0     0     8 4929 9772  25   2  73   0   0   0
   1    0            0      7264384        25084       321032    0    0     0     0 4963 9855  25   2  73   0   0   0
--procs-- -----------------------memory---------------------- ---swap-- -----io---- -system-- ----------cpu----------
   r    b         swpd         free         buff        cache   si   so    bi    bo   in   cs  us  sy  id  wa  st  gu
   2    0            0      7261532        25084       321036    0    0     0     0 4954 9878  25   2  73   0   0   0
   1    0            0      7259116        25084       321036    0    0     0     0 5017 9876  25   2  73   0   0   0
   1    0            0      7256356        25084       321040    0    0     0     0 5012 10155  25   2  72   0   0   0
   4    0            0      7253848        25084       321040    0    0     0     0 5094 10136  25   2  73   0   0   0
   1    0            0      7250956        25084       321044    0    0     0     0 4986 9976  25   2  73   0   0   0
   1    0            0      7248288        25084       321048    0    0     0     0 5068 10057  25   2  73   0   0   0
   1    0            0      7245764        25084       321048    0    0     0     0 5077 10298  25   2  73   0   0   0
   4    0            0      7242104        25084       321052    0    0     0     0 5031 10063  25   2  73   0   0   0
   1    0            0      7239776        25084       321052    0    0     0     0 5106 10238  25   2  72   0   0   0
   4    0            0      7237512        25084       321056    0    0     0     0 4946 10021  25   1  74   0   0   0
   1    0            0      7234996        25084       321060    0    0     0     0 5042 10290  25   2  73   0   0   0
   1    0            0      7232268        25084       321060    0    0     0     0 5062 10186  25   2  73   0   0   0
   0    0            0      7285800        25084       321072    0    0     0     0 4543 8966  21   2  76   0   0   0
   1    0            0      7276188        25084       321076    0    0     0    16 3038 5486  18   2  80   0   0   0
   1    0            0      7278724        25092       321084    0    0     0    56 4956 9914  25   2  73   0   0   0
   1    0            0      7266656        25092       321088    0    0     0     0 5002 9793  25   2  73   0   0   0
   1    0            0      7262652        25092       321088    0    0     0     0 5027 10039  25   2  73   0   0   0
   1    0            0      7260500        25092       321092    0    0     0     0 4977 10019  25   2  73   0   0   0
   1    0            0      7257792        25092       321092    0    0     0    76 4940 10088  25   2  73   0   0   0
   1    0            0      7255280        25092       321096    0    0     0     0 5077 10247  25   2  73   0   0   0
   1    0            0      7252796        25092       321100    0    0     0     0 4975 10131  25   2  73   0   0   0
--procs-- -----------------------memory---------------------- ---swap-- -----io---- -system-- ----------cpu----------
   r    b         swpd         free         buff        cache   si   so    bi    bo   in   cs  us  sy  id  wa  st  gu
   1    0            0      7249980        25092       321100    0    0     0     0 4944 10011  25   2  73   0   0   0
   1    0            0      7246876        25092       321104    0    0     0     0 5049 10011  25   3  73   0   0   0
   1    0            0      7244536        25092       321104    0    0     0     0 5080 10188  25   2  73   0   0   0
   1    0            0      7241624        25092       321112    0    0     0    12 5055 10049  25   2  73   0   0   0
   2    0            0      7238328        25092       321112    0    0     0     0 5014 10051  25   2  73   0   0   0
   1    0            0      7236128        25092       321116    0    0     0     0 5077 10154  26   2  73   0   0   0
   1    0            0      7233824        25092       321116    0    0     0     0 5120 10110  25   2  73   0   0   0
   1    0            0      7231504        25092       321120    0    0     0     0 5127 10129  25   2  73   0   0   0
   0    0            0      7285696        25092       321136    0    0     0    24 2859 5191  15   2  83   0   0   0
   1    0            0      7273888        25092       321136    0    0     0     0 4644 9148  24   2  74   0   0   0
   1    0            0      7264568        25092       321144    0    0     0     0 4860 9652  25   2  73   0   0   0
   1    0            0      7262216        25092       321148    0    0     0     0 4999 9872  25   2  73   0   0   0
   1    0            0      7259856        25092       321148    0    0     0     0 5077 10167  25   2  73   0   0   0
   1    0            0      7257296        25092       321152    0    0     0     0 5084 10159  25   2  73   0   0   0
   1    0            0      7254744        25092       321152    0    0     0     0 4964 9834  25   2  73   0   0   0
   1    0            0      7251916        25092       321156    0    0     0     0 4960 9923  25   2  73   0   0   0
   1    0            0      7250560        25092       321156    0    0     0     0 4944 9688  25   2  73   0   0   0
   1    0            0      7247772        25092       321160    0    0     0     0 4898 9811  25   2  73   0   0   0
   1    0            0      7245532        25092       321164    0    0     0     0 4930 9948  25   2  73   0   0   0
   1    0            0      7243020        25092       321164    0    0     0     0 4986 10109  25   2  73   0   0   0
   1    0            0      7240164        25092       321168    0    0     0     0 4954 10196  25   2  73   0   0   0
--procs-- -----------------------memory---------------------- ---swap-- -----io---- -system-- ----------cpu----------
   r    b         swpd         free         buff        cache   si   so    bi    bo   in   cs  us  sy  id  wa  st  gu
   1    0            0      7238012        25092       321168    0    0     0     0 4953 9962  25   2  73   0   0   0
   1    0            0      7235480        25092       321172    0    0     0     0 5044 10141  25   2  73   0   0   0
   1    0            0      7232892        25100       321176    0    0     0    68 5021 10015  25   2  73   0   0   0
   1    0            0      7231304        25100       321176    0    0     0    56 4989 9820  25   3  73   0   0   0
   1    0            0      7278536        25100       321192    0    0     0     0 2531 4397  15   2  84   0   0   0
   1    0            0      7274560        25100       321200    0    0     0     0 5001 9943  25   2  73   0   0   0
   1    0            0      7267144        25100       321200    0    0     0     0 5003 10066  25   2  73   0   0   0
   2    0            0      7263168        25100       321204    0    0     0     0 4956 9917  25   2  73   0   0   0
   1    0            0      7260388        25100       321204    0    0     0     0 5015 10003  25   2  73   0   0   0
   1    0            0      7257676        25100       321208    0    0     0     0 5001 9936  25   2  73   0   0   0
   1    0            0      7255608        25100       321212    0    0     0     0 4941 9917  25   2  73   0   0   0
   1    0            0      7252744        25100       321212    0    0     0     0 4893 9994  25   2  73   0   0   0
   1    0            0      7250332        25100       321216    0    0     0    88 5000 10266  25   3  73   0   0   0
   1    0            0      7247248        25100       321216    0    0     0     0 5016 10252  25   2  73   0   0   0
   1    0            0      7244956        25100       321220    0    0     0     0 5012 10171  25   2  73   0   0   0
   1    0            0      7241912        25100       321224    0    0     0     0 5086 10247  26   1  73   0   0   0
   1    0            0      7239564        25100       321228    0    0     0     0 4993 10211  25   2  73   0   0   0
   1    0            0      7236700        25100       321228    0    0     0    24 4977 10169  25   2  73   0   0   0
   1    0            0      7233620        25100       321232    0    0     0     0 5032 10269  25   2  73   0   0   0
   1    0            0      7231700        25100       321236    0    0     0     0 5160 10348  25   2  73   0   0   0
   0    0            0      7285112        25100       321252    0    0     0     0 3802 7461  17   1  81   0   0   0
--procs-- -----------------------memory---------------------- ---swap-- -----io---- -system-- ----------cpu----------
   r    b         swpd         free         buff        cache   si   so    bi    bo   in   cs  us  sy  id  wa  st  gu
   1    0            0      7274788        25104       321260    0    0     0     0 3809 6944  22   3  75   0   0   0
   1    0            0      7266428        25104       321268    0    0     0     8 4933 9671  25   3  73   0   0   0
   1    0            0      7262584        25104       321268    0    0     0     0 4860 9589  25   2  73   0   0   0
   1    0            0      7260488        25104       321280    0    0     0     0 4915 9877  25   2  73   0   0   0
   1    0            0      7258208        25104       321280    0    0     0     0 4875 9573  25   2  73   0   0   0
   1    0            0      7256108        25104       321284    0    0     0     0 4970 9931  25   2  73   0   0   0
   1    0            0      7253944        25104       321284    0    0     0     0 4809 9662  25   2  73   0   0   0
   1    0            0      7251044        25104       321288    0    0     0     0 4944 9921  25   2  73   0   0   0
   1    0            0      7249008        25104       321288    0    0     0     0 4878 9773  25   2  73   0   0   0
   1    0            0      7246676        25104       321292    0    0     0     0 4908 9952  25   2  73   0   0   0
   1    0            0      7243956        25104       321296    0    0     0     0 4827 9892  25   2  73   0   0   0
   1    0            0      7241952        25104       321296    0    0     0     0 4893 9871  25   2  73   0   0   0
   1    0            0      7239044        25112       321300    0    0     0    64 4894 9762  25   2  73   0   0   0
   1    0            0      7236952        25112       321300    0    0     0     0 4883 10039  25   2  73   0   0   0
   1    0            0      7234352        25112       321304    0    0     0     0 4895 9851  25   2  73   0   0   0
   1    0            0      7231620        25112       321304    0    0     0     0 4931 9846  25   2  73   0   0   0
   1    0            0      7279808        25112       321320    0    0     0     0 2516 4372  14   2  84   0   0   0
   1    0            0      7287528        25112       321328    0    0     0    16 5125 10163  25   3  73   0   0   0
   1    0            0      7275604        25112       321328    0    0     0     0 5010 10042  25   2  73   0   0   0
   1    0            0      7264176        25112       321332    0    0     0     0 5063 10252  25   2  73   0   0   0
   2    0            0      7260128        25112       321332    0    0     0     0 5050 10118  25   2  73   0   0   0
--procs-- -----------------------memory---------------------- ---swap-- -----io---- -system-- ----------cpu----------
   r    b         swpd         free         buff        cache   si   so    bi    bo   in   cs  us  sy  id  wa  st  gu
   1    0            0      7257908        25112       321336    0    0     0     0 4981 10028  25   2  73   0   0   0
   1    0            0      7254880        25112       321340    0    0     0    76 5014 10026  25   2  73   0   0   0
   1    0            0      7252032        25112       321340    0    0     0     0 4965 10083  25   2  73   0   0   0
   1    0            0      7249456        25112       321348    0    0     0     0 5041 10011  25   2  73   0   0   0
   1    0            0      7247132        25112       321348    0    0     0     0 5034 10132  25   2  73   0   0   0
   1    0            0      7244188        25112       321352    0    0     0     0 5139 10445  25   2  73   0   0   0
   1    0            0      7240972        25112       321356    0    0     0     8 5100 10343  25   2  73   0   0   0
   1    0            0      7238044        25112       321356    0    0     0     0 5025 10309  25   2  73   0   0   0
   1    0            0      7235668        25112       321360    0    0     0     0 5165 10382  26   2  73   0   0   0
   1    0            0      7233216        25112       321360    0    0     0     0 5032 10104  25   2  73   0   0   0
   1    0            0      7230896        25112       321364    0    0     0     0 5160 10510  25   2  73   0   0   0
   0    0            0      7284952        25112       321372    0    0     0    32 4823 9704  22   2  76   0   0   0
   1    0            0      7275984        25112       321412    0    0     0     0 2763 4776  17   2  81   0   0   0
   1    0            0      7268828        25112       321420    0    0     0     0 4926 9425  25   3  73   0   0   0
   1    0            0      7257000        25112       321420    0    0     0     0 5004 9674  25   2  73   0   0   0
   1    0            0      7250128        25112       321424    0    0     0     0 4957 9608  25   2  73   0   0   0
   1    0            0      7248792        25112       321428    0    0     0     0 4904 9663  25   2  73   0   0   0
   1    0            0      7247052        25112       321428    0    0     0     0 4903 9676  25   3  73   0   0   0
   1    0            0      7245104        25112       321432    0    0     0     0 4876 9599  25   2  73   0   0   0
   1    0            0      7242048        25112       321432    0    0     0     0 4813 9545  25   2  73   0   0   0
   1    0            0      7240384        25112       321436    0    0     0     0 5007 9686  25   2  73   0   0   0
--procs-- -----------------------memory---------------------- ---swap-- -----io---- -system-- ----------cpu----------
   r    b         swpd         free         buff        cache   si   so    bi    bo   in   cs  us  sy  id  wa  st  gu
   1    0            0      7238584        25120       321436    0    0     0   132 5056 9611  25   2  73   0   0   0
   1    0            0      7236248        25120       321440    0    0     0     0 5102 9742  25   2  73   0   0   0
   1    0            0      7233516        25120       321444    0    0     0     0 5185 10036  25   2  73   0   0   0
   1    0            0      7231396        25120       321444    0    0     0     0 5062 9935  25   2  73   0   0   0
   1    0            0      7228824        25120       321448    0    0     0     0 4926 9721  25   2  73   0   0   0
   1    0            0      7226252        25120       321448    0    0     0     0 5032 9684  25   2  73   0   0   0
   1    0            0      7223876        25120       321452    0    0     0    16 5048 9692  25   2  73   0   0   0
   1    0            0      7284436        25120       321468    0    0     0     0 2997 5375  16   2  82   0   0   0
   1    0            0      7273360        25120       321472    0    0     0     0 4393 8638  24   2  75   0   0   0
   1    0            0      7264512        25120       321480    0    0     0     0 4866 9565  25   2  73   0   0   0
   1    0            0      7261456        25120       321484    0    0     0     0 4765 9445  25   2  73   0   0   0
   1    0            0      7259332        25120       321484    0    0     0    80 5055 9788  25   2  73   0   0   0
   1    0            0      7256428        25120       321488    0    0     0     0 4968 9726  25   2  73   0   0   0
   1    0            0      7254444        25120       321488    0    0     0     0 4917 9872  25   2  73   0   0   0
   1    0            0      7252032        25120       321492    0    0     0     0 5029 10001  25   2  73   0   0   0
   1    0            0      7249680        25120       321496    0    0     0     0 5042 9905  25   2  73   0   0   0
   1    0            0      7247156        25120       321500    0    0     0     8 4995 9818  25   2  73   0   0   0
   1    0            0      7244800        25120       321500    0    0     0     0 4921 9918  25   2  73   0   0   0
   1    0            0      7242144        25120       321504    0    0     0     0 5032 9764  25   2  73   0   0   0
   1    0            0      7239416        25120       321508    0    0     0     0 4971 9975  25   2  73   0   0   0
   1    0            0      7236492        25120       321508    0    0     0     0 4948 9841  25   2  73   0   0   0
--procs-- -----------------------memory---------------------- ---swap-- -----io---- -system-- ----------cpu----------
   r    b         swpd         free         buff        cache   si   so    bi    bo   in   cs  us  sy  id  wa  st  gu
   1    0            0      7233892        25120       321512    0    0     0    20 4992 9839  25   2  73   0   0   0
   1    0            0      7231596        25120       321512    0    0     0     0 4945 9795  25   2  73   0   0   0
   1    0            0      7230480        25120       321516    0    0     0     0 5054 9964  25   2  73   0   0   0
   2    0            0      7278392        25124       321540    0    0     0     0 2579 4452  14   3  84   0   0   0
   1    0            0      7283908        25124       321544    0    0     0     0 4853 9815  25   2  73   0   0   0
   1    0            0      7270736        25124       321548    0    0     0     4 4814 9644  25   2  73   0   0   0
   2    0            0      7260768        25124       321552    0    0     0     0 4911 9886  25   2  73   0   0   0
   3    0            0      7258064        25124       321552    0    0     0     0 4889 9909  25   2  73   0   0   0
   1    0            0      7255668        25124       321556    0    0     0     0 4927 10099  25   2  73   0   0   0
   1    0            0      7252336        25124       321556    0    0     0     0 5046 9989  25   3  73   0   0   0
   1    0            0      7249980        25132       321560    0    0     0    56 5128 10179  25   2  73   0   0   0
   2    0            0      7247296        25132       321560    0    0     0     0 5049 10154  25   2  73   0   0   0
   1    0            0      7244996        25132       321564    0    0     0     0 4943 10098  25   2  73   0   0   0
   1    0            0      7241888        25132       321564    0    0     0     0 5105 10127  25   3  73   0   0   0
   1    0            0      7238664        25132       321568    0    0     0     0 5026 9956  25   2  73   0   0   0
   1    0            0      7235752        25132       321572    0    0     0     0 5049 10221  26   2  73   0   0   0
   1    0            0      7233416        25132       321572    0    0     0     0 5156 10162  25   2  73   0   0   0
   1    0            0      7231112        25132       321576    0    0     0     0 5142 10194  25   3  73   0   0   0
   1    0            0      7230656        25132       321576    0    0     0     0 5131 10289  25   2  73   0   0   0
   0    0            0      7285700        25132       321592    0    0     0     0 3826 7636  18   2  80   0   0   0
   1    0            0      7274976        25132       321604    0    0     0    92 3732 6923  22   2  76   0   0   0
--procs-- -----------------------memory---------------------- ---swap-- -----io---- -system-- ----------cpu----------
   r    b         swpd         free         buff        cache   si   so    bi    bo   in   cs  us  sy  id  wa  st  gu
   1    0            0      7266048        25132       321608    0    0     0     0 5020 9811  25   2  73   0   0   0
   1    0            0      7263092        25132       321612    0    0     0     0 4732 9439  25   2  73   0   0   0
   1    0            0      7260592        25132       321612    0    0     0     0 4790 9630  25   2  73   0   0   0
   1    0            0      7257756        25132       321616    0    0     0     0 5090 10220  25   2  73   0   0   0
   2    0            0      7254624        25132       321620    0    0     0     0 5186 10357  25   2  73   0   0   0
   1    0            0      7252668        25132       321624    0    0     0     8 5099 10276  25   2  73   0   0   0
   1    0            0      7249920        25132       321628    0    0     0     0 5052 10078  25   2  73   0   0   0
   1    0            0      7247340        25132       321628    0    0     0     0 5176 10390  25   3  72   0   0   0
   1    0            0      7244732        25132       321632    0    0     0     0 5058 10054  25   2  73   0   0   0
   1    0            0      7242304        25132       321632    0    0     0     0 5243 10249  25   2  73   0   0   0
   1    0            0      7238904        25132       321636    0    0     0     0 5197 10349  25   2  73   0   0   0
   1    0            0      7236284        25132       321640    0    0     0     0 5072 10141  25   2  73   0   0   0
   1    0            0      7234100        25132       321640    0    0     0     0 5161 10343  25   2  73   0   0   0
   1    0            0      7231360        25132       321644    0    0     0     0 5122 10146  25   2  73   0   0   0
   1    0            0      7229472        25132       321644    0    0     0     0 5100 10273  25   2  73   0   0   0
   1    0            0      7280472        25136       321660    0    0     0    32 2614 4541  14   2  84   0   0   0
   1    0            0      7278064        25136       321660    0    0     0     0 4886 9705  25   3  73   0   0   0
   1    0            0      7266836        25136       321668    0    0     0     0 4880 9785  25   2  73   0   0   0
   1    0            0      7260132        25136       321672    0    0     0     0 4856 9656  25   2  73   0   0   0
   1    0            0      7257856        25144       321672    0    0     0   164 4897 9733  25   2  73   0   0   0
   1    0            0      7255696        25144       321676    0    0     0     0 4939 9726  25   2  73   0   0   0
--procs-- -----------------------memory---------------------- ---swap-- -----io---- -system-- ----------cpu----------
   r    b         swpd         free         buff        cache   si   so    bi    bo   in   cs  us  sy  id  wa  st  gu
   1    0            0      7253432        25144       321680    0    0     0     0 4876 9589  25   2  73   0   0   0
   1    0            0      7251212        25144       321680    0    0     0     0 4917 9849  25   2  73   0   0   0
   1    0            0      7248652        25144       321684    0    0     0     0 4935 9825  25   2  73   0   0   0
   1    0            0      7246164        25144       321684    0    0     0     0 5006 9818  25   3  73   0   0   0
   1    0            0      7243708        25144       321688    0    0     0     0 5016 9783  25   2  73   0   0   0
   1    0            0      7240892        25144       321688    0    0     0     0 4989 9811  25   2  73   0   0   0
   1    0            0      7238204        25144       321692    0    0     0     0 5068 9905  25   2  73   0   0   0
   1    0            0      7235916        25144       321692    0    0     0     0 5053 9971  25   2  73   0   0   0
   1    0            0      7232948        25144       321696    0    0     0     0 5063 10055  25   2  73   0   0   0
   1    0            0      7230136        25144       321700    0    0     0    16 5130 9923  25   2  73   0   0   0
   0    0            0      7283312        25144       321704    0    0     0     0 4899 9543  23   2  75   0   0   0
