Linux 7.0.0-1013-aws (ip-172-31-2-102) 	09/25/26 	_x86_64_	(4 CPU)

# Time        UID       PID    %usr %system  %guest   %wait    %CPU   CPU  minflt/s  majflt/s     VSZ     RSS   %MEM   cswch/s nvcswch/s  Command
18:29:55        0         9    0.00    0.00    0.00    0.00    0.00     0      0.00      0.00       0       0   0.00      2.97      0.00  kworker/0:0-events
18:29:55        0        16    0.00    0.00    0.00    0.00    0.00     0      0.00      0.00       0       0   0.00     35.64      0.00  rcu_sched
18:29:55        0        19    0.00    0.00    0.00    0.00    0.00     0      0.00      0.00       0       0   0.00      0.99      0.00  migration/0
18:29:55        0        25    0.00    0.00    0.00    0.00    0.00     1      0.00      0.00       0       0   0.00      2.97      0.00  migration/1
18:29:55        0        31    0.00    0.00    0.00    0.00    0.00     2      0.00      0.00       0       0   0.00      0.99      0.00  migration/2
18:29:55        0        37    0.00    0.00    0.00    0.00    0.00     3      0.00      0.00       0       0   0.00      0.99      0.00  migration/3
18:29:55        0        47    0.00    0.00    0.00    0.00    0.00     2      0.00      0.00       0       0   0.00      6.93      0.00  kworker/u16:1-events_power_efficient
18:29:55        0        49    0.00    0.00    0.00    0.00    0.00     2      0.00      0.00       0       0   0.00      2.97      0.00  kworker/u16:2-events_power_efficient
18:29:55        0        52    0.00    0.00    0.00    0.00    0.00     1      0.00      0.00       0       0   0.00      1.98      0.00  kcompactd0
18:29:55        0       193    0.00    0.00    0.00    0.00    0.00     3      0.00      0.00       0       0   0.00      1.98      0.00  kworker/3:2-mm_percpu_wq
18:29:55        0       211    0.00    0.00    0.00    0.00    0.00     2      0.00      0.00       0       0   0.00      7.92      0.00  kworker/2:3-events
18:29:55        0       241    0.00    0.00    0.00    0.00    0.00     1      0.00      0.00  288968   27108   0.34      0.99      0.00  multipathd
18:29:55        0       382    0.00    0.00    0.00    0.00    0.00     1      0.00      0.00       0       0   0.00      1.98      0.00  kworker/1:3-events
18:29:55     1000      1462    0.00    0.00    0.00    0.00    0.00     1      0.99      0.00   32140   21876   0.28      5.94      0.00  python3
18:29:55     1000      1466    0.00    0.00    0.00    0.00    0.00     1      0.00      0.00    9900    3356   0.04      0.99      0.00  vmstat
18:29:55     1000      1467    0.00    0.99    0.00    0.00    0.99     1      2.97      0.00    7712    3696   0.05      0.99      0.00  pidstat
18:29:55     1000      1469   80.20    6.93    0.00    0.00   87.13     0   7583.17      0.99   47032   39864   0.50     28.71      2.97  /home/ubuntu/pe
18:29:55     1000      1470   11.88   11.88    0.00    0.00   23.76     2  10887.13     69.31 1816956   45612   0.58     63.37      1.98  hey

# Time        UID       PID    %usr %system  %guest   %wait    %CPU   CPU  minflt/s  majflt/s     VSZ     RSS   %MEM   cswch/s nvcswch/s  Command
18:29:56        0         9    0.00    0.00    0.00    0.00    0.00     0      0.00      0.00       0       0   0.00      2.00      0.00  kworker/0:0-events
18:29:56        0        16    0.00    0.00    0.00    0.00    0.00     2      0.00      0.00       0       0   0.00      8.00      0.00  rcu_sched
18:29:56        0        25    0.00    0.00    0.00    0.00    0.00     1      0.00      0.00       0       0   0.00      1.00      0.00  migration/1
18:29:56        0        47    0.00    0.00    0.00    0.00    0.00     3      0.00      0.00       0       0   0.00      5.00      0.00  kworker/u16:1-events_power_efficient
18:29:56        0        49    0.00    0.00    0.00    0.00    0.00     2      0.00      0.00       0       0   0.00      1.00      0.00  kworker/u16:2-events_power_efficient
18:29:56        0        52    0.00    0.00    0.00    0.00    0.00     1      0.00      0.00       0       0   0.00      2.00      0.00  kcompactd0
18:29:56        0       193    0.00    0.00    0.00    0.00    0.00     3      0.00      0.00       0       0   0.00      4.00      0.00  kworker/3:2-events
18:29:56        0       211    0.00    0.00    0.00    0.00    0.00     2      0.00      0.00       0       0   0.00      2.00      0.00  kworker/2:3-events
18:29:56        0       241    0.00    0.00    0.00    0.00    0.00     1      0.00      0.00  288968   27108   0.34      1.00      0.00  multipathd
18:29:56        0       382    0.00    0.00    0.00    0.00    0.00     1      0.00      0.00       0       0   0.00      2.00      0.00  kworker/1:3-events
18:29:56        0       577    0.00    0.00    0.00    0.00    0.00     1      0.00      0.00       0       0   0.00      1.00      0.00  kworker/1:1H-kblockd
18:29:56     1000      1462    0.00    0.00    0.00    0.00    0.00     1      0.00      0.00   32140   21876   0.28      3.00      0.00  python3
18:29:56     1000      1466    0.00    0.00    0.00    0.00    0.00     1      0.00      0.00    9900    3356   0.04      1.00      0.00  vmstat
18:29:56     1000      1467    0.00    0.00    0.00    0.00    0.00     1      4.00      0.00    7712    3696   0.05      1.00      0.00  pidstat
18:29:56     1000      1469   90.00    8.00    0.00    0.00   98.00     0     38.00      0.00   47164   39992   0.51      2.00      2.00  /home/ubuntu/pe
18:29:56     1000      1478   16.00   14.00    0.00    0.00   30.00     3  10427.00      0.00 1743224   43440   0.55      4.00      4.00  hey

# Time        UID       PID    %usr %system  %guest   %wait    %CPU   CPU  minflt/s  majflt/s     VSZ     RSS   %MEM   cswch/s nvcswch/s  Command
18:29:57        0         9    0.00    0.00    0.00    0.00    0.00     0      0.00      0.00       0       0   0.00      3.00      0.00  kworker/0:0-events
18:29:57        0        16    0.00    0.00    0.00    0.00    0.00     2      0.00      0.00       0       0   0.00      2.00      0.00  rcu_sched
18:29:57        0        26    0.00    0.00    0.00    0.00    0.00     1      0.00      0.00       0       0   0.00      2.00      0.00  ksoftirqd/1
18:29:57        0        49    0.00    0.00    0.00    0.00    0.00     1      0.00      0.00       0       0   0.00      7.00      0.00  kworker/u16:2-events_power_efficient
18:29:57        0        52    0.00    0.00    0.00    0.00    0.00     1      0.00      0.00       0       0   0.00      2.00      0.00  kcompactd0
18:29:57        0       193    0.00    0.00    0.00    0.00    0.00     3      0.00      0.00       0       0   0.00      5.00      0.00  kworker/3:2-events
18:29:57        0       211    0.00    0.00    0.00    0.00    0.00     2      0.00      0.00       0       0   0.00      3.00      0.00  kworker/2:3-events
18:29:57        0       241    0.00    0.00    0.00    0.00    0.00     1      0.00      0.00  288968   27108   0.34      1.00      0.00  multipathd
18:29:57        0       382    0.00    0.00    0.00    0.00    0.00     1      0.00      0.00       0       0   0.00      3.00      0.00  kworker/1:3-events
18:29:57     1000      1466    0.00    0.00    0.00    0.00    0.00     1      0.00      0.00    9900    3356   0.04      1.00      0.00  vmstat
18:29:57     1000      1467    0.00    0.00    0.00    0.00    0.00     1      3.00      0.00    7712    3696   0.05      1.00      0.00  pidstat
18:29:57     1000      1469   92.00    9.00    0.00    0.00  101.00     0      1.00      0.00   47164   39992   0.51      0.00      3.00  /home/ubuntu/pe
18:29:57     1000      1478   20.00   16.00    0.00    0.00   36.00     3   2580.00      0.00 1817404   52528   0.66      0.00      0.00  hey

# Time        UID       PID    %usr %system  %guest   %wait    %CPU   CPU  minflt/s  majflt/s     VSZ     RSS   %MEM   cswch/s nvcswch/s  Command
18:29:58        0         9    0.00    0.00    0.00    0.00    0.00     0      0.00      0.00       0       0   0.00      2.00      0.00  kworker/0:0-events
18:29:58        0        16    0.00    0.00    0.00    0.00    0.00     1      0.00      0.00       0       0   0.00     51.00      0.00  rcu_sched
18:29:58        0        25    0.00    0.00    0.00    0.00    0.00     1      0.00      0.00       0       0   0.00      2.00      0.00  migration/1
18:29:58        0        32    0.00    0.00    0.00    0.00    0.00     2      0.00      0.00       0       0   0.00      1.00      0.00  ksoftirqd/2
18:29:58        0        49    0.00    0.00    0.00    0.00    0.00     1      0.00      0.00       0       0   0.00      5.00      0.00  kworker/u16:2-events_power_efficient
18:29:58        0        52    0.00    0.00    0.00    0.00    0.00     1      0.00      0.00       0       0   0.00      2.00      0.00  kcompactd0
18:29:58        0       193    0.00    0.00    0.00    0.00    0.00     3      0.00      0.00       0       0   0.00      2.00      0.00  kworker/3:2-events
18:29:58        0       211    0.00    0.00    0.00    0.00    0.00     2      0.00      0.00       0       0   0.00      4.00      0.00  kworker/2:3-events
18:29:58        0       241    0.00    0.00    0.00    0.00    0.00     1      0.00      0.00  288968   27108   0.34      1.00      0.00  multipathd
18:29:58        0       382    0.00    0.00    0.00    0.00    0.00     1      0.00      0.00       0       0   0.00      6.00      0.00  kworker/1:3-events
18:29:58     1000      1462    1.00    1.00    0.00    0.00    2.00     1      0.00      0.00   32140   21876   0.28     11.00      0.00  python3
18:29:58     1000      1466    0.00    0.00    0.00    0.00    0.00     1      0.00      0.00    9900    3356   0.04      1.00      0.00  vmstat
18:29:58     1000      1467    0.00    1.00    0.00    0.00    1.00     1      0.00      0.00    7712    3696   0.05      1.00      0.00  pidstat
18:29:58     1000      1486    0.00    0.00    0.00    0.00    0.00     0    147.00      0.00    2704    1528   0.02      1.00      1.00  time
18:29:58     1000      1487   28.00    2.00    0.00    0.00   30.00     0   7963.00      0.00   48264   41096   0.52      5.00      1.00  /home/ubuntu/pa
18:29:58     1000      1488    1.00    3.00    0.00    0.00    4.00     2   3232.00      0.00 1750712   17332   0.22      3.00      3.00  hey

# Time        UID       PID    %usr %system  %guest   %wait    %CPU   CPU  minflt/s  majflt/s     VSZ     RSS   %MEM   cswch/s nvcswch/s  Command
18:29:59        0         9    0.00    0.00    0.00    0.00    0.00     0      0.00      0.00       0       0   0.00      4.00      0.00  kworker/0:0-events
18:29:59        0        16    0.00    0.00    0.00    0.00    0.00     1      0.00      0.00       0       0   0.00     16.00      0.00  rcu_sched
18:29:59        0        19    0.00    0.00    0.00    0.00    0.00     0      0.00      0.00       0       0   0.00      1.00      0.00  migration/0
18:29:59        0        25    0.00    0.00    0.00    0.00    0.00     1      0.00      0.00       0       0   0.00      2.00      0.00  migration/1
18:29:59        0        31    0.00    0.00    0.00    0.00    0.00     2      0.00      0.00       0       0   0.00      1.00      0.00  migration/2
18:29:59        0        37    0.00    0.00    0.00    0.00    0.00     3      0.00      0.00       0       0   0.00      1.00      0.00  migration/3
18:29:59        0        49    0.00    0.00    0.00    0.00    0.00     1      0.00      0.00       0       0   0.00      6.00      0.00  kworker/u16:2-events_power_efficient
18:29:59        0        52    0.00    0.00    0.00    0.00    0.00     1      0.00      0.00       0       0   0.00      2.00      0.00  kcompactd0
18:29:59        0       193    0.00    0.00    0.00    0.00    0.00     3      0.00      0.00       0       0   0.00      3.00      0.00  kworker/3:2-events
18:29:59        0       211    0.00    0.00    0.00    0.00    0.00     2      0.00      0.00       0       0   0.00      2.00      0.00  kworker/2:3-events
18:29:59        0       241    0.00    0.00    0.00    0.00    0.00     1      0.00      0.00  288968   27108   0.34      1.00      0.00  multipathd
18:29:59        0       382    0.00    0.00    0.00    0.00    0.00     1      0.00      0.00       0       0   0.00      6.00      0.00  kworker/1:3-events
18:29:59        0       592    0.00    0.00    0.00    0.00    0.00     3      0.00      0.00   83064    4716   0.06      1.00      0.00  irqbalance
18:29:59     1000      1462    0.00    0.00    0.00    0.00    0.00     1      0.00      0.00   32140   21876   0.28      3.00      0.00  python3
18:29:59     1000      1466    0.00    0.00    0.00    0.00    0.00     1      0.00      0.00    9900    3356   0.04      1.00      0.00  vmstat
18:29:59     1000      1467    0.00    0.00    0.00    0.00    0.00     1      4.00      0.00    7712    3696   0.05      1.00      0.00  pidstat
18:29:59     1000      1487   93.00    6.00    0.00    0.00   99.00     0     59.00      0.00   48528   41224   0.52      2.00      5.00  /home/ubuntu/pa
18:29:59     1000      1496    2.00    2.00    0.00    0.00    4.00     3   3004.00      0.00 1750456   16548   0.21      4.00      4.00  hey

# Time        UID       PID    %usr %system  %guest   %wait    %CPU   CPU  minflt/s  majflt/s     VSZ     RSS   %MEM   cswch/s nvcswch/s  Command
18:30:00        0         9    0.00    0.00    0.00    0.00    0.00     0      0.00      0.00       0       0   0.00      2.00      0.00  kworker/0:0-events
18:30:00        0        47    0.00    0.00    0.00    0.00    0.00     1      0.00      0.00       0       0   0.00      3.00      0.00  kworker/u16:1-events_power_efficient
18:30:00        0        49    0.00    0.00    0.00    0.00    0.00     1      0.00      0.00       0       0   0.00      7.00      0.00  kworker/u16:2-events_power_efficient
18:30:00        0        52    0.00    0.00    0.00    0.00    0.00     3      0.00      0.00       0       0   0.00      2.00      0.00  kcompactd0
18:30:00        0       193    0.00    0.00    0.00    0.00    0.00     3      0.00      0.00       0       0   0.00      1.00      0.00  kworker/3:2-mm_percpu_wq
18:30:00        0       211    0.00    0.00    0.00    0.00    0.00     2      0.00      0.00       0       0   0.00      1.00      0.00  kworker/2:3-mm_percpu_wq
18:30:00        0       241    0.00    0.00    0.00    0.00    0.00     1      0.00      0.00  288968   27108   0.34      1.00      0.00  multipathd
18:30:00        0       382    0.00    0.00    0.00    0.00    0.00     1      0.00      0.00       0       0   0.00      5.00      0.00  kworker/1:3-events
18:30:00     1000      1466    0.00    0.00    0.00    0.00    0.00     1      0.00      0.00    9900    3356   0.04      1.00      0.00  vmstat
18:30:00     1000      1467    0.00    1.00    0.00    0.00    1.00     1      0.00      0.00    7712    3696   0.05      1.00      0.00  pidstat
18:30:00     1000      1487   93.00    7.00    0.00    0.00  100.00     0      0.00      0.00   48528   41224   0.52      0.00      2.00  /home/ubuntu/pa
18:30:00     1000      1496   16.00   16.00    0.00    0.00   32.00     3   8960.00      0.00 1817276   48804   0.62      0.00      0.00  hey

# Time        UID       PID    %usr %system  %guest   %wait    %CPU   CPU  minflt/s  majflt/s     VSZ     RSS   %MEM   cswch/s nvcswch/s  Command
18:30:01        0         9    0.00    0.00    0.00    0.00    0.00     0      0.00      0.00       0       0   0.00      4.00      0.00  kworker/0:0-events
18:30:01        0        16    0.00    0.00    0.00    0.00    0.00     3      0.00      0.00       0       0   0.00     20.00      0.00  rcu_sched
18:30:01        0        32    0.00    0.00    0.00    0.00    0.00     2      0.00      0.00       0       0   0.00      1.00      0.00  ksoftirqd/2
18:30:01        0        47    0.00    0.00    0.00    0.00    0.00     1      0.00      0.00       0       0   0.00      4.00      0.00  kworker/u16:1-events_power_efficient
18:30:01        0        49    0.00    0.00    0.00    0.00    0.00     3      0.00      0.00       0       0   0.00      3.00      0.00  kworker/u16:2-events_power_efficient
18:30:01        0        52    0.00    0.00    0.00    0.00    0.00     3      0.00      0.00       0       0   0.00      2.00      0.00  kcompactd0
18:30:01        0       193    0.00    0.00    0.00    0.00    0.00     3      0.00      0.00       0       0   0.00      5.00      0.00  kworker/3:2-events
18:30:01        0       211    0.00    0.00    0.00    0.00    0.00     2      0.00      0.00       0       0   0.00      5.00      0.00  kworker/2:3-events
18:30:01        0       241    0.00    0.00    0.00    0.00    0.00     1      0.00      0.00  288968   27108   0.34      1.00      0.00  multipathd
18:30:01        0       382    0.00    0.00    0.00    0.00    0.00     1      0.00      0.00       0       0   0.00      3.00      0.00  kworker/1:3-events
18:30:01     1000      1462    0.00    0.00    0.00    0.00    0.00     1      0.00      0.00   32140   21876   0.28      3.00      0.00  python3
18:30:01     1000      1466    0.00    0.00    0.00    0.00    0.00     1      0.00      0.00    9900    3356   0.04      1.00      0.00  vmstat
18:30:01     1000      1467    0.00    0.00    0.00    0.00    0.00     1      0.00      0.00    7712    3696   0.05      1.00      0.00  pidstat

# Time        UID       PID    %usr %system  %guest   %wait    %CPU   CPU  minflt/s  majflt/s     VSZ     RSS   %MEM   cswch/s nvcswch/s  Command
18:30:02        0         9    0.00    0.00    0.00    0.00    0.00     0      0.00      0.00       0       0   0.00      2.00      0.00  kworker/0:0-events
18:30:02        0        16    0.00    0.00    0.00    0.00    0.00     1      0.00      0.00       0       0   0.00     30.00      0.00  rcu_sched
18:30:02        0        25    0.00    0.00    0.00    0.00    0.00     1      0.00      0.00       0       0   0.00      2.00      0.00  migration/1
18:30:02        0        49    0.00    0.00    0.00    0.00    0.00     3      0.00      0.00       0       0   0.00      6.00      0.00  kworker/u16:2-flush-259:0
18:30:02        0        52    0.00    0.00    0.00    0.00    0.00     1      0.00      0.00       0       0   0.00      2.00      0.00  kcompactd0
18:30:02        0       193    0.00    0.00    0.00    0.00    0.00     3      0.00      0.00       0       0   0.00      6.00      0.00  kworker/3:2-events
18:30:02        0       211    0.00    0.00    0.00    0.00    0.00     2      0.00      0.00       0       0   0.00      1.00      0.00  kworker/2:3-mm_percpu_wq
18:30:02        0       241    0.00    0.00    0.00    0.00    0.00     1      0.00      0.00  288968   27108   0.34      1.00      0.00  multipathd
18:30:02        0       382    0.00    0.00    0.00    0.00    0.00     1      0.00      0.00       0       0   0.00      1.00      0.00  kworker/1:3-mm_percpu_wq
18:30:02        0       585    0.00    0.00    0.00    0.00    0.00     2      0.00      0.00    7236    2824   0.04      1.00      0.00  cron
18:30:02     1000      1442    0.00    0.00    0.00    0.00    0.00     1      4.00      0.00   15008    7192   0.09      1.00      0.00  sshd
18:30:02     1000      1462    1.00    0.00    0.00    0.00    1.00     1      0.00      0.00   32140   21876   0.28      8.00      0.00  python3
18:30:02     1000      1466    0.00    0.00    0.00    0.00    0.00     1      0.00      0.00    9900    3356   0.04      1.00      0.00  vmstat
18:30:02     1000      1467    0.00    1.00    0.00    0.00    1.00     1      0.00      0.00    7712    3696   0.05      1.00      0.00  pidstat
18:30:02     1000      1504    0.00    0.00    0.00    0.00    0.00     0    144.00      0.00    2704    1460   0.02      1.00      1.00  time
18:30:02     1000      1505   67.00    4.00    0.00    0.00   71.00     0   7953.00      0.00   48260   41000   0.52      5.00      1.00  /home/ubuntu/pa
18:30:02     1000      1506   10.00    9.00    0.00    0.00   19.00     2   8088.00      0.00 1743160   35212   0.44      4.00      4.00  hey

# Time        UID       PID    %usr %system  %guest   %wait    %CPU   CPU  minflt/s  majflt/s     VSZ     RSS   %MEM   cswch/s nvcswch/s  Command
18:30:03        0         9    0.00    0.00    0.00    0.00    0.00     0      0.00      0.00       0       0   0.00      3.00      0.00  kworker/0:0-events
18:30:03        0        16    0.00    0.00    0.00    0.00    0.00     1      0.00      0.00       0       0   0.00     12.00      0.00  rcu_sched
18:30:03        0        19    0.00    0.00    0.00    0.00    0.00     0      0.00      0.00       0       0   0.00      1.00      0.00  migration/0
18:30:03        0        25    0.00    0.00    0.00    0.00    0.00     1      0.00      0.00       0       0   0.00      2.00      0.00  migration/1
18:30:03        0        31    0.00    0.00    0.00    0.00    0.00     2      0.00      0.00       0       0   0.00      1.00      0.00  migration/2
18:30:03        0        37    0.00    0.00    0.00    0.00    0.00     3      0.00      0.00       0       0   0.00      1.00      0.00  migration/3
18:30:03        0        49    0.00    0.00    0.00    0.00    0.00     1      0.00      0.00       0       0   0.00      6.00      0.00  kworker/u16:2-events_power_efficient
18:30:03        0        52    0.00    0.00    0.00    0.00    0.00     1      0.00      0.00       0       0   0.00      1.00      0.00  kcompactd0
18:30:03        0       193    0.00    0.00    0.00    0.00    0.00     3      0.00      0.00       0       0   0.00      4.00      0.00  kworker/3:2-events
18:30:03        0       211    0.00    0.00    0.00    0.00    0.00     2      0.00      0.00       0       0   0.00      5.00      0.00  kworker/2:3-events
18:30:03        0       241    0.00    0.00    0.00    0.00    0.00     1      0.00      0.00  288968   27108   0.34      1.00      0.00  multipathd
18:30:03        0       382    0.00    0.00    0.00    0.00    0.00     1      0.00      0.00       0       0   0.00      5.00      0.00  kworker/1:3-events
18:30:03     1000      1462    0.00    0.00    0.00    0.00    0.00     1      0.00      0.00   32140   21876   0.28      3.00      0.00  python3
18:30:03     1000      1466    0.00    0.00    0.00    0.00    0.00     1      0.00      0.00    9900    3356   0.04      1.00      0.00  vmstat
18:30:03     1000      1467    1.00    0.00    0.00    0.00    1.00     1      0.00      0.00    7712    3696   0.05      1.00      0.00  pidstat
18:30:03     1000      1505   93.00    6.00    0.00    0.00   99.00     0     59.00      0.00   48524   41256   0.52      2.00      4.00  /home/ubuntu/pa
18:30:03     1000      1514    8.00    9.00    0.00    0.00   17.00     3   8077.00      0.00 1816892   34980   0.44      3.00      2.00  hey

# Time        UID       PID    %usr %system  %guest   %wait    %CPU   CPU  minflt/s  majflt/s     VSZ     RSS   %MEM   cswch/s nvcswch/s  Command
18:30:04        0         9    0.00    0.00    0.00    0.00    0.00     0      0.00      0.00       0       0   0.00      1.00      0.00  kworker/0:0-events
18:30:04        0        16    0.00    0.00    0.00    0.00    0.00     1      0.00      0.00       0       0   0.00      2.00      0.00  rcu_sched
18:30:04        0        49    0.00    0.00    0.00    0.00    0.00     1      0.00      0.00       0       0   0.00      5.00      0.00  kworker/u16:2-events_power_efficient
18:30:04        0        52    0.00    0.00    0.00    0.00    0.00     1      0.00      0.00       0       0   0.00      2.00      0.00  kcompactd0
18:30:04        0       193    0.00    0.00    0.00    0.00    0.00     3      0.00      0.00       0       0   0.00      2.00      0.00  kworker/3:2-events
18:30:04        0       211    0.00    0.00    0.00    0.00    0.00     2      0.00      0.00       0       0   0.00      2.00      0.00  kworker/2:3-mm_percpu_wq
18:30:04        0       241    0.00    0.00    0.00    0.00    0.00     1      0.00      0.00  288968   27108   0.34      1.00      0.00  multipathd
18:30:04        0       382    0.00    0.00    0.00    0.00    0.00     1      0.00      0.00       0       0   0.00      5.00      0.00  kworker/1:3-events
18:30:04      110       688    0.00    0.00    0.00    0.00    0.00     2      0.00      0.00   19416    3688   0.05      2.00      0.00  chronyd
18:30:04        0       808    0.00    0.00    0.00    0.00    0.00     3      0.00      0.00       0       0   0.00      1.00      0.00  kworker/3:1H-kblockd
18:30:04     1000      1466    0.00    0.00    0.00    0.00    0.00     1      0.00      0.00    9900    3356   0.04      1.00      0.00  vmstat
18:30:04     1000      1467    0.00    1.00    0.00    0.00    1.00     1      0.00      0.00    7712    3696   0.05      1.00      0.00  pidstat
18:30:04     1000      1505   93.00    7.00    0.00    0.00  100.00     0      0.00      0.00   48524   41256   0.52      0.00      1.00  /home/ubuntu/pa
18:30:04     1000      1514   20.00   16.00    0.00    0.00   36.00     3   3912.00      0.00 1817404   49060   0.62      0.00      0.00  hey

# Time        UID       PID    %usr %system  %guest   %wait    %CPU   CPU  minflt/s  majflt/s     VSZ     RSS   %MEM   cswch/s nvcswch/s  Command
18:30:05        0         9    0.00    0.00    0.00    0.00    0.00     0      0.00      0.00       0       0   0.00      3.00      0.00  kworker/0:0-events
18:30:05        0        16    0.00    0.00    0.00    0.00    0.00     1      0.00      0.00       0       0   0.00     52.00      0.00  rcu_sched
18:30:05        0        25    0.00    0.00    0.00    0.00    0.00     1      0.00      0.00       0       0   0.00      1.00      0.00  migration/1
18:30:05        0        26    0.00    0.00    0.00    0.00    0.00     1      0.00      0.00       0       0   0.00      2.00      0.00  ksoftirqd/1
18:30:05        0        32    0.00    0.00    0.00    0.00    0.00     2      0.00      0.00       0       0   0.00      1.00      0.00  ksoftirqd/2
18:30:05        0        47    0.00    0.00    0.00    0.00    0.00     3      0.00      0.00       0       0   0.00      4.00      0.00  kworker/u16:1-events_power_efficient
18:30:05        0        49    0.00    0.00    0.00    0.00    0.00     1      0.00      0.00       0       0   0.00      4.00      0.00  kworker/u16:2-flush-259:0
18:30:05        0        52    0.00    0.00    0.00    0.00    0.00     1      0.00      0.00       0       0   0.00      2.00      0.00  kcompactd0
18:30:05        0       193    0.00    0.00    0.00    0.00    0.00     3      0.00      0.00       0       0   0.00      6.00      0.00  kworker/3:2-events
18:30:05        0       211    0.00    0.00    0.00    0.00    0.00     2      0.00      0.00       0       0   0.00      3.00      0.00  kworker/2:3-events
18:30:05        0       241    0.00    0.00    0.00    0.00    0.00     1      0.00      0.00  288968   27108   0.34      2.00      0.00  multipathd
18:30:05        0       382    0.00    0.00    0.00    0.00    0.00     1      0.00      0.00       0       0   0.00      4.00      0.00  kworker/1:3-events
18:30:05     1000      1462    0.00    0.00    0.00    0.00    0.00     1      0.00      0.00   32140   21876   0.28      6.00      0.00  python3
18:30:05     1000      1466    0.00    0.00    0.00    0.00    0.00     1      0.00      0.00    9900    3356   0.04      1.00      0.00  vmstat
18:30:05     1000      1467    0.00    0.00    0.00    0.00    0.00     1      0.00      0.00    7712    3696   0.05      1.00      0.00  pidstat
18:30:05     1000      1522    0.00    0.00    0.00    0.00    0.00     0    144.00      0.00    2704    1464   0.02      2.00      1.00  time
18:30:05     1000      1523   11.00    2.00    0.00    0.00   13.00     0   7600.00      0.00   46788   39636   0.50      1.00      0.00  /home/ubuntu/pe

# Time        UID       PID    %usr %system  %guest   %wait    %CPU   CPU  minflt/s  majflt/s     VSZ     RSS   %MEM   cswch/s nvcswch/s  Command
18:30:06        0         9    0.00    0.00    0.00    0.00    0.00     0      0.00      0.00       0       0   0.00      1.00      0.00  kworker/0:0-events
18:30:06        0        16    0.00    0.00    0.00    0.00    0.00     1      0.00      0.00       0       0   0.00      7.00      0.00  rcu_sched
18:30:06        0        25    0.00    0.00    0.00    0.00    0.00     1      0.00      0.00       0       0   0.00      1.00      0.00  migration/1
18:30:06        0        26    0.00    0.00    0.00    0.00    0.00     1      0.00      0.00       0       0   0.00      2.00      0.00  ksoftirqd/1
18:30:06        0        47    0.00    0.00    0.00    0.00    0.00     1      0.00      0.00       0       0   0.00      1.00      0.00  kworker/u16:1-events_power_efficient
18:30:06        0        49    0.00    0.00    0.00    0.00    0.00     1      0.00      0.00       0       0   0.00      6.00      0.00  kworker/u16:2-events_power_efficient
18:30:06        0        52    0.00    0.00    0.00    0.00    0.00     1      0.00      0.00       0       0   0.00      2.00      0.00  kcompactd0
18:30:06        0       193    0.00    0.00    0.00    0.00    0.00     3      0.00      0.00       0       0   0.00      1.00      0.00  kworker/3:2-mm_percpu_wq
18:30:06        0       211    0.00    0.00    0.00    0.00    0.00     2      0.00      0.00       0       0   0.00      3.00      0.00  kworker/2:3-events
18:30:06        0       241    0.00    0.00    0.00    0.00    0.00     1      0.00      0.00  288968   27108   0.34      1.00      0.00  multipathd
18:30:06        0       382    0.00    0.00    0.00    0.00    0.00     1      0.00      0.00       0       0   0.00      5.00      0.00  kworker/1:3-events
18:30:06     1000      1462    0.00    0.00    0.00    0.00    0.00     1      0.00      0.00   32140   21876   0.28      7.00      0.00  python3
18:30:06     1000      1466    0.00    0.00    0.00    0.00    0.00     1      0.00      0.00    9900    3356   0.04      1.00      0.00  vmstat
18:30:06     1000      1467    0.00    1.00    0.00    0.00    1.00     1      0.00      0.00    7712    3696   0.05      1.00      0.00  pidstat
18:30:06     1000      1523   90.00    8.00    0.00    0.00   98.00     0     63.00      0.00   47052   39892   0.50      6.00      1.00  /home/ubuntu/pe
18:30:06     1000      1524   18.00   17.00    0.00    0.00   35.00     2  11783.00      1.00 1817276   48632   0.61      3.00      2.00  hey

# Time        UID       PID    %usr %system  %guest   %wait    %CPU   CPU  minflt/s  majflt/s     VSZ     RSS   %MEM   cswch/s nvcswch/s  Command
18:30:07        0         9    0.00    0.00    0.00    0.00    0.00     0      0.00      0.00       0       0   0.00      3.00      0.00  kworker/0:0-events
18:30:07        0        16    0.00    0.00    0.00    0.00    0.00     1      0.00      0.00       0       0   0.00      9.00      0.00  rcu_sched
18:30:07        0        19    0.00    0.00    0.00    0.00    0.00     0      0.00      0.00       0       0   0.00      1.00      0.00  migration/0
18:30:07        0        25    0.00    0.00    0.00    0.00    0.00     1      0.00      0.00       0       0   0.00      2.00      0.00  migration/1
18:30:07        0        31    0.00    0.00    0.00    0.00    0.00     2      0.00      0.00       0       0   0.00      1.00      0.00  migration/2
18:30:07        0        37    0.00    0.00    0.00    0.00    0.00     3      0.00      0.00       0       0   0.00      1.00      0.00  migration/3
18:30:07        0        49    0.00    0.00    0.00    0.00    0.00     2      0.00      0.00       0       0   0.00      6.00      0.00  kworker/u16:2-events_power_efficient
18:30:07        0        52    0.00    0.00    0.00    0.00    0.00     1      0.00      0.00       0       0   0.00      2.00      0.00  kcompactd0
18:30:07        0       193    0.00    0.00    0.00    0.00    0.00     3      0.00      0.00       0       0   0.00      2.00      0.00  kworker/3:2-events
18:30:07        0       211    0.00    0.00    0.00    0.00    0.00     2      0.00      0.00       0       0   0.00      4.00      0.00  kworker/2:3-events
18:30:07        0       241    0.00    0.00    0.00    0.00    0.00     1      0.00      0.00  288968   27108   0.34      1.00      0.00  multipathd
18:30:07        0       382    0.00    0.00    0.00    0.00    0.00     1      0.00      0.00       0       0   0.00      6.00      0.00  kworker/1:3-events
18:30:07     1000      1462    0.00    0.00    0.00    0.00    0.00     1      0.00      0.00   32140   21876   0.28      3.00      0.00  python3
18:30:07     1000      1466    0.00    0.00    0.00    0.00    0.00     1      0.00      0.00    9900    3356   0.04      1.00      0.00  vmstat
18:30:07     1000      1467    0.00    0.00    0.00    0.00    0.00     1      0.00      0.00    7712    3696   0.05      1.00      0.00  pidstat
18:30:07     1000      1523   93.00    5.00    0.00    0.00   98.00     0     52.00      0.00   47184   40148   0.51      2.00      4.00  /home/ubuntu/pe
18:30:07     1000      1532   18.00   16.00    0.00    0.00   34.00     3  11760.00      0.00 1817276   48428   0.61      3.00      4.00  hey

# Time        UID       PID    %usr %system  %guest   %wait    %CPU   CPU  minflt/s  majflt/s     VSZ     RSS   %MEM   cswch/s nvcswch/s  Command
18:30:08        0         9    0.00    0.00    0.00    0.00    0.00     0      0.00      0.00       0       0   0.00      1.00      0.00  kworker/0:0-events
18:30:08        0        49    0.00    0.00    0.00    0.00    0.00     1      0.00      0.00       0       0   0.00      6.00      0.00  kworker/u16:2-events_power_efficient
18:30:08        0        52    0.00    0.00    0.00    0.00    0.00     1      0.00      0.00       0       0   0.00      2.00      0.00  kcompactd0
18:30:08        0       193    0.00    0.00    0.00    0.00    0.00     3      0.00      0.00       0       0   0.00      1.00      0.00  kworker/3:2-mm_percpu_wq
18:30:08        0       211    0.00    0.00    0.00    0.00    0.00     2      0.00      0.00       0       0   0.00      3.00      0.00  kworker/2:3-events
18:30:08        0       241    0.00    0.00    0.00    0.00    0.00     1      0.00      0.00  288968   27108   0.34      1.00      0.00  multipathd
18:30:08        0       382    0.00    0.00    0.00    0.00    0.00     1      0.00      0.00       0       0   0.00      5.00      0.00  kworker/1:3-events
18:30:08     1000      1466    0.00    0.00    0.00    0.00    0.00     1      0.00      0.00    9900    3356   0.04      1.00      0.00  vmstat
18:30:08     1000      1467    0.00    1.00    0.00    0.00    1.00     1      0.00      0.00    7712    3696   0.05      1.00      0.00  pidstat
18:30:08     1000      1523   92.00    8.00    0.00    0.00  100.00     0      0.00      0.00   47184   40148   0.51      0.00      1.00  /home/ubuntu/pe
18:30:08     1000      1532   19.00   15.00    0.00    0.00   34.00     3   2892.00      0.00 1817724   58924   0.74      0.00      0.00  hey

# Time        UID       PID    %usr %system  %guest   %wait    %CPU   CPU  minflt/s  majflt/s     VSZ     RSS   %MEM   cswch/s nvcswch/s  Command
18:30:09        0         9    0.00    0.00    0.00    0.00    0.00     0      0.00      0.00       0       0   0.00      4.00      0.00  kworker/0:0-events
18:30:09        0        16    0.00    0.00    0.00    0.00    0.00     1      0.00      0.00       0       0   0.00     52.00      0.00  rcu_sched
18:30:09        0        25    0.00    0.00    0.00    0.00    0.00     1      0.00      0.00       0       0   0.00      2.00      0.00  migration/1
18:30:09        0        32    0.00    0.00    0.00    0.00    0.00     2      0.00      0.00       0       0   0.00      1.00      0.00  ksoftirqd/2
18:30:09        0        49    0.00    0.00    0.00    0.00    0.00     2      0.00      0.00       0       0   0.00      8.00      0.00  kworker/u16:2-events_power_efficient
18:30:09        0        52    0.00    0.00    0.00    0.00    0.00     1      0.00      0.00       0       0   0.00      2.00      0.00  kcompactd0
18:30:09        0       193    0.00    0.00    0.00    0.00    0.00     3      0.00      0.00       0       0   0.00      3.00      0.00  kworker/3:2-mm_percpu_wq
18:30:09        0       211    0.00    0.00    0.00    0.00    0.00     2      0.00      0.00       0       0   0.00      4.00      0.00  kworker/2:3-events
18:30:09        0       241    0.00    0.00    0.00    0.00    0.00     1      0.00      0.00  288968   27108   0.34      1.00      0.00  multipathd
18:30:09        0       382    0.00    0.00    0.00    0.00    0.00     1      0.00      0.00       0       0   0.00      5.00      0.00  kworker/1:3-events
18:30:09        0       592    0.00    0.00    0.00    0.00    0.00     0      0.00      0.00   83064    4716   0.06      1.00      0.00  irqbalance
18:30:09     1000      1462    1.00    0.00    0.00    0.00    1.00     1      1.00      0.00   32140   21876   0.28     13.00      0.00  python3
18:30:09     1000      1466    0.00    0.00    0.00    0.00    0.00     1      0.00      0.00    9900    3356   0.04      1.00      0.00  vmstat
18:30:09     1000      1467    0.00    0.00    0.00    0.00    0.00     1      0.00      0.00    7712    3696   0.05      1.00      0.00  pidstat
18:30:09     1000      1540    0.00    0.00    0.00    0.00    0.00     0    144.00      0.00    2704    1464   0.02      1.00      1.00  time
18:30:09     1000      1541   47.00    4.00    0.00    0.00   51.00     0   7970.00      0.00   48368   41032   0.52      7.00      1.00  /home/ubuntu/pa
18:30:09     1000      1542    4.00    5.00    0.00    0.00    9.00     2   5454.00      0.00 1742648   25400   0.32      3.00      4.00  hey

# Time        UID       PID    %usr %system  %guest   %wait    %CPU   CPU  minflt/s  majflt/s     VSZ     RSS   %MEM   cswch/s nvcswch/s  Command
18:30:10        0         9    0.00    0.00    0.00    0.00    0.00     0      0.00      0.00       0       0   0.00      2.00      0.00  kworker/0:0-events
18:30:10        0        16    0.00    0.00    0.00    0.00    0.00     1      0.00      0.00       0       0   0.00     13.00      0.00  rcu_sched
18:30:10        0        25    0.00    0.00    0.00    0.00    0.00     1      0.00      0.00       0       0   0.00      1.00      0.00  migration/1
18:30:10        0        26    0.00    0.00    0.00    0.00    0.00     1      0.00      0.00       0       0   0.00      1.00      0.00  ksoftirqd/1
18:30:10        0        38    0.00    0.00    0.00    0.00    0.00     3      0.00      0.00       0       0   0.00      1.00      0.00  ksoftirqd/3
18:30:10        0        46    0.00    0.00    0.00    0.00    0.00     2      0.00      0.00       0       0   0.00      1.00      0.00  khungtaskd
18:30:10        0        47    0.00    0.00    0.00    0.00    0.00     0      0.00      0.00       0       0   0.00      1.00      0.00  kworker/u16:1-events_power_efficient
18:30:10        0        49    0.00    0.00    0.00    0.00    0.00     1      0.00      0.00       0       0   0.00      7.00      0.00  kworker/u16:2-events_power_efficient
18:30:10        0        52    0.00    0.00    0.00    0.00    0.00     1      0.00      0.00       0       0   0.00      2.00      0.00  kcompactd0
18:30:10        0       193    0.00    0.00    0.00    0.00    0.00     3      0.00      0.00       0       0   0.00      2.00      0.00  kworker/3:2-events
18:30:10        0       211    0.00    0.00    0.00    0.00    0.00     2      0.00      0.00       0       0   0.00      1.00      0.00  kworker/2:3-mm_percpu_wq
18:30:10        0       241    0.00    0.00    0.00    0.00    0.00     1      0.00      0.00  288968   27108   0.34      1.00      0.00  multipathd
18:30:10        0       382    0.00    0.00    0.00    0.00    0.00     1      0.00      0.00       0       0   0.00      6.00      0.00  kworker/1:3-events
18:30:10     1000      1462    0.00    0.00    0.00    0.00    0.00     1      0.00      0.00   32140   21876   0.28      3.00      0.00  python3
18:30:10     1000      1466    0.00    0.00    0.00    0.00    0.00     1      0.00      0.00    9900    3356   0.04      1.00      0.00  vmstat
18:30:10     1000      1467    0.00    1.00    0.00    0.00    1.00     1      0.00      0.00    7712    3696   0.05      1.00      0.00  pidstat
18:30:10     1000      1541   92.00    6.00    0.00    0.00   98.00     0     77.00      0.00   48632   41416   0.52      2.00      2.00  /home/ubuntu/pa
18:30:10     1000      1549    4.00    5.00    0.00    0.00    9.00     3   5355.00      0.00 1742648   25184   0.32      3.00      2.00  hey

# Time        UID       PID    %usr %system  %guest   %wait    %CPU   CPU  minflt/s  majflt/s     VSZ     RSS   %MEM   cswch/s nvcswch/s  Command
18:30:11        0         9    0.00    0.00    0.00    0.00    0.00     0      0.00      0.00       0       0   0.00      5.00      0.00  kworker/0:0-events
18:30:11        0        19    0.00    0.00    0.00    0.00    0.00     0      0.00      0.00       0       0   0.00      1.00      0.00  migration/0
18:30:11        0        25    0.00    0.00    0.00    0.00    0.00     1      0.00      0.00       0       0   0.00      1.00      0.00  migration/1
18:30:11        0        26    0.00    0.00    0.00    0.00    0.00     1      0.00      0.00       0       0   0.00      1.00      0.00  ksoftirqd/1
18:30:11        0        31    0.00    0.00    0.00    0.00    0.00     2      0.00      0.00       0       0   0.00      1.00      0.00  migration/2
18:30:11        0        37    0.00    0.00    0.00    0.00    0.00     3      0.00      0.00       0       0   0.00      1.00      0.00  migration/3
18:30:11        0        47    0.00    0.00    0.00    0.00    0.00     1      0.00      0.00       0       0   0.00      7.00      0.00  kworker/u16:1-events_power_efficient
18:30:11        0        49    0.00    0.00    0.00    0.00    0.00     2      0.00      0.00       0       0   0.00      1.00      0.00  kworker/u16:2-events_power_efficient
18:30:11        0        52    0.00    0.00    0.00    0.00    0.00     1      0.00      0.00       0       0   0.00      2.00      0.00  kcompactd0
18:30:11        0       193    0.00    0.00    0.00    0.00    0.00     3      0.00      0.00       0       0   0.00      4.00      0.00  kworker/3:2-events
18:30:11        0       211    0.00    0.00    0.00    0.00    0.00     2      0.00      0.00       0       0   0.00      1.00      0.00  kworker/2:3-mm_percpu_wq
18:30:11        0       241    0.00    0.00    0.00    0.00    0.00     1      0.00      0.00  288968   27108   0.34      1.00      0.00  multipathd
18:30:11        0       382    0.00    0.00    0.00    0.00    0.00     1      0.00      0.00       0       0   0.00      4.00      0.00  kworker/1:3-events
18:30:11     1000      1466    0.00    0.00    0.00    0.00    0.00     1      0.00      0.00    9900    3356   0.04      1.00      0.00  vmstat
18:30:11     1000      1467    1.00    0.00    0.00    0.00    1.00     1      0.00      0.00    7712    3696   0.05      1.00      0.00  pidstat
18:30:11     1000      1541   94.00    7.00    0.00    0.00  101.00     0      0.00      0.00   48632   41416   0.52      0.00      6.00  /home/ubuntu/pa
18:30:11     1000      1549   15.00   16.00    0.00    0.00   31.00     3   6530.00      0.00 1743608   48992   0.62      0.00      0.00  hey

# Time        UID       PID    %usr %system  %guest   %wait    %CPU   CPU  minflt/s  majflt/s     VSZ     RSS   %MEM   cswch/s nvcswch/s  Command
18:30:12        0         1    0.00    0.00    0.00    0.00    0.00     2    127.00      0.00   22200   13180   0.17      6.00      2.00  systemd
18:30:12        0         9    0.00    0.00    0.00    0.00    0.00     0      0.00      0.00       0       0   0.00      6.00      0.00  kworker/0:0-events
18:30:12        0        16    0.00    0.00    0.00    0.00    0.00     1      0.00      0.00       0       0   0.00     34.00      0.00  rcu_sched
18:30:12        0        25    0.00    0.00    0.00    0.00    0.00     1      0.00      0.00       0       0   0.00      1.00      0.00  migration/1
18:30:12        0        32    0.00    0.00    0.00    0.00    0.00     2      0.00      0.00       0       0   0.00      2.00      0.00  ksoftirqd/2
18:30:12        0        47    0.00    0.00    0.00    0.00    0.00     3      0.00      0.00       0       0   0.00     11.00      0.00  kworker/u16:1-events_power_efficient
18:30:12        0        49    0.00    0.00    0.00    0.00    0.00     2      0.00      0.00       0       0   0.00      5.00      0.00  kworker/u16:2-writeback
18:30:12        0        52    0.00    0.00    0.00    0.00    0.00     1      0.00      0.00       0       0   0.00      2.00      0.00  kcompactd0
18:30:12        0        58    0.00    0.00    0.00    0.00    0.00     2      0.00      0.00       0       0   0.00      1.00      0.00  kworker/2:1-cgroup_free
18:30:12        0       177    0.00    0.00    0.00    0.00    0.00     1      9.00      0.00   50524   17480   0.22      6.00      0.00  systemd-journal
18:30:12        0       193    0.00    0.00    0.00    0.00    0.00     3      0.00      0.00       0       0   0.00      6.00      0.00  kworker/3:2-events
18:30:12        0       211    0.00    0.00    0.00    0.00    0.00     2      0.00      0.00       0       0   0.00     10.00      0.00  kworker/2:3-events
18:30:12        0       241    0.00    0.00    0.00    0.00    0.00     1      0.00      0.00  288968   27108   0.34      1.00      0.00  multipathd
18:30:12        0       382    0.00    0.00    0.00    0.00    0.00     1      0.00      0.00       0       0   0.00      9.00      0.00  kworker/1:3-cgwb_release
18:30:12      101       586    0.00    0.00    0.00    0.00    0.00     1      0.00      0.00    9792    5352   0.07      5.00      0.00  dbus-daemon
18:30:12        0       606    0.00    0.00    0.00    0.00    0.00     3      0.00      0.00   18180    8832   0.11      8.00      1.00  systemd-logind
18:30:12        0       808    0.00    0.00    0.00    0.00    0.00     3      0.00      0.00       0       0   0.00      1.00      0.00  kworker/3:1H-kblockd
18:30:12     1000      1442    0.00    0.00    0.00    0.00    0.00     1      0.00      0.00   15008    7192   0.09      1.00      0.00  sshd
18:30:12     1000      1462    0.00    0.00    0.00    0.00    0.00     1      0.00      0.00   32140   21876   0.28      3.00      0.00  python3
18:30:12     1000      1466    0.00    0.00    0.00    0.00    0.00     1      0.00      0.00    9900    3356   0.04      1.00      0.00  vmstat
18:30:12     1000      1467    0.00    1.00    0.00    0.00    1.00     1      0.00      0.00    7712    3696   0.05      1.00      0.00  pidstat

# Time        UID       PID    %usr %system  %guest   %wait    %CPU   CPU  minflt/s  majflt/s     VSZ     RSS   %MEM   cswch/s nvcswch/s  Command
18:30:13        0         9    0.00    0.00    0.00    1.00    0.00     0      0.00      0.00       0       0   0.00      4.00      0.00  kworker/0:0-events
18:30:13        0        16    0.00    0.00    0.00    0.00    0.00     1      0.00      0.00       0       0   0.00     35.00      0.00  rcu_sched
18:30:13        0        25    0.00    0.00    0.00    0.00    0.00     1      0.00      0.00       0       0   0.00      2.00      0.00  migration/1
18:30:13        0        26    0.00    0.00    0.00    0.00    0.00     1      0.00      0.00       0       0   0.00      1.00      0.00  ksoftirqd/1
18:30:13        0        47    0.00    0.00    0.00    0.00    0.00     1      0.00      0.00       0       0   0.00      9.00      0.00  kworker/u16:1-events_unbound
18:30:13        0        52    0.00    0.00    0.00    0.00    0.00     1      0.00      0.00       0       0   0.00      2.00      0.00  kcompactd0
18:30:13        0       193    0.00    0.00    0.00    0.00    0.00     3      0.00      0.00       0       0   0.00      6.00      0.00  kworker/3:2-events
18:30:13        0       211    0.00    0.00    0.00    0.00    0.00     2      0.00      0.00       0       0   0.00      1.00      0.00  kworker/2:3-mm_percpu_wq
18:30:13        0       241    0.00    0.00    0.00    0.00    0.00     1      0.00      0.00  288968   27108   0.34      1.00      0.00  multipathd
18:30:13        0       382    0.00    0.00    0.00    0.00    0.00     1      0.00      0.00       0       0   0.00      1.00      0.00  kworker/1:3-mm_percpu_wq
18:30:13     1000      1462    0.00    1.00    0.00    0.00    1.00     1      0.00      0.00   32140   21876   0.28     10.00      0.00  python3
18:30:13     1000      1466    0.00    0.00    0.00    0.00    0.00     1      0.00      0.00    9900    3356   0.04      1.00      0.00  vmstat
18:30:13     1000      1467    0.00    0.00    0.00    0.00    0.00     1      0.00      0.00    7712    3696   0.05      1.00      0.00  pidstat
18:30:13     1000      1558    0.00    0.00    0.00    0.00    0.00     0    143.00      0.00    2704    1460   0.02      1.00      1.00  time
18:30:13     1000      1559   84.00    6.00    0.00    0.00   90.00     0   7979.00      0.00   48264   41124   0.52      7.00      3.00  /home/ubuntu/pa
18:30:13     1000      1560   10.00   11.00    0.00    0.00   21.00     2  10131.00      0.00 1816956   42432   0.54      3.00      3.00  hey

# Time        UID       PID    %usr %system  %guest   %wait    %CPU   CPU  minflt/s  majflt/s     VSZ     RSS   %MEM   cswch/s nvcswch/s  Command
18:30:14        0         9    0.00    0.00    0.00    0.00    0.00     0      0.00      0.00       0       0   0.00      2.00      0.00  kworker/0:0-events
18:30:14        0        16    0.00    0.00    0.00    0.00    0.00     1      0.00      0.00       0       0   0.00     14.00      0.00  rcu_sched
18:30:14        0        25    0.00    0.00    0.00    0.00    0.00     1      0.00      0.00       0       0   0.00      1.00      0.00  migration/1
18:30:14        0        47    0.00    0.00    0.00    0.00    0.00     1      0.00      0.00       0       0   0.00      6.00      0.00  kworker/u16:1-events_power_efficient
18:30:14        0        49    0.00    0.00    0.00    0.00    0.00     2      0.00      0.00       0       0   0.00      1.00      0.00  kworker/u16:2-writeback
18:30:14        0        52    0.00    0.00    0.00    0.00    0.00     1      0.00      0.00       0       0   0.00      2.00      0.00  kcompactd0
18:30:14        0       193    0.00    0.00    0.00    0.00    0.00     3      0.00      0.00       0       0   0.00      4.00      0.00  kworker/3:2-events
18:30:14        0       211    0.00    0.00    0.00    0.00    0.00     2      0.00      0.00       0       0   0.00      2.00      0.00  kworker/2:3-events
18:30:14        0       241    0.00    0.00    0.00    0.00    0.00     1      0.00      0.00  288968   27108   0.34      1.00      0.00  multipathd
18:30:14        0       382    0.00    0.00    0.00    0.00    0.00     1      0.00      0.00       0       0   0.00      7.00      0.00  kworker/1:3-events
18:30:14     1000      1462    0.00    0.00    0.00    0.00    0.00     1      0.00      0.00   32140   21876   0.28      3.00      0.00  python3
18:30:14     1000      1466    0.00    0.00    0.00    0.00    0.00     1      0.00      0.00    9900    3356   0.04      1.00      0.00  vmstat
18:30:14     1000      1467    0.00    0.00    0.00    0.00    0.00     1      0.00      0.00    7712    3696   0.05      1.00      0.00  pidstat
18:30:14     1000      1559   93.00    5.00    0.00    0.00   98.00     0     75.00      0.00   48660   41380   0.52      2.00      2.00  /home/ubuntu/pa
18:30:14     1000      1568   12.00    8.00    0.00    0.00   20.00     3  10058.00      0.00 1743224   42216   0.53      3.00      4.00  hey

# Time        UID       PID    %usr %system  %guest   %wait    %CPU   CPU  minflt/s  majflt/s     VSZ     RSS   %MEM   cswch/s nvcswch/s  Command
18:30:15        0         1    0.00    0.00    0.00    0.00    0.00     3     78.00      0.00   22200   13180   0.17     26.00      0.00  systemd
18:30:15        0         9    0.00    0.00    0.00    0.00    0.00     0      0.00      0.00       0       0   0.00      4.00      0.00  kworker/0:0-events
18:30:15        0        16    0.00    0.00    0.00    0.00    0.00     1      0.00      0.00       0       0   0.00     42.00      0.00  rcu_sched
18:30:15        0        19    0.00    0.00    0.00    0.00    0.00     0      0.00      0.00       0       0   0.00      1.00      0.00  migration/0
18:30:15        0        25    0.00    0.00    0.00    0.00    0.00     1      0.00      0.00       0       0   0.00      2.00      0.00  migration/1
18:30:15        0        26    0.00    0.00    0.00    0.00    0.00     1      0.00      0.00       0       0   0.00      3.00      0.00  ksoftirqd/1
18:30:15        0        31    0.00    0.00    0.00    0.00    0.00     2      0.00      0.00       0       0   0.00      2.00      0.00  migration/2
18:30:15        0        32    0.00    0.00    0.00    0.00    0.00     2      0.00      0.00       0       0   0.00      4.00      0.00  ksoftirqd/2
18:30:15        0        37    0.00    0.00    0.00    0.00    0.00     3      0.00      0.00       0       0   0.00      1.00      0.00  migration/3
18:30:15        0        38    0.00    0.00    0.00    0.00    0.00     3      0.00      0.00       0       0   0.00      3.00      0.00  ksoftirqd/3
18:30:15        0        47    0.00    0.00    0.00    0.00    0.00     1      0.00      0.00       0       0   0.00      6.00      0.00  kworker/u16:1-events_unbound
18:30:15        0        49    0.00    0.00    0.00    0.00    0.00     2      0.00      0.00       0       0   0.00      2.00      0.00  kworker/u16:2-events_power_efficient
18:30:15        0        52    0.00    0.00    0.00    0.00    0.00     1      0.00      0.00       0       0   0.00      2.00      0.00  kcompactd0
18:30:15        0       177    0.00    0.00    0.00    0.00    0.00     1     12.00      0.00   50524   17480   0.22      5.00      1.00  systemd-journal
18:30:15        0       193    0.00    0.00    0.00    0.00    0.00     3      0.00      0.00       0       0   0.00      7.00      0.00  kworker/3:2-events
18:30:15        0       211    0.00    0.00    0.00    0.00    0.00     2      0.00      0.00       0       0   0.00      3.00      0.00  kworker/2:3-events
18:30:15        0       241    0.00    0.00    0.00    0.00    0.00     1      0.00      0.00  288968   27108   0.34      1.00      0.00  multipathd
18:30:15        0       244    0.00    0.00    0.00    0.00    0.00     1      0.00      0.00   29344    7892   0.10      1.00      0.00  systemd-udevd
18:30:15        0       382    0.00    0.00    0.00    0.00    0.00     1      0.00      0.00       0       0   0.00      9.00      0.00  kworker/1:3-events
18:30:15      991       391    0.00    0.00    0.00    0.00    0.00     2      0.00      0.00   21480   12656   0.16      1.00      0.00  systemd-resolve
18:30:15      998       541    0.00    0.00    0.00    0.00    0.00     2      0.00      0.00   22432    9968   0.13      1.00      0.00  systemd-network
18:30:15      101       586    0.00    0.00    0.00    0.00    0.00     1      0.00      0.00    9792    5352   0.07     13.00      2.00  dbus-daemon
18:30:15      989       595    0.00    0.00    0.00    0.00    0.00     3      0.00      0.00  383684    9496   0.12      7.00      0.00  polkitd
18:30:15        0       606    1.00    0.00    0.00    0.00    1.00     2      0.00      0.00   18180    8832   0.11      6.00      2.00  systemd-logind
18:30:15        0       608    0.00    1.00    0.00    0.00    1.00     3      0.00      0.00  468928   13536   0.17      8.00      0.00  udisksd
18:30:15        0       793    0.00    0.00    0.00    0.00    0.00     3      0.00      0.00  318164   12476   0.16      9.00      0.00  ModemManager
18:30:15        0       938    0.00    0.00    0.00    0.00    0.00     3     23.00      0.00   12032    8084   0.10      3.00      0.00  sshd
18:30:15     1000      1466    0.00    0.00    0.00    0.00    0.00     1      0.00      0.00    9900    3356   0.04      1.00      0.00  vmstat
18:30:15     1000      1467    0.00    1.00    0.00    0.00    1.00     1      0.00      0.00    7712    3696   0.05      1.00      0.00  pidstat
18:30:15     1000      1559   96.00    5.00    0.00    0.00  101.00     0      0.00      0.00   48660   41380   0.52      0.00      6.00  /home/ubuntu/pa
18:30:15     1000      1568   16.00   14.00    0.00    0.00   30.00     3   2079.00      0.00 1817404   49640   0.63      0.00      0.00  hey
18:30:15        0      1576    0.00    0.00    0.00    0.00    0.00     1    837.00      0.00   14716   10352   0.13     24.00      2.00  sshd
18:30:15        0      1592    0.00    0.00    0.00    0.00    0.00     1     66.00      0.00    2812    1744   0.02      2.00      1.00  sh
18:30:15        0      1593    0.00    0.00    0.00    0.00    0.00     2    216.00      0.00    2700    1772   0.02      9.00      0.00  run-parts

# Time        UID       PID    %usr %system  %guest   %wait    %CPU   CPU  minflt/s  majflt/s     VSZ     RSS   %MEM   cswch/s nvcswch/s  Command
18:30:16        0         1    0.00    1.00    0.00    0.00    1.00     1      0.00      0.00   22200   13180   0.17     24.00      4.00  systemd
18:30:16        0         9    0.00    0.00    0.00    0.00    0.00     0      0.00      0.00       0       0   0.00      6.00      0.00  kworker/0:0-events
18:30:16        0        16    0.00    0.00    0.00    0.00    0.00     1      0.00      0.00       0       0   0.00     98.00      0.00  rcu_sched
18:30:16        0        25    0.00    0.00    0.00    0.00    0.00     1      0.00      0.00       0       0   0.00      2.00      0.00  migration/1
18:30:16        0        26    0.00    0.00    0.00    0.00    0.00     1      0.00      0.00       0       0   0.00      2.00      0.00  ksoftirqd/1
18:30:16        0        31    0.00    0.00    0.00    0.00    0.00     2      0.00      0.00       0       0   0.00      2.00      0.00  migration/2
18:30:16        0        32    0.00    0.00    0.00    0.00    0.00     2      0.00      0.00       0       0   0.00      1.00      0.00  ksoftirqd/2
18:30:16        0        37    0.00    0.00    0.00    0.00    0.00     3      0.00      0.00       0       0   0.00      1.00      0.00  migration/3
18:30:16        0        38    0.00    0.00    0.00    0.00    0.00     3      0.00      0.00       0       0   0.00      3.00      0.00  ksoftirqd/3
18:30:16        0        47    0.00    0.00    0.00    0.00    0.00     1      0.00      0.00       0       0   0.00      9.00      0.00  kworker/u16:1-events_power_efficient
18:30:16        0        49    0.00    0.00    0.00    0.00    0.00     3      0.00      0.00       0       0   0.00      7.00      0.00  kworker/u16:2-events_power_efficient
18:30:16        0        52    0.00    0.00    0.00    0.00    0.00     1      0.00      0.00       0       0   0.00      2.00      0.00  kcompactd0
18:30:16        0       177    0.00    0.00    0.00    0.00    0.00     1     20.00      0.00   50524   17480   0.22      7.00      0.00  systemd-journal
18:30:16        0       193    0.00    0.00    0.00    0.00    0.00     3      0.00      0.00       0       0   0.00     14.00      0.00  kworker/3:2-events
18:30:16        0       211    0.00    0.00    0.00    0.00    0.00     2      0.00      0.00       0       0   0.00      9.00      0.00  kworker/2:3-events
18:30:16        0       241    0.00    0.00    0.00    0.00    0.00     1      0.00      0.00  288968   27108   0.34      1.00      0.00  multipathd
18:30:16        0       382    0.00    0.00    0.00    0.00    0.00     1      0.00      0.00       0       0   0.00      7.00      0.00  kworker/1:3-events
18:30:16        0       383    0.00    0.00    0.00    0.00    0.00     1      0.00      0.00       0       0   0.00      1.00      0.00  kworker/1:4-cgroup_free
18:30:16      101       586    0.00    0.00    0.00    0.00    0.00     3      0.00      0.00    9792    5352   0.07     16.00      1.00  dbus-daemon
18:30:16      989       595    0.00    0.00    0.00    0.00    0.00     2      0.00      0.00  383684    9496   0.12      6.00      1.00  polkitd
18:30:16        0       606    0.00    0.00    0.00    0.00    0.00     3      0.00      0.00   18180    8832   0.11     10.00      1.00  systemd-logind
18:30:16        0       608    0.00    0.00    0.00    0.00    0.00     1      0.00      0.00  468928   13536   0.17      3.00      0.00  udisksd
18:30:16        0       793    0.00    0.00    0.00    1.00    0.00     1      0.00      0.00  318164   12476   0.16      8.00      0.00  ModemManager
18:30:16        0       938    0.00    0.00    0.00    0.00    0.00     3      0.00      0.00   12032    8084   0.10      1.00      0.00  sshd
18:30:16     1000      1462    1.00    0.00    0.00    0.00    1.00     1      0.00      0.00   32140   21876   0.28     11.00      0.00  python3
18:30:16     1000      1466    0.00    0.00    0.00    0.00    0.00     1      0.00      0.00    9900    3356   0.04      1.00      0.00  vmstat
18:30:16     1000      1467    0.00    0.00    0.00    0.00    0.00     1      2.00      0.00    7712    3696   0.05      1.00      0.00  pidstat
18:30:16     1000      1640    0.00    0.00    0.00    0.00    0.00     0    145.00      0.00    2704    1528   0.02      1.00      1.00  time
18:30:16     1000      1641   28.00    2.00    0.00    0.00   30.00     0   8640.00      0.00   50880   43772   0.55      6.00      1.00  /home/ubuntu/pe
18:30:16     1000      1642    4.00    3.00    0.00    0.00    7.00     2   8444.00      0.00 1743096   34272   0.43      6.00      2.00  hey

# Time        UID       PID    %usr %system  %guest   %wait    %CPU   CPU  minflt/s  majflt/s     VSZ     RSS   %MEM   cswch/s nvcswch/s  Command
18:30:17        0         9    0.00    0.00    0.00    0.00    0.00     0      0.00      0.00       0       0   0.00      7.00      0.00  kworker/0:0-events
18:30:17        0        14    0.00    0.00    0.00    0.00    0.00     0      0.00      0.00       0       0   0.00      5.00      0.00  ksoftirqd/0
18:30:17        0        16    0.00    0.00    0.00    0.00    0.00     1      0.00      0.00       0       0   0.00     21.00      0.00  rcu_sched
18:30:17        0        25    0.00    0.00    0.00    0.00    0.00     1      0.00      0.00       0       0   0.00      1.00      0.00  migration/1
18:30:17        0        32    0.00    0.00    0.00    0.00    0.00     2      0.00      0.00       0       0   0.00      1.00      0.00  ksoftirqd/2
18:30:17        0        38    0.00    0.00    0.00    0.00    0.00     3      0.00      0.00       0       0   0.00      2.00      0.00  ksoftirqd/3
18:30:17        0        49    0.00    0.00    0.00    0.00    0.00     1      0.00      0.00       0       0   0.00      5.00      0.00  kworker/u16:2-events_power_efficient
18:30:17        0        52    0.00    0.00    0.00    0.00    0.00     1      0.00      0.00       0       0   0.00      2.00      0.00  kcompactd0
18:30:17        0       193    0.00    0.00    0.00    0.00    0.00     3      0.00      0.00       0       0   0.00      4.00      0.00  kworker/3:2-events
18:30:17        0       211    0.00    0.00    0.00    0.00    0.00     2      0.00      0.00       0       0   0.00      3.00      0.00  kworker/2:3-events
18:30:17        0       241    0.00    0.00    0.00    0.00    0.00     1      0.00      0.00  288968   27108   0.34      1.00      0.00  multipathd
18:30:17        0       382    0.00    0.00    0.00    0.00    0.00     1      0.00      0.00       0       0   0.00      5.00      0.00  kworker/1:3-events
18:30:17     1000      1462    0.00    0.00    0.00    0.00    0.00     1      0.00      0.00   32140   21876   0.28      3.00      0.00  python3
18:30:17     1000      1466    0.00    0.00    0.00    0.00    0.00     1      0.00      0.00    9900    3356   0.04      1.00      0.00  vmstat
18:30:17     1000      1467    0.00    1.00    0.00    0.00    1.00     1      5.00      0.00    7712    3696   0.05      1.00      0.00  pidstat
18:30:17     1000      1641   91.00    8.00    0.00    0.00   99.00     0   1092.00      0.00   55232   48124   0.61      1.00     13.00  /home/ubuntu/pe
18:30:17     1000      1649    3.00    3.00    0.00    0.00    6.00     3   7403.00      0.00 1742584   30648   0.39      4.00      4.00  hey

# Time        UID       PID    %usr %system  %guest   %wait    %CPU   CPU  minflt/s  majflt/s     VSZ     RSS   %MEM   cswch/s nvcswch/s  Command
18:30:18        0         9    0.00    0.00    0.00    0.00    0.00     0      0.00      0.00       0       0   0.00      3.00      0.00  kworker/0:0-events
18:30:18        0        49    0.00    0.00    0.00    0.00    0.00     1      0.00      0.00       0       0   0.00      7.00      0.00  kworker/u16:2-events_power_efficient
18:30:18        0        52    0.00    0.00    0.00    0.00    0.00     1      0.00      0.00       0       0   0.00      2.00      0.00  kcompactd0
18:30:18        0       193    0.00    0.00    0.00    0.00    0.00     3      0.00      0.00       0       0   0.00      2.00      0.00  kworker/3:2-events
18:30:18        0       211    0.00    0.00    0.00    0.00    0.00     2      0.00      0.00       0       0   0.00      3.00      0.00  kworker/2:3-mm_percpu_wq
18:30:18        0       241    0.00    0.00    0.00    0.00    0.00     1      0.00      0.00  288968   27108   0.34      1.00      0.00  multipathd
18:30:18        0       382    0.00    0.00    0.00    0.00    0.00     1      0.00      0.00       0       0   0.00      6.00      0.00  kworker/1:3-events
18:30:18     1000      1466    0.00    0.00    0.00    0.00    0.00     1      0.00      0.00    9900    3356   0.04      1.00      0.00  vmstat
18:30:18     1000      1467    1.00    0.00    0.00    0.00    1.00     1      0.00      0.00    7712    3696   0.05      1.00      1.00  pidstat
18:30:18     1000      1641   92.00    8.00    0.00    0.00  100.00     0    348.00      0.00   56684   49532   0.63      0.00      2.00  /home/ubuntu/pe
18:30:18     1000      1649   20.00   15.00    0.00    0.00   35.00     3   6641.00      0.00 1743544   54616   0.69      0.00      0.00  hey

# Time        UID       PID    %usr %system  %guest   %wait    %CPU   CPU  minflt/s  majflt/s     VSZ     RSS   %MEM   cswch/s nvcswch/s  Command
18:30:19        0         9    0.00    0.00    0.00    0.00    0.00     0      0.00      0.00       0       0   0.00      7.00      0.00  kworker/0:0-events
18:30:19        0        16    0.00    0.00    0.00    0.00    0.00     1      0.00      0.00       0       0   0.00      4.00      0.00  rcu_sched
18:30:19        0        19    0.00    0.00    0.00    0.00    0.00     0      0.00      0.00       0       0   0.00      1.00      0.00  migration/0
18:30:19        0        25    0.00    0.00    0.00    0.00    0.00     1      0.00      0.00       0       0   0.00      1.00      0.00  migration/1
18:30:19        0        31    0.00    0.00    0.00    0.00    0.00     2      0.00      0.00       0       0   0.00      1.00      0.00  migration/2
18:30:19        0        37    0.00    0.00    0.00    0.00    0.00     3      0.00      0.00       0       0   0.00      1.00      0.00  migration/3
18:30:19        0        49    0.00    0.00    0.00    0.00    0.00     1      0.00      0.00       0       0   0.00      5.00      0.00  kworker/u16:2-events_power_efficient
18:30:19        0        52    0.00    0.00    0.00    0.00    0.00     1      0.00      0.00       0       0   0.00      2.00      0.00  kcompactd0
18:30:19        0       161    0.00    0.00    0.00    0.00    0.00     0      0.00      0.00       0       0   0.00      1.00      0.00  kworker/0:1H-kblockd
18:30:19        0       193    0.00    0.00    0.00    0.00    0.00     3      0.00      0.00       0       0   0.00      2.00      0.00  kworker/3:2-events
18:30:19        0       211    0.00    0.00    0.00    0.00    0.00     2      0.00      0.00       0       0   0.00      4.00      0.00  kworker/2:3-events
18:30:19        0       241    0.00    0.00    0.00    0.00    0.00     1      0.00      0.00  288968   27108   0.34      1.00      0.00  multipathd
18:30:19        0       382    0.00    0.00    0.00    0.00    0.00     1      0.00      0.00       0       0   0.00      6.00      0.00  kworker/1:3-events
18:30:19        0       592    0.00    0.00    0.00    0.00    0.00     3      0.00      0.00   83064    4716   0.06      1.00      0.00  irqbalance
18:30:19     1000      1466    0.00    0.00    0.00    0.00    0.00     1      0.00      0.00    9900    3356   0.04      1.00      0.00  vmstat
18:30:19     1000      1467    0.00    0.00    0.00    0.00    0.00     1      0.00      0.00    7712    3696   0.05      1.00      0.00  pidstat
18:30:19     1000      1641   92.00    8.00    0.00    0.00  100.00     0    930.00      0.00   60384   53244   0.67      0.00      9.00  /home/ubuntu/pe
18:30:19     1000      1649   22.00   17.00    0.00    0.00   39.00     3   7425.00      0.00 1817980   81368   1.03      0.00      0.00  hey

# Time        UID       PID    %usr %system  %guest   %wait    %CPU   CPU  minflt/s  majflt/s     VSZ     RSS   %MEM   cswch/s nvcswch/s  Command
18:30:20        0         9    0.00    0.00    0.00    0.00    0.00     0      0.00      0.00       0       0   0.00      3.00      0.00  kworker/0:0-events
18:30:20        0        14    0.00    0.00    0.00    0.00    0.00     0      0.00      0.00       0       0   0.00      3.00      0.00  ksoftirqd/0
18:30:20        0        16    0.00    0.00    0.00    0.00    0.00     1      0.00      0.00       0       0   0.00     84.00      0.00  rcu_sched
18:30:20        0        25    0.00    0.00    0.00    0.00    0.00     1      0.00      0.00       0       0   0.00      2.00      0.00  migration/1
18:30:20        0        38    0.00    0.00    0.00    0.00    0.00     3      0.00      0.00       0       0   0.00      1.00      0.00  ksoftirqd/3
18:30:20        0        47    0.00    0.00    0.00    0.00    0.00     2      0.00      0.00       0       0   0.00      3.00      0.00  kworker/u16:1-flush-259:0
18:30:20        0        49    0.00    0.00    0.00    0.00    0.00     1      0.00      0.00       0       0   0.00     10.00      0.00  kworker/u16:2-events_power_efficient
18:30:20        0        52    0.00    0.00    0.00    0.00    0.00     1      0.00      0.00       0       0   0.00      2.00      0.00  kcompactd0
18:30:20        0       136    0.00    0.00    0.00    0.00    0.00     3      0.00      0.00       0       0   0.00      3.00      0.00  jbd2/nvme0n1p1-8
18:30:20        0       193    0.00    0.00    0.00    1.00    0.00     3      0.00      0.00       0       0   0.00      4.00      0.00  kworker/3:2-mm_percpu_wq
18:30:20        0       211    0.00    0.00    0.00    0.00    0.00     2      0.00      0.00       0       0   0.00      2.00      0.00  kworker/2:3-mm_percpu_wq
18:30:20        0       241    0.00    0.00    0.00    0.00    0.00     1      0.00      0.00  288968   27108   0.34      2.00      0.00  multipathd
18:30:20        0       248    0.00    0.00    0.00    0.00    0.00     2      0.00      0.00       0       0   0.00      1.00      0.00  kworker/2:1H-kblockd
18:30:20        0       382    0.00    0.00    0.00    0.00    0.00     1      0.00      0.00       0       0   0.00      6.00      0.00  kworker/1:3-events
18:30:20        0       577    0.00    0.00    0.00    0.00    0.00     1      0.00      0.00       0       0   0.00      1.00      0.00  kworker/1:1H-kblockd
18:30:20     1000      1462    1.00    0.00    0.00    0.00    1.00     1      0.00      0.00   32140   21876   0.28     12.00      0.00  python3
18:30:20     1000      1466    0.00    0.00    0.00    0.00    0.00     1      0.00      0.00    9900    3356   0.04      1.00      0.00  vmstat
18:30:20     1000      1467    0.00    1.00    0.00    0.00    1.00     1      0.00      0.00    7712    3696   0.05      1.00      0.00  pidstat
18:30:20     1000      1657    0.00    0.00    0.00    0.00    0.00     0    143.00      0.00    2704    1528   0.02      2.00      1.00  time
18:30:20     1000      1658   42.00    5.00    0.00    0.00   47.00     0  10598.00      0.00   58848   51608   0.65      7.00      1.00  /home/ubuntu/pa
18:30:20     1000      1659    5.00    5.00    0.00    0.00   10.00     2   9717.00      0.00 1742904   38584   0.49      7.00      3.00  hey

# Time        UID       PID    %usr %system  %guest   %wait    %CPU   CPU  minflt/s  majflt/s     VSZ     RSS   %MEM   cswch/s nvcswch/s  Command
18:30:21        0         9    0.00    0.00    0.00    0.00    0.00     0      0.00      0.00       0       0   0.00      4.00      0.00  kworker/0:0-events
18:30:21        0        14    0.00    0.00    0.00    0.00    0.00     0      0.00      0.00       0       0   0.00      3.00      0.00  ksoftirqd/0
18:30:21        0        16    0.00    0.00    0.00    0.00    0.00     1      0.00      0.00       0       0   0.00     29.00      0.00  rcu_sched
18:30:21        0        25    0.00    0.00    0.00    0.00    0.00     1      0.00      0.00       0       0   0.00      1.00      0.00  migration/1
18:30:21        0        32    0.00    0.00    0.00    0.00    0.00     2      0.00      0.00       0       0   0.00      2.00      0.00  ksoftirqd/2
18:30:21        0        47    0.00    0.00    0.00    0.00    0.00     2      0.00      0.00       0       0   0.00      2.00      0.00  kworker/u16:1-ext4-rsv-conversion
18:30:21        0        49    0.00    0.00    0.00    0.00    0.00     1      0.00      0.00       0       0   0.00     20.00      0.00  kworker/u16:2-events_power_efficient
18:30:21        0        52    0.00    0.00    0.00    0.00    0.00     1      0.00      0.00       0       0   0.00      2.00      0.00  kcompactd0
18:30:21        0       161    0.00    0.00    0.00    0.00    0.00     0      0.00      0.00       0       0   0.00      8.00      0.00  kworker/0:1H-kblockd
18:30:21        0       193    0.00    0.00    0.00    0.00    0.00     3      0.00      0.00       0       0   0.00      1.00      0.00  kworker/3:2-events
18:30:21        0       211    0.00    0.00    0.00    0.00    0.00     2      0.00      0.00       0       0   0.00      2.00      0.00  kworker/2:3-events
18:30:21        0       241    0.00    0.00    0.00    0.00    0.00     1      0.00      0.00  288968   27108   0.34      1.00      0.00  multipathd
18:30:21        0       382    0.00    0.00    0.00    0.00    0.00     1      0.00      0.00       0       0   0.00      6.00      0.00  kworker/1:3-events
18:30:21        0       577    0.00    0.00    0.00    0.00    0.00     1      0.00      0.00       0       0   0.00      3.00      0.00  kworker/1:1H-kblockd
18:30:21        0       608    1.00    0.00    0.00    0.00    1.00     1      0.00      0.00  468928   13536   0.17      0.00      0.00  udisksd
18:30:21      110       688    0.00    0.00    0.00    0.00    0.00     2      0.00      0.00   19416    3688   0.05      2.00      0.00  chronyd
18:30:21     1000      1462    0.00    0.00    0.00    0.00    0.00     1      0.00      0.00   32140   21876   0.28      3.00      0.00  python3
18:30:21     1000      1466    0.00    0.00    0.00    0.00    0.00     1      0.00      0.00    9900    3356   0.04      1.00      0.00  vmstat
18:30:21     1000      1467    0.00    0.00    0.00    0.00    0.00     1      0.00      0.00    7712    3696   0.05      1.00      0.00  pidstat
18:30:21     1000      1658   93.00    6.00    0.00    0.00   99.00     0   1665.00      0.00   65460   58264   0.74      1.00     15.00  /home/ubuntu/pa
18:30:21     1000      1667    4.00    5.00    0.00    0.00    9.00     3   8835.00      0.00 1816572   35508   0.45      6.00      3.00  hey

# Time        UID       PID    %usr %system  %guest   %wait    %CPU   CPU  minflt/s  majflt/s     VSZ     RSS   %MEM   cswch/s nvcswch/s  Command
18:30:22        0         9    0.00    0.00    0.00    0.00    0.00     0      0.00      0.00       0       0   0.00      2.00      0.00  kworker/0:0-events
18:30:22        0        49    0.00    0.00    0.00    0.00    0.00     2      0.00      0.00       0       0   0.00      7.00      0.00  kworker/u16:2-flush-259:0
18:30:22        0        52    0.00    0.00    0.00    0.00    0.00     1      0.00      0.00       0       0   0.00      2.00      0.00  kcompactd0
18:30:22        0       193    0.00    0.00    0.00    0.00    0.00     3      0.00      0.00       0       0   0.00      1.00      0.00  kworker/3:2-mm_percpu_wq
18:30:22        0       211    0.00    0.00    0.00    0.00    0.00     2      0.00      0.00       0       0   0.00      5.00      0.00  kworker/2:3-events
18:30:22        0       241    0.00    0.00    0.00    0.00    0.00     1      0.00      0.00  288968   27108   0.34      1.00      0.00  multipathd
18:30:22        0       382    0.00    0.00    0.00    0.00    0.00     1      0.00      0.00       0       0   0.00      1.00      0.00  kworker/1:3-mm_percpu_wq
18:30:22     1000      1442    0.00    0.00    0.00    0.00    0.00     1      0.00      0.00   15008    7192   0.09      1.00      0.00  sshd
18:30:22     1000      1466    0.00    0.00    0.00    0.00    0.00     1      0.00      0.00    9900    3356   0.04      1.00      0.00  vmstat
18:30:22     1000      1467    0.00    1.00    0.00    0.00    1.00     1      0.00      0.00    7712    3696   0.05      1.00      0.00  pidstat
18:30:22     1000      1658   94.00    6.00    0.00    0.00  100.00     0      6.00      0.00   65460   58264   0.74      0.00      2.00  /home/ubuntu/pa
18:30:22     1000      1667   13.00    8.00    0.00    0.00   21.00     3   5025.00      0.00 1817276   53172   0.67      0.00      0.00  hey

# Time        UID       PID    %usr %system  %guest   %wait    %CPU   CPU  minflt/s  majflt/s     VSZ     RSS   %MEM   cswch/s nvcswch/s  Command
18:30:23        0         9    0.00    0.00    0.00    0.00    0.00     0      0.00      0.00       0       0   0.00      6.00      0.00  kworker/0:0-events
18:30:23        0        14    0.00    0.00    0.00    0.00    0.00     0      0.00      0.00       0       0   0.00      2.00      0.00  ksoftirqd/0
18:30:23        0        16    0.00    0.00    0.00    0.00    0.00     1      0.00      0.00       0       0   0.00     34.00      0.00  rcu_sched
18:30:23        0        19    0.00    0.00    0.00    0.00    0.00     0      0.00      0.00       0       0   0.00      1.00      0.00  migration/0
18:30:23        0        25    0.00    0.00    0.00    0.00    0.00     1      0.00      0.00       0       0   0.00      1.00      0.00  migration/1
18:30:23        0        31    0.00    0.00    0.00    0.00    0.00     2      0.00      0.00       0       0   0.00      1.00      0.00  migration/2
18:30:23        0        32    0.00    0.00    0.00    0.00    0.00     2      0.00      0.00       0       0   0.00      8.00      0.00  ksoftirqd/2
18:30:23        0        37    0.00    0.00    0.00    0.00    0.00     3      0.00      0.00       0       0   0.00      1.00      0.00  migration/3
18:30:23        0        38    0.00    0.00    0.00    0.00    0.00     3      0.00      0.00       0       0   0.00      2.00      0.00  ksoftirqd/3
18:30:23        0        47    0.00    0.00    0.00    0.00    0.00     1      0.00      0.00       0       0   0.00      3.00      0.00  kworker/u16:1-events_power_efficient
18:30:23        0        49    0.00    0.00    0.00    0.00    0.00     2      0.00      0.00       0       0   0.00      3.00      0.00  kworker/u16:2-flush-259:0
18:30:23        0        52    0.00    0.00    0.00    0.00    0.00     1      0.00      0.00       0       0   0.00      2.00      0.00  kcompactd0
18:30:23        0       193    0.00    0.00    0.00    0.00    0.00     3      0.00      0.00       0       0   0.00      2.00      0.00  kworker/3:2-events
18:30:23        0       211    0.00    0.00    0.00    0.00    0.00     2      0.00      0.00       0       0   0.00      5.00      0.00  kworker/2:3-events
18:30:23        0       241    0.00    0.00    0.00    0.00    0.00     1      0.00      0.00  288968   27108   0.34      1.00      0.00  multipathd
18:30:23        0       382    0.00    0.00    0.00    0.00    0.00     1      0.00      0.00       0       0   0.00      4.00      0.00  kworker/1:3-events
18:30:23     1000      1462    0.00    0.00    0.00    0.00    0.00     1      0.00      0.00   32140   21876   0.28      4.00      0.00  python3
18:30:23     1000      1466    0.00    0.00    0.00    0.00    0.00     1      0.00      0.00    9900    3356   0.04      1.00      0.00  vmstat
18:30:23     1000      1467    0.00    0.00    0.00    0.00    0.00     1      0.00      0.00    7712    3696   0.05      1.00      0.00  pidstat

# Time        UID       PID    %usr %system  %guest   %wait    %CPU   CPU  minflt/s  majflt/s     VSZ     RSS   %MEM   cswch/s nvcswch/s  Command
18:30:24        0         9    0.00    0.00    0.00    0.00    0.00     0      0.00      0.00       0       0   0.00      2.00      0.00  kworker/0:0-events
18:30:24        0        16    0.00    0.00    0.00    0.00    0.00     2      0.00      0.00       0       0   0.00     43.00      0.00  rcu_sched
18:30:24        0        25    0.00    0.00    0.00    0.00    0.00     1      0.00      0.00       0       0   0.00      2.00      0.00  migration/1
18:30:24        0        47    0.00    0.00    0.00    0.00    0.00     1      0.00      0.00       0       0   0.00      6.00      0.00  kworker/u16:1-events_power_efficient
18:30:24        0        52    0.00    0.00    0.00    0.00    0.00     1      0.00      0.00       0       0   0.00      2.00      0.00  kcompactd0
18:30:24        0       193    0.00    0.00    0.00    0.00    0.00     3      0.00      0.00       0       0   0.00      1.00      0.00  kworker/3:2-mm_percpu_wq
18:30:24        0       211    0.00    0.00    0.00    0.00    0.00     2      0.00      0.00       0       0   0.00      1.00      0.00  kworker/2:3-mm_percpu_wq
18:30:24        0       241    0.00    0.00    0.00    0.00    0.00     1      0.00      0.00  288968   27108   0.34      1.00      0.00  multipathd
18:30:24        0       382    0.00    0.00    0.00    0.00    0.00     1      0.00      0.00       0       0   0.00      7.00      0.00  kworker/1:3-events
18:30:24     1000      1462    0.00    0.00    0.00    0.00    0.00     1      0.00      0.00   32140   21876   0.28      8.00      0.00  python3
18:30:24     1000      1466    0.00    0.00    0.00    0.00    0.00     1      0.00      0.00    9900    3356   0.04      1.00      0.00  vmstat
18:30:24     1000      1467    1.00    1.00    0.00    0.00    2.00     1      0.00      0.00    7712    3696   0.05      1.00      0.00  pidstat
18:30:24     1000      1675    0.00    0.00    0.00    0.00    0.00     0    144.00      0.00    2704    1464   0.02      1.00      1.00  time
18:30:24     1000      1676   68.00    6.00    0.00    0.00   74.00     0  10540.00      0.00   58704   51472   0.65      7.00      1.00  /home/ubuntu/pa
18:30:24     1000      1677    8.00    8.00    0.00    0.00   16.00     2  12522.00      0.00 1743416   48700   0.62      6.00      2.00  hey

# Time        UID       PID    %usr %system  %guest   %wait    %CPU   CPU  minflt/s  majflt/s     VSZ     RSS   %MEM   cswch/s nvcswch/s  Command
18:30:25        0         9    0.00    0.00    0.00    0.00    0.00     0      0.00      0.00       0       0   0.00      6.00      0.00  kworker/0:0-events
18:30:25        0        14    0.00    0.00    0.00    0.00    0.00     0      0.00      0.00       0       0   0.00      3.00      0.00  ksoftirqd/0
18:30:25        0        16    0.00    0.00    0.00    0.00    0.00     1      0.00      0.00       0       0   0.00     26.00      0.00  rcu_sched
18:30:25        0        25    0.00    0.00    0.00    0.00    0.00     1      0.00      0.00       0       0   0.00      1.00      0.00  migration/1
18:30:25        0        32    0.00    0.00    0.00    0.00    0.00     2      0.00      0.00       0       0   0.00      1.00      0.00  ksoftirqd/2
18:30:25        0        47    0.00    0.00    0.00    0.00    0.00     1      0.00      0.00       0       0   0.00      5.00      0.00  kworker/u16:1-events_power_efficient
18:30:25        0        52    0.00    0.00    0.00    0.00    0.00     1      0.00      0.00       0       0   0.00      2.00      0.00  kcompactd0
18:30:25        0       193    0.00    0.00    0.00    0.00    0.00     3      0.00      0.00       0       0   0.00      1.00      0.00  kworker/3:2-events
18:30:25        0       211    0.00    0.00    0.00    0.00    0.00     2      0.00      0.00       0       0   0.00      3.00      0.00  kworker/2:3-events
18:30:25        0       241    0.00    0.00    0.00    0.00    0.00     1      0.00      0.00  288968   27108   0.34      1.00      0.00  multipathd
18:30:25        0       382    0.00    0.00    0.00    0.00    0.00     1      0.00      0.00       0       0   0.00      6.00      0.00  kworker/1:3-events
18:30:25     1000      1462    0.00    0.00    0.00    0.00    0.00     1      0.00      0.00   32140   21876   0.28      3.00      0.00  python3
18:30:25     1000      1466    0.00    0.00    0.00    0.00    0.00     1      0.00      0.00    9900    3356   0.04      1.00      0.00  vmstat
18:30:25     1000      1467    0.00    0.00    0.00    0.00    0.00     1      0.00      0.00    7712    3696   0.05      1.00      0.00  pidstat
18:30:25     1000      1676   93.00    7.00    0.00    0.00  100.00     0   1650.00      0.00   65184   58000   0.73      1.00      9.00  /home/ubuntu/pa
18:30:25     1000      1685    8.00    6.00    0.00    0.00   14.00     2  11841.00      0.00 1816636   46092   0.58      6.00      6.00  hey

# Time        UID       PID    %usr %system  %guest   %wait    %CPU   CPU  minflt/s  majflt/s     VSZ     RSS   %MEM   cswch/s nvcswch/s  Command
18:30:26        0         9    0.00    0.00    0.00    0.00    0.00     0      0.00      0.00       0       0   0.00      2.00      0.00  kworker/0:0-events
18:30:26        0        47    0.00    0.00    0.00    0.00    0.00     1      0.00      0.00       0       0   0.00     10.00      0.00  kworker/u16:1-events_power_efficient
18:30:26        0        52    0.00    0.00    0.00    0.00    0.00     1      0.00      0.00       0       0   0.00      2.00      0.00  kcompactd0
18:30:26        0       193    0.00    0.00    0.00    0.00    0.00     3      0.00      0.00       0       0   0.00      1.00      0.00  kworker/3:2-mm_percpu_wq
18:30:26        0       211    0.00    0.00    0.00    0.00    0.00     2      0.00      0.00       0       0   0.00      1.00      0.00  kworker/2:3-mm_percpu_wq
18:30:26        0       241    0.00    0.00    0.00    0.00    0.00     1      0.00      0.00  288968   27108   0.34      1.00      0.00  multipathd
18:30:26        0       382    0.00    0.00    0.00    0.00    0.00     1      0.00      0.00       0       0   0.00      6.00      0.00  kworker/1:3-events
18:30:26        0       808    0.00    0.00    0.00    0.00    0.00     3      0.00      0.00       0       0   0.00      1.00      0.00  kworker/3:1H-kblockd
18:30:26     1000      1466    0.00    0.00    0.00    0.00    0.00     1      0.00      0.00    9900    3356   0.04      1.00      0.00  vmstat
18:30:26     1000      1467    0.00    0.00    0.00    0.00    0.00     1      0.00      0.00    7712    3696   0.05      1.00      1.00  pidstat
18:30:26     1000      1676   93.00    6.00    0.00    0.00   99.00     0      2.00      0.00   65184   58000   0.73      0.00      2.00  /home/ubuntu/pa
18:30:26     1000      1685   14.00    8.00    0.00    0.00   22.00     2   4855.00      0.00 1817340   62732   0.79      0.00      0.00  hey

# Time        UID       PID    %usr %system  %guest   %wait    %CPU   CPU  minflt/s  majflt/s     VSZ     RSS   %MEM   cswch/s nvcswch/s  Command
18:30:27        0         9    0.00    0.00    0.00    0.00    0.00     0      0.00      0.00       0       0   0.00      7.00      0.00  kworker/0:0-events
18:30:27        0        14    0.00    0.00    0.00    0.00    0.00     0      0.00      0.00       0       0   0.00      2.00      0.00  ksoftirqd/0
18:30:27        0        16    0.00    0.00    0.00    0.00    0.00     2      0.00      0.00       0       0   0.00     53.00      0.00  rcu_sched
18:30:27        0        19    0.00    0.00    0.00    0.00    0.00     0      0.00      0.00       0       0   0.00      1.00      0.00  migration/0
18:30:27        0        25    0.00    0.00    0.00    0.00    0.00     1      0.00      0.00       0       0   0.00      2.00      0.00  migration/1
18:30:27        0        31    0.00    0.00    0.00    0.00    0.00     2      0.00      0.00       0       0   0.00      1.00      0.00  migration/2
18:30:27        0        32    0.00    0.00    0.00    0.00    0.00     2      0.00      0.00       0       0   0.00      1.00      0.00  ksoftirqd/2
18:30:27        0        37    0.00    0.00    0.00    0.00    0.00     3      0.00      0.00       0       0   0.00      1.00      0.00  migration/3
18:30:27        0        47    0.00    0.00    0.00    0.00    0.00     1      0.00      0.00       0       0   0.00      1.00      0.00  kworker/u16:1-events_power_efficient
18:30:27        0        49    0.00    0.00    0.00    0.00    0.00     1      0.00      0.00       0       0   0.00      6.00      0.00  kworker/u16:2-events_power_efficient
18:30:27        0        52    0.00    0.00    0.00    0.00    0.00     1      0.00      0.00       0       0   0.00      2.00      0.00  kcompactd0
18:30:27        0       193    0.00    0.00    0.00    0.00    0.00     3      0.00      0.00       0       0   0.00      2.00      0.00  kworker/3:2-events
18:30:27        0       211    0.00    0.00    0.00    0.00    0.00     2      0.00      0.00       0       0   0.00      4.00      0.00  kworker/2:3-events
18:30:27        0       241    0.00    0.00    0.00    0.00    0.00     1      0.00      0.00  288968   27108   0.34      1.00      0.00  multipathd
18:30:27        0       382    0.00    0.00    0.00    0.00    0.00     1      0.00      0.00       0       0   0.00      5.00      0.00  kworker/1:3-events
18:30:27     1000      1462    1.00    0.00    0.00    1.00    1.00     1      0.00      0.00   32140   21876   0.28      6.00      0.00  python3
18:30:27     1000      1466    0.00    0.00    0.00    0.00    0.00     1      0.00      0.00    9900    3356   0.04      1.00      0.00  vmstat
18:30:27     1000      1467    0.00    1.00    0.00    0.00    1.00     1      0.00      0.00    7712    3696   0.05      1.00      0.00  pidstat
18:30:27     1000      1693    0.00    0.00    0.00    0.00    0.00     0    144.00      0.00    2704    1464   0.02      1.00      1.00  time
18:30:27     1000      1694    7.00    1.00    0.00    0.00    8.00     0   5399.00      0.00   32212   27012   0.34      0.00      0.00  /home/ubuntu/pe

# Time        UID       PID    %usr %system  %guest   %wait    %CPU   CPU  minflt/s  majflt/s     VSZ     RSS   %MEM   cswch/s nvcswch/s  Command
18:30:28        0         9    0.00    0.00    0.00    0.00    0.00     0      0.00      0.00       0       0   0.00      2.00      0.00  kworker/0:0-events
18:30:28        0        16    0.00    0.00    0.00    0.00    0.00     1      0.00      0.00       0       0   0.00     18.00      0.00  rcu_sched
18:30:28        0        25    0.00    0.00    0.00    0.00    0.00     1      0.00      0.00       0       0   0.00      1.00      0.00  migration/1
18:30:28        0        49    0.00    0.00    0.00    0.00    0.00     1      0.00      0.00       0       0   0.00     12.00      0.00  kworker/u16:2-events_power_efficient
18:30:28        0        52    0.00    0.00    0.00    0.00    0.00     1      0.00      0.00       0       0   0.00      2.00      0.00  kcompactd0
18:30:28        0       193    0.00    0.00    0.00    0.00    0.00     3      0.00      0.00       0       0   0.00      1.00      0.00  kworker/3:2-mm_percpu_wq
18:30:28        0       211    0.00    0.00    0.00    1.00    0.00     2      0.00      0.00       0       0   0.00      1.00      0.00  kworker/2:3-mm_percpu_wq
18:30:28        0       241    0.00    0.00    0.00    0.00    0.00     1      0.00      0.00  288968   27108   0.34      1.00      0.00  multipathd
18:30:28        0       382    0.00    0.00    0.00    0.00    0.00     1      0.00      0.00       0       0   0.00      6.00      0.00  kworker/1:3-events
18:30:28     1000      1462    0.00    0.00    0.00    0.00    0.00     1      0.00      0.00   32140   21876   0.28      6.00      0.00  python3
18:30:28     1000      1466    0.00    0.00    0.00    0.00    0.00     1      0.00      0.00    9900    3356   0.04      1.00      0.00  vmstat
18:30:28     1000      1467    1.00    0.00    0.00    0.00    1.00     1      0.00      0.00    7712    3696   0.05      1.00      0.00  pidstat
18:30:28     1000      1694   90.00    4.00    0.00    0.00   94.00     0   2962.00      0.00   49840   42704   0.54      5.00      1.00  /home/ubuntu/pe
18:30:28     1000      1695    3.00    4.00    0.00    0.00    7.00     2   1938.00      0.00 1750712   12684   0.16      4.00      4.00  hey

# Time        UID       PID    %usr %system  %guest   %wait    %CPU   CPU  minflt/s  majflt/s     VSZ     RSS   %MEM   cswch/s nvcswch/s  Command
18:30:29        0         9    0.00    0.00    0.00    0.00    0.00     0      0.00      0.00       0       0   0.00      5.00      0.00  kworker/0:0-events
18:30:29        0        16    0.00    0.00    0.00    0.00    0.00     1      0.00      0.00       0       0   0.00     10.00      0.00  rcu_sched
18:30:29        0        25    0.00    0.00    0.00    0.00    0.00     1      0.00      0.00       0       0   0.00      1.00      0.00  migration/1
18:30:29        0        32    0.00    0.00    0.00    0.00    0.00     2      0.00      0.00       0       0   0.00      1.00      0.00  ksoftirqd/2
18:30:29        0        49    0.00    0.00    0.00    0.00    0.00     1      0.00      0.00       0       0   0.00      5.00      0.00  kworker/u16:2-events_power_efficient
18:30:29        0        52    0.00    0.00    0.00    0.00    0.00     1      0.00      0.00       0       0   0.00      2.00      0.00  kcompactd0
18:30:29        0       193    0.00    0.00    0.00    0.00    0.00     3      0.00      0.00       0       0   0.00      1.00      0.00  kworker/3:2-mm_percpu_wq
18:30:29        0       211    0.00    0.00    0.00    0.00    0.00     2      0.00      0.00       0       0   0.00      2.00      0.00  kworker/2:3-mm_percpu_wq
18:30:29        0       241    0.00    0.00    0.00    0.00    0.00     1      0.00      0.00  288968   27108   0.34      1.00      0.00  multipathd
18:30:29        0       382    0.00    0.00    0.00    0.00    0.00     1      0.00      0.00       0       0   0.00      6.00      0.00  kworker/1:3-events
18:30:29        0       592    0.00    0.00    0.00    0.00    0.00     3      0.00      0.00   83064    4716   0.06      1.00      0.00  irqbalance
18:30:29     1000      1462    0.00    0.00    0.00    0.00    0.00     1      0.00      0.00   32140   21876   0.28      3.00      0.00  python3
18:30:29     1000      1466    0.00    0.00    0.00    0.00    0.00     1      0.00      0.00    9900    3356   0.04      1.00      0.00  vmstat
18:30:29     1000      1467    0.00    0.00    0.00    0.00    0.00     1      0.00      0.00    7712    3696   0.05      1.00      0.00  pidstat
18:30:29     1000      1694   95.00    4.00    0.00    0.00   99.00     0    247.00      0.00   49744   42556   0.54      2.00      5.00  /home/ubuntu/pe
18:30:29     1000      1703    3.00    4.00    0.00    0.00    7.00     3   1920.00      0.00 1676980   12476   0.16      4.00      4.00  hey

# Time        UID       PID    %usr %system  %guest   %wait    %CPU   CPU  minflt/s  majflt/s     VSZ     RSS   %MEM   cswch/s nvcswch/s  Command
18:30:30        0         9    0.00    0.00    0.00    0.00    0.00     0      0.00      0.00       0       0   0.00      2.00      0.00  kworker/0:0-events
18:30:30        0        26    0.00    0.00    0.00    0.00    0.00     1      0.00      0.00       0       0   0.00      1.00      0.00  ksoftirqd/1
18:30:30        0        49    0.00    0.00    0.00    0.00    0.00     2      0.00      0.00       0       0   0.00      6.00      0.00  kworker/u16:2-events_power_efficient
18:30:30        0        52    0.00    0.00    0.00    0.00    0.00     1      0.00      0.00       0       0   0.00      2.00      0.00  kcompactd0
18:30:30        0       193    0.00    0.00    0.00    0.00    0.00     3      0.00      0.00       0       0   0.00      1.00      0.00  kworker/3:2-mm_percpu_wq
18:30:30        0       211    0.00    0.00    0.00    0.00    0.00     2      0.00      0.00       0       0   0.00      3.00      0.00  kworker/2:3-events
18:30:30        0       241    0.00    0.00    0.00    0.00    0.00     1      0.00      0.00  288968   27108   0.34      1.00      0.00  multipathd
18:30:30        0       382    0.00    0.00    0.00    0.00    0.00     1      0.00      0.00       0       0   0.00      4.00      0.00  kworker/1:3-events
18:30:30     1000      1466    0.00    0.00    0.00    0.00    0.00     1      0.00      0.00    9900    3356   0.04      1.00      0.00  vmstat
18:30:30     1000      1467    0.00    1.00    0.00    0.00    1.00     1      0.00      0.00    7712    3696   0.05      1.00      0.00  pidstat
18:30:30     1000      1694   96.00    4.00    0.00    0.00  100.00     0      3.00      0.00   49744   42556   0.54      0.00      2.00  /home/ubuntu/pe
18:30:30     1000      1703    3.00    5.00    0.00    0.00    8.00     3    778.00      0.00 1676980   15420   0.19      0.00      0.00  hey

# Time        UID       PID    %usr %system  %guest   %wait    %CPU   CPU  minflt/s  majflt/s     VSZ     RSS   %MEM   cswch/s nvcswch/s  Command
18:30:31        0         9    0.00    0.00    0.00    0.00    0.00     0      0.00      0.00       0       0   0.00      5.00      0.00  kworker/0:0-events
18:30:31        0        16    0.00    0.00    0.00    0.00    0.00     2      0.00      0.00       0       0   0.00     56.00      0.00  rcu_sched
18:30:31        0        19    0.00    0.00    0.00    0.00    0.00     0      0.00      0.00       0       0   0.00      1.00      0.00  migration/0
18:30:31        0        25    0.00    0.00    0.00    0.00    0.00     1      0.00      0.00       0       0   0.00      3.00      0.00  migration/1
18:30:31        0        31    0.00    0.00    0.00    0.00    0.00     2      0.00      0.00       0       0   0.00      1.00      0.00  migration/2
18:30:31        0        32    0.00    0.00    0.00    0.00    0.00     2      0.00      0.00       0       0   0.00      1.00      0.00  ksoftirqd/2
18:30:31        0        37    0.00    0.00    0.00    0.00    0.00     3      0.00      0.00       0       0   0.00      1.00      0.00  migration/3
18:30:31        0        49    0.00    0.00    0.00    0.00    0.00     1      0.00      0.00       0       0   0.00      7.00      0.00  kworker/u16:2-events_power_efficient
18:30:31        0        52    0.00    0.00    0.00    0.00    0.00     1      0.00      0.00       0       0   0.00      2.00      0.00  kcompactd0
18:30:31        0       193    0.00    0.00    0.00    0.00    0.00     3      0.00      0.00       0       0   0.00      2.00      0.00  kworker/3:2-events
18:30:31        0       211    0.00    0.00    0.00    0.00    0.00     2      0.00      0.00       0       0   0.00      4.00      0.00  kworker/2:3-events
18:30:31        0       241    0.00    0.00    0.00    0.00    0.00     1      0.00      0.00  288968   27108   0.34      1.00      0.00  multipathd
18:30:31        0       382    0.00    0.00    0.00    0.00    0.00     1      0.00      0.00       0       0   0.00      6.00      0.00  kworker/1:3-events
18:30:31     1000      1462    1.00    0.00    0.00    0.00    1.00     1      0.00      0.00   32140   21876   0.28     11.00      0.00  python3
18:30:31     1000      1466    0.00    0.00    0.00    0.00    0.00     1      0.00      0.00    9900    3356   0.04      1.00      0.00  vmstat
18:30:31     1000      1467    0.00    0.00    0.00    0.00    0.00     1      0.00      0.00    7712    3696   0.05      1.00      0.00  pidstat
18:30:31     1000      1710    0.00    0.00    0.00    0.00    0.00     0    144.00      0.00    2704    1528   0.02      1.00      1.00  time
18:30:31     1000      1711   41.00    3.00    0.00    0.00   44.00     0  10511.00      0.00   50612   43284   0.55      5.00      2.00  /home/ubuntu/pa
18:30:31     1000      1712    0.00    1.00    0.00    0.00    1.00     2   1475.00      0.00 1676980   10940   0.14      4.00      2.00  hey

# Time        UID       PID    %usr %system  %guest   %wait    %CPU   CPU  minflt/s  majflt/s     VSZ     RSS   %MEM   cswch/s nvcswch/s  Command
18:30:32        0         9    0.00    0.00    0.00    0.00    0.00     0      0.00      0.00       0       0   0.00      2.00      0.00  kworker/0:0-events
18:30:32        0        16    0.00    0.00    0.00    0.00    0.00     1      0.00      0.00       0       0   0.00     40.00      0.00  rcu_sched
18:30:32        0        25    0.00    0.00    0.00    0.00    0.00     1      0.00      0.00       0       0   0.00      1.00      0.00  migration/1
18:30:32        0        47    0.00    0.00    0.00    0.00    0.00     1      0.00      0.00       0       0   0.00      3.00      0.00  kworker/u16:1-events_power_efficient
18:30:32        0        49    0.00    0.00    0.00    0.00    0.00     2      0.00      0.00       0       0   0.00      5.00      0.00  kworker/u16:2-events_power_efficient
18:30:32        0        52    0.00    0.00    0.00    0.00    0.00     1      0.00      0.00       0       0   0.00      2.00      0.00  kcompactd0
18:30:32        0       193    0.00    0.00    0.00    0.00    0.00     3      0.00      0.00       0       0   0.00      1.00      0.00  kworker/3:2-mm_percpu_wq
18:30:32        0       211    0.00    0.00    0.00    0.00    0.00     2      0.00      0.00       0       0   0.00      1.00      0.00  kworker/2:3-mm_percpu_wq
18:30:32        0       241    0.00    0.00    0.00    0.00    0.00     1      0.00      0.00  288968   27108   0.34      1.00      0.00  multipathd
18:30:32        0       382    0.00    0.00    0.00    0.00    0.00     1      0.00      0.00       0       0   0.00      5.00      0.00  kworker/1:3-events
18:30:32     1000      1442    0.00    0.00    0.00    0.00    0.00     1      0.00      0.00   15008    7192   0.09      1.00      0.00  sshd
18:30:32     1000      1462    0.00    0.00    0.00    0.00    0.00     1      0.00      0.00   32140   21876   0.28      3.00      0.00  python3
18:30:32     1000      1466    0.00    0.00    0.00    0.00    0.00     1      0.00      0.00    9900    3356   0.04      1.00      0.00  vmstat
18:30:32     1000      1467    0.00    1.00    0.00    0.00    1.00     1      0.00      0.00    7712    3696   0.05      1.00      0.00  pidstat
18:30:32     1000      1711   94.00    4.00    0.00    0.00   98.00     0   8123.00      0.00   52952   45188   0.57      2.00      2.00  /home/ubuntu/pa
18:30:32     1000      1719    1.00    1.00    0.00    0.00    2.00     3   1425.00      0.00 1676980   10808   0.14      3.00      3.00  hey

# Time        UID       PID    %usr %system  %guest   %wait    %CPU   CPU  minflt/s  majflt/s     VSZ     RSS   %MEM   cswch/s nvcswch/s  Command
18:30:33        0         9    0.00    0.00    0.00    0.00    0.00     0      0.00      0.00       0       0   0.00      5.00      0.00  kworker/0:0-events
18:30:33        0        16    0.00    0.00    0.00    0.00    0.00     1      0.00      0.00       0       0   0.00      4.00      0.00  rcu_sched
18:30:33        0        47    0.00    0.00    0.00    0.00    0.00     1      0.00      0.00       0       0   0.00      9.00      0.00  kworker/u16:1-writeback
18:30:33        0        52    0.00    0.00    0.00    0.00    0.00     1      0.00      0.00       0       0   0.00      2.00      0.00  kcompactd0
18:30:33        0       193    0.00    0.00    0.00    0.00    0.00     3      0.00      0.00       0       0   0.00      1.00      0.00  kworker/3:2-mm_percpu_wq
18:30:33        0       211    0.00    0.00    0.00    0.00    0.00     2      0.00      0.00       0       0   0.00      1.00      0.00  kworker/2:3-mm_percpu_wq
18:30:33        0       241    0.00    0.00    0.00    0.00    0.00     1      0.00      0.00  288968   27108   0.34      1.00      0.00  multipathd
18:30:33        0       382    0.00    0.00    0.00    0.00    0.00     1      0.00      0.00       0       0   0.00      6.00      0.00  kworker/1:3-events
18:30:33     1000      1466    0.00    0.00    0.00    0.00    0.00     1      0.00      0.00    9900    3356   0.04      1.00      0.00  vmstat
18:30:33     1000      1467    1.00    0.00    0.00    0.00    1.00     1      0.00      0.00    7712    3696   0.05      1.00      0.00  pidstat
18:30:33     1000      1711   97.00    4.00    0.00    0.00  101.00     0   7619.00      0.00   50980   43652   0.55      0.00      5.00  /home/ubuntu/pa
18:30:33     1000      1719    3.00    3.00    0.00    0.00    6.00     3    762.00      0.00 1676980   13624   0.17      0.00      0.00  hey

# Time        UID       PID    %usr %system  %guest   %wait    %CPU   CPU  minflt/s  majflt/s     VSZ     RSS   %MEM   cswch/s nvcswch/s  Command
18:30:34        0         9    0.00    0.00    0.00    0.00    0.00     0      0.00      0.00       0       0   0.00      3.00      0.00  kworker/0:0-events
18:30:34        0        16    0.00    0.00    0.00    0.00    0.00     1      0.00      0.00       0       0   0.00     22.00      0.00  rcu_sched
18:30:34        0        32    0.00    0.00    0.00    0.00    0.00     2      0.00      0.00       0       0   0.00      1.00      0.00  ksoftirqd/2
18:30:34        0        38    0.00    0.00    0.00    0.00    0.00     3      0.00      0.00       0       0   0.00      1.00      0.00  ksoftirqd/3
18:30:34        0        47    0.00    0.00    0.00    0.00    0.00     2      0.00      0.00       0       0   0.00      7.00      0.00  kworker/u16:1-events_power_efficient
18:30:34        0        52    0.00    0.00    0.00    0.00    0.00     1      0.00      0.00       0       0   0.00      2.00      0.00  kcompactd0
18:30:34        0       193    0.00    0.00    0.00    0.00    0.00     3      0.00      0.00       0       0   0.00      3.00      0.00  kworker/3:2-events
18:30:34        0       211    0.00    0.00    0.00    0.00    0.00     2      0.00      0.00       0       0   0.00      4.00      0.00  kworker/2:3-events
18:30:34        0       241    0.00    0.00    0.00    0.00    0.00     1      0.00      0.00  288968   27108   0.34      1.00      0.00  multipathd
18:30:34        0       382    0.00    0.00    0.00    0.00    0.00     1      0.00      0.00       0       0   0.00      5.00      0.00  kworker/1:3-events
18:30:34        0       577    0.00    0.00    0.00    0.00    0.00     1      0.00      0.00       0       0   0.00      1.00      0.00  kworker/1:1H-kblockd
18:30:34      110       688    0.00    0.00    0.00    0.00    0.00     2      0.00      0.00   19416    3688   0.05      2.00      0.00  chronyd
18:30:34     1000      1462    0.00    0.00    0.00    0.00    0.00     1      0.00      0.00   32140   21876   0.28      3.00      0.00  python3
18:30:34     1000      1466    0.00    0.00    0.00    0.00    0.00     1      0.00      0.00    9900    3356   0.04      1.00      0.00  vmstat
18:30:34     1000      1467    0.00    0.00    0.00    0.00    0.00     1      0.00      0.00    7712    3696   0.05      1.00      0.00  pidstat

# Time        UID       PID    %usr %system  %guest   %wait    %CPU   CPU  minflt/s  majflt/s     VSZ     RSS   %MEM   cswch/s nvcswch/s  Command
18:30:35        0         9    0.00    0.00    0.00    0.00    0.00     0      0.00      0.00       0       0   0.00      6.00      0.00  kworker/0:0-events
18:30:35        0        16    0.00    0.00    0.00    0.00    0.00     1      0.00      0.00       0       0   0.00     63.00      0.00  rcu_sched
18:30:35        0        19    0.00    0.00    0.00    0.00    0.00     0      0.00      0.00       0       0   0.00      1.00      0.00  migration/0
18:30:35        0        25    0.00    0.00    0.00    0.00    0.00     1      0.00      0.00       0       0   0.00      3.00      0.00  migration/1
18:30:35        0        31    0.00    0.00    0.00    0.00    0.00     2      0.00      0.00       0       0   0.00      1.00      0.00  migration/2
18:30:35        0        37    0.00    0.00    0.00    0.00    0.00     3      0.00      0.00       0       0   0.00      1.00      0.00  migration/3
18:30:35        0        47    0.00    0.00    0.00    0.00    0.00     2      0.00      0.00       0       0   0.00      5.00      0.00  kworker/u16:1-events_power_efficient
18:30:35        0        52    0.00    0.00    0.00    0.00    0.00     1      0.00      0.00       0       0   0.00      2.00      0.00  kcompactd0
18:30:35        0       193    0.00    0.00    0.00    0.00    0.00     3      0.00      0.00       0       0   0.00      1.00      0.00  kworker/3:2-mm_percpu_wq
18:30:35        0       211    0.00    0.00    0.00    0.00    0.00     2      0.00      0.00       0       0   0.00      5.00      0.00  kworker/2:3-events
18:30:35        0       241    0.00    0.00    0.00    0.00    0.00     1      0.00      0.00  288968   27108   0.34      1.00      0.00  multipathd
18:30:35        0       382    0.00    0.00    0.00    0.00    0.00     1      0.00      0.00       0       0   0.00      1.00      0.00  kworker/1:3-mm_percpu_wq
18:30:35      110       688    0.00    0.00    0.00    0.00    0.00     2      0.00      0.00   19416    3688   0.05      8.00      0.00  chronyd
18:30:35     1000      1462    0.00    1.00    0.00    0.00    1.00     1      0.00      0.00   32140   21876   0.28      8.00      0.00  python3
18:30:35     1000      1466    0.00    0.00    0.00    0.00    0.00     1      0.00      0.00    9900    3356   0.04      1.00      0.00  vmstat
18:30:35     1000      1467    0.00    1.00    0.00    0.00    1.00     1      0.00      0.00    7712    3696   0.05      1.00      0.00  pidstat
18:30:35     1000      1727    0.00    0.00    0.00    0.00    0.00     0    145.00      0.00    2704    1464   0.02      1.00      1.00  time
18:30:35     1000      1728   77.00    5.00    0.00    0.00   82.00     0  13761.00      0.00   50612   43356   0.55      5.00      6.00  /home/ubuntu/pa
18:30:35     1000      1729    2.00    3.00    0.00    0.00    5.00     2   1777.00      0.00 1750712   12152   0.15      2.00      6.00  hey

# Time        UID       PID    %usr %system  %guest   %wait    %CPU   CPU  minflt/s  majflt/s     VSZ     RSS   %MEM   cswch/s nvcswch/s  Command
18:30:36        0         9    0.00    0.00    0.00    0.00    0.00     0      0.00      0.00       0       0   0.00      3.00      0.00  kworker/0:0-events
18:30:36        0        16    0.00    0.00    0.00    0.00    0.00     1      0.00      0.00       0       0   0.00     51.00      0.00  rcu_sched
18:30:36        0        25    0.00    0.00    0.00    0.00    0.00     1      0.00      0.00       0       0   0.00      1.00      0.00  migration/1
18:30:36        0        32    0.00    0.00    0.00    0.00    0.00     2      0.00      0.00       0       0   0.00      1.00      0.00  ksoftirqd/2
18:30:36        0        47    0.00    0.00    0.00    0.00    0.00     2      0.00      0.00       0       0   0.00      5.00      0.00  kworker/u16:1-events_power_efficient
18:30:36        0        49    0.00    0.00    0.00    0.00    0.00     1      0.00      0.00       0       0   0.00      3.00      0.00  kworker/u16:2-events_power_efficient
18:30:36        0        52    0.00    0.00    0.00    0.00    0.00     1      0.00      0.00       0       0   0.00      2.00      0.00  kcompactd0
18:30:36        0       193    0.00    0.00    0.00    0.00    0.00     3      0.00      0.00       0       0   0.00      1.00      0.00  kworker/3:2-mm_percpu_wq
18:30:36        0       211    0.00    0.00    0.00    0.00    0.00     2      0.00      0.00       0       0   0.00      6.00      0.00  kworker/2:3-events
18:30:36        0       241    0.00    0.00    0.00    0.00    0.00     1      0.00      0.00  288968   27108   0.34      1.00      0.00  multipathd
18:30:36        0       382    0.00    0.00    0.00    0.00    0.00     1      0.00      0.00       0       0   0.00      2.00      0.00  kworker/1:3-events
18:30:36      110       688    0.00    0.00    0.00    0.00    0.00     2      0.00      0.00   19416    3688   0.05      3.00      0.00  chronyd
18:30:36     1000      1462    0.00    0.00    0.00    0.00    0.00     1      0.00      0.00   32140   21876   0.28      3.00      0.00  python3
18:30:36     1000      1466    0.00    0.00    0.00    0.00    0.00     1      0.00      0.00    9900    3356   0.04      1.00      0.00  vmstat
18:30:36     1000      1467    0.00    0.00    0.00    0.00    0.00     1      0.00      0.00    7712    3696   0.05      1.00      0.00  pidstat
18:30:36     1000      1728   95.00    4.00    0.00    0.00   99.00     0   7721.00      0.00   50980   43788   0.55      2.00      3.00  /home/ubuntu/pa
18:30:36     1000      1737    1.00    3.00    0.00    0.00    4.00     2   1712.00      0.00 1750456   11840   0.15      3.00      3.00  hey

# Time        UID       PID    %usr %system  %guest   %wait    %CPU   CPU  minflt/s  majflt/s     VSZ     RSS   %MEM   cswch/s nvcswch/s  Command
18:30:37        0         9    0.00    0.00    0.00    0.00    0.00     0      0.00      0.00       0       0   0.00      6.00      0.00  kworker/0:0-events
18:30:37        0        16    0.00    0.00    0.00    0.00    0.00     1      0.00      0.00       0       0   0.00     47.00      0.00  rcu_sched
18:30:37        0        47    0.00    0.00    0.00    0.00    0.00     3      0.00      0.00       0       0   0.00      1.00      0.00  kworker/u16:1-events_power_efficient
18:30:37        0        49    0.00    0.00    0.00    0.00    0.00     1      0.00      0.00       0       0   0.00      5.00      0.00  kworker/u16:2-events_power_efficient
18:30:37        0        52    0.00    0.00    0.00    0.00    0.00     1      0.00      0.00       0       0   0.00      2.00      0.00  kcompactd0
18:30:37        0       193    0.00    0.00    0.00    0.00    0.00     3      0.00      0.00       0       0   0.00      1.00      0.00  kworker/3:2-mm_percpu_wq
18:30:37        0       211    0.00    0.00    0.00    0.00    0.00     2      0.00      0.00       0       0   0.00      1.00      0.00  kworker/2:3-mm_percpu_wq
18:30:37        0       241    0.00    0.00    0.00    0.00    0.00     1      0.00      0.00  288968   27108   0.34      1.00      0.00  multipathd
18:30:37        0       382    0.00    0.00    0.00    0.00    0.00     1      0.00      0.00       0       0   0.00      5.00      0.00  kworker/1:3-events
18:30:37      110       688    0.00    0.00    0.00    0.00    0.00     2      0.00      0.00   19416    3688   0.05      5.00      0.00  chronyd
18:30:37     1000      1466    0.00    0.00    0.00    0.00    0.00     1      0.00      0.00    9900    3356   0.04      1.00      0.00  vmstat
18:30:37     1000      1467    0.00    1.00    0.00    0.00    1.00     1      0.00      0.00    7712    3696   0.05      1.00      0.00  pidstat
18:30:37     1000      1728   96.00    4.00    0.00    0.00  100.00     0   7653.00      0.00   50980   43792   0.55      0.00      6.00  /home/ubuntu/pa
18:30:37     1000      1737    4.00    3.00    0.00    0.00    7.00     2    724.00      0.00 1750712   14272   0.18      0.00      0.00  hey

# Time        UID       PID    %usr %system  %guest   %wait    %CPU   CPU  minflt/s  majflt/s     VSZ     RSS   %MEM   cswch/s nvcswch/s  Command
18:30:38        0         9    0.00    0.00    0.00    0.00    0.00     0      0.00      0.00       0       0   0.00      3.00      0.00  kworker/0:0-events
18:30:38        0        16    0.00    0.00    0.00    1.00    0.00     2      0.00      0.00       0       0   0.00     59.00      0.00  rcu_sched
18:30:38        0        25    0.00    0.00    0.00    0.00    0.00     1      0.00      0.00       0       0   0.00      2.00      0.00  migration/1
18:30:38        0        32    0.00    0.00    0.00    0.00    0.00     2      0.00      0.00       0       0   0.00      1.00      0.00  ksoftirqd/2
18:30:38        0        47    0.00    0.00    0.00    0.00    0.00     3      0.00      0.00       0       0   0.00      9.00      0.00  kworker/u16:1-events_unbound
18:30:38        0        52    0.00    0.00    0.00    0.00    0.00     1      0.00      0.00       0       0   0.00      2.00      0.00  kcompactd0
18:30:38        0       193    0.00    0.00    0.00    0.00    0.00     3      0.00      0.00       0       0   0.00      7.00      0.00  kworker/3:2-events
18:30:38        0       211    0.00    0.00    0.00    0.00    0.00     2      0.00      0.00       0       0   0.00      3.00      0.00  kworker/2:3-events
18:30:38        0       241    0.00    0.00    0.00    0.00    0.00     1      0.00      0.00  288968   27108   0.34      1.00      0.00  multipathd
18:30:38        0       382    0.00    0.00    0.00    0.00    0.00     1      0.00      0.00       0       0   0.00      1.00      0.00  kworker/1:3-mm_percpu_wq
18:30:38     1000      1462    1.00    0.00    0.00    0.00    1.00     1     19.00      0.00   32140   21876   0.28     11.00      0.00  python3
18:30:38     1000      1466    0.00    0.00    0.00    0.00    0.00     1      0.00      0.00    9900    3356   0.04      1.00      0.00  vmstat
18:30:38     1000      1467    1.00    0.00    0.00    0.00    1.00     1      0.00      0.00    7712    3696   0.05      1.00      0.00  pidstat
18:30:38     1000      1745    0.00    0.00    0.00    0.00    0.00     0    145.00      0.00    2704    1528   0.02      1.00      1.00  time
18:30:38     1000      1746   17.00    2.00    0.00    0.00   19.00     0   7681.00      0.00   47116   39820   0.50      5.00      1.00  /home/ubuntu/pe
18:30:38     1000      1747    0.00    0.00    0.00    0.00    0.00     2   1201.00      0.00 1676724   10040   0.13      4.00      2.00  hey

# Time        UID       PID    %usr %system  %guest   %wait    %CPU   CPU  minflt/s  majflt/s     VSZ     RSS   %MEM   cswch/s nvcswch/s  Command
18:30:39        0         9    0.00    0.00    0.00    0.00    0.00     0      0.00      0.00       0       0   0.00      4.00      0.00  kworker/0:0-events
18:30:39        0        19    0.00    0.00    0.00    0.00    0.00     0      0.00      0.00       0       0   0.00      1.00      0.00  migration/0
18:30:39        0        25    0.00    0.00    0.00    0.00    0.00     1      0.00      0.00       0       0   0.00      1.00      0.00  migration/1
18:30:39        0        31    0.00    0.00    0.00    0.00    0.00     2      0.00      0.00       0       0   0.00      1.00      0.00  migration/2
18:30:39        0        37    0.00    0.00    0.00    0.00    0.00     3      0.00      0.00       0       0   0.00      1.00      0.00  migration/3
18:30:39        0        47    0.00    0.00    0.00    0.00    0.00     3      0.00      0.00       0       0   0.00      6.00      0.00  kworker/u16:1-events_power_efficient
18:30:39        0        52    0.00    0.00    0.00    0.00    0.00     1      0.00      0.00       0       0   0.00      2.00      0.00  kcompactd0
18:30:39        0       193    0.00    0.00    0.00    0.00    0.00     3      0.00      0.00       0       0   0.00      6.00      0.00  kworker/3:2-events
18:30:39        0       211    0.00    0.00    0.00    0.00    0.00     2      0.00      0.00       0       0   0.00      2.00      0.00  kworker/2:3-events
18:30:39        0       241    0.00    0.00    0.00    0.00    0.00     1      0.00      0.00  288968   27108   0.34      1.00      0.00  multipathd
18:30:39        0       382    0.00    0.00    0.00    0.00    0.00     1      0.00      0.00       0       0   0.00      1.00      0.00  kworker/1:3-mm_percpu_wq
18:30:39        0       592    0.00    0.00    0.00    0.00    0.00     3      0.00      0.00   83064    4716   0.06      1.00      0.00  irqbalance
18:30:39     1000      1462    0.00    0.00    0.00    0.00    0.00     1      0.00      0.00   32140   21876   0.28      2.00      0.00  python3
18:30:39     1000      1466    0.00    0.00    0.00    0.00    0.00     1      0.00      0.00    9900    3356   0.04      1.00      0.00  vmstat
18:30:39     1000      1467    0.00    0.00    0.00    0.00    0.00     1      0.00      0.00    7712    3696   0.05      1.00      2.00  pidstat
18:30:39     1000      1746  100.00    0.00    0.00    0.00  100.00     0    174.00      0.00   47820   40588   0.51      2.00      5.00  /home/ubuntu/pe

# Time        UID       PID    %usr %system  %guest   %wait    %CPU   CPU  minflt/s  majflt/s     VSZ     RSS   %MEM   cswch/s nvcswch/s  Command
18:30:40        0         9    0.00    0.00    0.00    0.00    0.00     0      0.00      0.00       0       0   0.00      2.00      0.00  kworker/0:0-events
18:30:40        0        16    0.00    0.00    0.00    0.00    0.00     2      0.00      0.00       0       0   0.00      8.00      0.00  rcu_sched
18:30:40        0        25    0.00    0.00    0.00    0.00    0.00     1      0.00      0.00       0       0   0.00      1.00      0.00  migration/1
18:30:40        0        47    0.00    0.00    0.00    0.00    0.00     3      0.00      0.00       0       0   0.00      6.00      0.00  kworker/u16:1-events_unbound
18:30:40        0        52    0.00    0.00    0.00    0.00    0.00     1      0.00      0.00       0       0   0.00      2.00      0.00  kcompactd0
18:30:40        0       193    0.00    0.00    0.00    0.00    0.00     3      0.00      0.00       0       0   0.00      6.00      0.00  kworker/3:2-events
18:30:40        0       211    0.00    0.00    0.00    0.00    0.00     2      0.00      0.00       0       0   0.00      2.00      0.00  kworker/2:3-mm_percpu_wq
18:30:40        0       241    0.00    0.00    0.00    0.00    0.00     1      0.00      0.00  288968   27108   0.34      1.00      0.00  multipathd
18:30:40        0       382    0.00    0.00    0.00    0.00    0.00     1      0.00      0.00       0       0   0.00      1.00      0.00  kworker/1:3-mm_percpu_wq
18:30:40     1000      1462    0.00    0.00    0.00    0.00    0.00     1      0.00      0.00   32140   21876   0.28      1.00      0.00  python3
18:30:40     1000      1466    0.00    0.00    0.00    0.00    0.00     1      0.00      0.00    9900    3356   0.04      1.00      0.00  vmstat
18:30:40     1000      1467    0.00    1.00    0.00    0.00    1.00     1      0.00      0.00    7712    3696   0.05      1.00      0.00  pidstat
18:30:40     1000      1746   99.00    1.00    0.00    0.00  100.00     0     49.00      0.00   47956   40716   0.51      0.00      2.00  /home/ubuntu/pe
18:30:40     1000      1754    1.00    1.00    0.00    0.00    2.00     3   1552.00      0.00 1676724   11568   0.15      3.00      1.00  hey

# Time        UID       PID    %usr %system  %guest   %wait    %CPU   CPU  minflt/s  majflt/s     VSZ     RSS   %MEM   cswch/s nvcswch/s  Command
18:30:41        0         9    0.00    0.00    0.00    0.00    0.00     0      0.00      0.00       0       0   0.00      7.00      0.00  kworker/0:0-events
18:30:41        0        16    0.00    0.00    0.00    0.00    0.00     2      0.00      0.00       0       0   0.00      2.00      0.00  rcu_sched
18:30:41        0        47    0.00    0.00    0.00    0.00    0.00     3      0.00      0.00       0       0   0.00      7.00      0.00  kworker/u16:1-events_power_efficient
18:30:41        0        52    0.00    0.00    0.00    0.00    0.00     1      0.00      0.00       0       0   0.00      2.00      0.00  kcompactd0
18:30:41        0       193    0.00    0.00    0.00    0.00    0.00     3      0.00      0.00       0       0   0.00      6.00      0.00  kworker/3:2-events
18:30:41        0       211    0.00    0.00    0.00    0.00    0.00     2      0.00      0.00       0       0   0.00      1.00      0.00  kworker/2:3-mm_percpu_wq
18:30:41        0       241    0.00    0.00    0.00    0.00    0.00     1      0.00      0.00  288968   27108   0.34      1.00      0.00  multipathd
18:30:41        0       382    0.00    0.00    0.00    0.00    0.00     1      0.00      0.00       0       0   0.00      1.00      0.00  kworker/1:3-mm_percpu_wq
18:30:41        0       599    0.00    0.00    0.00    0.00    0.00     2     15.00      0.00 1833076   20900   0.26      0.00      0.00  amazon-ssm-agen
18:30:41     1000      1466    0.00    0.00    0.00    0.00    0.00     1      0.00      0.00    9900    3356   0.04      1.00      0.00  vmstat
18:30:41     1000      1467    0.00    0.00    0.00    0.00    0.00     1      0.00      0.00    7712    3696   0.05      1.00      0.00  pidstat
18:30:41     1000      1746   99.00    1.00    0.00    0.00  100.00     0      0.00      0.00   47956   40716   0.51      0.00      7.00  /home/ubuntu/pe
18:30:41     1000      1754    1.00    1.00    0.00    0.00    2.00     3    325.00      0.00 1676724   12720   0.16      0.00      0.00  hey

# Time        UID       PID    %usr %system  %guest   %wait    %CPU   CPU  minflt/s  majflt/s     VSZ     RSS   %MEM   cswch/s nvcswch/s  Command
18:30:42        0         9    0.00    0.00    0.00    0.00    0.00     0      0.00      0.00       0       0   0.00      3.00      0.00  kworker/0:0-events
18:30:42        0        16    0.00    0.00    0.00    0.00    0.00     3      0.00      0.00       0       0   0.00     53.00      0.00  rcu_sched
18:30:42        0        25    0.00    0.00    0.00    0.00    0.00     1      0.00      0.00       0       0   0.00      2.00      0.00  migration/1
18:30:42        0        32    0.00    0.00    0.00    0.00    0.00     2      0.00      0.00       0       0   0.00      1.00      0.00  ksoftirqd/2
18:30:42        0        47    0.00    1.00    0.00    0.00    1.00     3      0.00      0.00       0       0   0.00      6.00      0.00  kworker/u16:1-events_power_efficient
18:30:42        0        49    0.00    0.00    0.00    0.00    0.00     2      0.00      0.00       0       0   0.00      1.00      0.00  kworker/u16:2-events_power_efficient
18:30:42        0        52    0.00    0.00    0.00    0.00    0.00     1      0.00      0.00       0       0   0.00      2.00      0.00  kcompactd0
18:30:42        0       193    0.00    0.00    0.00    0.00    0.00     3      0.00      0.00       0       0   0.00      7.00      0.00  kworker/3:2-events
18:30:42        0       211    0.00    0.00    0.00    0.00    0.00     2      0.00      0.00       0       0   0.00      3.00      0.00  kworker/2:3-mm_percpu_wq
18:30:42        0       241    0.00    0.00    0.00    0.00    0.00     1      0.00      0.00  288968   27108   0.34      1.00      0.00  multipathd
18:30:42        0       382    0.00    0.00    0.00    0.00    0.00     1      0.00      0.00       0       0   0.00      1.00      0.00  kworker/1:3-mm_percpu_wq
18:30:42     1000      1442    0.00    0.00    0.00    0.00    0.00     1      0.00      0.00   15008    7192   0.09      1.00      0.00  sshd
18:30:42     1000      1462    0.00    0.00    0.00    0.00    0.00     1      1.00      0.00   32140   21876   0.28     11.00      0.00  python3
18:30:42     1000      1466    0.00    0.00    0.00    0.00    0.00     1      0.00      0.00    9900    3356   0.04      1.00      0.00  vmstat
18:30:42     1000      1467    0.00    1.00    0.00    0.00    1.00     1      0.00      0.00    7712    3696   0.05      1.00      0.00  pidstat
18:30:42     1000      1761    0.00    0.00    0.00    0.00    0.00     0    146.00      0.00    2704    1464   0.02      1.00      1.00  time
18:30:42     1000      1762   52.00    2.00    0.00    0.00   54.00     0   8406.00      0.00   49996   42692   0.54      5.00      1.00  /home/ubuntu/pa
18:30:42     1000      1763    0.00    0.00    0.00    0.00    0.00     2   1397.00      0.00 1676980   10800   0.14      4.00      4.00  hey

# Time        UID       PID    %usr %system  %guest   %wait    %CPU   CPU  minflt/s  majflt/s     VSZ     RSS   %MEM   cswch/s nvcswch/s  Command
18:30:43        0         9    0.00    0.00    0.00    0.00    0.00     0      0.00      0.00       0       0   0.00      7.00      0.00  kworker/0:0-events
18:30:43        0        16    0.00    0.00    0.00    0.00    0.00     2      0.00      0.00       0       0   0.00      8.00      0.00  rcu_sched
18:30:43        0        19    0.00    0.00    0.00    0.00    0.00     0      0.00      0.00       0       0   0.00      1.00      0.00  migration/0
18:30:43        0        25    0.00    0.00    0.00    0.00    0.00     1      0.00      0.00       0       0   0.00      2.00      0.00  migration/1
18:30:43        0        31    0.00    0.00    0.00    0.00    0.00     2      0.00      0.00       0       0   0.00      1.00      0.00  migration/2
18:30:43        0        32    0.00    0.00    0.00    0.00    0.00     2      0.00      0.00       0       0   0.00      1.00      0.00  ksoftirqd/2
18:30:43        0        37    0.00    0.00    0.00    0.00    0.00     3      0.00      0.00       0       0   0.00      1.00      0.00  migration/3
18:30:43        0        47    0.00    0.00    0.00    0.00    0.00     3      0.00      0.00       0       0   0.00      2.00      0.00  kworker/u16:1-events_power_efficient
18:30:43        0        49    0.00    0.00    0.00    0.00    0.00     2      0.00      0.00       0       0   0.00      8.00      0.00  kworker/u16:2-ext4-rsv-conversion
18:30:43        0        52    0.00    0.00    0.00    0.00    0.00     1      0.00      0.00       0       0   0.00      2.00      0.00  kcompactd0
18:30:43        0       193    0.00    0.00    0.00    0.00    0.00     3      0.00      0.00       0       0   0.00      1.00      0.00  kworker/3:2-mm_percpu_wq
18:30:43        0       211    0.00    0.00    0.00    0.00    0.00     2      0.00      0.00       0       0   0.00      6.00      0.00  kworker/2:3-events
18:30:43        0       241    0.00    0.00    0.00    0.00    0.00     1      0.00      0.00  288968   27108   0.34      1.00      0.00  multipathd
18:30:43        0       382    0.00    0.00    0.00    0.00    0.00     1      0.00      0.00       0       0   0.00      1.00      0.00  kworker/1:3-mm_percpu_wq
18:30:43     1000      1462    0.00    1.00    0.00    0.00    1.00     1      0.00      0.00   32140   21876   0.28      3.00      0.00  python3
18:30:43     1000      1466    0.00    0.00    0.00    0.00    0.00     1      0.00      0.00    9900    3356   0.04      1.00      0.00  vmstat
18:30:43     1000      1467    0.00    0.00    0.00    0.00    0.00     1      0.00      0.00    7712    3696   0.05      1.00      0.00  pidstat
18:30:43     1000      1762   99.00    0.00    0.00    0.00   99.00     0     84.00      0.00   50432   43076   0.54      2.00      8.00  /home/ubuntu/pa
18:30:43     1000      1770    0.00    0.00    0.00    0.00    0.00     3   1355.00      0.00 1676980   10560   0.13      3.00      2.00  hey

# Time        UID       PID    %usr %system  %guest   %wait    %CPU   CPU  minflt/s  majflt/s     VSZ     RSS   %MEM   cswch/s nvcswch/s  Command
18:30:44        0         9    0.00    0.00    0.00    0.00    0.00     0      0.00      0.00       0       0   0.00      2.00      0.00  kworker/0:0-events
18:30:44        0        49    0.00    0.00    0.00    0.00    0.00     2      0.00      0.00       0       0   0.00      6.00      0.00  kworker/u16:2-events_power_efficient
18:30:44        0        52    0.00    0.00    0.00    0.00    0.00     1      0.00      0.00       0       0   0.00      2.00      0.00  kcompactd0
18:30:44        0       161    0.00    0.00    0.00    0.00    0.00     0      0.00      0.00       0       0   0.00      1.00      0.00  kworker/0:1H-kblockd
18:30:44        0       193    0.00    0.00    0.00    0.00    0.00     3      0.00      0.00       0       0   0.00      1.00      0.00  kworker/3:2-mm_percpu_wq
18:30:44        0       211    0.00    0.00    0.00    0.00    0.00     2      0.00      0.00       0       0   0.00      6.00      0.00  kworker/2:3-events
18:30:44        0       241    0.00    0.00    0.00    0.00    0.00     1      0.00      0.00  288968   27108   0.34      1.00      0.00  multipathd
18:30:44     1000      1466    0.00    0.00    0.00    0.00    0.00     1      0.00      0.00    9900    3356   0.04      1.00      0.00  vmstat
18:30:44     1000      1467    0.00    1.00    0.00    0.00    1.00     1      0.00      0.00    7712    3696   0.05      1.00      0.00  pidstat
18:30:44     1000      1762   99.00    1.00    0.00    0.00  100.00     0      2.00      0.00   50432   43076   0.54      0.00      3.00  /home/ubuntu/pa
18:30:44     1000      1770    1.00    1.00    0.00    0.00    2.00     3    353.00      0.00 1750712   11840   0.15      0.00      0.00  hey

# Time        UID       PID    %usr %system  %guest   %wait    %CPU   CPU  minflt/s  majflt/s     VSZ     RSS   %MEM   cswch/s nvcswch/s  Command
18:30:45        0         9    0.00    0.00    0.00    0.00    0.00     0      0.00      0.00       0       0   0.00      7.00      0.00  kworker/0:0-events
18:30:45        0        16    0.00    0.00    0.00    0.00    0.00     3      0.00      0.00       0       0   0.00     20.00      0.00  rcu_sched
18:30:45        0        32    0.00    0.00    0.00    0.00    0.00     2      0.00      0.00       0       0   0.00      1.00      0.00  ksoftirqd/2
18:30:45        0        49    0.00    0.00    0.00    0.00    0.00     1      0.00      0.00       0       0   0.00      6.00      0.00  kworker/u16:2-events_power_efficient
18:30:45        0        52    0.00    0.00    0.00    0.00    0.00     1      0.00      0.00       0       0   0.00      2.00      0.00  kcompactd0
18:30:45        0       193    0.00    0.00    0.00    0.00    0.00     3      0.00      0.00       0       0   0.00      2.00      0.00  kworker/3:2-events
18:30:45        0       211    0.00    0.00    0.00    0.00    0.00     2      0.00      0.00       0       0   0.00      5.00      0.00  kworker/2:3-events
18:30:45        0       241    0.00    0.00    0.00    0.00    0.00     1      0.00      0.00  288968   27108   0.34      1.00      0.00  multipathd
18:30:45        0       382    0.00    0.00    0.00    0.00    0.00     1      0.00      0.00       0       0   0.00      5.00      0.00  kworker/1:3-events
18:30:45     1000      1462    0.00    0.00    0.00    0.00    0.00     1      0.00      0.00   32140   21876   0.28      3.00      0.00  python3
18:30:45     1000      1466    0.00    0.00    0.00    0.00    0.00     1      0.00      0.00    9900    3356   0.04      1.00      0.00  vmstat
18:30:45     1000      1467    0.00    0.00    0.00    0.00    0.00     1      0.00      0.00    7712    3696   0.05      1.00      1.00  pidstat

# Time        UID       PID    %usr %system  %guest   %wait    %CPU   CPU  minflt/s  majflt/s     VSZ     RSS   %MEM   cswch/s nvcswch/s  Command
18:30:46        0         9    0.00    0.00    0.00    0.00    0.00     0      0.00      0.00       0       0   0.00      2.00      0.00  kworker/0:0-events
18:30:46        0        16    0.00    0.00    0.00    0.00    0.00     1      0.00      0.00       0       0   0.00     40.00      0.00  rcu_sched
18:30:46        0        25    0.00    0.00    0.00    0.00    0.00     1      0.00      0.00       0       0   0.00      2.00      0.00  migration/1
18:30:46        0        49    0.00    0.00    0.00    0.00    0.00     1      0.00      0.00       0       0   0.00      7.00      0.00  kworker/u16:2-flush-259:0
18:30:46        0        52    0.00    0.00    0.00    0.00    0.00     1      0.00      0.00       0       0   0.00      2.00      0.00  kcompactd0
18:30:46        0       193    0.00    0.00    0.00    0.00    0.00     3      0.00      0.00       0       0   0.00      1.00      0.00  kworker/3:2-mm_percpu_wq
18:30:46        0       211    0.00    0.00    0.00    0.00    0.00     2      0.00      0.00       0       0   0.00      1.00      0.00  kworker/2:3-mm_percpu_wq
18:30:46        0       241    0.00    0.00    0.00    0.00    0.00     1      0.00      0.00  288968   27108   0.34      1.00      0.00  multipathd
18:30:46        0       382    0.00    0.00    0.00    0.00    0.00     1      0.00      0.00       0       0   0.00      6.00      0.00  kworker/1:3-events
18:30:46     1000      1462    1.00    0.00    0.00    0.00    1.00     1      4.00      0.00   32140   21876   0.28      8.00      0.00  python3
18:30:46     1000      1466    0.00    0.00    0.00    0.00    0.00     1      0.00      0.00    9900    3356   0.04      1.00      0.00  vmstat
18:30:46     1000      1467    0.00    1.00    0.00    0.00    1.00     1      0.00      0.00    7712    3696   0.05      1.00      1.00  pidstat
18:30:46     1000      1778    0.00    0.00    0.00    0.00    0.00     0    147.00      0.00    2704    1528   0.02      1.00      1.00  time
18:30:46     1000      1779   79.00    1.00    0.00    0.00   80.00     0   8393.00      0.00   49968   42724   0.54      5.00      1.00  /home/ubuntu/pa
18:30:46     1000      1780    1.00    0.00    0.00    0.00    1.00     2   1446.00      0.00 1676980   10888   0.14      5.00      4.00  hey

# Time        UID       PID    %usr %system  %guest   %wait    %CPU   CPU  minflt/s  majflt/s     VSZ     RSS   %MEM   cswch/s nvcswch/s  Command
18:30:47        0         9    0.00    0.00    0.00    1.00    0.00     0      0.00      0.00       0       0   0.00      5.00      0.00  kworker/0:0-events
18:30:47        0        16    0.00    0.00    0.00    0.00    0.00     1      0.00      0.00       0       0   0.00      8.00      0.00  rcu_sched
18:30:47        0        19    0.00    0.00    0.00    0.00    0.00     0      0.00      0.00       0       0   0.00      1.00      0.00  migration/0
18:30:47        0        25    0.00    0.00    0.00    0.00    0.00     1      0.00      0.00       0       0   0.00      2.00      0.00  migration/1
18:30:47        0        26    0.00    0.00    0.00    0.00    0.00     1      0.00      0.00       0       0   0.00      1.00      0.00  ksoftirqd/1
18:30:47        0        31    0.00    0.00    0.00    0.00    0.00     2      0.00      0.00       0       0   0.00      1.00      0.00  migration/2
18:30:47        0        37    0.00    0.00    0.00    0.00    0.00     3      0.00      0.00       0       0   0.00      1.00      0.00  migration/3
18:30:47        0        49    0.00    0.00    0.00    0.00    0.00     2      0.00      0.00       0       0   0.00      7.00      0.00  kworker/u16:2-events_power_efficient
18:30:47        0        52    0.00    0.00    0.00    0.00    0.00     1      0.00      0.00       0       0   0.00      2.00      0.00  kcompactd0
18:30:47        0       193    0.00    0.00    0.00    0.00    0.00     3      0.00      0.00       0       0   0.00      2.00      0.00  kworker/3:2-events
18:30:47        0       211    0.00    0.00    0.00    0.00    0.00     2      0.00      0.00       0       0   0.00      5.00      0.00  kworker/2:3-events
18:30:47        0       241    0.00    0.00    0.00    0.00    0.00     1      0.00      0.00  288968   27108   0.34      1.00      0.00  multipathd
18:30:47        0       382    0.00    0.00    0.00    0.00    0.00     1      0.00      0.00       0       0   0.00      3.00      0.00  kworker/1:3-mm_percpu_wq
18:30:47     1000      1462    0.00    0.00    0.00    0.00    0.00     1      0.00      0.00   32140   21876   0.28      3.00      0.00  python3
18:30:47     1000      1466    0.00    0.00    0.00    0.00    0.00     1      0.00      0.00    9900    3356   0.04      1.00      0.00  vmstat
18:30:47     1000      1467    0.00    0.00    0.00    0.00    0.00     1      0.00      0.00    7712    3696   0.05      1.00      1.00  pidstat
18:30:47     1000      1779   99.00    1.00    0.00    0.00  100.00     0     88.00      0.00   50392   43108   0.54      2.00      6.00  /home/ubuntu/pa
18:30:47     1000      1787    1.00    0.00    0.00    0.00    1.00     3   1466.00      0.00 1676788   11020   0.14      3.00      4.00  hey

# Time        UID       PID    %usr %system  %guest   %wait    %CPU   CPU  minflt/s  majflt/s     VSZ     RSS   %MEM   cswch/s nvcswch/s  Command
18:30:48        0         9    0.00    0.00    0.00    0.00    0.00     0      0.00      0.00       0       0   0.00      2.00      0.00  kworker/0:0-events
18:30:48        0        47    0.00    0.00    0.00    0.00    0.00     3      0.00      0.00       0       0   0.00      5.00      0.00  kworker/u16:1-events_power_efficient
18:30:48        0        49    0.00    0.00    0.00    0.00    0.00     2      0.00      0.00       0       0   0.00      1.00      0.00  kworker/u16:2-events_power_efficient
18:30:48        0        52    0.00    0.00    0.00    0.00    0.00     1      0.00      0.00       0       0   0.00      2.00      0.00  kcompactd0
18:30:48        0       193    0.00    1.00    0.00    0.00    1.00     3      0.00      0.00       0       0   0.00      5.00      0.00  kworker/3:2-events
18:30:48        0       211    0.00    0.00    0.00    0.00    0.00     2      0.00      0.00       0       0   0.00      1.00      0.00  kworker/2:3-mm_percpu_wq
18:30:48        0       241    0.00    0.00    0.00    0.00    0.00     1      0.00      0.00  288968   27108   0.34      1.00      0.00  multipathd
18:30:48        0       382    0.00    0.00    0.00    0.00    0.00     1      0.00      0.00       0       0   0.00      1.00      0.00  kworker/1:3-mm_percpu_wq
18:30:48     1000      1466    0.00    0.00    0.00    0.00    0.00     1      0.00      0.00    9900    3356   0.04      1.00      0.00  vmstat
18:30:48     1000      1467    1.00    1.00    0.00    0.00    2.00     1      0.00      0.00    7712    3696   0.05      1.00      1.00  pidstat
18:30:48     1000      1779   99.00    1.00    0.00    0.00  100.00     0      0.00      0.00   50392   43108   0.54      0.00      2.00  /home/ubuntu/pa
18:30:48     1000      1787    1.00    1.00    0.00    0.00    2.00     3    344.00      0.00 1677044   12300   0.16      0.00      0.00  hey

# Time        UID       PID    %usr %system  %guest   %wait    %CPU   CPU  minflt/s  majflt/s     VSZ     RSS   %MEM   cswch/s nvcswch/s  Command
18:30:49        0         9    0.00    0.00    0.00    0.00    0.00     0      0.00      0.00       0       0   0.00      5.00      0.00  kworker/0:0-events
18:30:49        0        16    0.00    1.00    0.00    0.00    1.00     3      0.00      0.00       0       0   0.00     46.00      0.00  rcu_sched
18:30:49        0        25    0.00    0.00    0.00    0.00    0.00     1      0.00      0.00       0       0   0.00      1.00      0.00  migration/1
18:30:49        0        32    0.00    0.00    0.00    0.00    0.00     2      0.00      0.00       0       0   0.00      1.00      0.00  ksoftirqd/2
18:30:49        0        47    0.00    0.00    0.00    0.00    0.00     1      0.00      0.00       0       0   0.00      9.00      0.00  kworker/u16:1-events_power_efficient
18:30:49        0        52    0.00    0.00    0.00    0.00    0.00     1      0.00      0.00       0       0   0.00      2.00      0.00  kcompactd0
18:30:49        0       193    0.00    0.00    0.00    0.00    0.00     3      0.00      0.00       0       0   0.00      5.00      0.00  kworker/3:2-events
18:30:49        0       211    0.00    0.00    0.00    0.00    0.00     2      0.00      0.00       0       0   0.00      3.00      0.00  kworker/2:3-events
18:30:49        0       241    0.00    0.00    0.00    0.00    0.00     1      0.00      0.00  288968   27108   0.34      2.00      0.00  multipathd
18:30:49        0       382    0.00    0.00    0.00    0.00    0.00     1      0.00      0.00       0       0   0.00      4.00      0.00  kworker/1:3-events
18:30:49        0       592    0.00    1.00    0.00    0.00    1.00     3      0.00      0.00   83064    4716   0.06      1.00      0.00  irqbalance
18:30:49     1000      1462    0.00    0.00    0.00    0.00    0.00     1      0.00      0.00   32140   21876   0.28      6.00      0.00  python3
18:30:49     1000      1466    0.00    0.00    0.00    0.00    0.00     1      0.00      0.00    9900    3356   0.04      1.00      0.00  vmstat
18:30:49     1000      1467    0.00    0.00    0.00    0.00    0.00     1      0.00      0.00    7712    3696   0.05      1.00      1.00  pidstat
18:30:49     1000      1794    0.00    0.00    0.00    0.00    0.00     0    144.00      0.00    2704    1464   0.02      1.00      1.00  time
18:30:49     1000      1795   12.00    1.00    0.00    0.00   13.00     0   7611.00      0.00   46820   39672   0.50      1.00      0.00  /home/ubuntu/pe

# Time        UID       PID    %usr %system  %guest   %wait    %CPU   CPU  minflt/s  majflt/s     VSZ     RSS   %MEM   cswch/s nvcswch/s  Command
18:30:50        0         9    0.00    0.00    0.00    0.00    0.00     0      0.00      0.00       0       0   0.00      2.00      0.00  kworker/0:0-events
18:30:50        0        16    0.00    0.00    0.00    0.00    0.00     3      0.00      0.00       0       0   0.00     11.00      0.00  rcu_sched
18:30:50        0        25    0.00    0.00    0.00    0.00    0.00     1      0.00      0.00       0       0   0.00      1.00      0.00  migration/1
18:30:50        0        47    0.00    0.00    0.00    0.00    0.00     1      0.00      0.00       0       0   0.00      5.00      0.00  kworker/u16:1-events_power_efficient
18:30:50        0        52    0.00    0.00    0.00    0.00    0.00     1      0.00      0.00       0       0   0.00      2.00      0.00  kcompactd0
18:30:50        0       136    0.00    0.00    0.00    0.00    0.00     3      0.00      0.00       0       0   0.00      1.00      0.00  jbd2/nvme0n1p1-8
18:30:50        0       193    0.00    0.00    0.00    0.00    0.00     3      0.00      0.00       0       0   0.00      1.00      0.00  kworker/3:2-mm_percpu_wq
18:30:50        0       211    0.00    0.00    0.00    0.00    0.00     2      0.00      0.00       0       0   0.00      1.00      0.00  kworker/2:3-mm_percpu_wq
18:30:50        0       241    0.00    0.00    0.00    0.00    0.00     1      0.00      0.00  288968   27108   0.34      1.00      0.00  multipathd
18:30:50        0       382    0.00    0.00    0.00    0.00    0.00     1      0.00      0.00       0       0   0.00      6.00      0.00  kworker/1:3-events
18:30:50     1000      1462    0.00    0.00    0.00    0.00    0.00     1      0.00      0.00   32140   21876   0.28      2.00      0.00  python3
18:30:50     1000      1466    0.00    0.00    0.00    0.00    0.00     1      0.00      0.00    9900    3356   0.04      1.00      0.00  vmstat
18:30:50     1000      1467    0.00    1.00    0.00    0.00    1.00     1      0.00      0.00    7712    3696   0.05      1.00      1.00  pidstat
18:30:50     1000      1795   80.00   10.00    0.00    0.00   90.00     0    112.00      0.00   47216   40184   0.51     23.00      2.00  /home/ubuntu/pe
18:30:50     1000      1796   82.00   10.00    0.00    0.00   92.00     2   4125.00      1.00   26864   21704   0.27    786.00      3.00  perl

# Time        UID       PID    %usr %system  %guest   %wait    %CPU   CPU  minflt/s  majflt/s     VSZ     RSS   %MEM   cswch/s nvcswch/s  Command
18:30:51        0         9    0.00    0.00    0.00    0.00    0.00     0      0.00      0.00       0       0   0.00      5.00      0.00  kworker/0:0-events
18:30:51        0        19    0.00    0.00    0.00    0.00    0.00     0      0.00      0.00       0       0   0.00      1.00      0.00  migration/0
18:30:51        0        25    0.00    0.00    0.00    0.00    0.00     1      0.00      0.00       0       0   0.00      1.00      0.00  migration/1
18:30:51        0        31    0.00    0.00    0.00    0.00    0.00     2      0.00      0.00       0       0   0.00      1.00      0.00  migration/2
18:30:51        0        37    0.00    0.00    0.00    0.00    0.00     3      0.00      0.00       0       0   0.00      1.00      0.00  migration/3
18:30:51        0        47    0.00    0.00    0.00    0.00    0.00     3      0.00      0.00       0       0   0.00      8.00      0.00  kworker/u16:1-events_power_efficient
18:30:51        0        52    0.00    0.00    0.00    0.00    0.00     1      0.00      0.00       0       0   0.00      2.00      0.00  kcompactd0
18:30:51        0       136    0.00    0.00    0.00    0.00    0.00     3      0.00      0.00       0       0   0.00      2.00      0.00  jbd2/nvme0n1p1-8
18:30:51        0       193    0.00    0.00    0.00    0.00    0.00     3      0.00      0.00       0       0   0.00      5.00      0.00  kworker/3:2-events
18:30:51        0       211    0.00    0.00    0.00    0.00    0.00     2      0.00      0.00       0       0   0.00      1.00      0.00  kworker/2:3-mm_percpu_wq
18:30:51        0       241    0.00    0.00    0.00    0.00    0.00     1      0.00      0.00  288968   27108   0.34      1.00      0.00  multipathd
18:30:51        0       382    0.00    0.00    0.00    0.00    0.00     1      0.00      0.00       0       0   0.00      2.00      0.00  kworker/1:3-events
18:30:51     1000      1466    0.00    0.00    0.00    0.00    0.00     1      0.00      0.00    9900    3356   0.04      1.00      0.00  vmstat
18:30:51     1000      1467    0.00    0.00    0.00    0.00    0.00     1      0.00      0.00    7712    3696   0.05      1.00      1.00  pidstat
18:30:51     1000      1795   91.00    9.00    0.00    0.00  100.00     0      0.00      0.00   47216   40184   0.51      1.00      6.00  /home/ubuntu/pe
18:30:51     1000      1796   85.00   10.00    0.00    0.00   95.00     2     78.00      0.00   27156   21960   0.28    789.00      3.00  perl

# Time        UID       PID    %usr %system  %guest   %wait    %CPU   CPU  minflt/s  majflt/s     VSZ     RSS   %MEM   cswch/s nvcswch/s  Command
18:30:52        0         9    0.00    0.00    0.00    0.00    0.00     0      0.00      0.00       0       0   0.00      2.00      0.00  kworker/0:0-events
18:30:52        0        47    0.00    0.00    0.00    0.00    0.00     3      0.00      0.00       0       0   0.00      5.00      0.00  kworker/u16:1-events_power_efficient
18:30:52        0        52    0.00    0.00    0.00    0.00    0.00     1      0.00      0.00       0       0   0.00      2.00      0.00  kcompactd0
18:30:52        0       193    0.00    0.00    0.00    0.00    0.00     3      0.00      0.00       0       0   0.00      5.00      0.00  kworker/3:2-events
18:30:52        0       211    0.00    0.00    0.00    0.00    0.00     2      0.00      0.00       0       0   0.00      1.00      0.00  kworker/2:3-mm_percpu_wq
18:30:52        0       241    0.00    0.00    0.00    0.00    0.00     1      0.00      0.00  288968   27108   0.34      1.00      0.00  multipathd
18:30:52      998       541    0.00    0.00    0.00    0.00    0.00     1      0.00      0.00   22432    9968   0.13      1.00      0.00  systemd-network
18:30:52     1000      1442    0.00    0.00    0.00    0.00    0.00     1      0.00      0.00   15008    7192   0.09      1.00      0.00  sshd
18:30:52     1000      1466    0.00    0.00    0.00    0.00    0.00     1      0.00      0.00    9900    3356   0.04      1.00      0.00  vmstat
18:30:52     1000      1467    1.00    0.00    0.00    0.00    1.00     1      0.00      0.00    7712    3696   0.05      1.00      1.00  pidstat
18:30:52     1000      1795   91.00    8.00    0.00    0.00   99.00     0      0.00      0.00   47216   40184   0.51      0.00      2.00  /home/ubuntu/pe
18:30:52     1000      1796   85.00   11.00    0.00    0.00   96.00     2    101.00      0.00   27616   22344   0.28    679.00      2.00  perl

# Time        UID       PID    %usr %system  %guest   %wait    %CPU   CPU  minflt/s  majflt/s     VSZ     RSS   %MEM   cswch/s nvcswch/s  Command
18:30:53        0         9    0.00    0.00    0.00    0.00    0.00     0      0.00      0.00       0       0   0.00      4.00      0.00  kworker/0:0-events
18:30:53        0        16    0.00    0.00    0.00    0.00    0.00     3      0.00      0.00       0       0   0.00     71.00      0.00  rcu_sched
18:30:53        0        25    0.00    0.00    0.00    0.00    0.00     1      0.00      0.00       0       0   0.00      2.00      0.00  migration/1
18:30:53        0        47    0.00    0.00    0.00    0.00    0.00     3      0.00      0.00       0       0   0.00      1.00      0.00  kworker/u16:1-events_power_efficient
18:30:53        0        49    0.00    0.00    0.00    0.00    0.00     1      0.00      0.00       0       0   0.00      6.00      0.00  kworker/u16:2-events_power_efficient
18:30:53        0        52    0.00    0.00    0.00    0.00    0.00     3      0.00      0.00       0       0   0.00      2.00      0.00  kcompactd0
18:30:53        0       193    0.00    0.00    0.00    0.00    0.00     3      0.00      0.00       0       0   0.00      1.00      0.00  kworker/3:2-mm_percpu_wq
18:30:53        0       211    0.00    0.00    0.00    0.00    0.00     2      0.00      0.00       0       0   0.00      2.00      0.00  kworker/2:3-events
18:30:53        0       241    0.00    0.00    0.00    0.00    0.00     1      0.00      0.00  288968   27108   0.34      1.00      0.00  multipathd
18:30:53        0       382    0.00    0.00    0.00    0.00    0.00     1      0.00      0.00       0       0   0.00      8.00      0.00  kworker/1:3-events
18:30:53      110       688    0.00    0.00    0.00    0.00    0.00     0      0.00      0.00   19416    3688   0.05      2.00      0.00  chronyd
18:30:53     1000      1462    1.00    0.00    0.00    0.00    1.00     1      0.00      0.00   32140   21876   0.28      8.00      0.00  python3
18:30:53     1000      1466    0.00    0.00    0.00    0.00    0.00     1      0.00      0.00    9900    3356   0.04      1.00      0.00  vmstat
18:30:53     1000      1467    0.00    1.00    0.00    0.00    1.00     1      0.00      0.00    7712    3696   0.05      1.00      1.00  pidstat
18:30:53     1000      1797    0.00    0.00    0.00    0.00    0.00     0    143.00      0.00    2704    1464   0.02      1.00      1.00  time
18:30:53     1000      1798   33.00    3.00    0.00    0.00   36.00     0   8024.00      0.00   48508   41456   0.52     25.00      1.00  /home/ubuntu/pa
18:30:53     1000      1799   26.00    2.00    0.00    0.00   28.00     2   4124.00      0.00   26932   21540   0.27    252.00      2.00  perl

# Time        UID       PID    %usr %system  %guest   %wait    %CPU   CPU  minflt/s  majflt/s     VSZ     RSS   %MEM   cswch/s nvcswch/s  Command
18:30:54        0         9    0.00    0.00    0.00    0.00    0.00     0      0.00      0.00       0       0   0.00      2.00      0.00  kworker/0:0-events
18:30:54        0        26    0.00    0.00    0.00    0.00    0.00     1      0.00      0.00       0       0   0.00      1.00      0.00  ksoftirqd/1
18:30:54        0        49    0.00    0.00    0.00    0.00    0.00     1      0.00      0.00       0       0   0.00      8.00      0.00  kworker/u16:2-events_power_efficient
18:30:54        0        52    0.00    0.00    0.00    0.00    0.00     3      0.00      0.00       0       0   0.00      2.00      0.00  kcompactd0
18:30:54        0       193    0.00    0.00    0.00    0.00    0.00     3      0.00      0.00       0       0   0.00      1.00      0.00  kworker/3:2-mm_percpu_wq
18:30:54        0       211    0.00    0.00    0.00    0.00    0.00     2      0.00      0.00       0       0   0.00      1.00      0.00  kworker/2:3-mm_percpu_wq
18:30:54        0       241    0.00    0.00    0.00    0.00    0.00     1      0.00      0.00  288968   27108   0.34      1.00      0.00  multipathd
18:30:54        0       382    0.00    0.00    0.00    0.00    0.00     1      0.00      0.00       0       0   0.00      6.00      0.00  kworker/1:3-events
18:30:54     1000      1466    0.00    0.00    0.00    0.00    0.00     1      0.00      0.00    9900    3356   0.04      1.00      0.00  vmstat
18:30:54     1000      1467    0.00    0.00    0.00    0.00    0.00     1      0.00      0.00    7712    3696   0.05      1.00      1.00  pidstat
18:30:54     1000      1798   91.00    9.00    0.00    0.00  100.00     0      0.00      0.00   48508   41456   0.52      2.00      2.00  /home/ubuntu/pa
18:30:54     1000      1799   81.00   10.00    0.00    0.00   91.00     2      8.00      0.00   26932   21668   0.27   1206.00      1.00  perl

# Time        UID       PID    %usr %system  %guest   %wait    %CPU   CPU  minflt/s  majflt/s     VSZ     RSS   %MEM   cswch/s nvcswch/s  Command
18:30:55        0         9    0.00    0.00    0.00    0.00    0.00     0      0.00      0.00       0       0   0.00      7.00      0.00  kworker/0:0-events
18:30:55        0        19    0.00    0.00    0.00    0.00    0.00     0      0.00      0.00       0       0   0.00      1.00      0.00  migration/0
18:30:55        0        25    0.00    0.00    0.00    0.00    0.00     1      0.00      0.00       0       0   0.00      1.00      0.00  migration/1
18:30:55        0        31    0.00    0.00    0.00    0.00    0.00     2      0.00      0.00       0       0   0.00      1.00      0.00  migration/2
18:30:55        0        37    0.00    0.00    0.00    0.00    0.00     3      0.00      0.00       0       0   0.00      1.00      0.00  migration/3
18:30:55        0        49    0.00    0.00    0.00    0.00    0.00     1      0.00      0.00       0       0   0.00      6.00      0.00  kworker/u16:2-events_power_efficient
18:30:55        0        52    0.00    0.00    0.00    0.00    0.00     3      0.00      0.00       0       0   0.00      2.00      0.00  kcompactd0
18:30:55        0       161    0.00    0.00    0.00    0.00    0.00     0      0.00      0.00       0       0   0.00      1.00      0.00  kworker/0:1H-kblockd
18:30:55        0       211    0.00    0.00    0.00    0.00    0.00     2      0.00      0.00       0       0   0.00      1.00      0.00  kworker/2:3-mm_percpu_wq
18:30:55        0       241    0.00    0.00    0.00    0.00    0.00     1      0.00      0.00  288968   27108   0.34      1.00      0.00  multipathd
18:30:55        0       382    0.00    0.00    0.00    0.00    0.00     1      0.00      0.00       0       0   0.00      6.00      0.00  kworker/1:3-events
18:30:55     1000      1466    0.00    0.00    0.00    0.00    0.00     1      0.00      0.00    9900    3356   0.04      1.00      0.00  vmstat
18:30:55     1000      1467    0.00    1.00    0.00    0.00    1.00     1      0.00      0.00    7712    3696   0.05      1.00      1.00  pidstat
18:30:55     1000      1798   92.00    8.00    0.00    0.00  100.00     0      0.00      0.00   48508   41456   0.52      0.00      8.00  /home/ubuntu/pa
18:30:55     1000      1799   82.00   11.00    0.00    0.00   93.00     2    108.00      0.00   27396   22052   0.28   1207.00      3.00  perl

# Time        UID       PID    %usr %system  %guest   %wait    %CPU   CPU  minflt/s  majflt/s     VSZ     RSS   %MEM   cswch/s nvcswch/s  Command
18:30:56        0         9    0.00    0.00    0.00    0.00    0.00     0      0.00      0.00       0       0   0.00      3.00      0.00  kworker/0:0-events
18:30:56        0        16    0.00    0.00    0.00    0.00    0.00     3      0.00      0.00       0       0   0.00     21.00      0.00  rcu_sched
18:30:56        0        26    0.00    0.00    0.00    0.00    0.00     1      0.00      0.00       0       0   0.00      1.00      0.00  ksoftirqd/1
18:30:56        0        49    0.00    0.00    0.00    0.00    0.00     1      0.00      0.00       0       0   0.00      6.00      0.00  kworker/u16:2-events_power_efficient
18:30:56        0        52    0.00    0.00    0.00    0.00    0.00     3      0.00      0.00       0       0   0.00      2.00      0.00  kcompactd0
18:30:56        0       193    0.00    0.00    0.00    0.00    0.00     3      0.00      0.00       0       0   0.00      1.00      0.00  kworker/3:2-mm_percpu_wq
18:30:56        0       211    0.00    0.00    0.00    0.00    0.00     2      0.00      0.00       0       0   0.00      2.00      0.00  kworker/2:3-events
18:30:56        0       241    0.00    0.00    0.00    0.00    0.00     1      0.00      0.00  288968   27108   0.34      1.00      0.00  multipathd
18:30:56        0       382    0.00    0.00    0.00    0.00    0.00     1      0.00      0.00       0       0   0.00      6.00      0.00  kworker/1:3-events
18:30:56     1000      1462    0.00    0.00    0.00    0.00    0.00     1      0.00      0.00   32140   21876   0.28      3.00      0.00  python3
18:30:56     1000      1466    0.00    0.00    0.00    0.00    0.00     1      0.00      0.00    9900    3356   0.04      1.00      0.00  vmstat
18:30:56     1000      1467    0.00    0.00    0.00    0.00    0.00     1      0.00      0.00    7712    3696   0.05      1.00      1.00  pidstat

# Time        UID       PID    %usr %system  %guest   %wait    %CPU   CPU  minflt/s  majflt/s     VSZ     RSS   %MEM   cswch/s nvcswch/s  Command
18:30:57        0         9    0.00    0.00    0.00    0.00    0.00     0      0.00      0.00       0       0   0.00      5.00      0.00  kworker/0:0-events
18:30:57        0        16    0.00    0.00    0.00    0.00    0.00     3      0.00      0.00       0       0   0.00     56.00      0.00  rcu_sched
18:30:57        0        25    0.00    0.00    0.00    0.00    0.00     1      0.00      0.00       0       0   0.00      2.00      0.00  migration/1
18:30:57        0        26    0.00    0.00    0.00    0.00    0.00     1      0.00      0.00       0       0   0.00      1.00      0.00  ksoftirqd/1
18:30:57        0        49    0.00    0.00    0.00    0.00    0.00     1      0.00      0.00       0       0   0.00      6.00      0.00  kworker/u16:2-events_power_efficient
18:30:57        0        52    0.00    0.00    0.00    0.00    0.00     3      0.00      0.00       0       0   0.00      2.00      0.00  kcompactd0
18:30:57        0       211    0.00    0.00    0.00    0.00    0.00     2      0.00      0.00       0       0   0.00      2.00      0.00  kworker/2:3-events
18:30:57        0       241    0.00    0.00    0.00    0.00    0.00     1      0.00      0.00  288968   27108   0.34      1.00      0.00  multipathd
18:30:57        0       382    0.00    0.00    0.00    0.00    0.00     1      0.00      0.00       0       0   0.00      6.00      0.00  kworker/1:3-events
18:30:57     1000      1462    0.00    0.00    0.00    0.00    0.00     1      0.00      0.00   32140   21876   0.28      5.00      0.00  python3
18:30:57     1000      1466    0.00    0.00    0.00    0.00    0.00     1      0.00      0.00    9900    3356   0.04      1.00      0.00  vmstat
18:30:57     1000      1467    0.00    1.00    0.00    0.00    1.00     1      0.00      0.00    7712    3696   0.05      1.00      1.00  pidstat
18:30:57     1000      1800    0.00    0.00    0.00    0.00    0.00     0    144.00      0.00    2704    1464   0.02      1.00      1.00  time
18:30:57     1000      1801   63.00    5.00    0.00    0.00   68.00     0   8018.00      0.00   48536   41288   0.52     24.00      4.00  /home/ubuntu/pa
18:30:57     1000      1802   52.00    7.00    0.00    0.00   59.00     2   4124.00      0.00   26900   21592   0.27    569.00      4.00  perl

# Time        UID       PID    %usr %system  %guest   %wait    %CPU   CPU  minflt/s  majflt/s     VSZ     RSS   %MEM   cswch/s nvcswch/s  Command
18:30:58        0         9    0.00    0.00    0.00    0.00    0.00     0      0.00      0.00       0       0   0.00      2.00      0.00  kworker/0:0-events
18:30:58        0        26    0.00    0.00    0.00    0.00    0.00     1      0.00      0.00       0       0   0.00      1.00      0.00  ksoftirqd/1
18:30:58        0        47    0.00    0.00    0.00    0.00    0.00     3      0.00      0.00       0       0   0.00      1.00      0.00  kworker/u16:1-events_power_efficient
18:30:58        0        49    0.00    0.00    0.00    0.00    0.00     1      0.00      0.00       0       0   0.00      5.00      0.00  kworker/u16:2-events_power_efficient
18:30:58        0        52    0.00    0.00    0.00    0.00    0.00     3      0.00      0.00       0       0   0.00      2.00      0.00  kcompactd0
18:30:58        0       193    0.00    0.00    0.00    0.00    0.00     3      0.00      0.00       0       0   0.00      1.00      0.00  kworker/3:2-mm_percpu_wq
18:30:58        0       211    0.00    0.00    0.00    0.00    0.00     2      0.00      0.00       0       0   0.00      1.00      0.00  kworker/2:3-mm_percpu_wq
18:30:58        0       241    0.00    0.00    0.00    0.00    0.00     1      0.00      0.00  288968   27108   0.34      1.00      0.00  multipathd
18:30:58        0       382    0.00    0.00    0.00    0.00    0.00     1      0.00      0.00       0       0   0.00      5.00      0.00  kworker/1:3-events
18:30:58     1000      1466    0.00    0.00    0.00    0.00    0.00     1      0.00      0.00    9900    3356   0.04      1.00      0.00  vmstat
18:30:58     1000      1467    0.00    0.00    0.00    0.00    0.00     1      0.00      0.00    7712    3696   0.05      1.00      1.00  pidstat
18:30:58     1000      1801   92.00    9.00    0.00    0.00  101.00     0      0.00      0.00   48536   41288   0.52      3.00      2.00  /home/ubuntu/pa
18:30:58     1000      1802   84.00    9.00    0.00    0.00   93.00     2     47.00      0.00   27068   21848   0.28   1057.00      1.00  perl

# Time        UID       PID    %usr %system  %guest   %wait    %CPU   CPU  minflt/s  majflt/s     VSZ     RSS   %MEM   cswch/s nvcswch/s  Command
18:30:59        0         9    0.00    0.00    0.00    0.00    0.00     0      0.00      0.00       0       0   0.00      5.00      0.00  kworker/0:0-events
18:30:59        0        16    0.00    0.00    0.00    0.00    0.00     3      0.00      0.00       0       0   0.00      2.00      0.00  rcu_sched
18:30:59        0        19    0.00    0.00    0.00    0.00    0.00     0      0.00      0.00       0       0   0.00      1.00      0.00  migration/0
18:30:59        0        25    0.00    0.00    0.00    0.00    0.00     1      0.00      0.00       0       0   0.00      1.00      0.00  migration/1
18:30:59        0        31    0.00    0.00    0.00    0.00    0.00     2      0.00      0.00       0       0   0.00      1.00      0.00  migration/2
18:30:59        0        37    0.00    0.00    0.00    0.00    0.00     3      0.00      0.00       0       0   0.00      1.00      0.00  migration/3
18:30:59        0        47    0.00    0.00    0.00    0.00    0.00     3      0.00      0.00       0       0   0.00     12.00      0.00  kworker/u16:1-events_unbound
18:30:59        0        52    0.00    0.00    0.00    0.00    0.00     3      0.00      0.00       0       0   0.00      2.00      0.00  kcompactd0
18:30:59        0       193    0.00    0.00    0.00    0.00    0.00     3      0.00      0.00       0       0   0.00      5.00      0.00  kworker/3:2-events
18:30:59        0       211    0.00    0.00    0.00    0.00    0.00     2      0.00      0.00       0       0   0.00      2.00      0.00  kworker/2:3-events
18:30:59        0       241    0.00    0.00    0.00    0.00    0.00     1      0.00      0.00  288968   27108   0.34      1.00      0.00  multipathd
18:30:59        0       592    0.00    0.00    0.00    0.00    0.00     3      0.00      0.00   83064    4716   0.06      1.00      0.00  irqbalance
18:30:59     1000      1466    0.00    0.00    0.00    0.00    0.00     1      0.00      0.00    9900    3356   0.04      1.00      0.00  vmstat
18:30:59     1000      1467    0.00    0.00    0.00    0.00    0.00     1      0.00      0.00    7712    3696   0.05      1.00      1.00  pidstat
18:30:59     1000      1801   90.00   10.00    0.00    0.00  100.00     0      0.00      0.00   48536   41288   0.52      0.00      6.00  /home/ubuntu/pa
18:30:59     1000      1802   85.00    9.00    0.00    0.00   94.00     2    118.00      0.00   27556   22360   0.28   1009.00      4.00  perl
