--procs-- -----------------------memory---------------------- ---swap-- -----io---- -system-- ----------cpu----------
   r    b         swpd         free         buff        cache   si   so    bi    bo   in   cs  us  sy  id  wa  st  gu
   4    0            0      7282460        23308       295192    0    0   741   180 2290   14   8   2  90   0   0   0
   1    0            0      7286396        23308       296304    0    0     0     0 2126 2209  21   4  75   0   0   0
   1    0            0      7286988        23308       296308    0    0     0     8 2585 3099  23   4  73   0   0   0
   1    0            0      7280512        23308       296312    0    0     0    20 2493 2928  24   3  73   0   0   0
   1    0            0      7270764        23308       296312    0    0     0     0 2516 3028  24   3  73   0   0   0
   1    0            0      7263184        23308       296316    0    0     0     0 2481 2933  24   3  73   0   0   0
   1    0            0      7254600        23308       296316    0    0     0     0 2601 3122  24   3  73   0   0   0
   1    0            0      7247080        23308       296320    0    0     0     0 2485 2926  23   4  73   0   0   0
   2    0            0      7247248        23308       296320    0    0     0    28 2581 3143  24   4  73   0   0   0
   1    0            0      7253924        23308       296324    0    0     0     0 2462 2942  23   3  73   0   0   0
   1    0            0      7249532        23308       296324    0    0     0     0 2542 3087  24   4  73   0   0   0
   1    0            0      7247168        23308       296328    0    0     0     0 2493 2933  24   3  73   0   0   0
   2    0            0      7315936        23308       296392    0    0     0  1024 1442 1418  13   3  84   0   0   0
   1    0            0      7291812        23308       296392    0    0     0    20 2154 2213  24   4  73   0   0   0
   1    0            0      7288380        23308       296400    0    0     0     0 2224 2293  24   3  73   0   0   0
   1    0            0      7290408        23308       296400    0    0     0     0 2328 2652  24   3  73   0   0   0
   1    0            0      7281004        23308       296404    0    0     0     0 2411 2818  24   3  73   0   0   0
   1    0            0      7270052        23308       296408    0    0     0     0 2505 2919  24   4  73   0   0   0
   1    0            0      7257100        23308       296408    0    0     0     0 2486 3021  23   4  73   0   0   0
   1    0            0      7248212        23308       296412    0    0     0    60 2416 2842  23   4  73   0   0   0
   1    0            0      7253288        23308       296412    0    0     0     0 2465 3001  24   3  73   0   0   0
--procs-- -----------------------memory---------------------- ---swap-- -----io---- -system-- ----------cpu----------
   r    b         swpd         free         buff        cache   si   so    bi    bo   in   cs  us  sy  id  wa  st  gu
   1    0            0      7250340        23308       296416    0    0     0     0 2381 2884  23   3  73   0   0   0
   1    0            0      7246340        23308       296416    0    0     0     0 2457 2930  24   3  73   0   0   0
   1    0            0      7247172        23308       296420    0    0     0     0 2468 2952  24   3  73   0   0   0
   1    0            0      7290872        23308       296432    0    0     0  1048 2290 3043  13   4  83   0   0   0
   3    0            0      7292012        23308       296440    0    0     0     0 6208 10806  22   9  68   0   0   0
   3    0            0      7258156        23308       296444    0    0     0     0 6419 11389  23   8  68   0   0   0
   1    0            0      7241304        23308       296448    0    0     0     0 6452 11697  23   9  68   0   0   0
   1    0            0      7244464        23308       296448    0    0     0     0 6299 11412  24   8  68   0   0   0
   4    0            0      7244248        23316       296452    0    0     0   104 6345 11570  23   9  68   0   0   0
   2    0            0      7244524        23316       296452    0    0     0     0 6352 11472  23   9  68   0   0   0
   2    0            0      7236496        23316       296460    0    0     0     0 6448 11572  22   9  69   0   0   0
   2    0            0      7238552        23316       296460    0    0     0     0 6072 10680  23   8  69   0   0   0
   2    0            0      7243108        23316       296464    0    0     0   100 6094 10595  22  10  68   0   0   0
   2    0            0      7244644        23316       296464    0    0     0   176 5850 10212  24   8  69   0   0   0
   1    0            0      7344176        23320       296476    0    0     0     0 5046 8958  19   7  75   0   0   0
   2    0            0      7281416        23320       296480    0    0     0  1024 4110 6601  18   6  76   0   0   0
   4    0            0      7275152        23320       296488    0    0     0     0 6217 10419  23   9  68   0   0   0
   2    0            0      7243436        23320       296492    0    0     0     0 6329 11077  22  10  68   0   0   0
   2    0            0      7241492        23320       296492    0    0     0     0 6236 11138  23   9  68   0   0   0
   2    0            0      7239252        23320       296496    0    0     0     0 6379 11553  22  10  68   0   0   0
   2    0            0      7243108        23320       296496    0    0     0     0 6286 11300  24   8  68   0   0   0
--procs-- -----------------------memory---------------------- ---swap-- -----io---- -system-- ----------cpu----------
   r    b         swpd         free         buff        cache   si   so    bi    bo   in   cs  us  sy  id  wa  st  gu
   2    0            0      7241232        23320       296500    0    0     0     0 6232 11190  23   8  69   0   0   0
   2    0            0      7240712        23320       296500    0    0     0     0 6234 11196  23   9  68   0   0   0
   2    0            0      7243052        23320       296504    0    0     0    24 6125 10803  23   8  69   0   0   0
   2    0            0      7238184        23320       296508    0    0     0     0 6234 11254  24   9  67   0   0   0
   2    0            0      7223028        23320       296520    0    0     0     4 6550 11839  28  11  61   0   0   0
   2    0            0      7305308        23320       296544    0    0     0     0 3001 4961  13   5  82   0   0   0
   2    0            0      7282268        23320       296548    0    0     0  1024 2236 2312  23   4  74   0   0   0
   1    0            0      7282084        23320       296556    0    0     0     0 2433 2763  23   4  73   0   0   0
   1    0            0      7284676        23320       296556    0    0     0     0 2535 3109  24   3  73   0   0   0
   1    0            0      7278148        23320       296560    0    0     0     0 2600 3255  24   3  73   0   0   0
   1    0            0      7266720        23320       296560    0    0     0     0 2662 3452  24   3  73   0   0   0
   1    0            0      7254900        23320       296564    0    0     0     0 2603 3352  24   3  73   0   0   0
   1    0            0      7258032        23320       296564    0    0     0    12 2512 3015  24   3  73   0   0   0
   1    0            0      7247128        23320       296568    0    0     0     0 2632 3296  23   4  73   0   0   0
   1    0            0      7246840        23320       296572    0    0     0     0 2588 3300  24   3  73   0   0   0
   1    0            0      7250520        23320       296572    0    0     0     0 2529 3168  24   3  73   0   0   0
   1    0            0      7244776        23320       296576    0    0     0     0 2638 3392  24   3  73   0   0   0
   1    0            0      7288000        23332       296588    0    0     0  1128 1415 1292  13   2  84   0   0   0
   1    0            0      7293552        23332       296596    0    0     0     4 2343 2589  23   4  73   0   0   0
   1    0            0      7291740        23332       296600    0    0     0     0 2409 2868  24   3  73   0   0   0
   1    0            0      7284836        23332       296600    0    0     0     0 2625 3211  24   3  73   0   0   0
--procs-- -----------------------memory---------------------- ---swap-- -----io---- -system-- ----------cpu----------
   r    b         swpd         free         buff        cache   si   so    bi    bo   in   cs  us  sy  id  wa  st  gu
   1    0            0      7276596        23332       296604    0    0     0     0 2699 3445  24   3  73   0   0   0
   1    0            0      7265692        23332       296608    0    0     0     0 2624 3343  24   3  73   0   0   0
   1    0            0      7255204        23332       296612    0    0     0    88 2567 3129  24   3  73   0   0   0
   1    0            0      7249068        23332       296612    0    0     0     0 2507 3035  24   3  73   0   0   0
   1    0            0      7249748        23332       296616    0    0     0     0 2451 2913  23   4  73   0   0   0
   1    0            0      7250416        23332       296616    0    0     0     0 2378 2838  23   3  73   0   0   0
   3    0            0      7254192        23332       296620    0    0     0     0 2466 3009  24   3  73   0   0   0
   0    0            0      7345688        23332       296628    0    0     0    16 2307 2601  21   3  76   0   0   0
   1    0            0      7293440        23332       296636    0    0     0  1024 1390 1169  16   3  82   0   0   0
   1    0            0      7292536        23336       296644    0    0     0     0 2332 2446  24   3  73   0   0   0
   1    0            0      7286056        23336       296644    0    0     0     0 2304 2602  24   3  73   0   0   0
   1    0            0      7277528        23336       296648    0    0     0     0 2436 2853  23   4  73   0   0   0
   1    0            0      7277180        23336       296648    0    0     0     0 2371 2764  24   3  73   0   0   0
   1    0            0      7267548        23336       296656    0    0     0  2068 2488 2944  24   3  73   0   0   0
   1    0            0      7254308        23336       296656    0    0     0     4 2432 2921  24   3  74   0   0   0
   1    0            0      7245548        23336       296656    0    0     0     0 2498 2990  24   3  73   0   0   0
   1    0            0      7252876        23336       296660    0    0     0     0 2356 2795  23   4  73   0   0   0
   1    0            0      7249900        23336       296660    0    0     0    32 2386 2932  23   3  74   0   0   0
   1    0            0      7245900        23336       296664    0    0     0  1604 2393 2851  23   4  73   0   0   0
   1    0            0      7343044        23336       296672    0    0     0     0 1703 1887  15   3  82   0   0   0
   1    0            0      7299860        23336       296684    0    0     0  1024 2144 2248  22   3  75   0   0   0
--procs-- -----------------------memory---------------------- ---swap-- -----io---- -system-- ----------cpu----------
   r    b         swpd         free         buff        cache   si   so    bi    bo   in   cs  us  sy  id  wa  st  gu
   1    0            0      7302376        23336       296692    0    0     0     0 2532 3013  24   3  73   0   0   0
   1    0            0      7294604        23336       296692    0    0     0     0 2469 2923  24   3  73   0   0   0
   1    0            0      7286072        23336       296692    0    0     0     0 2564 3096  24   3  73   0   0   0
   1    0            0      7275232        23336       296696    0    0     0     0 2526 3104  24   3  73   0   0   0
   1    0            0      7261128        23336       296696    0    0     0     0 2636 3229  23   4  73   0   0   0
   1    0            0      7252468        23344       296704    0    0     0    60 2575 3157  24   3  73   0   0   0
   1    0            0      7248456        23344       296704    0    0     0    12 2598 3283  23   4  73   0   0   0
   1    0            0      7249096        23344       296704    0    0     0    80 2531 3126  24   3  73   0   0   0
   1    0            0      7250792        23344       296708    0    0     0     0 2469 3098  23   4  73   0   0   0
   2    0            0      7251848        23344       296708    0    0     0     0 2442 3024  23   4  73   0   0   0
   1    0            0      7277128        23344       296736    0    0     0  1024 1599 1600  13   3  84   0   0   0
   2    0            0      7315624        23344       296740    0    0     0     4 6293 11225  23   9  68   0   0   0
   2    0            0      7266300        23344       296744    0    0     0     0 6092 9949  23   9  68   0   0   0
   1    0            0      7244016        23344       296748    0    0     0     0 6054 10160  23   9  68   0   0   0
   1    0            0      7239864        23344       296748    0    0     0     0 6167 11064  23   8  69   0   0   0
   1    0            0      7236984        23344       296752    0    0     0     0 6109 10692  23   9  68   0   0   0
   1    0            0      7234908        23344       296752    0    0     0     0 6020 10439  23   9  68   0   0   0
   1    0            0      7238780        23344       296756    0    0     0   100 6008 10297  23   8  69   0   0   0
   1    0            0      7246716        23344       296756    0    0     0     0 6017 10467  23   8  68   0   0   0
   1    0            0      7242624        23344       296760    0    0     0     0 6053 10567  23   9  68   0   0   0
   1    0            0      7236832        23344       296760    0    0     0     0 6055 10533  23   9  69   0   0   0
--procs-- -----------------------memory---------------------- ---swap-- -----io---- -system-- ----------cpu----------
   r    b         swpd         free         buff        cache   si   so    bi    bo   in   cs  us  sy  id  wa  st  gu
   1    0            0      7244416        23344       296768    0    0     0     0 6112 10579  23   9  68   0   0   0
   1    0            0      7285912        23344       296780    0    0     0     8 9239 32388  14   7  79   0   0   0
   2    0            0      7251360        23344       296788    0    0     0     0 20321 76418  25  15  61   0   0   0
   1    0            0      7185228        23344       296788    0    0     0     0 20232 74109  25  14  61   0   0   0
   1    0            0      7162092        23344       296788    0    0     0     0 19666 73364  25  14  62   0   0   0
   2    0            0      7271952        23344       296792    0    0     0     0 19486 74011  24  14  62   0   0   0
   1    0            0      7231900        23344       296792    0    0     0     0 18876 69966  25  13  62   0   0   0
   2    0            0      7256072        23344       296800    0    0     0     0 18839 65911  23  14  63   0   0   0
   1    0            0      7259648        23344       296800    0    0     0     0 19703 71875  25  12  63   0   0   0
   4    0            0      7254828        23344       296800    0    0     0     0 17446 60705  23  14  63   0   0   0
   1    0            0      7261660        23344       296804    0    0     0     0 16572 57662  22  14  64   0   0   0
   2    0            0      7245288        23344       296804    0    0     0    32 16697 58542  22  13  64   0   0   0
   1    0            0      7323644        23344       296820    0    0     0     0 11555 40975  15   9  76   0   0   0
   1    0            0      7263860        23344       296824    0    0     0     0 15254 53301  22  12  67   0   0   0
   2    0            0      7252804        23348       296828    0    0     0     0 18118 62611  24  13  63   0   0   0
   3    0            0      7219384        23356       296836    0    0     0    60 19646 69182  24  14  62   0   0   0
   3    0            0      7249732        23356       296836    0    0     0     0 19197 66981  24  12  63   0   0   0
   4    0            0      7256212        23356       296836    0    0     0     0 19362 69421  25  12  62   0   0   0
   2    0            0      7228912        23356       296844    0    0     0     0 19225 69381  25  13  62   0   0   0
   2    0            0      7219180        23356       296992    0    0     0     8 17261 61487  31  14  55   0   0   0
   1    0            0      7251900        23356       296992    0    0     0     0 19127 66452  24  13  63   0   0   0
--procs-- -----------------------memory---------------------- ---swap-- -----io---- -system-- ----------cpu----------
   r    b         swpd         free         buff        cache   si   so    bi    bo   in   cs  us  sy  id  wa  st  gu
   1    0            0      7252824        23356       296996    0    0     0    16 19722 70655  24  13  63   0   0   0
   1    0            0      7249092        23356       297000    0    0     0     0 19496 72023  25  13  62   0   0   0
   1    0            0      7247824        23356       297000    0    0     0     0 18745 69207  25  12  63   0   0   0
   3    0            0      7304568        23356       297020    0    0     0     0 6010 18010  15   5  81   0   0   0
   1    0            0      7281548        23356       297056    0    0     0     0 9691 22373  25   8  66   0   0   0
   1    0            0      7264988        23356       297060    0    0     0     0 11230 27906  26   8  65   0   0   0
   4    0            0      7262444        23356       297060    0    0     0     0 13248 36034  26   9  65   0   0   0
   1    0            0      7247212        23356       297064    0    0     0     0 12409 31791  26   8  65   0   0   0
   1    0            0      7246704        23356       297064    0    0     0     0 13781 38000  27   9  65   0   0   0
   1    0            0      7244148        23356       297076    0    0     8     0 12578 33238  26   9  65   0   0   0
   3    0            0      7243060        23356       297080    0    0     0   108 12840 34037  26   9  65   0   0   0
   2    0            0      7240676        23356       297080    0    0     0     0 12689 34350  26   9  65   0   0   0
   3    0            0      7238828        23356       297080    0    0     0     0 13617 38470  26   9  65   0   0   0
   1    0            0      7237236        23356       297084    0    0     0     0 14319 39922  26   9  65   0   0   0
   0    0            0      7309064        23356       297104    0    0     0     0 11066 31486  21   8  72   0   0   0
   3    0            0      7282224        23356       297108    0    0     0     4 7024 16132  20   7  74   0   0   0
   3    0            0      7279716        23356       297120    0    0     0     0 11125 27581  25  10  65   0   0   0
   1    0            0      7259388        23356       297120    0    0     0     0 14019 40720  27  10  64   0   0   0
   2    0            0      7253728        23356       297120    0    0     0     0 13206 35513  26   8  65   0   0   0
   1    0            0      7240012        23356       297124    0    0     0     0 13888 38837  26  10  64   0   0   0
   1    0            0      7239312        23356       297124    0    0     0     0 14391 41224  26   9  65   0   0   0
--procs-- -----------------------memory---------------------- ---swap-- -----io---- -system-- ----------cpu----------
   r    b         swpd         free         buff        cache   si   so    bi    bo   in   cs  us  sy  id  wa  st  gu
   1    0            0      7237716        23356       297128    0    0     0     0 13281 36066  26   9  65   0   0   0
   1    0            0      7236984        23356       297128    0    0     0     0 14118 41277  27   9  64   0   0   0
   3    0            0      7237548        23356       297132    0    0     0     0 13068 34985  26  10  64   0   0   0
   1    0            0      7238776        23368       297136    0    0     0   104 14688 42651  26   9  64   0   0   0
   1    0            0      7239756        23368       297148    0    0     0     0 15035 45188  27   9  64   0   0   0
   1    0            0      7311368        23368       297160    0    0     0    32 6371 17623  15   5  81   0   0   0
   3    0            0      7295516        23368       297160    0    0     0     0 17684 63296  24  13  63   0   0   0
   1    0            0      7244456        23368       297168    0    0     0     0 18235 64179  24  13  63   0   0   0
   1    0            0      7221808        23368       297172    0    0     0  4324 19423 67602  25  13  62   0   0   0
   1    0            0      7277632        23368       297172    0    0     0     0 19682 70322  24  14  62   0   0   0
   1    0            0      7241856        23368       297180    0    0     0     0 19460 71686  25  13  62   0   0   0
   2    0            0      7260260        23368       297180    0    0     0     0 19440 72260  25  13  62   0   0   0
   1    0            0      7257088        23368       297184    0    0     0     0 19139 70447  24  13  63   0   0   0
   2    0            0      7256872        23368       297184    0    0     0     0 19259 71959  24  13  63   0   0   0
   2    0            0      7249852        23368       297188    0    0     0     0 18965 70641  26  12  62   0   0   0
   1    0            0      7260916        23368       297188    0    0     0    16 19374 71776  25  12  63   0   0   0
   0    0            0      7323388        23368       297192    0    0     0     0 19081 71560  24  13  63   0   0   0
   2    0            0      7282804        23368       297208    0    0     0     0 9547 34439  14   7  78   0   0   0
   3    0            0      7272696        23372       297220    0    0     0     0 19991 77177  24  16  61   0   0   0
   1    0            0      7232028        23372       297220    0    0     0     0 19762 76409  25  15  61   0   0   0
   1    0            0      7257400        23376       297224    0    0     0    84 19343 76155  25  14  62   0   0   0
--procs-- -----------------------memory---------------------- ---swap-- -----io---- -system-- ----------cpu----------
   r    b         swpd         free         buff        cache   si   so    bi    bo   in   cs  us  sy  id  wa  st  gu
   2    0            0      7269964        23376       297224    0    0     0     0 18910 72971  24  14  62   0   0   0
   1    0            0      7228892        23376       297228    0    0     0     0 19584 73192  25  13  62   0   0   0
   1    0            0      7252496        23376       297228    0    0     0     0 19417 72824  25  13  62   0   0   0
   3    0            0      7259172        23376       297232    0    0     0     0 19346 72256  25  13  62   0   0   0
   1    0            0      7260936        23376       297232    0    0     0    16 19371 72204  24  15  61   0   0   0
   1    0            0      7256784        23376       297236    0    0     0     0 19664 72933  25  14  62   0   0   0
   2    0            0      7248080        23376       297236    0    0     0     0 19895 72619  24  14  62   0   0   0
   1    0            0      7322940        23376       297248    0    0     0     0 11522 39341  15   8  77   0   0   0
   2    0            0      7260996        23376       297252    0    0     0     0 15813 54745  23  12  66   0   0   0
   2    0            0      7254020        23376       297268    0    0     0     0 18099 65100  24  12  63   0   0   0
   2    0            0      7220388        23376       297268    0    0     0     0 19416 69463  24  13  63   0   0   0
   1    0            0      7247944        23376       297268    0    0     0     0 19437 70950  24  13  63   0   0   0
   2    0            0      7252540        23376       297272    0    0     0     0 19696 72752  23  15  62   0   0   0
   2    0            0      7248420        23384       297272    0    0     0   164 18929 72013  25  13  61   0   0   0
   1    0            0      7253464        23384       297280    0    0     0    20 19367 72421  25  13  63   0   0   0
   1    0            0      7252100        23384       297280    0    0     0     0 19319 73061  24  14  62   0   0   0
   4    0            0      7252052        23384       297280    0    0     0     0 18898 71038  26  12  63   0   0   0
   1    0            0      7252360        23384       297284    0    0     0     0 19028 71690  25  12  63   0   0   0
   2    0            0      7247240        23384       297284    0    0     0     0 19123 72305  25  13  62   0   0   0
   3    0            0      7292180        23384       297352    0    0     0     0 8421 31418  14   7  79   0   0   0
   3    0            0      7282680        23384       297356    0    0     0     4 19687 73068  24  15  61   0   0   0
--procs-- -----------------------memory---------------------- ---swap-- -----io---- -system-- ----------cpu----------
   r    b         swpd         free         buff        cache   si   so    bi    bo   in   cs  us  sy  id  wa  st  gu
   2    0            0      7238872        23384       297364    0    0     0     0 20339 78071  24  15  61   0   0   0
   2    0            0      7223692        23384       297364    0    0     0     0 20445 75271  25  14  61   0   0   0
   1    0            0      7270648        23384       297368    0    0     0     0 19915 72681  24  13  62   0   0   0
   1    0            0      7230092        23384       297368    0    0     0     0 19393 73655  25  14  62   0   0   0
   2    0            0      7246224        23384       297372    0    0     0     0 19522 72623  24  14  62   0   0   0
   1    0            0      7247432        23384       297372    0    0     0     0 19377 72412  24  15  61   0   0   0
   1    0            0      7259372        23384       297376    0    0     0     0 19249 71281  25  14  62   0   0   0
   1    0            0      7261208        23384       297376    0    0     0     0 19360 73408  24  14  62   0   0   0
   1    0            0      7255104        23384       297380    0    0     0     0 19656 73013  25  13  62   0   0   0
   0    0            0      7313140        23384       297396    0    0     0   100 14907 54505  19  11  70   0   0   0
   1    0            0      7262308        23384       297428    0    0     0    12 6269 13567  26   9  64   0   0   0
   1    0            0      7273172        23384       297436    0    0     0     0 8930 19001  25   9  66   0   0   0
   1    0            0      7264232        23384       297444    0    0     0     0 9337 21136  25   8  67   0   0   0
   1    0            0      7257128        23384       297444    0    0     0     0 12032 31297  25  10  65   0   0   0
   3    0            0      7241528        23384       297448    0    0     0     0 13696 37526  27   9  64   0   0   0
   4    0            0      7241048        23384       297448    0    0     0     0 13747 38172  26   9  65   0   0   0
   2    0            0      7239708        23384       297452    0    0     0     0 12434 32962  26   9  66   0   0   0
   1    0            0      7238560        23384       297452    0    0     0     0 12710 33824  26  10  65   0   0   0
   3    0            0      7237576        23384       297456    0    0     0     0 12979 34645  27   8  65   0   0   0
   1    0            0      7235984        23384       297456    0    0     0    16 14218 40381  26   9  65   0   0   0
   1    0            0      7236656        23384       297460    0    0     0     0 13877 39348  26   9  65   0   0   0
--procs-- -----------------------memory---------------------- ---swap-- -----io---- -system-- ----------cpu----------
   r    b         swpd         free         buff        cache   si   so    bi    bo   in   cs  us  sy  id  wa  st  gu
   1    0            0      7314976        23384       297472    0    0     0     0 4974 11957  14   5  81   0   0   0
   1    0            0      7310544        23400       297484    0    0     0   104 5186 10516  25   2  73   0   0   0
   1    0            0      7298876        23400       297484    0    0     0     0 5218 10699  26   1  73   0   0   0
   1    0            0      7290768        23400       297484    0    0     0     0 5285 10885  25   2  73   0   0   0
   1    0            0      7287856        23400       297488    0    0     0     0 5316 10969  25   3  73   0   0   0
   1    0            0      7285184        23400       297488    0    0     0     0 5321 10914  25   2  73   0   0   0
   1    0            0      7282916        23400       297492    0    0     0     0 5244 10910  25   2  73   0   0   0
   1    0            0      7279764        23400       297492    0    0     0     0 5324 10733  25   2  73   0   0   0
   1    0            0      7277984        23408       297496    0    0     0    32 5334 10818  25   3  72   0   0   0
   1    0            0      7275196        23408       297504    0    0     0     0 5198 10612  25   2  73   0   0   0
   1    0            0      7273004        23408       297512    0    0     0     0 5267 10417  25   3  73   0   0   0
   0    0            0      7313556        23408       297516    0    0     0     0 5276 10390  24   2  74   0   0   0
   1    0            0      7304680        23408       297528    0    0     0     0 2351 4797  16   2  83   0   0   0
   1    0            0      7296500        23408       297532    0    0     0     0 4218 9775  25   2  73   0   0   0
   1    0            0      7293392        23408       297536    0    0     0     0 4001 9489  25   2  73   0   0   0
   1    0            0      7290496        23408       297536    0    0     0     0 4136 9505  25   2  73   0   0   0
   1    0            0      7286804        23408       297540    0    0     0     0 4149 9863  24   3  73   0   0   0
   1    0            0      7283228        23408       297540    0    0     0     0 4045 9504  25   3  73   0   0   0
   1    0            0      7279892        23408       297544    0    0     0    88 4091 9480  24   3  73   0   0   0
   1    0            0      7277268        23408       297544    0    0     0     0 3965 9462  24   2  73   0   0   0
   1    0            0      7275152        23408       297552    0    0     0  2336 4031 9140  25   2  73   0   0   0
--procs-- -----------------------memory---------------------- ---swap-- -----io---- -system-- ----------cpu----------
   r    b         swpd         free         buff        cache   si   so    bi    bo   in   cs  us  sy  id  wa  st  gu
   4    0            0      7273264        23408       297552    0    0     0     0 4096 9696  25   3  73   0   0   0
   1    0            0      7271012        23408       297552    0    0     0     0 4145 9626  24   2  73   0   0   0
   1    0            0      7307592        23408       297564    0    0     0     0 2799 6072  16   2  83   0   0   0
   3    0            0      7305260        23408       297572    0    0     0    16 2527 3961  23   2  75   0   0   0
   1    0            0      7306016        23408       297576    0    0     0  1992 2970 4823  25   2  73   0   0   0
   1    0            0      7304504        23408       297580    0    0     0     0 2837 4696  25   2  74   0   0   0
   1    0            0      7299464        23408       297580    0    0     0     0 2885 4715  25   2  74   0   0   0
   1    0            0      7295432        23408       297584    0    0     0     0 2822 4625  25   2  73   0   0   0
   1    0            0      7291400        23408       297584    0    0     0     0 2821 4726  25   2  74   0   0   0
   1    0            0      7291400        23408       297592    0    0     0     0 2821 4665  25   2  74   0   0   0
   1    0            0      7283336        23416       297592    0    0     0    80 2724 4433  25   2  74   0   0   0
   1    0            0      7276132        23416       297592    0    0     0     0 2854 4677  25   2  73   0   0   0
   1    0            0      7269788        23416       297596    0    0     0     0 2802 4672  25   1  74   0   0   0
   1    0            0      7270932        23416       297596    0    0     0    16 2788 4550  25   2  74   0   0   0
   1    0            0      7303812        23416       297628    0    0     0    80 1791 2476  15   1  84   0   0   0
   1    0            0      7300280        23416       297632    0    0     0     0 2838 4723  25   2  73   0   0   0
   1    0            0      7298264        23416       297632    0    0     0     0 2929 4798  25   1  74   0   0   0
   1    0            0      7296540        23416       297636    0    0     0     0 3026 4931  25   2  73   0   0   0
   1    0            0      7293208        23416       297636    0    0     0     0 2968 4916  25   2  74   0   0   0
   1    0            0      7293224        23416       297640    0    0     0     0 3037 4938  25   2  73   0   0   0
   1    0            0      7290856        23416       297640    0    0     0     0 2997 4924  25   2  74   0   0   0
--procs-- -----------------------memory---------------------- ---swap-- -----io---- -system-- ----------cpu----------
   r    b         swpd         free         buff        cache   si   so    bi    bo   in   cs  us  sy  id  wa  st  gu
   1    0            0      7287192        23416       297652    0    0     0     0 2979 4975  25   2  74   0   0   0
   1    0            0      7283680        23416       297652    0    0     0     0 3046 5007  25   2  74   0   0   0
   1    0            0      7284040        23416       297656    0    0     0    32 3099 5327  25   1  74   0   0   0
   1    0            0      7280684        23416       297656    0    0     0     0 3140 5350  25   2  74   0   0   0
   0    0            0      7340956        23416       297660    0    0     0     0 2904 4911  22   2  77   0   0   0
   1    0            0      7312940        23416       297676    0    0     0     0 2513 5328  17   3  80   0   0   0
   1    0            0      7307148        23420       297680    0    0     0     0 4309 10197  25   3  73   0   0   0
   1    0            0      7302636        23420       297684    0    0     0     0 4030 9522  24   2  73   0   0   0
   1    0            0      7297400        23420       297684    0    0     0     0 3992 9506  25   2  73   0   0   0
   1    0            0      7290528        23428       297688    0    0     0    72 4225 9734  24   3  73   0   0   0
   1    0            0      7284968        23428       297688    0    0     0     0 4234 10132  25   2  73   0   0   0
   1    0            0      7281844        23428       297692    0    0     0     0 4118 9749  25   2  73   0   0   0
   1    0            0      7279032        23428       297692    0    0     0   100 4003 9721  25   2  73   0   0   0
   1    0            0      7276672        23428       297696    0    0     0     0 3979 9655  24   2  73   0   0   0
   1    0            0      7274480        23428       297696    0    0     0     0 4045 9789  25   2  73   0   0   0
   2    0            0      7271596        23428       297700    0    0     0     0 4131 9879  24   3  73   0   0   0
   0    0            0      7300104        23428       297716    0    0     0     0 2384 5089  15   2  83   0   0   0
   1    0            0      7293008        23428       297720    0    0     0    12 4820 9298  24   2  74   0   0   0
   1    0            0      7290696        23428       297724    0    0     0     0 5118 10246  25   2  73   0   0   0
   1    0            0      7288728        23428       297724    0    0     0     0 4888 9963  25   2  73   0   0   0
   1    0            0      7286896        23428       297732    0    0     0     0 5024 10174  25   2  73   0   0   0
--procs-- -----------------------memory---------------------- ---swap-- -----io---- -system-- ----------cpu----------
   r    b         swpd         free         buff        cache   si   so    bi    bo   in   cs  us  sy  id  wa  st  gu
   1    0            0      7284880        23428       297732    0    0     0     0 5109 10360  25   2  73   0   0   0
   1    0            0      7279320        23428       297736    0    0     0     0 5118 10251  26   2  73   0   0   0
   1    0            0      7248556        23448       297772    0    0     0   160 5286 10967  31   4  65   0   0   0
   1    0            0      7251036        23448       297772    0    0     0     0 5069 10344  25   2  73   0   0   0
   1    0            0      7253308        23448       297776    0    0     0     0 5062 10432  25   2  73   0   0   0
   1    0            0      7254336        23448       297776    0    0     0     0 5050 10379  25   2  73   0   0   0
   1    0            0      7255868        23448       297780    0    0     0     0 4897 10249  25   3  73   0   0   0
   1    0            0      7298028        23448       297792    0    0     0    16 2283 4332  14   2  84   0   0   0
   1    0            0      7297236        23448       297804    0    0     0     0 4183 10151  25   3  73   0   0   0
   1    0            0      7292496        23448       297804    0    0     0     0 4104 9632  25   2  73   0   0   0
   1    0            0      7289188        23448       297812    0    0     0     0 4189 9909  25   2  73   0   0   0
   1    0            0      7285380        23448       297812    0    0     0     0 4180 9811  24   3  73   0   0   0
   1    0            0      7281660        23448       297812    0    0     0     0 4105 9780  25   2  73   0   0   0
   1    0            0      7279188        23448       297816    0    0     0     0 4173 9856  24   3  73   0   0   0
   1    0            0      7276588        23448       297816    0    0     0     0 4186 9868  25   3  73   0   0   0
   1    0            0      7275008        23448       297820    0    0     0     0 3955 9477  25   2  73   0   0   0
   1    0            0      7272780        23448       297820    0    0     0     0 4104 9827  25   2  73   0   0   0
   1    0            0      7270392        23448       297824    0    0     0    24 4063 9559  25   3  73   0   0   0
   0    0            0      7303892        23448       297840    0    0     0     0 2927 6783  17   1  82   0   0   0
   1    0            0      7294424        23448       297852    0    0     0  3596 4067 7652  22   2  76   0   0   0
   1    0            0      7290952        23448       297856    0    0     0     0 5161 10517  25   3  72   0   0   0
--procs-- -----------------------memory---------------------- ---swap-- -----io---- -system-- ----------cpu----------
   r    b         swpd         free         buff        cache   si   so    bi    bo   in   cs  us  sy  id  wa  st  gu
   1    0            0      7287252        23448       297856    0    0     0     0 5263 10691  25   3  72   0   0   0
   1    0            0      7284996        23448       297860    0    0     0    80 5225 10560  25   2  73   0   0   0
   1    0            0      7282184        23448       297860    0    0     0     0 5200 10581  25   2  73   0   0   0
   1    0            0      7280504        23448       297868    0    0     0     0 5122 10453  25   2  73   0   0   0
   1    0            0      7278240        23448       297868    0    0     0     0 5161 10559  25   2  73   0   0   0
   1    0            0      7275480        23448       297868    0    0     0     0 5275 10652  26   2  73   0   0   0
   1    0            0      7272696        23448       297872    0    0     0    24 5191 10537  25   2  73   0   0   0
   1    0            0      7270588        23448       297872    0    0     0     0 5220 10446  25   3  73   0   0   0
   1    0            0      7268736        23448       297876    0    0     0     0 5200 10476  25   2  73   0   0   0
   1    0            0      7307108        23448       297888    0    0     0     0 2473 4099  14   2  84   0   0   0
   1    0            0      7308440        23452       297908    0    0     0     0 2860 4735  25   2  74   0   0   0
   1    0            0      7305696        23460       297908    0    0     0    84 2711 4447  25   2  73   0   0   0
   1    0            0      7300656        23460       297908    0    0     0     0 2678 4351  25   2  74   0   0   0
   1    0            0      7300656        23460       297912    0    0     0     0 2668 4470  25   2  74   0   0   0
   1    0            0      7292400        23460       297912    0    0     0     0 2718 4501  25   2  73   0   0   0
   1    0            0      7292368        23460       297916    0    0     0     0 2792 4569  25   2  74   0   0   0
   1    0            0      7292368        23460       297916    0    0     0    12 2740 4514  25   1  74   0   0   0
   1    0            0      7283548        23460       297924    0    0     0     0 2785 4630  25   1  73   0   0   0
   1    0            0      7281008        23460       297924    0    0     0     0 2650 4349  25   2  74   0   0   0
   1    0            0      7274416        23460       297924    0    0     0     0 2887 4673  25   2  74   0   0   0
   0    0            0      7328064        23460       297936    0    0     0     0 2981 4727  23   2  75   0   0   0
--procs-- -----------------------memory---------------------- ---swap-- -----io---- -system-- ----------cpu----------
   r    b         swpd         free         buff        cache   si   so    bi    bo   in   cs  us  sy  id  wa  st  gu
   1    0            0      7265988        23460       297944    0    0     0     0 3419 4949  17   4  79   0   0   0
   1    0            0      7262468        23460       297988    0    0     0     4 7865 18644  27   6  67   0   0   0
   1    0            0      7247484        23460       297988    0    0     0     0 11453 40243  29   5  66   0   0   0
   1    0            0      7229036        23460       297988    0    0     0     0 12798 47344  29   5  66   0   0   0
   1    0            0      7227020        23460       297992    0    0     0     0 12401 49684  28   6  66   0   0   0
   2    0            0      7225284        23460       297992    0    0     0     0 12674 50523  28   5  67   0   0   0
   1    0            0      7224780        23460       298000    0    0     0     0 12847 51912  28   6  65   0   0   0
   3    0            0      7216520        23460       298000    0    0     0     0 12785 52478  28   6  66   0   0   0
   1    0            0      7203612        23460       298000    0    0     0     0 13075 53117  28   7  65   0   0   0
   1    0            0      7203360        23460       298004    0    0     0     0 13229 54025  28   6  66   0   0   0
   1    0            0      7199832        23460       298016    0    0     0     0 13302 54060  29   6  65   0   0   0
   2    0            0      7199340        23460       298052    0    0     0   108 13423 55906  28   6  66   0   0   0
   1    0            0      7198836        23460       298052    0    0     0     0 13415 55189  29   5  66   0   0   0
   1    0            0      7198584        23460       298060    0    0     0     0 13332 55182  29   6  65   0   0   0
   3    0            0      7198080        23460       298060    0    0     0     0 13210 54753  29   5  66   0   0   0
   1    0            0      7197576        23460       298060    0    0     0     0 13277 55116  29   6  65   0   0   0
   0    0            0      7334892        23460       298060    0    0     0     8 9035 35767  21   5  75   0   0   0
   1    0            0      7252604        23460       298024    0    0     0     0 3095 3092  23   4  74   0   0   0
   1    0            0      7264660        23460       298044    0    0     0     0 4280 5729  26   6  68   0   0   0
   1    0            0      7250216        23460       298048    0    0     0     0 4068 4916  26   4  70   0   0   0
   1    0            0      7232828        23460       298048    0    0     0     0 4211 4987  26   4  70   0   0   0
--procs-- -----------------------memory---------------------- ---swap-- -----io---- -system-- ----------cpu----------
   r    b         swpd         free         buff        cache   si   so    bi    bo   in   cs  us  sy  id  wa  st  gu
   1    0            0      7232576        23468       298056    0    0     0   144 3937 4732  26   3  70   0   0   0
   1    0            0      7232072        23468       298056    0    0     0     0 4049 4982  26   4  70   0   0   0
   1    0            0      7231316        23468       298056    0    0     0     0 3821 4562  27   3  70   0   0   0
   1    0            0      7230812        23468       298060    0    0     0     0 4012 4983  27   3  70   0   0   0
   3    0            0      7230308        23468       298060    0    0     0     0 3892 4787  26   3  70   0   0   0
   1    0            0      7210148        23468       298068    0    0     0     0 4059 4556  27   4  70   0   0   0
   2    0            0      7209392        23468       298068    0    0     0     0 3969 4782  26   4  70   0   0   0
   1    0            0      7208888        23468       298068    0    0     0     0 4095 5135  26   4  70   0   0   0
   1    0            0      7208636        23468       298072    0    0     0     0 3981 4954  27   3  70   0   0   0
   1    0            0      7208384        23468       298072    0    0     0     0 3798 4542  27   3  70   0   0   0
   1    0            0      7207880        23468       298084    0    0     0    16 3911 4739  26   4  70   0   0   0
   3    0            0      7207376        23468       298084    0    0     0     0 3888 4766  27   3  70   0   0   0
   0    0            0      7308324        23468       298096    0    0    20     0 2331 3049  16   3  82   0   0   0
   3    0            0      7248628        23468       298136    0    0     0     0 4029 4397  25   5  70   0   0   0
   1    0            0      7255296        23468       298144    0    0     0     0 4225 5343  27   5  68   0   0   0
   1    0            0      7236396        23468       298144    0    0     0     0 4041 4801  27   3  70   0   0   0
   1    0            0      7225308        23468       298152    0    0     0     0 4125 4967  27   3  70   0   0   0
   1    0            0      7224552        23468       298152    0    0     0     0 4012 4818  27   3  70   0   0   0
   1    0            0      7224552        23468       298152    0    0     0     0 3969 4783  26   3  70   0   0   0
   1    0            0      7223796        23468       298156    0    0     0     0 3872 4627  26   3  70   0   0   0
   1    0            0      7222536        23468       298156    0    0     0    80 4024 4940  27   3  70   0   0   0
--procs-- -----------------------memory---------------------- ---swap-- -----io---- -system-- ----------cpu----------
   r    b         swpd         free         buff        cache   si   so    bi    bo   in   cs  us  sy  id  wa  st  gu
   1    0            0      7222284        23468       298160    0    0     0     0 3850 4662  26   3  70   0   0   0
   2    0            0      7162476        23468       298228    0    0     0     0 4253 4493  32   5  63   0   0   0
   1    0            0      7159084        23468       298236    0    0     0    16 4178 5274  27   4  68   0   0   0
   1    0            0      7159084        23468       298236    0    0     0     0 3929 4753  26   3  70   0   0   0
   1    0            0      7159084        23468       298236    0    0     0     0 4028 4920  27   3  70   0   0   0
   1    0            0      7160496        23468       298240    0    0     0    32 3897 4477  27   3  70   0   0   0
   1    0            0      7164784        23468       298240    0    0     0     0 3881 4699  26   4  70   0   0   0
   1    0            0      7168344        23468       298248    0    0     0     0 4015 4832  27   4  70   0   0   0
   1    0            0      7267148        23468       298260    0    0     0     0 2373 3026  15   3  82   0   0   0
   1    0            0      7271812        23484       298256    0    0     0   120 4274 5174  27   5  68   0   0   0
   1    0            0      7236364        23484       298256    0    0     0     8 3863 4140  26   4  70   0   0   0
   1    0            0      7220992        23484       298260    0    0     0     0 4179 4932  27   4  70   0   0   0
   1    0            0      7217464        23484       298260    0    0     0     0 4010 4738  26   4  70   0   0   0
   1    0            0      7203604        23484       298268    0    0     0     0 4013 4614  27   3  70   0   0   0
   1    0            0      7203352        23484       298268    0    0     0     0 4060 4955  26   4  70   0   0   0
   1    0            0      7202848        23484       298268    0    0     0     0 4158 5041  27   3  70   0   0   0
   1    0            0      7202596        23484       298272    0    0     0     0 3914 4727  26   3  71   0   0   0
   1    0            0      7201840        23484       298272    0    0     0     0 4024 4774  27   3  70   0   0   0
   1    0            0      7201588        23484       298276    0    0     0     0 3867 4611  26   4  70   0   0   0
   1    0            0      7201084        23484       298276    0    0     0     0 4073 4883  27   3  70   0   0   0
   1    0            0      7200580        23484       298284    0    0     0     0 3833 4534  26   4  70   0   0   0
--procs-- -----------------------memory---------------------- ---swap-- -----io---- -system-- ----------cpu----------
   r    b         swpd         free         buff        cache   si   so    bi    bo   in   cs  us  sy  id  wa  st  gu
   3    0            0      7200076        23484       298284    0    0     0     0 4021 4818  27   4  70   0   0   0
   1    0            0      7199572        23484       298300    0    0     0     0 3871 4658  26   4  70   0   0   0
   1    0            0      7198564        23484       298300    0    0     0     0 3934 4681  26   4  70   0   0   0
   1    0            0      7288956        23484       298312    0    0     0     0 4065 5247  26   4  70   0   0   0
   3    0            0      7254720        23484       298304    0    0     0    16 2263 2169  15   4  81   0   0   0
   1    0            0      7255012        23484       298296    0    0     0     0 3853 4681  27   4  69   0   0   0
   1    0            0      7224520        23484       298312    0    0     0     0 4002 4464  27   4  69   0   0   0
   3    0            0      7217464        23484       298312    0    0     0     0 4107 4922  27   3  70   0   0   0
   1    0            0      7207636        23484       298320    0    0     0     0 4001 4749  26   3  71   0   0   0
   1    0            0      7201084        23484       298320    0    0     0     0 4182 5011  27   4  70   0   0   0
   1    0            0      7200328        23484       298320    0    0     0     0 3866 4736  26   3  70   0   0   0
   1    0            0      7200076        23484       298328    0    0     0  3872 4145 5158  26   4  70   0   0   0
   1    0            0      7199572        23484       298328    0    0     0     0 3948 4836  26   3  71   0   0   0
   1    0            0      7198312        23484       298328    0    0     0     0 4261 5391  26   4  70   0   0   0
   1    0            0      7198060        23484       298332    0    0     0    96 3977 4932  26   3  71   0   0   0
   1    0            0      7197556        23484       298332    0    0     0     0 4122 5282  27   3  70   0   0   0
   1    0            0      7197304        23484       298340    0    0     0     0 4022 4950  27   3  70   0   0   0
   1    0            0      7195792        23484       298340    0    0     0     0 4031 4968  26   4  70   0   0   0
   3    0            0      7195540        23492       298340    0    0     0    52 3992 4893  26   3  70   0   0   0
   3    0            0      7195036        23492       298348    0    0     0   132 4112 5145  26   4  70   0   0   0
   0    0            0      7336656        23492       298356    0    0     0     0 3355 4644  20   3  77   0   0   0
--procs-- -----------------------memory---------------------- ---swap-- -----io---- -system-- ----------cpu----------
   r    b         swpd         free         buff        cache   si   so    bi    bo   in   cs  us  sy  id  wa  st  gu
   1    0            0      7264032        23492       298364    0    0     0     0 4309 7151  22   5  74   0   0   0
   1    0            0      7259728        23492       298400    0    0     0     0 8040 19427  28   5  67   0   0   0
   1    0            0      7227528        23492       298404    0    0     0     0 11062 37720  28   6  66   0   0   0
   1    0            0      7226296        23492       298404    0    0     0     0 11871 44488  29   5  66   0   0   0
   1    0            0      7204572        23492       298408    0    0     0     0 12031 46946  28   6  65   0   0   0
   1    0            0      7203564        23492       298408    0    0     0     0 12123 47965  29   5  66   0   0   0
   1    0            0      7201044        23492       298412    0    0     0     0 12359 48530  28   6  66   0   0   0
   1    0            0      7200540        23492       298412    0    0     0     0 12589 50335  27   6  66   0   0   0
   1    0            0      7199280        23492       298416    0    0     0     0 12580 50487  29   6  66   0   0   0
   2    0            0      7198776        23492       298416    0    0     0     0 12755 51741  28   7  66   0   0   0
   1    0            0      7198272        23492       298456    0    0     0     0 12717 51725  29   5  66   0   0   0
   1    0            0      7197768        23492       298456    0    0     0     0 12938 53287  29   6  65   0   0   0
   1    0            0      7193988        23492       298464    0    0     0     0 12917 53239  29   6  65   0   0   0
   1    0            0      7193764        23492       298464    0    0     0     0 12895 53178  28   5  66   0   0   0
   2    0            0      7193764        23492       298468    0    0     0    12 12787 52963  29   5  66   0   0   0
   1    0            0      7193512        23492       298468    0    0     0     0 12861 53068  28   6  66   0   0   0
   1    0            0      7309080        23492       298392    0    0     0     0 6431 24448  17   4  79   0   0   0
   1    0            0      7252428        23492       298460    0    0     0     0 3664 4186  25   5  71   0   0   0
   1    0            0      7250856        23492       298472    0    0     0     0 4381 5875  27   5  69   0   0   0
   4    0            0      7232964        23492       298472    0    0     0     4 4173 5005  27   3  70   0   0   0
   1    0            0      7219860        23492       298472    0    0     0     0 4140 4883  26   4  70   0   0   0
--procs-- -----------------------memory---------------------- ---swap-- -----io---- -system-- ----------cpu----------
   r    b         swpd         free         buff        cache   si   so    bi    bo   in   cs  us  sy  id  wa  st  gu
   1    0            0      7219860        23492       298480    0    0     0     0 4000 4857  26   4  70   0   0   0
   1    0            0      7219860        23492       298480    0    0     0     0 3959 4778  26   3  70   0   0   0
   1    0            0      7219608        23492       298480    0    0     0     0 4032 4843  26   4  70   0   0   0
   1    0            0      7212804        23492       298484    0    0     0    80 3985 4745  26   4  70   0   0   0
   3    0            0      7197684        23492       298484    0    0     0     0 4007 4703  27   4  70   0   0   0
   1    0            0      7197684        23492       298488    0    0     0     0 3828 4716  26   3  71   0   0   0
   1    0            0      7197684        23492       298488    0    0     0     0 3861 4720  27   4  70   0   0   0
   1    0            0      7197684        23500       298496    0    0     0    72 3888 4853  26   4  70   0   0   0
   1    0            0      7197684        23500       298496    0    0     0     8 3850 4638  27   3  70   0   0   0
   1    0            0      7197684        23500       298500    0    0     0     0 3926 4868  26   3  70   0   0   0
   1    0            0      7197684        23500       298500    0    0     0     0 3899 4839  26   3  70   0   0   0
   1    0            0      7197180        23500       298504    0    0     0     0 3774 4659  26   3  71   0   0   0
   4    0            0      7281724        23500       298452    0    0     0     0 2689 3493  16   3  81   0   0   0
   3    0            0      7265756        23504       298464    0    0     0    32 7659 17093  27   6  67   0   0   0
   1    0            0      7235664        23504       298512    0    0     0     0 11902 39352  28   6  65   0   0   0
   3    0            0      7226728        23504       298512    0    0     0     0 13715 50749  29   5  65   0   0   0
   1    0            0      7219132        23504       298516    0    0     0     0 13427 53505  28   6  65   0   0   0
   1    0            0      7208232        23504       298516    0    0     0     0 12979 53377  28   6  66   0   0   0
   1    0            0      7208084        23504       298520    0    0     0     0 12979 53032  28   6  66   0   0   0
   1    0            0      7203548        23504       298528    0    0     0     0 13284 54766  28   7  65   0   0   0
   1    0            0      7203296        23504       298536    0    0     0     0 13305 54200  28   6  66   0   0   0
--procs-- -----------------------memory---------------------- ---swap-- -----io---- -system-- ----------cpu----------
   r    b         swpd         free         buff        cache   si   so    bi    bo   in   cs  us  sy  id  wa  st  gu
   1    0            0      7169356        23508       298596    0    0     0    16 13533 54883  35   9  56   0   0   0
   3    0            0      7173328        23508       298612    0    0     0     0 13427 56062  29   6  66   0   0   0
   2    0            0      7172712        23508       298648    0    0     0     0 13663 56810  29   6  65   0   0   0
   3    0            0      7176148        23508       298652    0    0     0     0 13714 57452  28   5  66   0   0   0
   5    0            0      7178788        23508       298652    0    0     0     0 13696 57486  29   6  65   0   0   0
   3    0            0      7181228        23508       298656    0    0     0     0 13728 57894  28   6  65   0   0   0
   3    0            0      7183360        23508       298664    0    0     0     0 13733 57726  29   5  66   0   0   0
   1    0            0      7177480        23508       298664    0    0     0     0 13607 57252  29   6  65   0   0   0
   5    0            0      7265604        23508       298600    0    0     0    16 2151 2038  15   4  82   0   0   0
   3    0            0      7264852        23508       298608    0    0     0     0 4060 5143  26   5  69   0   0   0
   1    0            0      7237468        23508       298608    0    0     0     0 4247 4881  27   4  69   0   0   0
   1    0            0      7227640        23508       298608    0    0     0     0 4174 4952  27   4  70   0   0   0
   1    0            0      7219828        23508       298616    0    0     0     0 3945 4596  26   4  70   0   0   0
   1    0            0      7208992        23508       298616    0    0     0    88 4141 4903  26   4  70   0   0   0
   3    0            0      7208992        23508       298620    0    0     0     0 3867 4547  26   4  70   0   0   0
   1    0            0      7208992        23508       298620    0    0     0     0 4145 5122  26   4  70   0   0   0
   2    0            0      7208992        23520       298620    0    0     0   128 3919 4807  26   3  71   0   0   0
   1    0            0      7208236        23520       298628    0    0     0     0 4057 5032  27   4  70   0   0   0
   1    0            0      7207984        23520       298628    0    0     0     8 4032 4943  27   3  71   0   0   0
   2    0            0      7206232        23520       298632    0    0     0     0 4090 5036  27   3  70   0   0   0
   1    0            0      7205980        23520       298632    0    0     0     0 4013 4855  27   3  70   0   0   0
--procs-- -----------------------memory---------------------- ---swap-- -----io---- -system-- ----------cpu----------
   r    b         swpd         free         buff        cache   si   so    bi    bo   in   cs  us  sy  id  wa  st  gu
   3    0            0      7204972        23520       298636    0    0     0     0 4048 4981  26   4  70   0   0   0
   1    0            0      7204720        23520       298636    0    0     0     0 4101 5050  26   3  70   0   0   0
   3    0            0      7204468        23520       298640    0    0     0    16 4002 4912  27   3  70   0   0   0
   0    0            0      7339596        23520       298604    0    0     0     0 3155 3955  22   3  75   0   0   0
   3    0            0      7266740        23520       298608    0    0     0     0 12646 44719  18   9  72   0   0   0
   1    0            0      7255280        23520       298616    0    0     0     0 13214 41394  26   9  64   0   0   0
   1    0            0      7219716        23520       298616    0    0     0     0 11371 36884  28   6  66   0   0   0
   1    0            0      7211496        23520       298620    0    0     0     0 11513 38682  28   6  66   0   0   0
   1    0            0      7198212        23520       298620    0    0     0  2224 11628 38331  28   6  65   0   0   0
   2    0            0      7189304        23520       298628    0    0     0     0 11560 38835  28   6  66   0   0   0
   2    0            0      7187564        23520       298632    0    0     0     0 11387 38481  27   6  66   0   0   0
   2    0            0      7184912        23520       298632    0    0     0     0 11606 38294  28   6  66   0   0   0
   1    0            0      7182256        23520       298640    0    0     0     4 11723 39311  28   6  66   0   0   0
   3    0            0      7182672        23520       298640    0    0     0  1804 11718 38805  28   5  67   0   0   0
   1    0            0      7183168        23520       298640    0    0     0     0 11651 39408  28   6  66   0   0   0
   1    0            0      7223388        23520       298644    0    0     0     0 11597 38576  28   6  65   0   0   0
   2    0            0      7225412        23520       298644    0    0     0     0 11097 34864  28   5  67   0   0   0
   0    0            0      7305712        23520       298708    0    0     0    20 4999 14340  15   3  82   0   0   0
   1    0            0      7255400        23520       298708    0    0     0     0 16151 61996  23  13  64   0   0   0
   1    0            0      7247836        23520       298716    0    0     0     0 7752 16102  26   6  68   0   0   0
   1    0            0      7226560        23520       298716    0    0     0     0 7935 17490  27   6  67   0   0   0
--procs-- -----------------------memory---------------------- ---swap-- -----io---- -system-- ----------cpu----------
   r    b         swpd         free         buff        cache   si   so    bi    bo   in   cs  us  sy  id  wa  st  gu
   1    0            0      7217064        23520       298716    0    0     0     0 7820 17811  27   5  68   0   0   0
   2    0            0      7211944        23520       298724    0    0     0    80 7126 15828  27   4  68   0   0   0
   1    0            0      7207148        23520       298724    0    0     0     0 7351 16337  27   5  68   0   0   0
   1    0            0      7201748        23520       298724    0    0     0     0 7385 16495  27   5  68   0   0   0
   5    0            0      7199432        23520       298728    0    0     0     0 7432 16343  27   5  68   0   0   0
   1    0            0      7196988        23532       298728    0    0     0    96 7592 17011  27   5  68   0   0   0
   1    0            0      7194680        23532       298736    0    0     0   116 7369 16355  27   5  68   0   0   0
   2    0            0      7192740        23532       298736    0    0     0     8 7237 16028  27   5  68   0   0   0
   1    0            0      7220984        23532       298740    0    0     0     0 6892 14259  27   5  69   0   0   0
   1    0            0      7221228        23532       298740    0    0     0     0 5342 9029  26   4  70   0   0   0
   3    0            0      7286656        23536       298760    0    0     0     0 3849 6815  15   5  81   0   0   0
   1    0            0      7279484        23536       298768    0    0     0     0 8520 18390  25   8  67   0   0   0
   4    0            0      7234044        23536       298768    0    0     0     0 5094 7469  26   5  68   0   0   0
   4    0            0      7220552        23536       298772    0    0     0     0 5012 7997  27   5  68   0   0   0
   1    0            0      7209176        23536       298772    0    0     0     0 5061 8320  27   5  68   0   0   0
   1    0            0      7203436        23536       298776    0    0     0     0 4988 8408  27   4  69   0   0   0
   1    0            0      7197192        23536       298776    0    0     0     0 5177 8730  27   5  68   0   0   0
   3    0            0      7191172        23536       298780    0    0     0    16 5055 8515  27   5  69   0   0   0
   1    0            0      7184424        23536       298780    0    0     0     0 5172 8704  27   5  69   0   0   0
   4    0            0      7182244        23536       298788    0    0     0     0 5223 9284  26   5  69   0   0   0
   3    0            0      7181204        23536       298788    0    0     0     0 5435 9649  27   5  68   0   0   0
--procs-- -----------------------memory---------------------- ---swap-- -----io---- -system-- ----------cpu----------
   r    b         swpd         free         buff        cache   si   so    bi    bo   in   cs  us  sy  id  wa  st  gu
   1    0            0      7180000        23536       298788    0    0     0     0 5712 10673  27   5  69   0   0   0
   1    0            0      7219500        23536       298796    0    0     0     0 5780 10125  27   4  69   0   0   0
   0    0            0      7312736        23536       298808    0    0     0     0 4223 7009  20   3  78   0   0   0
   1    0            0      7277652        23536       298820    0    0     0     0 8048 18712  22   8  70   0   0   0
   1    0            0      7258404        23536       298824    0    0     0     0 7551 14599  26   6  67   0   0   0
   3    0            0      7226396        23536       298824    0    0     0     0 6839 12910  27   6  68   0   0   0
   1    0            0      7221608        23536       298832    0    0     0    24 6841 13978  27   5  69   0   0   0
   1    0            0      7210772        23536       298832    0    0     0     0 6863 13624  27   5  68   0   0   0
   3    0            0      7206548        23536       298832    0    0     0     0 6620 13059  27   5  69   0   0   0
   1    0            0      7200780        23536       298836    0    0     0     0 6731 13261  27   5  68   0   0   0
   3    0            0      7194508        23536       298836    0    0     0     0 6812 13308  27   5  68   0   0   0
   9    0            0      7155252        23536       298884    0    0     0    84 6501 12392  32   7  61   0   0   0
   1    0            0      7155000        23536       298876    0    0     0    20 7079 14317  28   6  66   0   0   0
   4    0            0      7154748        23536       298884    0    0     0     0 7053 14029  27   5  68   0   0   0
   1    0            0      7187240        23548       298884    0    0     0   104 7031 14183  27   4  69   0   0   0
   1    0            0      7192120        23548       298884    0    0     0     0 7122 14253  27   4  70   0   0   0
   3    0            0      7271372        23548       298916    0    0     0     0 3911 8474  14   4  83   0   0   0
   1    0            0      7285832        23548       298916    0    0     0     0 17386 58192  24  12  63   0   0   0
   1    0            0      7237820        23548       298924    0    0     0     0 6855 12425  27   5  68   0   0   0
   1    0            0      7220480        23548       298924    0    0     0     0 7758 17092  27   5  68   0   0   0
   1    0            0      7211768        23548       298932    0    0     0     0 7834 17561  27   5  68   0   0   0
--procs-- -----------------------memory---------------------- ---swap-- -----io---- -system-- ----------cpu----------
   r    b         swpd         free         buff        cache   si   so    bi    bo   in   cs  us  sy  id  wa  st  gu
   1    0            0      7206428        23548       298932    0    0     0    36 7717 17635  27   5  68   0   0   0
   3    0            0      7200428        23548       298936    0    0     0     0 7812 17658  28   4  68   0   0   0
   1    0            0      7194612        23548       298936    0    0     0     0 7881 17736  27   5  68   0   0   0
   1    0            0      7190512        23548       298936    0    0     0     0 7914 18171  27   5  68   0   0   0
   1    0            0      7187600        23548       298940    0    0     0     0 8051 18097  27   5  68   0   0   0
   1    0            0      7187576        23548       298940    0    0     0     0 8014 18063  27   5  68   0   0   0
   1    0            0      7187940        23548       298944    0    0     0     0 7881 17896  27   4  69   0   0   0
   1    0            0      7211664        23548       298944    0    0     0     0 7701 16980  27   5  68   0   0   0
   0    0            0      7297432        23548       298956    0    0     0     0 7124 14777  26   4  69   0   0   0
   3    0            0      7271772        23552       298968    0    0     0     0 9795 36001  15   7  78   0   0   0
   1    0            0      7270708        23552       298980    0    0     0     0 15623 52703  27  10  63   0   0   0
   1    0            0      7225020        23552       298980    0    0     0     0 12660 40623  28   7  65   0   0   0
   1    0            0      7216640        23552       298984    0    0     0     0 12504 42651  28   6  65   0   0   0
   1    0            0      7203184        23552       298984    0    0     0     0 12590 42179  29   6  66   0   0   0
   3    0            0      7194336        23552       298988    0    0     0     0 12660 42340  29   6  65   0   0   0
   1    0            0      7192088        23552       298988    0    0     0     0 12658 42609  28   6  66   0   0   0
   5    0            0      7189060        23552       298996    0    0     0    20 12867 42983  28   6  65   0   0   0
   1    0            0      7185060        23552       298996    0    0     0     0 12814 42593  29   6  65   0   0   0
   1    0            0      7185048        23552       298996    0    0     0     0 12077 39687  28   6  66   0   0   0
   2    0            0      7186300        23552       299000    0    0     0     0 12337 40666  28   6  66   0   0   0
   1    0            0      7186356        23552       299000    0    0     0     0 12428 40861  28   6  66   0   0   0
--procs-- -----------------------memory---------------------- ---swap-- -----io---- -system-- ----------cpu----------
   r    b         swpd         free         buff        cache   si   so    bi    bo   in   cs  us  sy  id  wa  st  gu
   1    0            0      7228588        23552       299008    0    0     0  3788 9602 24120  28   5  67   0   0   0
   1    0            0      7302096        23552       299020    0    0     0     0 5348 12074  17   3  81   0   0   0
   4    0            0      7256648        23552       299028    0    0     0     0 14336 46049  22  11  68   0   0   0
   1    0            0      7245548        23560       299032    0    0     0   180 8126 19205  26   6  67   0   0   0
   1    0            0      7219416        23560       299032    0    0     0     0 5797 10955  27   5  69   0   0   0
   3    0            0      7213900        23560       299040    0    0     0    16 5705 11388  27   5  69   0   0   0
   1    0            0      7204856        23560       299040    0    0     0     0 5982 12235  27   4  69   0   0   0
   1    0            0      7199168        23560       299040    0    0     0     0 6141 12420  27   5  69   0   0   0
   1    0            0      7193796        23560       299044    0    0     0     0 6398 13038  26   5  68   0   0   0
   5    0            0      7192664        23560       299044    0    0     0     0 6384 13568  27   5  69   0   0   0
   1    0            0      7192032        23560       299048    0    0     0    12 6368 13439  26   5  69   0   0   0
   1    0            0      7190684        23560       299048    0    0     0     0 6377 13522  26   5  69   0   0   0
   1    0            0      7187712        23560       299052    0    0     0     0 6464 13318  27   5  68   0   0   0
   1    0            0      7220172        23560       299052    0    0     0     0 6098 12202  28   4  69   0   0   0
   4    0            0      7221092        23560       299060    0    0     0     0 5358 8921  27   4  69   0   0   0
   1    0            0      7287432        24020       299288    0    0   460     0 5249 14753  14   5  80   2   0   0
   1    0            0      7283252        24020       299296    0    0     0     0 18558 67901  25  13  62   0   0   0
   3    0            0      7235208        24020       299296    0    0     0     0 11878 38045  28   7  65   0   0   0
   1    0            0      7219692        24020       299304    0    0     0     0 12293 42537  28   6  66   0   0   0
   1    0            0      7207096        24020       299304    0    0     0     0 12151 42286  28   6  66   0   0   0
   1    0            0      7199196        24020       299304    0    0     0    24 12148 42565  28   7  66   0   0   0
--procs-- -----------------------memory---------------------- ---swap-- -----io---- -system-- ----------cpu----------
   r    b         swpd         free         buff        cache   si   so    bi    bo   in   cs  us  sy  id  wa  st  gu
   1    0            0      7191848        24020       299312    0    0     0     0 12186 42505  28   6  66   0   0   0
   1    0            0      7189628        24020       299312    0    0     0     0 12171 42589  28   7  66   0   0   0
   3    0            0      7186776        24020       299320    0    0     0     0 12039 42799  28   6  66   0   0   0
   1    0            0      7183216        24020       299320    0    0     0     0 12114 42615  28   6  66   0   0   0
   1    0            0      7183692        24020       299320    0    0     0     0 12142 42700  28   6  66   0   0   0
   1    0            0      7184416        24020       299324    0    0     0     0 12086 42571  28   6  66   0   0   0
   1    0            0      7227700        24020       299324    0    0     0     0 11629 40236  29   5  66   0   0   0
   0    0            0      7293808        24020       299352    0    0     0     0 10116 33428  25   5  70   0   0   0
   1    0            0      7279876        24036       299360    0    0     0  1448 4673 8790  17   5  78   0   0   0
   1    0            0      7271956        24040       299368    0    0     0     0 8383 17719  26   8  66   0   0   0
   1    0            0      7227912        24040       299368    0    0     0    80 5824 9325  27   5  68   0   0   0
   1    0            0      7220188        24040       299372    0    0     0     0 5521 9422  27   5  69   0   0   0
   1    0            0      7209884        24040       299372    0    0     0     0 5491 9365  27   5  68   0   0   0
   2    0            0      7203892        24040       299376    0    0     0     0 5704 10004  27   4  69   0   0   0
   1    0            0      7197424        24040       299376    0    0     0     0 5718 10005  27   5  68   0   0   0
   1    0            0      7190956        24040       299384    0    0     0    28 5584 9675  27   5  69   0   0   0
   1    0            0      7183540        24040       299384    0    0     0     0 5590 9848  27   5  69   0   0   0
   1    0            0      7182216        24040       299384    0    0     0     0 5614 10019  26   5  69   0   0   0
   1    0            0      7180656        24040       299388    0    0     0     0 5623 9931  27   5  68   0   0   0
   1    0            0      7179620        24040       299388    0    0     0     0 5607 10155  27   4  69   0   0   0
   3    0            0      7225128        24040       299392    0    0     0     8 6021 10562  27   4  69   0   0   0
--procs-- -----------------------memory---------------------- ---swap-- -----io---- -system-- ----------cpu----------
   r    b         swpd         free         buff        cache   si   so    bi    bo   in   cs  us  sy  id  wa  st  gu
   1    0            0      7307252        24040       299412    0    0     0     0 3570 5879  17   3  80   0   0   0
   1    0            0      7259212        24040       299416    0    0     0     0 13258 39671  27   6  67   0   0   0
   1    0            0      7260052        24040       299424    0    0     0     0 14073 40576  28   7  65   0   0   0
   3    0            0      7249524        24040       299424    0    0     0     0 14832 45946  29   6  65   0   0   0
   1    0            0      7244288        24040       299432    0    0     0    20 14321 44208  28   6  66   0   0   0
   1    0            0      7243336        24040       299432    0    0     0     0 13982 39329  28   6  66   0   0   0
   1    0            0      7242636        24040       299432    0    0     0     0 15076 45191  29   6  65   0   0   0
   1    0            0      7241936        24040       299436    0    0     0     0 12969 34972  28   5  67   0   0   0
   1    0            0      7239976        24040       299436    0    0     0     0 13436 37150  28   5  67   0   0   0
   1    0            0      7239308        24040       299444    0    0     0     4 14102 41407  29   6  65   0   0   0
   3    0            0      7196048        24060       299448    0    0     0   180 10260 27775  34   7  59   0   0   0
   3    0            0      7196464        24060       299452    0    0     0     0 13827 39270  29   6  66   0   0   0
   1    0            0      7260432        24060       299476    0    0     0     0 5464 13038  15   3  81   0   0   0
   1    0            0      7262296        24060       299480    0    0     0     0 12407 32215  28   6  67   0   0   0
   1    0            0      7246476        24060       299484    0    0     0     0 12273 31588  27   6  66   0   0   0
   3    0            0      7236420        24060       299484    0    0     0     0 12749 32819  28   5  67   0   0   0
   1    0            0      7236004        24060       299488    0    0     0     0 12450 33152  28   5  67   0   0   0
   1    0            0      7235244        24060       299488    0    0     0     0 13469 39709  29   4  66   0   0   0
   1    0            0      7233816        24060       299492    0    0     0    60 11672 29653  28   5  68   0   0   0
   4    0            0      7231856        24060       299492    0    0     0  1444 12741 34744  28   5  67   0   0   0
   1    0            0      7231380        24060       299500    0    0     0     0 13988 41197  29   5  67   0   0   0
--procs-- -----------------------memory---------------------- ---swap-- -----io---- -system-- ----------cpu----------
   r    b         swpd         free         buff        cache   si   so    bi    bo   in   cs  us  sy  id  wa  st  gu
   1    0            0      7230460        24060       299500    0    0     0     0 13498 38935  28   5  67   0   0   0
   1    0            0      7229508        24060       299500    0    0     0     0 14225 42894  29   5  67   0   0   0
   0    0            0      7321316        24060       299508    0    0     0     0 10544 30263  21   5  74   0   0   0
   1    0            0      7265048        24060       299520    0    0     0    88 7579 16803  22   5  73   0   0   0
   1    0            0      7257292        24060       299524    0    0     0     0 10386 24364  28   5  67   0   0   0
   1    0            0      7251804        24060       299528    0    0     0     0 13653 38008  28   5  67   0   0   0
   1    0            0      7227892        24060       299528    0    0     0     0 14814 46118  28   6  66   0   0   0
   1    0            0      7226244        24060       299536    0    0     0     0 12437 33888  29   6  66   0   0   0
   1    0            0      7225052        24060       299540    0    0     0     0 11335 28871  29   6  65   0   0   0
   3    0            0      7224796        24060       299544    0    0     0     8 15141 47485  28   6  66   0   0   0
   1    0            0      7223844        24060       299544    0    0     0     0 13327 37448  28   5  67   0   0   0
   1    0            0      7222892        24060       299548    0    0     0     0 13442 38518  28   6  67   0   0   0
   4    0            0      7222192        24060       299548    0    0     0     0 13037 36491  28   6  66   0   0   0
   1    0            0      7224296        24060       299552    0    0     0     0 14044 40810  28   5  66   0   0   0
   1    0            0      7288212        24064       299576    0    0     0    24 5739 15917  16   3  81   0   0   0
   1    0            0      7287400        24064       299576    0    0     0     0 13113 37427  28   6  66   0   0   0
   2    0            0      7252680        24064       299584    0    0     0     0 13364 36197  29   5  66   0   0   0
   1    0            0      7249240        24064       299584    0    0     0     0 14546 42022  28   6  66   0   0   0
   1    0            0      7242208        24064       299588    0    0     0     0 14651 44463  28   6  65   0   0   0
   1    0            0      7241732        24076       299592    0    0     0  2664 13709 40209  28   5  67   0   0   0
   1    0            0      7241064        24076       299592    0    0     0     0 13155 36077  28   5  67   0   0   0
--procs-- -----------------------memory---------------------- ---swap-- -----io---- -system-- ----------cpu----------
   r    b         swpd         free         buff        cache   si   so    bi    bo   in   cs  us  sy  id  wa  st  gu
   4    0            0      7240132        24076       299600    0    0     0     0 13840 39187  28   6  67   0   0   0
   1    0            0      7238404        24076       299600    0    0     0     0 14244 41486  28   5  66   0   0   0
   1    0            0      7237392        24076       299604    0    0     0     0 13861 40056  28   6  66   0   0   0
   1    0            0      7236724        24076       299604    0    0     0    16 13245 35876  28   6  67   0   0   0
   0    0            0      7324556        24076       299648    0    0     0     0 13518 39575  26   6  68   0   0   0
   1    0            0      7280148        24076       299656    0    0     0     0 5913 14588  17   4  79   0   0   0
   1    0            0      7275260        24076       299660    0    0     0     0 13552 38969  28   6  67   0   0   0
   1    0            0      7264008        24076       299664    0    0     0     0 13954 40283  28   6  66   0   0   0
   1    0            0      7246868        24076       299664    0    0     0     0 14034 40564  28   6  66   0   0   0
   1    0            0      7245724        24076       299668    0    0     0     0 13401 37452  28   5  67   0   0   0
   3    0            0      7245024        24076       299668    0    0     0     0 14820 45104  29   5  66   0   0   0
   1    0            0      7243004        24076       299676    0    0     0     0 12448 33724  28   5  68   0   0   0
   1    0            0      7242112        24076       299676    0    0     0     0 12328 32688  28   5  67   0   0   0
   1    0            0      7240876        24076       299680    0    0     0   104 12502 33099  29   5  67   0   0   0
   1    0            0      7239924        24076       299680    0    0     0     0 12701 34373  28   5  67   0   0   0
   3    0            0      7239276        24076       299680    0    0     0     0 14052 41969  28   5  66   0   0   0
   1    0            0      7307392        24076       299692    0    0     0     0 8053 24000  17   4  79   0   0   0
   1    0            0      7259044        24076       299696    0    0     0     0 12841 41160  27   6  67   0   0   0
   1    0            0      7253108        24076       299708    0    0     0  1796 15060 47337  28   7  65   0   0   0
   3    0            0      7246864        24076       299708    0    0     0     0 14259 42558  29   6  66   0   0   0
   1    0            0      7240844        24076       299708    0    0     0     0 14918 45045  28   5  66   0   0   0
--procs-- -----------------------memory---------------------- ---swap-- -----io---- -system-- ----------cpu----------
   r    b         swpd         free         buff        cache   si   so    bi    bo   in   cs  us  sy  id  wa  st  gu
   3    0            0      7239196        24076       299712    0    0     0     0 14257 40793  28   6  66   0   0   0
   1    0            0      7238464        24076       299712    0    0     0     0 13058 36779  28   5  67   0   0   0
   1    0            0      7237764        24076       299720    0    0     0    24 12828 36407  28   6  66   0   0   0
   1    0            0      7236396        24076       299720    0    0     0     0 11650 29926  28   5  67   0   0   0
   3    0            0      7235444        24076       299720    0    0     0     0 13517 38264  28   6  67   0   0   0
   1    0            0      7234460        24076       299724    0    0     0     0 14202 41076  29   5  66   0   0   0
   2    0            0      7233316        24076       299724    0    0     0     0 12441 32961  28   6  66   0   0   0
   1    0            0      7284996        24084       298724    0    0     0    96 6165 18830  15   3  82   0   0   0
   4    0            0      7266748        24084       298724    0    0     0    92 14272 46198  29   6  65   0   0   0
   1    0            0      7251068        24084       298736    0    0     0     0 13955 41879  28   6  65   0   0   0
   1    0            0      7235036        24084       298736    0    0     0     0 13929 40430  28   5  66   0   0   0
   1    0            0      7240248        24084       298736    0    0     0     0 13143 36146  28   5  67   0   0   0
   1    0            0      7245880        24084       298740    0    0     0     0 12664 34123  28   5  67   0   0   0
   1    0            0      7248184        24084       298740    0    0     0     0 13032 34642  28   5  68   0   0   0
   1    0            0      7249692        24084       298744    0    0     0     0 12950 35679  28   5  67   0   0   0
   1    0            0      7249504        24084       298744    0    0     0     0 13116 35954  28   5  67   0   0   0
   1    0            0      7249000        24084       298748    0    0     0     0 12857 34120  28   5  68   0   0   0
   3    0            0      7248176        24084       298748    0    0     0     0 13310 37111  28   5  67   0   0   0
   0    0            0      7323216        24084       298772    0    0     0    16 10695 30244  22   4  74   0   0   0
   1    0            0      7282460        24088       298776    0    0     0     4 5494 10217  21   4  76   0   0   0
   1    0            0      7266056        24088       298788    0    0     0     0 10930 25544  27   5  68   0   0   0
--procs-- -----------------------memory---------------------- ---swap-- -----io---- -system-- ----------cpu----------
   r    b         swpd         free         buff        cache   si   so    bi    bo   in   cs  us  sy  id  wa  st  gu
   1    0            0      7251884        24088       298796    0    0     0     0 13311 37146  28   6  66   0   0   0
   3    0            0      7241452        24088       298796    0    0     0     0 14344 40969  28   6  66   0   0   0
   2    0            0      7244044        24088       298800    0    0     0    76 14157 39540  28   5  67   0   0   0
   1    0            0      7245560        24088       298800    0    0     0     0 12951 35009  28   5  67   0   0   0
   1    0            0      7247232        24088       298800    0    0     0     0 12973 35093  28   5  67   0   0   0
   3    0            0      7247796        24088       298804    0    0     0     0 11497 28458  28   4  68   0   0   0
   1    0            0      7247868        24088       298804    0    0     0     0 12243 30606  28   5  67   0   0   0
   1    0            0      7247140        24088       298808    0    0     0    24 12988 35243  28   5  67   0   0   0
   2    0            0      7246664        24088       298808    0    0     0     0 13825 38869  28   6  66   0   0   0
   1    0            0      7292716        24088       298828    0    0     0     4 5510 13580  15   3  82   0   0   0
   1    0            0      7264128        24088       298828    0    0     0     0 10641 24482  27   6  67   0   0   0
   1    0            0      7258464        24088       298836    0    0     0     0 10867 25495  28   5  67   0   0   0
   1    0            0      7251884        24088       298836    0    0     0     8 12984 34700  28   5  67   0   0   0
   1    0            0      7242132        24088       298840    0    0     0     0 12759 33639  27   6  66   0   0   0
   2    0            0      7244756        24088       298840    0    0     0     0 11828 30998  28   4  68   0   0   0
   3    0            0      7247156        24088       298844    0    0     0     0 12181 32051  28   4  68   0   0   0
   1    0            0      7248764        24096       298844    0    0     0    88 13258 36651  28   5  66   0   0   0
   1    0            0      7250056        24096       298848    0    0     0    20 12814 34506  29   5  67   0   0   0
   1    0            0      7249232        24096       298848    0    0     0     0 13237 36842  28   5  67   0   0   0
   1    0            0      7249144        24096       298852    0    0     0     0 12889 35293  28   5  67   0   0   0
   1    0            0      7248704        24096       298856    0    0     0     0 13162 36214  28   5  66   0   0   0
--procs-- -----------------------memory---------------------- ---swap-- -----io---- -system-- ----------cpu----------
   r    b         swpd         free         buff        cache   si   so    bi    bo   in   cs  us  sy  id  wa  st  gu
   3    0            0      7273552        24104       298876    0    0     0     4 4759 10220  15   3  82   0   0   0
   1    0            0      7270680        24104       298884    0    0     0     4 11693 29389  28   5  67   0   0   0
   1    0            0      7251724        24104       298884    0    0     0     0 11982 31271  28   5  67   0   0   0
   1    0            0      7236324        24104       298892    0    0     0     0 13137 36690  28   5  67   0   0   0
   1    0            0      7238884        24104       298892    0    0     0     0 13859 38956  28   5  67   0   0   0
   1    0            0      7241828        24104       298892    0    0     0     0 13947 40446  28   5  67   0   0   0
   3    0            0      7243788        24104       298896    0    0     0     8 13364 36634  28   5  67   0   0   0
   1    0            0      7246188        24104       298896    0    0     0     0 14139 41515  28   5  67   0   0   0
   1    0            0      7247032        24104       298900    0    0     0     0 13483 38442  29   4  67   0   0   0
   1    0            0      7248568        24104       298900    0    0     0     0 13632 39588  29   4  66   0   0   0
   3    0            0      7248256        24104       298904    0    0     0     0 12589 34167  28   6  67   0   0   0
   0    0            0      7313424        24104       298912    0    0     0     0 9423 28252  18   3  79   0   0   0
   1    0            0      7261512        24104       298924    0    0     0    88 8441 18497  25   5  70   0   0   0
   1    0            0      7239884        24108       299060    0    0     0    24 9453 21722  33   8  59   0   0   0
   3    0            0      7231140        24108       299068    0    0     0     0 13002 35603  28   5  67   0   0   0
   1    0            0      7218512        24108       299068    0    0     0     0 14110 41574  28   6  66   0   0   0
   1    0            0      7221476        24108       299076    0    0     0     0 12475 32712  28   5  67   0   0   0
   1    0            0      7223772        24108       299076    0    0     0     0 13707 39531  28   5  67   0   0   0
   1    0            0      7225828        24108       299076    0    0     0     0 11515 29984  28   4  68   0   0   0
   1    0            0      7227816        24108       299080    0    0     0     0 12109 31350  27   5  68   0   0   0
   1    0            0      7229292        24108       299080    0    0     0     0 12563 32390  28   5  68   0   0   0
--procs-- -----------------------memory---------------------- ---swap-- -----io---- -system-- ----------cpu----------
   r    b         swpd         free         buff        cache   si   so    bi    bo   in   cs  us  sy  id  wa  st  gu
   1    0            0      7230032        24108       299084    0    0     0     0 11810 29795  28   5  68   0   0   0
   1    0            0      7230128        24108       299084    0    0     0    28 13535 37540  28   5  66   0   0   0
   1    0            0      7295084        24112       299112    0    0     0     4 6041 18532  15   3  82   0   0   0
   1    0            0      7259592        24112       299112    0    0     0     0 14720 50372  29   6  65   0   0   0
   1    0            0      7234224        24124       299120    0    0     0   132 14525 48325  28   7  65   0   0   0
   1    0            0      7223604        24124       299120    0    0     0   128 14097 42702  28   5  66   0   0   0
   1    0            0      7224664        24124       299120    0    0     0     0 13311 37296  28   5  67   0   0   0
   2    0            0      7227288        24124       299128    0    0     0     0 12193 30842  28   4  68   0   0   0
   3    0            0      7229528        24124       299128    0    0     0     0 14302 44343  28   5  66   0   0   0
   1    0            0      7231320        24124       299136    0    0     0     0 13988 41790  29   5  66   0   0   0
   3    0            0      7233108        24124       299136    0    0     0     0 13511 38193  28   5  67   0   0   0
   1    0            0      7233748        24124       299140    0    0     0    24 14121 41644  29   5  67   0   0   0
   3    0            0      7232952        24124       299140    0    0     0     0 14117 41663  28   5  67   0   0   0
   0    0            0      7314528        24124       299184    0    0     0     0 11777 33238  25   5  70   0   0   0
   1    0            0      7288804        24124       299188    0    0     0     0 1359 1274  17   1  82   0   0   0
   1    0            0      7291152        24124       299196    0    0     0     0 2259 2622  25   1  74   0   0   0
   1    0            0      7291620        24124       299196    0    0     0     0 2134 2430  25   1  74   0   0   0
   1    0            0      7292712        24124       299200    0    0     0     0 2174 2528  25   1  74   0   0   0
   1    0            0      7294376        24124       299200    0    0     0     0 2246 2621  25   1  74   0   0   0
   1    0            0      7293532        24124       299208    0    0     0     0 2272 2676  25   1  74   0   0   0
   1    0            0      7294488        24124       299208    0    0     0     0 2289 2686  25   1  74   0   0   0
--procs-- -----------------------memory---------------------- ---swap-- -----io---- -system-- ----------cpu----------
   r    b         swpd         free         buff        cache   si   so    bi    bo   in   cs  us  sy  id  wa  st  gu
   1    0            0      7294988        24124       299212    0    0     0    12 2294 2637  25   1  74   0   0   0
   1    0            0      7294736        24124       299212    0    0     0     0 2219 2585  25   1  74   0   0   0
   1    0            0      7294232        24124       299212    0    0     0  4572 2323 2698  25   0  74   0   0   0
   1    0            0      7293224        24124       299220    0    0     0     0 2268 2673  25   1  74   0   0   0
   1    0            0      7321492        24124       299228    0    0     0     0 1613 1774  16   1  83   0   0   0
   1    0            0      7304284        24124       299236    0    0     0    92 1810 1838  24   1  76   0   0   0
   1    0            0      7302268        24124       299240    0    0     0     0 1938 2093  25   1  74   0   0   0
   1    0            0      7301512        24124       299244    0    0     0     0 1914 2137  25   1  74   0   0   0
   1    0            0      7300504        24124       299244    0    0     0     0 2021 2389  25   0  74   0   0   0
   1    0            0      7298488        24124       299248    0    0     0     0 1985 2272  25   1  74   0   0   0
   1    0            0      7298488        24124       299248    0    0     0     8 2160 2642  25   1  74   0   0   0
   1    0            0      7298488        24124       299252    0    0     0     0 2122 2518  25   1  74   0   0   0
   1    0            0      7294456        24124       299252    0    0     0     0 2135 2559  25   1  74   0   0   0
   1    0            0      7294456        24132       299256    0    0     0    96 2121 2469  25   1  74   0   0   0
   1    0            0      7294456        24132       299256    0    0     0     0 2161 2525  25   1  74   0   0   0
   1    0            0      7294456        24132       299260    0    0     0     0 2204 2605  25   0  74   0   0   0
   1    0            0      7306460        24132       299272    0    0     0    24 1487 1719  15   1  84   0   0   0
   1    0            0      7311852        24132       299284    0    0     0     0 2029 2878  25   1  74   0   0   0
   1    0            0      7311600        24132       299284    0    0     0     0 1826 2623  25   1  74   0   0   0
   1    0            0      7311096        24132       299284    0    0     0     0 1948 3002  25   0  74   0   0   0
   1    0            0      7309864        24132       299292    0    0     0     0 1934 2530  25   1  74   0   0   0
--procs-- -----------------------memory---------------------- ---swap-- -----io---- -system-- ----------cpu----------
   r    b         swpd         free         buff        cache   si   so    bi    bo   in   cs  us  sy  id  wa  st  gu
   1    0            0      7309864        24132       299292    0    0     0     0 1959 2502  25   0  75   0   0   0
   1    0            0      7309108        24132       299296    0    0     0     0 2085 2729  25   1  74   0   0   0
   1    0            0      7308100        24132       299296    0    0     0     0 2013 2499  25   1  74   0   0   0
   1    0            0      7308100        24132       299300    0    0     0     0 2042 2495  26   0  74   0   0   0
   1    0            0      7305328        24132       299300    0    0     0     0 2047 2548  25   1  74   0   0   0
   1    0            0      7304320        24132       299304    0    0     0    20 2114 2693  25   1  74   0   0   0
   0    0            0      7343876        24132       299304    0    0     0     0 2151 2644  25   1  75   0   0   0
   1    0            0      7316756        24136       299332    0    0     0     0 1227 1347  15   1  84   0   0   0
   1    0            0      7313760        24136       299336    0    0     0     0 2115 3224  25   1  74   0   0   0
   1    0            0      7313164        24136       299336    0    0     0     0 1827 2600  25   1  74   0   0   0
   1    0            0      7312276        24136       299340    0    0     0     0 1906 2632  25   0  74   0   0   0
   1    0            0      7311268        24136       299340    0    0     0     0 1984 2946  25   1  74   0   0   0
   1    0            0      7311268        24136       299348    0    0     0     0 1955 2619  25   0  75   0   0   0
   1    0            0      7310764        24136       299348    0    0     0     0 1961 2716  25   1  74   0   0   0
   1    0            0      7308556        24136       299348    0    0     0     0 2040 2914  25   0  74   0   0   0
   1    0            0      7307012        24136       299352    0    0     0    92 1904 2577  25   0  74   0   0   0
   1    0            0      7306760        24136       299352    0    0     0     0 1884 2647  25   1  74   0   0   0
   1    0            0      7305500        24136       299356    0    0     0     0 2008 3080  25   1  74   0   0   0
   0    0            0      7344468        24136       299364    0    0     0     0 1534 1971  17   1  82   0   0   0
   1    0            0      7314724        24136       299408    0    0     0     0 1703 1688  22   1  77   0   0   0
   1    0            0      7312068        24136       299412    0    0     0     8 1962 2156  25   1  74   0   0   0
--procs-- -----------------------memory---------------------- ---swap-- -----io---- -system-- ----------cpu----------
   r    b         swpd         free         buff        cache   si   so    bi    bo   in   cs  us  sy  id  wa  st  gu
   1    0            0      7311060        24136       299412    0    0     0     0 1892 2207  25   1  74   0   0   0
   1    0            0      7311060        24136       299416    0    0     0     0 2012 2358  25   1  74   0   0   0
   1    0            0      7309044        24144       299416    0    0     0   188 2051 2378  25   1  74   0   0   0
   1    0            0      7309044        24144       299420    0    0     0     0 1973 2309  25   1  74   0   0   0
   1    0            0      7309044        24144       299424    0    0     0    20 2061 2366  25   1  74   0   0   0
   2    0            0      7304760        24144       299424    0    0     0     0 2154 2549  25   1  74   0   0   0
   1    0            0      7303396        24144       299424    0    0     0     0 2217 2682  25   1  74   0   0   0
   1    0            0      7303248        24144       299432    0    0     0     0 2167 2569  25   0  74   0   0   0
   1    0            0      7301232        24144       299432    0    0     0     0 2104 2386  25   1  74   0   0   0
   1    0            0      7308432        24144       299452    0    0     0     4 1391 1341  15   1  84   0   0   0
   1    0            0      7308260        24144       299452    0    0     0     0 2071 2335  25   1  74   0   0   0
   1    0            0      7307688        24144       299460    0    0     0     0 2243 2635  25   1  74   0   0   0
   1    0            0      7305796        24144       299460    0    0     0     0 2126 2457  25   0  74   0   0   0
   1    0            0      7305672        24144       299460    0    0     0     0 2240 2646  25   1  74   0   0   0
   1    0            0      7305672        24144       299464    0    0     0     0 2222 2582  25   1  74   0   0   0
   1    0            0      7305672        24144       299464    0    0     0     0 2199 2614  25   0  74   0   0   0
   1    0            0      7301640        24144       299472    0    0     0     0 2375 2809  26   1  74   0   0   0
   1    0            0      7272032        24148       299480    0    0     0    28 3177 3883  31   3  66   0   0   0
   1    0            0      7276028        24148       299480    0    0     0     0 2213 2653  25   1  74   0   0   0
   1    0            0      7279712        24148       299484    0    0     0     0 2239 2696  25   1  74   0   0   0
   1    0            0      7282932        24148       299484    0    0     0    24 2249 2683  25   1  74   0   0   0
--procs-- -----------------------memory---------------------- ---swap-- -----io---- -system-- ----------cpu----------
   r    b         swpd         free         buff        cache   si   so    bi    bo   in   cs  us  sy  id  wa  st  gu
   2    0            0      7280808        24148       299500    0    0     0     0 1362  832  20   3  77   0   0   0
   2    0            0      7282212        24148       299500    0    0     0     0 2170 1108  45   5  51   0   0   0
   2    0            0      7283500        24148       299504    0    0     0     0 2113  952  45   4  50   0   0   0
   2    0            0      7284704        24148       299508    0    0     0     0 2129  867  46   4  50   0   0   0
   2    0            0      7284960        24148       299508    0    0     0    76 2126  928  45   5  50   0   0   0
   2    0            0      7284064        24148       299508    0    0     0     0 2139  913  45   5  50   0   0   0
   2    0            0      7282976        24148       299512    0    0     0     0 2211  877  45   5  50   0   0   0
   2    0            0      7282240        24148       299512    0    0     0     0 2235  925  46   4  50   0   0   0
   2    0            0      7281344        24148       299516    0    0     0     0 2299  921  46   4  51   0   0   0
   2    0            0      7280844        24148       299516    0    0     0    24 2233  920  45   5  50   0   0   0
   2    0            0      7280572        24148       299520    0    0     0     0 2250 1013  45   5  50   0   0   0
   0    0            0      7315240        24160       299524    0    0     0   120 1858  833  34   4  62   0   0   0
   2    0            0      7286760        24160       299544    0    0     0     0 1896 1426  29   4  67   0   0   0
   2    0            0      7285416        24160       299548    0    0     0     0 2684 2243  44   5  52   0   0   0
   2    0            0      7284296        24160       299548    0    0     0     0 2713 2199  43   5  52   0   0   0
   2    0            0      7282952        24160       299548    0    0     0     0 2628 2115  44   5  51   0   0   0
   2    0            0      7281608        24160       299552    0    0     0     0 2560 1881  44   5  52   0   0   0
   2    0            0      7280264        24160       299552    0    0     0     0 2622 2130  44   5  51   0   0   0
   2    0            0      7278920        24160       299560    0    0     0     0 2645 2007  44   5  51   0   0   0
   2    0            0      7278844        24160       299560    0    0     0    20 2586 1972  44   5  52   0   0   0
   2    0            0      7280336        24160       299560    0    0     0     0 2528 1958  45   4  51   0   0   0
--procs-- -----------------------memory---------------------- ---swap-- -----io---- -system-- ----------cpu----------
   r    b         swpd         free         buff        cache   si   so    bi    bo   in   cs  us  sy  id  wa  st  gu
   1    0            0      7280336        24160       299568    0    0     0     0 2548 1845  44   5  51   0   0   0
   2    0            0      7280272        24160       299568    0    0     0     0 2591 1950  44   5  51   0   0   0
   1    0            0      7284696        24164       299580    0    0     0     0 1595 1003  24   3  73   0   0   0
   2    0            0      7279568        24164       299588    0    0     0     4 2337 1631  39   5  57   0   0   0
   2    0            0      7278448        24164       299588    0    0     0     0 2569 1819  44   4  51   0   0   0
   2    0            0      7277328        24164       299588    0    0     0  3560 2600 1778  44   5  51   0   0   0
   2    0            0      7275984        24164       299600    0    0     0     0 2522 1760  44   5  51   0   0   0
   1    0            0      7274864        24164       299600    0    0     0     0 2447 1700  44   5  51   0   0   0
   2    0            0      7273744        24164       299600    0    0     0     0 2378 1610  44   5  51   0   0   0
   2    0            0      7272400        24164       299604    0    0     0     0 2523 1708  44   5  51   0   0   0
   2    0            0      7271852        24164       299604    0    0     0     0 2468 1584  44   5  51   0   0   0
   2    0            0      7273880        24164       299608    0    0     0     0 2485 1589  44   5  51   0   0   0
   2    0            0      7273752        24164       299608    0    0     0     0 2505 1675  44   5  51   0   0   0
   2    0            0      7273720        24164       299612    0    0     0     0 2506 1593  44   5  51   0   0   0
   2    0            0      7289332        24164       299624    0    0     0    88 1359  702  19   3  79   0   0   0
   2    0            0      7287988        24164       299628    0    0     0     0 2773 2222  44   5  52   0   0   0
   2    0            0      7286868        24164       299628    0    0     0     0 2689 1994  44   5  52   0   0   0
   2    0            0      7285524        24164       299632    0    0     0     0 2617 1897  44   4  52   0   0   0
   2    0            0      7284180        24164       299632    0    0     0     0 2536 1969  44   5  51   0   0   0
   2    0            0      7283060        24164       299636    0    0     0     8 2681 1928  44   5  51   0   0   0
   2    0            0      7281716        24164       299636    0    0     0     0 2625 1965  43   5  52   0   0   0
--procs-- -----------------------memory---------------------- ---swap-- -----io---- -system-- ----------cpu----------
   r    b         swpd         free         buff        cache   si   so    bi    bo   in   cs  us  sy  id  wa  st  gu
   2    0            0      7280564        24172       299644    0    0     0   204 2546 2074  44   5  51   0   0   0
   2    0            0      7281960        24172       299644    0    0     0     0 2596 1953  44   5  52   0   0   0
   2    0            0      7281992        24172       299644    0    0     0     0 2533 1924  44   5  51   0   0   0
   2    0            0      7281928        24172       299648    0    0     0    12 2567 1944  44   4  51   0   0   0
   1    0            0      7266228        24172       299648    0    0     0     0 2466 1784  43   5  53   0   0   0
   2    0            0      7280056        24172       299664    0    0     0     0 1367  856  21   3  77   0   0   0
   2    0            0      7278712        24172       299664    0    0     0     0 2595 2044  44   4  51   0   0   0
   2    0            0      7277368        24172       299668    0    0     0     0 2556 2066  44   5  51   0   0   0
   2    0            0      7276024        24172       299668    0    0     0     0 2576 2242  45   4  52   0   0   0
   2    0            0      7274680        24172       299676    0    0     0     0 2614 2242  44   5  52   0   0   0
   2    0            0      7273560        24172       299676    0    0     0     0 2694 2240  44   4  52   0   0   0
   2    0            0      7272216        24172       299680    0    0     0     0 2656 2091  44   5  51   0   0   0
   2    0            0      7272820        24172       299680    0    0     0     0 2576 2168  43   6  52   0   0   0
   2    0            0      7274428        24172       299688    0    0     0    16 2687 2203  44   4  52   0   0   0
   2    0            0      7274236        24172       299688    0    0     0     0 2660 2124  44   5  52   0   0   0
   2    0            0      7274236        24172       299688    0    0     0     0 2572 2220  44   4  51   0   0   0
   0    0            0      7317476        24172       299708    0    0     0     0 1979 1536  32   4  65   0   0   0
   2    0            0      7290344        24172       299712    0    0     0     0 1853 1089  31   4  65   0   0   0
   2    0            0      7289000        24172       299716    0    0     0     0 2514 1714  44   4  51   0   0   0
   2    0            0      7287656        24172       299716    0    0     0     0 2387 1610  44   5  51   0   0   0
   2    0            0      7286312        24172       299720    0    0     0     0 2380 1579  45   4  51   0   0   0
--procs-- -----------------------memory---------------------- ---swap-- -----io---- -system-- ----------cpu----------
   r    b         swpd         free         buff        cache   si   so    bi    bo   in   cs  us  sy  id  wa  st  gu
   2    0            0      7284968        24172       299720    0    0     0     0 2347 1547  45   5  51   0   0   0
   2    0            0      7283848        24172       299728    0    0     0     0 2265 1419  45   5  51   0   0   0
   2    0            0      7282504        24172       299728    0    0     0    16 2326 1554  44   5  51   0   0   0
   2    0            0      7282672        24172       299728    0    0     0     0 2292 1542  45   5  51   0   0   0
   2    0            0      7283728        24172       299732    0    0     0     0 2409 1535  45   4  51   0   0   0
   2    0            0      7283160        24172       299732    0    0     0     0 2324 1519  45   5  51   0   0   0
   2    0            0      7283004        24172       299736    0    0     0     0 2314 1519  44   5  51   0   0   0
