Linux 7.0.0-1013-aws (ip-172-31-2-102) 	09/25/26 	_x86_64_	(4 CPU)

# Time        UID       PID    %usr %system  %guest   %wait    %CPU   CPU  minflt/s  majflt/s     VSZ     RSS   %MEM   cswch/s nvcswch/s  Command
13:59:13        0        11    0.00    0.00    0.00    0.00    0.00     0      0.00      0.00       0       0   0.00      3.96      0.00  kworker/0:1-events
13:59:13        0        16    0.00    0.00    0.00    0.00    0.00     1      0.00      0.00       0       0   0.00     38.61      0.00  rcu_sched
13:59:13        0        25    0.00    0.00    0.00    0.00    0.00     1      0.00      0.00       0       0   0.00      0.99      0.00  migration/1
13:59:13        0        48    0.00    0.00    0.00    0.00    0.00     3      0.00      0.00       0       0   0.00      2.97      0.00  kworker/u16:1-events_power_efficient
13:59:13        0        49    0.00    0.00    0.00    0.00    0.00     1      0.00      0.00       0       0   0.00      4.95      0.00  kworker/u16:2-events_unbound
13:59:13        0        52    0.00    0.00    0.00    0.00    0.00     1      0.00      0.00       0       0   0.00      1.98      0.00  kcompactd0
13:59:13        0       122    0.00    0.00    0.00    0.00    0.00     3      0.00      0.00       0       0   0.00      5.94      0.00  kworker/3:1-events
13:59:13        0       224    0.00    0.00    0.00    0.00    0.00     2      0.00      0.00       0       0   0.00      3.96      0.00  kworker/2:3-events
13:59:13        0       231    0.00    0.00    0.00    0.00    0.00     1      0.00      0.00       0       0   0.00      2.97      0.00  kworker/1:2-events
13:59:13        0       239    0.00    0.00    0.00    0.00    0.00     0      0.00      0.00  288968   27092   0.34      0.99      0.00  multipathd
13:59:13      110       686    0.00    0.00    0.00    0.00    0.00     3      0.00      0.00   19416    3764   0.05      3.96      0.00  chronyd
13:59:13     1000      1178    0.00    0.00    0.00    0.00    0.00     1      1.98      0.00   31388   21092   0.27      5.94      0.00  python3
13:59:13     1000      1183    0.00    0.00    0.00    0.00    0.00     1      0.00      0.00    9900    3344   0.04      0.99      0.00  vmstat
13:59:13     1000      1184    0.00    0.00    0.00    0.00    0.00     1      3.96      0.00    7580    3696   0.05      0.99      0.00  pidstat
13:59:13     1000      1186   81.19    5.94    0.00    0.00   87.13     0   7576.24      0.99   47028   39924   0.50     29.70      3.96  /home/ubuntu/pe
13:59:13     1000      1187   13.86   12.87    0.00    0.00   26.73     3  10856.44     70.30 1816956   45272   0.57     62.38      1.98  hey

# Time        UID       PID    %usr %system  %guest   %wait    %CPU   CPU  minflt/s  majflt/s     VSZ     RSS   %MEM   cswch/s nvcswch/s  Command
13:59:14        0        11    0.00    0.00    0.00    0.00    0.00     0      0.00      0.00       0       0   0.00      3.00      0.00  kworker/0:1-events
13:59:14        0        16    0.00    0.00    0.00    0.00    0.00     1      0.00      0.00       0       0   0.00     15.00      0.00  rcu_sched
13:59:14        0        19    0.00    0.00    0.00    0.00    0.00     0      0.00      0.00       0       0   0.00      1.00      0.00  migration/0
13:59:14        0        25    0.00    0.00    0.00    0.00    0.00     1      0.00      0.00       0       0   0.00      2.00      0.00  migration/1
13:59:14        0        26    0.00    0.00    0.00    0.00    0.00     1      0.00      0.00       0       0   0.00      3.00      0.00  ksoftirqd/1
13:59:14        0        31    0.00    0.00    0.00    0.00    0.00     2      0.00      0.00       0       0   0.00      1.00      0.00  migration/2
13:59:14        0        37    0.00    0.00    0.00    0.00    0.00     3      0.00      0.00       0       0   0.00      1.00      0.00  migration/3
13:59:14        0        49    0.00    0.00    0.00    0.00    0.00     1      0.00      0.00       0       0   0.00      7.00      0.00  kworker/u16:2-events_power_efficient
13:59:14        0        52    0.00    0.00    0.00    0.00    0.00     1      0.00      0.00       0       0   0.00      2.00      0.00  kcompactd0
13:59:14        0       122    0.00    0.00    0.00    1.00    0.00     3      0.00      0.00       0       0   0.00      4.00      0.00  kworker/3:1-events
13:59:14        0       224    0.00    0.00    0.00    0.00    0.00     2      0.00      0.00       0       0   0.00      2.00      0.00  kworker/2:3-mm_percpu_wq
13:59:14        0       231    0.00    0.00    0.00    0.00    0.00     1      0.00      0.00       0       0   0.00      7.00      0.00  kworker/1:2-events
13:59:14        0       239    0.00    0.00    0.00    0.00    0.00     0      0.00      0.00  288968   27092   0.34      1.00      0.00  multipathd
13:59:14      110       686    0.00    0.00    0.00    0.00    0.00     1      0.00      0.00   19416    3764   0.05      6.00      0.00  chronyd
13:59:14     1000      1178    0.00    0.00    0.00    0.00    0.00     1      0.00      0.00   31388   21092   0.27      3.00      0.00  python3
13:59:14     1000      1183    0.00    0.00    0.00    0.00    0.00     1      0.00      0.00    9900    3344   0.04      1.00      0.00  vmstat
13:59:14     1000      1184    0.00    1.00    0.00    0.00    1.00     1      4.00      0.00    7712    3696   0.05      1.00      0.00  pidstat
13:59:14     1000      1186   91.00    7.00    0.00    0.00   98.00     0     39.00      0.00   47160   40052   0.51      2.00      5.00  /home/ubuntu/pe
13:59:14     1000      1195   16.00   15.00    0.00    0.00   31.00     3  10704.00      0.00 1743224   44556   0.56      3.00      2.00  hey

# Time        UID       PID    %usr %system  %guest   %wait    %CPU   CPU  minflt/s  majflt/s     VSZ     RSS   %MEM   cswch/s nvcswch/s  Command
13:59:15        0        11    0.00    0.00    0.00    0.00    0.00     0      0.00      0.00       0       0   0.00      3.00      0.00  kworker/0:1-events
13:59:15        0        16    0.00    0.00    0.00    0.00    0.00     1      0.00      0.00       0       0   0.00      6.00      0.00  rcu_sched
13:59:15        0        49    0.00    0.00    0.00    0.00    0.00     1      0.00      0.00       0       0   0.00      5.00      0.00  kworker/u16:2-events_power_efficient
13:59:15        0        52    0.00    0.00    0.00    0.00    0.00     1      0.00      0.00       0       0   0.00      2.00      0.00  kcompactd0
13:59:15        0       122    0.00    0.00    0.00    0.00    0.00     3      0.00      0.00       0       0   0.00      4.00      0.00  kworker/3:1-events
13:59:15        0       224    0.00    0.00    0.00    0.00    0.00     2      0.00      0.00       0       0   0.00      1.00      0.00  kworker/2:3-mm_percpu_wq
13:59:15        0       231    0.00    0.00    0.00    0.00    0.00     1      0.00      0.00       0       0   0.00      6.00      0.00  kworker/1:2-events
13:59:15        0       239    0.00    0.00    0.00    0.00    0.00     0      0.00      0.00  288968   27092   0.34      1.00      0.00  multipathd
13:59:15      110       686    0.00    0.00    0.00    0.00    0.00     1      0.00      0.00   19416    3764   0.05      2.00      0.00  chronyd
13:59:15     1000      1183    0.00    0.00    0.00    0.00    0.00     1      0.00      0.00    9900    3344   0.04      1.00      0.00  vmstat
13:59:15     1000      1184    0.00    0.00    0.00    0.00    0.00     1      2.00      0.00    7712    3696   0.05      1.00      0.00  pidstat
13:59:15     1000      1186   92.00    9.00    0.00    0.00  101.00     0      0.00      0.00   47160   40052   0.51      0.00      4.00  /home/ubuntu/pe
13:59:15     1000      1195   20.00   16.00    0.00    0.00   36.00     3   2699.00      0.00 1817660   54156   0.68      0.00      0.00  hey

# Time        UID       PID    %usr %system  %guest   %wait    %CPU   CPU  minflt/s  majflt/s     VSZ     RSS   %MEM   cswch/s nvcswch/s  Command
13:59:16        0        11    0.00    0.00    0.00    0.00    0.00     0      0.00      0.00       0       0   0.00      4.00      0.00  kworker/0:1-events
13:59:16        0        16    0.00    0.00    0.00    0.00    0.00     1      0.00      0.00       0       0   0.00     53.00      0.00  rcu_sched
13:59:16        0        25    0.00    0.00    0.00    0.00    0.00     1      0.00      0.00       0       0   0.00      2.00      0.00  migration/1
13:59:16        0        26    0.00    0.00    0.00    0.00    0.00     1      0.00      0.00       0       0   0.00      1.00      0.00  ksoftirqd/1
13:59:16        0        32    0.00    0.00    0.00    0.00    0.00     2      0.00      0.00       0       0   0.00      1.00      0.00  ksoftirqd/2
13:59:16        0        48    0.00    0.00    0.00    0.00    0.00     2      0.00      0.00       0       0   0.00      3.00      0.00  kworker/u16:1-ext4-rsv-conversion
13:59:16        0        49    0.00    0.00    0.00    0.00    0.00     1      0.00      0.00       0       0   0.00     19.00      0.00  kworker/u16:2-ext4-rsv-conversion
13:59:16        0        52    0.00    0.00    0.00    0.00    0.00     1      0.00      0.00       0       0   0.00      2.00      0.00  kcompactd0
13:59:16        0       122    0.00    0.00    0.00    0.00    0.00     3      0.00      0.00       0       0   0.00      3.00      0.00  kworker/3:1-events
13:59:16        0       161    0.00    0.00    0.00    0.00    0.00     0      0.00      0.00       0       0   0.00      7.00      0.00  kworker/0:1H-kblockd
13:59:16        0       224    0.00    0.00    0.00    0.00    0.00     2      0.00      0.00       0       0   0.00      4.00      0.00  kworker/2:3-events
13:59:16        0       231    0.00    0.00    0.00    0.00    0.00     1      0.00      0.00       0       0   0.00      6.00      0.00  kworker/1:2-events
13:59:16        0       239    0.00    0.00    0.00    0.00    0.00     0      0.00      0.00  288968   27092   0.34      1.00      0.00  multipathd
13:59:16      110       686    0.00    0.00    0.00    0.00    0.00     1      0.00      0.00   19416    3764   0.05      6.00      0.00  chronyd
13:59:16        0       877    0.00    0.00    0.00    0.00    0.00     1      0.00      0.00       0       0   0.00      5.00      0.00  kworker/1:1H-kblockd
13:59:16     1000      1178    0.00    0.00    0.00    0.00    0.00     1     24.00      0.00   31388   21220   0.27     11.00      0.00  python3
13:59:16     1000      1183    0.00    0.00    0.00    0.00    0.00     1      0.00      0.00    9900    3344   0.04      1.00      0.00  vmstat
13:59:16     1000      1184    1.00    1.00    0.00    0.00    2.00     1      0.00      0.00    7712    3696   0.05      1.00      0.00  pidstat
13:59:16     1000      1203    0.00    0.00    0.00    0.00    0.00     0    144.00      0.00    2704    1464   0.02      1.00      1.00  time
13:59:16     1000      1204   28.00    2.00    0.00    0.00   30.00     0   7932.00      0.00   48060   40808   0.52      5.00      8.00  /home/ubuntu/pa
13:59:16     1000      1205    3.00    3.00    0.00    0.00    6.00     2   3012.00      0.00 1676980   16608   0.21      4.00      2.00  hey

# Time        UID       PID    %usr %system  %guest   %wait    %CPU   CPU  minflt/s  majflt/s     VSZ     RSS   %MEM   cswch/s nvcswch/s  Command
13:59:17        0        11    0.00    0.00    0.00    0.00    0.00     0      0.00      0.00       0       0   0.00      2.00      0.00  kworker/0:1-events
13:59:17        0        16    0.00    0.00    0.00    0.00    0.00     1      0.00      0.00       0       0   0.00     11.00      0.00  rcu_sched
13:59:17        0        25    0.00    0.00    0.00    0.00    0.00     1      0.00      0.00       0       0   0.00      1.00      0.00  migration/1
13:59:17        0        26    0.00    0.00    0.00    0.00    0.00     1      0.00      0.00       0       0   0.00      2.00      0.00  ksoftirqd/1
13:59:17        0        38    0.00    0.00    0.00    0.00    0.00     3      0.00      0.00       0       0   0.00      1.00      0.00  ksoftirqd/3
13:59:17        0        48    0.00    0.00    0.00    0.00    0.00     2      0.00      0.00       0       0   0.00      1.00      0.00  kworker/u16:1-ext4-rsv-conversion
13:59:17        0        49    0.00    0.00    0.00    0.00    0.00     1      0.00      0.00       0       0   0.00      6.00      0.00  kworker/u16:2-events_power_efficient
13:59:17        0        52    0.00    0.00    0.00    0.00    0.00     1      0.00      0.00       0       0   0.00      2.00      0.00  kcompactd0
13:59:17        0       122    0.00    0.00    0.00    0.00    0.00     3      0.00      0.00       0       0   0.00      3.00      0.00  kworker/3:1-events
13:59:17        0       224    0.00    0.00    0.00    0.00    0.00     2      0.00      0.00       0       0   0.00      2.00      0.00  kworker/2:3-events
13:59:17        0       231    0.00    0.00    0.00    0.00    0.00     1      0.00      0.00       0       0   0.00      6.00      0.00  kworker/1:2-events
13:59:17        0       239    0.00    0.00    0.00    0.00    0.00     0      0.00      0.00  288968   27092   0.34      1.00      0.00  multipathd
13:59:17        0       877    0.00    0.00    0.00    0.00    0.00     1      0.00      0.00       0       0   0.00      1.00      0.00  kworker/1:1H-kblockd
13:59:17     1000      1178    0.00    1.00    0.00    0.00    1.00     1      0.00      0.00   31388   21220   0.27      3.00      0.00  python3
13:59:17     1000      1183    0.00    0.00    0.00    0.00    0.00     1      0.00      0.00    9900    3344   0.04      1.00      0.00  vmstat
13:59:17     1000      1184    0.00    0.00    0.00    0.00    0.00     1      4.00      0.00    7712    3696   0.05      1.00      0.00  pidstat
13:59:17     1000      1204   94.00    6.00    0.00    0.00  100.00     0     49.00      0.00   48324   41064   0.52      2.00      3.00  /home/ubuntu/pa
13:59:17     1000      1213    3.00    3.00    0.00    0.00    6.00     3   2861.00      0.00 1750712   16044   0.20      4.00      2.00  hey

# Time        UID       PID    %usr %system  %guest   %wait    %CPU   CPU  minflt/s  majflt/s     VSZ     RSS   %MEM   cswch/s nvcswch/s  Command
13:59:18        0        11    0.00    0.00    0.00    0.00    0.00     0      0.00      0.00       0       0   0.00      4.00      0.00  kworker/0:1-events
13:59:18        0        16    0.00    0.00    0.00    0.00    0.00     1      0.00      0.00       0       0   0.00      2.00      0.00  rcu_sched
13:59:18        0        19    0.00    0.00    0.00    0.00    0.00     0      0.00      0.00       0       0   0.00      1.00      0.00  migration/0
13:59:18        0        25    0.00    0.00    0.00    0.00    0.00     1      0.00      0.00       0       0   0.00      1.00      0.00  migration/1
13:59:18        0        26    0.00    0.00    0.00    0.00    0.00     1      0.00      0.00       0       0   0.00      1.00      0.00  ksoftirqd/1
13:59:18        0        31    0.00    0.00    0.00    0.00    0.00     2      0.00      0.00       0       0   0.00      1.00      0.00  migration/2
13:59:18        0        37    0.00    0.00    0.00    0.00    0.00     3      0.00      0.00       0       0   0.00      1.00      0.00  migration/3
13:59:18        0        48    0.00    0.00    0.00    0.00    0.00     3      0.00      0.00       0       0   0.00      1.00      0.00  kworker/u16:1-events_power_efficient
13:59:18        0        49    0.00    0.00    0.00    0.00    0.00     1      0.00      0.00       0       0   0.00     11.00      0.00  kworker/u16:2-events_power_efficient
13:59:18        0        52    0.00    0.00    0.00    0.00    0.00     1      0.00      0.00       0       0   0.00      2.00      0.00  kcompactd0
13:59:18        0       121    0.00    0.00    0.00    0.00    0.00     1      0.00      0.00       0       0   0.00      1.00      0.00  kworker/u16:3-events_power_efficient
13:59:18        0       122    0.00    0.00    0.00    0.00    0.00     3      0.00      0.00       0       0   0.00      2.00      0.00  kworker/3:1-events
13:59:18        0       224    0.00    0.00    0.00    0.00    0.00     2      0.00      0.00       0       0   0.00      4.00      0.00  kworker/2:3-events
13:59:18        0       231    0.00    0.00    0.00    0.00    0.00     1      0.00      0.00       0       0   0.00      5.00      0.00  kworker/1:2-events
13:59:18        0       239    0.00    0.00    0.00    0.00    0.00     0      0.00      0.00  288968   27092   0.34      1.00      0.00  multipathd
13:59:18        0       243    0.00    0.00    0.00    0.00    0.00     2      0.00      0.00       0       0   0.00      2.00      0.00  kworker/2:1H-kblockd
13:59:18        0       588    0.00    0.00    0.00    0.00    0.00     2      0.00      0.00   83064    4684   0.06      1.00      1.00  irqbalance
13:59:18     1000      1183    0.00    0.00    0.00    0.00    0.00     1      0.00      0.00    9900    3344   0.04      1.00      0.00  vmstat
13:59:18     1000      1184    0.00    1.00    0.00    0.00    1.00     1      0.00      0.00    7712    3696   0.05      1.00      0.00  pidstat
13:59:18     1000      1204   94.00    5.00    0.00    0.00   99.00     0      2.00      0.00   48324   41064   0.52      0.00      6.00  /home/ubuntu/pa
13:59:18     1000      1213   18.00   16.00    0.00    0.00   34.00     3   9179.00      0.00 1817276   49196   0.62      0.00      0.00  hey

# Time        UID       PID    %usr %system  %guest   %wait    %CPU   CPU  minflt/s  majflt/s     VSZ     RSS   %MEM   cswch/s nvcswch/s  Command
13:59:19        0        11    0.00    0.00    0.00    0.00    0.00     0      0.00      0.00       0       0   0.00      3.00      0.00  kworker/0:1-events
13:59:19        0        16    0.00    0.00    0.00    0.00    0.00     1      0.00      0.00       0       0   0.00     18.00      0.00  rcu_sched
13:59:19        0        32    0.00    0.00    0.00    0.00    0.00     2      0.00      0.00       0       0   0.00      1.00      0.00  ksoftirqd/2
13:59:19        0        49    0.00    0.00    0.00    0.00    0.00     1      0.00      0.00       0       0   0.00      5.00      0.00  kworker/u16:2-events_power_efficient
13:59:19        0        52    0.00    0.00    0.00    0.00    0.00     1      0.00      0.00       0       0   0.00      2.00      0.00  kcompactd0
13:59:19        0       122    0.00    0.00    0.00    0.00    0.00     3      0.00      0.00       0       0   0.00      2.00      0.00  kworker/3:1-events
13:59:19        0       224    0.00    0.00    0.00    0.00    0.00     2      0.00      0.00       0       0   0.00      5.00      0.00  kworker/2:3-events
13:59:19        0       231    0.00    0.00    0.00    0.00    0.00     1      0.00      0.00       0       0   0.00      6.00      0.00  kworker/1:2-events
13:59:19        0       239    0.00    0.00    0.00    0.00    0.00     0      0.00      0.00  288968   27092   0.34      1.00      0.00  multipathd
13:59:19     1000      1178    0.00    0.00    0.00    0.00    0.00     1      0.00      0.00   31388   21220   0.27      3.00      0.00  python3
13:59:19     1000      1183    0.00    0.00    0.00    0.00    0.00     1      0.00      0.00    9900    3344   0.04      1.00      0.00  vmstat
13:59:19     1000      1184    0.00    0.00    0.00    0.00    0.00     1      0.00      0.00    7712    3696   0.05      1.00      0.00  pidstat

# Time        UID       PID    %usr %system  %guest   %wait    %CPU   CPU  minflt/s  majflt/s     VSZ     RSS   %MEM   cswch/s nvcswch/s  Command
13:59:20        0        11    0.00    0.00    0.00    0.00    0.00     0      0.00      0.00       0       0   0.00      4.00      0.00  kworker/0:1-events
13:59:20        0        16    0.00    0.00    0.00    0.00    0.00     1      0.00      0.00       0       0   0.00     30.00      0.00  rcu_sched
13:59:20        0        25    0.00    0.00    0.00    0.00    0.00     1      0.00      0.00       0       0   0.00      2.00      0.00  migration/1
13:59:20        0        49    0.00    0.00    0.00    0.00    0.00     1      0.00      0.00       0       0   0.00      7.00      0.00  kworker/u16:2-events_power_efficient
13:59:20        0        52    0.00    0.00    0.00    0.00    0.00     1      0.00      0.00       0       0   0.00      2.00      0.00  kcompactd0
13:59:20        0       122    0.00    0.00    0.00    0.00    0.00     3      0.00      0.00       0       0   0.00      1.00      0.00  kworker/3:1-mm_percpu_wq
13:59:20        0       224    0.00    0.00    0.00    0.00    0.00     2      0.00      0.00       0       0   0.00      2.00      0.00  kworker/2:3-events
13:59:20        0       231    0.00    0.00    0.00    0.00    0.00     1      0.00      0.00       0       0   0.00      6.00      0.00  kworker/1:2-events
13:59:20        0       239    0.00    0.00    0.00    0.00    0.00     0      0.00      0.00  288968   27092   0.34      1.00      0.00  multipathd
13:59:20     1000      1178    1.00    0.00    0.00    0.00    1.00     1      0.00      0.00   31388   21220   0.27      8.00      0.00  python3
13:59:20     1000      1183    0.00    0.00    0.00    0.00    0.00     1      0.00      0.00    9900    3344   0.04      1.00      0.00  vmstat
13:59:20     1000      1184    0.00    1.00    0.00    0.00    1.00     1      0.00      0.00    7712    3696   0.05      1.00      0.00  pidstat
13:59:20     1000      1221    0.00    0.00    0.00    0.00    0.00     0    143.00      0.00    2704    1464   0.02      1.00      1.00  time
13:59:20     1000      1222   67.00    5.00    0.00    0.00   72.00     0   7935.00      0.00   48100   40884   0.52      5.00      4.00  /home/ubuntu/pa
13:59:20     1000      1223   10.00    9.00    0.00    0.00   19.00     2   7623.00      0.00 1816636   33232   0.42      5.00      4.00  hey

# Time        UID       PID    %usr %system  %guest   %wait    %CPU   CPU  minflt/s  majflt/s     VSZ     RSS   %MEM   cswch/s nvcswch/s  Command
13:59:21        0        11    0.00    0.00    0.00    0.00    0.00     0      0.00      0.00       0       0   0.00      2.00      0.00  kworker/0:1-events
13:59:21        0        16    0.00    0.00    0.00    0.00    0.00     1      0.00      0.00       0       0   0.00     12.00      0.00  rcu_sched
13:59:21        0        25    0.00    0.00    0.00    0.00    0.00     1      0.00      0.00       0       0   0.00      1.00      0.00  migration/1
13:59:21        0        26    0.00    0.00    0.00    0.00    0.00     1      0.00      0.00       0       0   0.00      1.00      0.00  ksoftirqd/1
13:59:21        0        49    0.00    0.00    0.00    0.00    0.00     1      0.00      0.00       0       0   0.00      5.00      0.00  kworker/u16:2-events_power_efficient
13:59:21        0        52    0.00    0.00    0.00    0.00    0.00     1      0.00      0.00       0       0   0.00      2.00      0.00  kcompactd0
13:59:21        0       122    0.00    0.00    0.00    0.00    0.00     3      0.00      0.00       0       0   0.00      2.00      0.00  kworker/3:1-events
13:59:21        0       224    0.00    0.00    0.00    0.00    0.00     2      0.00      0.00       0       0   0.00      2.00      0.00  kworker/2:3-events
13:59:21        0       231    0.00    0.00    0.00    0.00    0.00     1      0.00      0.00       0       0   0.00      6.00      0.00  kworker/1:2-events
13:59:21        0       239    0.00    0.00    0.00    0.00    0.00     0      0.00      0.00  288968   27092   0.34      1.00      0.00  multipathd
13:59:21     1000      1178    0.00    0.00    0.00    0.00    0.00     1      0.00      0.00   31388   21220   0.27      3.00      0.00  python3
13:59:21     1000      1183    0.00    0.00    0.00    0.00    0.00     1      0.00      0.00    9900    3344   0.04      1.00      0.00  vmstat
13:59:21     1000      1184    0.00    0.00    0.00    0.00    0.00     1      0.00      0.00    7712    3696   0.05      1.00      0.00  pidstat
13:59:21     1000      1222   92.00    7.00    0.00    0.00   99.00     0     48.00      0.00   48364   41140   0.52      2.00      3.00  /home/ubuntu/pa
13:59:21     1000      1231   10.00   10.00    0.00    0.00   20.00     3   7392.00      0.00 1816892   32372   0.41      3.00      3.00  hey

# Time        UID       PID    %usr %system  %guest   %wait    %CPU   CPU  minflt/s  majflt/s     VSZ     RSS   %MEM   cswch/s nvcswch/s  Command
13:59:22        0        11    0.00    0.00    0.00    0.00    0.00     0      0.00      0.00       0       0   0.00      4.00      0.00  kworker/0:1-events
13:59:22        0        19    0.00    0.00    0.00    0.00    0.00     0      0.00      0.00       0       0   0.00      1.00      0.00  migration/0
13:59:22        0        25    0.00    0.00    0.00    0.00    0.00     1      0.00      0.00       0       0   0.00      1.00      0.00  migration/1
13:59:22        0        26    0.00    0.00    0.00    0.00    0.00     1      0.00      0.00       0       0   0.00      1.00      0.00  ksoftirqd/1
13:59:22        0        31    0.00    0.00    0.00    0.00    0.00     2      0.00      0.00       0       0   0.00      1.00      0.00  migration/2
13:59:22        0        37    0.00    0.00    0.00    0.00    0.00     3      0.00      0.00       0       0   0.00      1.00      0.00  migration/3
13:59:22        0        49    0.00    0.00    0.00    0.00    0.00     1      0.00      0.00       0       0   0.00      7.00      0.00  kworker/u16:2-events_power_efficient
13:59:22        0        52    0.00    0.00    0.00    0.00    0.00     1      0.00      0.00       0       0   0.00      2.00      0.00  kcompactd0
13:59:22        0       122    0.00    0.00    0.00    0.00    0.00     3      0.00      0.00       0       0   0.00      1.00      0.00  kworker/3:1-mm_percpu_wq
13:59:22        0       224    0.00    0.00    0.00    0.00    0.00     2      0.00      0.00       0       0   0.00      4.00      0.00  kworker/2:3-events
13:59:22        0       231    0.00    0.00    0.00    0.00    0.00     1      0.00      0.00       0       0   0.00      4.00      0.00  kworker/1:2-events
13:59:22        0       239    0.00    0.00    0.00    0.00    0.00     0      0.00      0.00  288968   27092   0.34      1.00      0.00  multipathd
13:59:22     1000      1183    0.00    0.00    0.00    0.00    0.00     1      0.00      0.00    9900    3344   0.04      1.00      0.00  vmstat
13:59:22     1000      1184    0.00    0.00    0.00    0.00    0.00     1      0.00      0.00    7712    3696   0.05      1.00      0.00  pidstat
13:59:22     1000      1222   94.00    6.00    0.00    0.00  100.00     0      0.00      0.00   48364   41140   0.52      0.00      6.00  /home/ubuntu/pa
13:59:22     1000      1231   19.00   16.00    0.00    0.00   35.00     3   4569.00      0.00 1817340   49012   0.62      0.00      0.00  hey

# Time        UID       PID    %usr %system  %guest   %wait    %CPU   CPU  minflt/s  majflt/s     VSZ     RSS   %MEM   cswch/s nvcswch/s  Command
13:59:23        0        11    0.00    0.00    0.00    0.00    0.00     0      0.00      0.00       0       0   0.00      3.00      0.00  kworker/0:1-events
13:59:23        0        14    0.00    0.00    0.00    0.00    0.00     0      0.00      0.00       0       0   0.00      1.00      0.00  ksoftirqd/0
13:59:23        0        16    0.00    0.00    0.00    0.00    0.00     2      0.00      0.00       0       0   0.00     42.00      0.00  rcu_sched
13:59:23        0        25    0.00    0.00    0.00    0.00    0.00     1      0.00      0.00       0       0   0.00      1.00      0.00  migration/1
13:59:23        0        26    0.00    0.00    0.00    0.00    0.00     1      0.00      0.00       0       0   0.00      2.00      0.00  ksoftirqd/1
13:59:23        0        32    0.00    0.00    0.00    0.00    0.00     2      0.00      0.00       0       0   0.00      2.00      0.00  ksoftirqd/2
13:59:23        0        49    0.00    1.00    0.00    0.00    1.00     2      0.00      0.00       0       0   0.00      7.00      0.00  kworker/u16:2-events_power_efficient
13:59:23        0        52    0.00    0.00    0.00    0.00    0.00     1      0.00      0.00       0       0   0.00      2.00      0.00  kcompactd0
13:59:23        0       121    0.00    0.00    0.00    0.00    0.00     3      0.00      0.00       0       0   0.00      4.00      0.00  kworker/u16:3-events_power_efficient
13:59:23        0       122    0.00    0.00    0.00    0.00    0.00     3      0.00      0.00       0       0   0.00      3.00      0.00  kworker/3:1-events
13:59:23        0       224    0.00    0.00    0.00    0.00    0.00     2      0.00      0.00       0       0   0.00      4.00      0.00  kworker/2:3-events
13:59:23        0       231    0.00    0.00    0.00    0.00    0.00     1      0.00      0.00       0       0   0.00      4.00      0.00  kworker/1:2-events
13:59:23        0       239    0.00    0.00    0.00    0.00    0.00     0      0.00      0.00  288968   27092   0.34      1.00      0.00  multipathd
13:59:23     1000      1178    1.00    0.00    0.00    0.00    1.00     1      0.00      0.00   31388   21220   0.27     10.00      0.00  python3
13:59:23     1000      1183    0.00    0.00    0.00    0.00    0.00     1      0.00      0.00    9900    3344   0.04      1.00      0.00  vmstat
13:59:23     1000      1184    0.00    1.00    0.00    0.00    1.00     1      0.00      0.00    7712    3696   0.05      1.00      4.00  pidstat
13:59:23     1000      1239    0.00    0.00    0.00    0.00    0.00     0    144.00      0.00    2704    1464   0.02      1.00      1.00  time
13:59:23     1000      1240   13.00    1.00    0.00    0.00   14.00     0   7888.00      0.00   47872   40660   0.51      5.00      0.00  /home/ubuntu/pa

# Time        UID       PID    %usr %system  %guest   %wait    %CPU   CPU  minflt/s  majflt/s     VSZ     RSS   %MEM   cswch/s nvcswch/s  Command
13:59:24        0        11    0.00    0.00    0.00    1.00    0.00     0      0.00      0.00       0       0   0.00      4.00      0.00  kworker/0:1-events
13:59:24        0        16    0.00    0.00    0.00    0.00    0.00     1      0.00      0.00       0       0   0.00      8.00      0.00  rcu_sched
13:59:24        0        25    0.00    0.00    0.00    0.00    0.00     1      0.00      0.00       0       0   0.00      1.00      0.00  migration/1
13:59:24        0        49    0.00    0.00    0.00    0.00    0.00     1      0.00      0.00       0       0   0.00      5.00      0.00  kworker/u16:2-events_power_efficient
13:59:24        0        52    0.00    0.00    0.00    0.00    0.00     2      0.00      0.00       0       0   0.00      2.00      0.00  kcompactd0
13:59:24        0       122    0.00    0.00    0.00    0.00    0.00     3      0.00      0.00       0       0   0.00      1.00      0.00  kworker/3:1-mm_percpu_wq
13:59:24        0       224    0.00    0.00    0.00    0.00    0.00     2      0.00      0.00       0       0   0.00      3.00      0.00  kworker/2:3-events
13:59:24        0       231    0.00    0.00    0.00    0.00    0.00     1      0.00      0.00       0       0   0.00      3.00      0.00  kworker/1:2-events
13:59:24        0       239    0.00    0.00    0.00    0.00    0.00     0      0.00      0.00  288968   27092   0.34      1.00      0.00  multipathd
13:59:24        0       243    0.00    0.00    0.00    0.00    0.00     2      0.00      0.00       0       0   0.00      1.00      0.00  kworker/2:1H-kblockd
13:59:24     1000      1178    0.00    0.00    0.00    0.00    0.00     1      0.00      0.00   31388   21220   0.27      1.00      0.00  python3
13:59:24     1000      1183    0.00    0.00    0.00    0.00    0.00     1      0.00      0.00    9900    3344   0.04      1.00      0.00  vmstat
13:59:24     1000      1184    0.00    0.00    0.00    0.00    0.00     1      0.00      0.00    7712    3696   0.05      1.00      0.00  pidstat
13:59:24     1000      1240   91.00    9.00    0.00    0.00  100.00     0     51.00      0.00   48136   40788   0.52      0.00      5.00  /home/ubuntu/pa
13:59:24     1000      1241   18.00   17.00    0.00    0.00   35.00     2  11974.00      0.00 1817020   49164   0.62      4.00      3.00  hey

# Time        UID       PID    %usr %system  %guest   %wait    %CPU   CPU  minflt/s  majflt/s     VSZ     RSS   %MEM   cswch/s nvcswch/s  Command
13:59:25        0        11    0.00    0.00    0.00    0.00    0.00     0      0.00      0.00       0       0   0.00      2.00      0.00  kworker/0:1-events
13:59:25        0        16    0.00    0.00    0.00    0.00    0.00     2      0.00      0.00       0       0   0.00     10.00      0.00  rcu_sched
13:59:25        0        25    0.00    0.00    0.00    0.00    0.00     1      0.00      0.00       0       0   0.00      1.00      0.00  migration/1
13:59:25        0        49    0.00    0.00    0.00    0.00    0.00     1      0.00      0.00       0       0   0.00      5.00      0.00  kworker/u16:2-events_power_efficient
13:59:25        0        52    0.00    0.00    0.00    0.00    0.00     1      0.00      0.00       0       0   0.00      2.00      0.00  kcompactd0
13:59:25        0       122    0.00    0.00    0.00    0.00    0.00     3      0.00      0.00       0       0   0.00      2.00      0.00  kworker/3:1-events
13:59:25        0       224    0.00    0.00    0.00    0.00    0.00     2      0.00      0.00       0       0   0.00      2.00      0.00  kworker/2:3-mm_percpu_wq
13:59:25        0       231    0.00    0.00    0.00    0.00    0.00     1      0.00      0.00       0       0   0.00      7.00      0.00  kworker/1:2-events
13:59:25        0       239    0.00    0.00    0.00    0.00    0.00     0      0.00      0.00  288968   27092   0.34      1.00      0.00  multipathd
13:59:25     1000      1178    0.00    0.00    0.00    0.00    0.00     1      0.00      0.00   31388   21220   0.27      3.00      0.00  python3
13:59:25     1000      1183    0.00    0.00    0.00    0.00    0.00     1      0.00      0.00    9900    3344   0.04      1.00      0.00  vmstat
13:59:25     1000      1184    1.00    1.00    0.00    0.00    2.00     1      0.00      0.00    7712    3696   0.05      1.00      0.00  pidstat
13:59:25     1000      1240   92.00    6.00    0.00    0.00   98.00     0     51.00      0.00   48268   41044   0.52      2.00      3.00  /home/ubuntu/pa
13:59:25     1000      1249   16.00   20.00    0.00    0.00   36.00     3  12004.00      0.00 1817020   49164   0.62      3.00      3.00  hey

# Time        UID       PID    %usr %system  %guest   %wait    %CPU   CPU  minflt/s  majflt/s     VSZ     RSS   %MEM   cswch/s nvcswch/s  Command
13:59:26        0         1    0.00    0.00    0.00    0.00    0.00     2      1.00      0.00   22160   13008   0.16      1.00      0.00  systemd
13:59:26        0        11    0.00    0.00    0.00    0.00    0.00     0      0.00      0.00       0       0   0.00      4.00      0.00  kworker/0:1-events
13:59:26        0        19    0.00    0.00    0.00    0.00    0.00     0      0.00      0.00       0       0   0.00      1.00      0.00  migration/0
13:59:26        0        25    0.00    0.00    0.00    0.00    0.00     1      0.00      0.00       0       0   0.00      1.00      0.00  migration/1
13:59:26        0        31    0.00    0.00    0.00    0.00    0.00     2      0.00      0.00       0       0   0.00      1.00      0.00  migration/2
13:59:26        0        37    0.00    0.00    0.00    0.00    0.00     3      0.00      0.00       0       0   0.00      1.00      0.00  migration/3
13:59:26        0        49    0.00    0.00    0.00    0.00    0.00     1      0.00      0.00       0       0   0.00      6.00      0.00  kworker/u16:2-events_power_efficient
13:59:26        0        52    0.00    0.00    0.00    0.00    0.00     1      0.00      0.00       0       0   0.00      1.00      0.00  kcompactd0
13:59:26        0       122    0.00    0.00    0.00    0.00    0.00     3      0.00      0.00       0       0   0.00      3.00      0.00  kworker/3:1-events
13:59:26        0       177    0.00    0.00    0.00    0.00    0.00     3      0.00      0.00   50528   17568   0.22      1.00      0.00  systemd-journal
13:59:26        0       224    0.00    0.00    0.00    0.00    0.00     2      0.00      0.00       0       0   0.00      1.00      0.00  kworker/2:3-mm_percpu_wq
13:59:26        0       231    0.00    0.00    0.00    0.00    0.00     1      0.00      0.00       0       0   0.00      6.00      0.00  kworker/1:2-events
13:59:26        0       239    0.00    0.00    0.00    0.00    0.00     0      0.00      0.00  288968   27092   0.34      1.00      0.00  multipathd
13:59:26     1000      1154    0.00    0.00    0.00    0.00    0.00     2      0.00      0.00   15008    7148   0.09      1.00      0.00  sshd
13:59:26     1000      1183    0.00    0.00    0.00    0.00    0.00     1      0.00      0.00    9900    3344   0.04      1.00      0.00  vmstat
13:59:26     1000      1184    0.00    0.00    0.00    0.00    0.00     1      0.00      0.00    7712    3696   0.05      1.00      0.00  pidstat
13:59:26     1000      1240   94.00    6.00    0.00    0.00  100.00     0      3.00      0.00   48400   41044   0.52      0.00      6.00  /home/ubuntu/pa
13:59:26     1000      1249   18.00   13.00    0.00    0.00   31.00     3   2440.00      0.00 1817724   57996   0.73      0.00      0.00  hey

# Time        UID       PID    %usr %system  %guest   %wait    %CPU   CPU  minflt/s  majflt/s     VSZ     RSS   %MEM   cswch/s nvcswch/s  Command
13:59:27        0        11    0.00    0.00    0.00    0.00    0.00     0      0.00      0.00       0       0   0.00      3.00      0.00  kworker/0:1-events
13:59:27        0        16    0.00    0.00    0.00    0.00    0.00     3      0.00      0.00       0       0   0.00     52.00      0.00  rcu_sched
13:59:27        0        25    0.00    0.00    0.00    0.00    0.00     1      0.00      0.00       0       0   0.00      2.00      0.00  migration/1
13:59:27        0        32    0.00    0.00    0.00    0.00    0.00     2      0.00      0.00       0       0   0.00      1.00      0.00  ksoftirqd/2
13:59:27        0        49    0.00    0.00    0.00    0.00    0.00     1      0.00      0.00       0       0   0.00      6.00      0.00  kworker/u16:2-events_power_efficient
13:59:27        0        52    0.00    0.00    0.00    0.00    0.00     1      0.00      0.00       0       0   0.00      2.00      0.00  kcompactd0
13:59:27        0       122    0.00    0.00    0.00    0.00    0.00     3      0.00      0.00       0       0   0.00      3.00      0.00  kworker/3:1-mm_percpu_wq
13:59:27        0       224    0.00    0.00    0.00    0.00    0.00     2      0.00      0.00       0       0   0.00      2.00      0.00  kworker/2:3-mm_percpu_wq
13:59:27        0       231    0.00    0.00    0.00    0.00    0.00     1      0.00      0.00       0       0   0.00      7.00      0.00  kworker/1:2-events
13:59:27        0       239    0.00    0.00    0.00    0.00    0.00     0      0.00      0.00  288968   27092   0.34      1.00      0.00  multipathd
13:59:27     1000      1178    0.00    0.00    0.00    0.00    0.00     1      0.00      0.00   31388   21220   0.27     11.00      0.00  python3
13:59:27     1000      1183    0.00    0.00    0.00    0.00    0.00     1      0.00      0.00    9900    3344   0.04      1.00      0.00  vmstat
13:59:27     1000      1184    0.00    0.00    0.00    0.00    0.00     1      0.00      0.00    7712    3696   0.05      1.00      1.00  pidstat
13:59:27     1000      1257    0.00    0.00    0.00    0.00    0.00     0    145.00      0.00    2704    1528   0.02      1.00      1.00  time
13:59:27     1000      1258   49.00    5.00    0.00    0.00   54.00     0   7668.00      0.00   46932   39776   0.50      5.00      2.00  /home/ubuntu/pe
13:59:27     1000      1259   10.00    7.00    0.00    0.00   17.00     2   6519.00      0.00 1816636   29144   0.37      5.00      5.00  hey

# Time        UID       PID    %usr %system  %guest   %wait    %CPU   CPU  minflt/s  majflt/s     VSZ     RSS   %MEM   cswch/s nvcswch/s  Command
13:59:28        0        11    0.00    0.00    0.00    0.00    0.00     0      0.00      0.00       0       0   0.00      4.00      0.00  kworker/0:1-events
13:59:28        0        16    0.00    0.00    0.00    0.00    0.00     1      0.00      0.00       0       0   0.00     11.00      0.00  rcu_sched
13:59:28        0        25    0.00    0.00    0.00    0.00    0.00     1      0.00      0.00       0       0   0.00      1.00      0.00  migration/1
13:59:28        0        49    0.00    0.00    0.00    0.00    0.00     1      0.00      0.00       0       0   0.00      4.00      0.00  kworker/u16:2-events_power_efficient
13:59:28        0        52    0.00    0.00    0.00    0.00    0.00     1      0.00      0.00       0       0   0.00      2.00      0.00  kcompactd0
13:59:28        0       121    0.00    0.00    0.00    0.00    0.00     3      0.00      0.00       0       0   0.00      3.00      0.00  kworker/u16:3-events_power_efficient
13:59:28        0       122    0.00    0.00    0.00    0.00    0.00     3      0.00      0.00       0       0   0.00      5.00      0.00  kworker/3:1-events
13:59:28        0       224    0.00    0.00    0.00    0.00    0.00     2      0.00      0.00       0       0   0.00      2.00      0.00  kworker/2:3-events
13:59:28        0       231    0.00    0.00    0.00    0.00    0.00     1      0.00      0.00       0       0   0.00      3.00      0.00  kworker/1:2-events
13:59:28        0       239    0.00    0.00    0.00    0.00    0.00     0      0.00      0.00  288968   27092   0.34      1.00      0.00  multipathd
13:59:28        0       588    0.00    0.00    0.00    0.00    0.00     2      0.00      0.00   83064    4684   0.06      1.00      0.00  irqbalance
13:59:28     1000      1178    0.00    0.00    0.00    0.00    0.00     1      0.00      0.00   31388   21220   0.27      3.00      0.00  python3
13:59:28     1000      1183    0.00    0.00    0.00    0.00    0.00     1      0.00      0.00    9900    3344   0.04      1.00      0.00  vmstat
13:59:28     1000      1184    0.00    1.00    0.00    0.00    1.00     1      0.00      0.00    7712    3696   0.05      1.00      0.00  pidstat
13:59:28     1000      1258   93.00    6.00    0.00    0.00   99.00     0     39.00      0.00   47196   40032   0.51      2.00      5.00  /home/ubuntu/pe
13:59:28     1000      1267    9.00    7.00    0.00    0.00   16.00     3   6376.00      0.00 1816636   28628   0.36      3.00      2.00  hey

# Time        UID       PID    %usr %system  %guest   %wait    %CPU   CPU  minflt/s  majflt/s     VSZ     RSS   %MEM   cswch/s nvcswch/s  Command
13:59:29        0        11    0.00    0.00    0.00    0.00    0.00     0      0.00      0.00       0       0   0.00      2.00      0.00  kworker/0:1-events
13:59:29        0        16    0.00    0.00    0.00    0.00    0.00     1      0.00      0.00       0       0   0.00      2.00      0.00  rcu_sched
13:59:29        0        49    0.00    0.00    0.00    0.00    0.00     1      0.00      0.00       0       0   0.00      4.00      0.00  kworker/u16:2-events_power_efficient
13:59:29        0        52    0.00    0.00    0.00    0.00    0.00     1      0.00      0.00       0       0   0.00      2.00      0.00  kcompactd0
13:59:29        0       121    0.00    0.00    0.00    0.00    0.00     1      0.00      0.00       0       0   0.00      2.00      0.00  kworker/u16:3-events_power_efficient
13:59:29        0       122    0.00    0.00    0.00    0.00    0.00     3      0.00      0.00       0       0   0.00      1.00      0.00  kworker/3:1-mm_percpu_wq
13:59:29        0       224    0.00    0.00    0.00    0.00    0.00     2      0.00      0.00       0       0   0.00      3.00      0.00  kworker/2:3-events
13:59:29        0       231    0.00    0.00    0.00    0.00    0.00     1      0.00      0.00       0       0   0.00      4.00      0.00  kworker/1:2-events
13:59:29        0       239    0.00    0.00    0.00    0.00    0.00     0      0.00      0.00  288968   27092   0.34      1.00      0.00  multipathd
13:59:29     1000      1183    0.00    0.00    0.00    0.00    0.00     1      0.00      0.00    9900    3344   0.04      1.00      0.00  vmstat
13:59:29     1000      1184    0.00    0.00    0.00    0.00    0.00     1      0.00      0.00    7712    3696   0.05      1.00      0.00  pidstat
13:59:29     1000      1258   93.00    7.00    0.00    0.00  100.00     0      0.00      0.00   47196   40032   0.51      0.00      3.00  /home/ubuntu/pe
13:59:29     1000      1267   22.00   16.00    0.00    0.00   38.00     3   5829.00      0.00 1817404   49492   0.63      0.00      0.00  hey

# Time        UID       PID    %usr %system  %guest   %wait    %CPU   CPU  minflt/s  majflt/s     VSZ     RSS   %MEM   cswch/s nvcswch/s  Command
13:59:30        0        11    0.00    0.00    0.00    0.00    0.00     0      0.00      0.00       0       0   0.00      4.00      0.00  kworker/0:1-events
13:59:30        0        16    0.00    0.00    0.00    0.00    0.00     3      0.00      0.00       0       0   0.00     24.00      0.00  rcu_sched
13:59:30        0        19    0.00    0.00    0.00    0.00    0.00     0      0.00      0.00       0       0   0.00      1.00      0.00  migration/0
13:59:30        0        25    0.00    0.00    0.00    0.00    0.00     1      0.00      0.00       0       0   0.00      2.00      0.00  migration/1
13:59:30        0        31    0.00    0.00    0.00    0.00    0.00     2      0.00      0.00       0       0   0.00      1.00      0.00  migration/2
13:59:30        0        37    0.00    0.00    0.00    0.00    0.00     3      0.00      0.00       0       0   0.00      1.00      0.00  migration/3
13:59:30        0        38    0.00    0.00    0.00    0.00    0.00     3      0.00      0.00       0       0   0.00      1.00      0.00  ksoftirqd/3
13:59:30        0        49    0.00    0.00    0.00    0.00    0.00     3      0.00      0.00       0       0   0.00      6.00      0.00  kworker/u16:2-events_power_efficient
13:59:30        0        52    0.00    0.00    0.00    0.00    0.00     1      0.00      0.00       0       0   0.00      2.00      0.00  kcompactd0
13:59:30        0       121    0.00    0.00    0.00    0.00    0.00     3      0.00      0.00       0       0   0.00      1.00      0.00  kworker/u16:3-events_power_efficient
13:59:30        0       122    0.00    0.00    0.00    0.00    0.00     3      0.00      0.00       0       0   0.00      7.00      0.00  kworker/3:1-events
13:59:30        0       224    0.00    0.00    0.00    0.00    0.00     2      0.00      0.00       0       0   0.00      4.00      0.00  kworker/2:3-events
13:59:30        0       231    0.00    0.00    0.00    0.00    0.00     1      0.00      0.00       0       0   0.00      5.00      0.00  kworker/1:2-events
13:59:30        0       239    0.00    0.00    0.00    0.00    0.00     0      0.00      0.00  288968   27092   0.34      1.00      0.00  multipathd
13:59:30     1000      1178    1.00    0.00    0.00    0.00    1.00     1      0.00      0.00   31388   21220   0.27      5.00      0.00  python3
13:59:30     1000      1183    0.00    0.00    0.00    0.00    0.00     1      0.00      0.00    9900    3344   0.04      1.00      0.00  vmstat
13:59:30     1000      1184    1.00    1.00    0.00    0.00    2.00     1      0.00      0.00    7712    3696   0.05      1.00      0.00  pidstat
13:59:30     1000      1275    0.00    0.00    0.00    0.00    0.00     0    145.00      0.00    2704    1528   0.02      1.00      1.00  time
13:59:30     1000      1276    2.00    0.00    0.00    0.00    2.00     0   1651.00      0.00   17008   11508   0.15      0.00      0.00  perl

# Time        UID       PID    %usr %system  %guest   %wait    %CPU   CPU  minflt/s  majflt/s     VSZ     RSS   %MEM   cswch/s nvcswch/s  Command
13:59:31        0        11    0.00    0.00    0.00    0.00    0.00     0      0.00      0.00       0       0   0.00      2.00      0.00  kworker/0:1-events
13:59:31        0        16    0.00    0.00    0.00    0.00    0.00     1      0.00      0.00       0       0   0.00     23.00      0.00  rcu_sched
13:59:31        0        25    0.00    0.00    0.00    0.00    0.00     1      0.00      0.00       0       0   0.00      1.00      0.00  migration/1
13:59:31        0        49    0.00    0.00    0.00    0.00    0.00     1      0.00      0.00       0       0   0.00      5.00      0.00  kworker/u16:2-events_power_efficient
13:59:31        0        52    0.00    0.00    0.00    0.00    0.00     1      0.00      0.00       0       0   0.00      2.00      0.00  kcompactd0
13:59:31        0       122    0.00    0.00    0.00    0.00    0.00     3      0.00      0.00       0       0   0.00      3.00      0.00  kworker/3:1-events
13:59:31        0       224    0.00    0.00    0.00    0.00    0.00     2      0.00      0.00       0       0   0.00      3.00      0.00  kworker/2:3-events
13:59:31        0       231    0.00    0.00    0.00    0.00    0.00     1      0.00      0.00       0       0   0.00      3.00      0.00  kworker/1:2-events
13:59:31        0       239    0.00    0.00    0.00    0.00    0.00     0      0.00      0.00  288968   27092   0.34      1.00      0.00  multipathd
13:59:31     1000      1178    0.00    0.00    0.00    0.00    0.00     1      0.00      0.00   31388   21220   0.27      6.00      0.00  python3
13:59:31     1000      1183    0.00    0.00    0.00    0.00    0.00     1      0.00      0.00    9900    3344   0.04      1.00      0.00  vmstat
13:59:31     1000      1184    0.00    0.00    0.00    0.00    0.00     1      0.00      0.00    7712    3696   0.05      1.00      0.00  pidstat
13:59:31     1000      1276   86.00    8.00    0.00    0.00   94.00     0   6281.00      0.00   48060   40868   0.52      5.00      3.00  /home/ubuntu/pa
13:59:31     1000      1277   15.00   15.00    0.00    0.00   30.00     2  11128.00      0.00 1816956   45964   0.58      5.00      4.00  hey

# Time        UID       PID    %usr %system  %guest   %wait    %CPU   CPU  minflt/s  majflt/s     VSZ     RSS   %MEM   cswch/s nvcswch/s  Command
13:59:32        0        11    0.00    0.00    0.00    0.00    0.00     0      0.00      0.00       0       0   0.00      3.00      0.00  kworker/0:1-events
13:59:32        0        16    0.00    0.00    0.00    0.00    0.00     1      0.00      0.00       0       0   0.00     14.00      0.00  rcu_sched
13:59:32        0        25    0.00    0.00    0.00    0.00    0.00     1      0.00      0.00       0       0   0.00      1.00      0.00  migration/1
13:59:32        0        26    0.00    0.00    0.00    0.00    0.00     1      0.00      0.00       0       0   0.00      1.00      0.00  ksoftirqd/1
13:59:32        0        49    0.00    0.00    0.00    0.00    0.00     1      0.00      0.00       0       0   0.00      7.00      0.00  kworker/u16:2-events_power_efficient
13:59:32        0        52    0.00    0.00    0.00    0.00    0.00     1      0.00      0.00       0       0   0.00      2.00      0.00  kcompactd0
13:59:32        0       122    0.00    0.00    0.00    0.00    0.00     3      0.00      0.00       0       0   0.00      1.00      0.00  kworker/3:1-mm_percpu_wq
13:59:32        0       224    0.00    0.00    0.00    0.00    0.00     2      0.00      0.00       0       0   0.00      3.00      0.00  kworker/2:3-events
13:59:32        0       231    0.00    0.00    0.00    0.00    0.00     1      0.00      0.00       0       0   0.00      7.00      0.00  kworker/1:2-events
13:59:32        0       239    0.00    0.00    0.00    0.00    0.00     0      0.00      0.00  288968   27092   0.34      1.00      0.00  multipathd
13:59:32      110       686    0.00    0.00    0.00    0.00    0.00     1      0.00      0.00   19416    3764   0.05      2.00      0.00  chronyd
13:59:32     1000      1178    0.00    1.00    0.00    0.00    1.00     1      0.00      0.00   31388   21220   0.27      3.00      0.00  python3
13:59:32     1000      1183    0.00    0.00    0.00    0.00    0.00     1      0.00      0.00    9900    3344   0.04      1.00      0.00  vmstat
13:59:32     1000      1184    0.00    1.00    0.00    0.00    1.00     1      0.00      0.00    7712    3696   0.05      1.00      0.00  pidstat
13:59:32     1000      1276   92.00    7.00    0.00    0.00   99.00     0     52.00      0.00   48324   41124   0.52      2.00      4.00  /home/ubuntu/pa
13:59:32     1000      1285   17.00   15.00    0.00    0.00   32.00     3  10881.00      0.00 1816956   45004   0.57      3.00      3.00  hey

# Time        UID       PID    %usr %system  %guest   %wait    %CPU   CPU  minflt/s  majflt/s     VSZ     RSS   %MEM   cswch/s nvcswch/s  Command
13:59:33        0        11    0.00    0.00    0.00    0.00    0.00     0      0.00      0.00       0       0   0.00      2.00      0.00  kworker/0:1-events
13:59:33        0        26    0.00    0.00    0.00    0.00    0.00     1      0.00      0.00       0       0   0.00      1.00      0.00  ksoftirqd/1
13:59:33        0        49    0.00    0.00    0.00    0.00    0.00     1      0.00      0.00       0       0   0.00      6.00      0.00  kworker/u16:2-events_power_efficient
13:59:33        0        52    0.00    0.00    0.00    0.00    0.00     1      0.00      0.00       0       0   0.00      2.00      0.00  kcompactd0
13:59:33        0       122    0.00    0.00    0.00    0.00    0.00     3      0.00      0.00       0       0   0.00      1.00      0.00  kworker/3:1-mm_percpu_wq
13:59:33        0       224    0.00    0.00    0.00    0.00    0.00     2      0.00      0.00       0       0   0.00      2.00      0.00  kworker/2:3-events
13:59:33        0       231    0.00    0.00    0.00    0.00    0.00     1      0.00      0.00       0       0   0.00      6.00      0.00  kworker/1:2-events
13:59:33        0       239    0.00    0.00    0.00    0.00    0.00     0      0.00      0.00  288968   27092   0.34      1.00      0.00  multipathd
13:59:33     1000      1183    0.00    0.00    0.00    0.00    0.00     1      0.00      0.00    9900    3344   0.04      1.00      0.00  vmstat
13:59:33     1000      1184    0.00    0.00    0.00    0.00    0.00     1      0.00      0.00    7712    3696   0.05      1.00      0.00  pidstat
13:59:33     1000      1276   93.00    7.00    0.00    0.00  100.00     0      0.00      0.00   48324   41124   0.52      0.00      3.00  /home/ubuntu/pa
13:59:33     1000      1285   19.00   12.00    0.00    0.00   31.00     3   1993.00      0.00 1817404   51916   0.66      0.00      0.00  hey

# Time        UID       PID    %usr %system  %guest   %wait    %CPU   CPU  minflt/s  majflt/s     VSZ     RSS   %MEM   cswch/s nvcswch/s  Command
13:59:34        0        11    0.00    0.00    0.00    0.00    0.00     0      0.00      0.00       0       0   0.00      3.00      0.00  kworker/0:1-events
13:59:34        0        16    0.00    0.00    0.00    0.00    0.00     1      0.00      0.00       0       0   0.00     59.00      0.00  rcu_sched
13:59:34        0        19    0.00    0.00    0.00    0.00    0.00     0      0.00      0.00       0       0   0.00      1.00      0.00  migration/0
13:59:34        0        25    0.00    0.00    0.00    0.00    0.00     1      0.00      0.00       0       0   0.00      3.00      0.00  migration/1
13:59:34        0        26    0.00    0.00    0.00    0.00    0.00     1      0.00      0.00       0       0   0.00      1.00      0.00  ksoftirqd/1
13:59:34        0        31    0.00    0.00    0.00    0.00    0.00     2      0.00      0.00       0       0   0.00      1.00      0.00  migration/2
13:59:34        0        32    0.00    0.00    0.00    0.00    0.00     2      0.00      0.00       0       0   0.00      1.00      0.00  ksoftirqd/2
13:59:34        0        37    0.00    0.00    0.00    0.00    0.00     3      0.00      0.00       0       0   0.00      1.00      0.00  migration/3
13:59:34        0        49    0.00    0.00    0.00    0.00    0.00     1      0.00      0.00       0       0   0.00      2.00      0.00  kworker/u16:2-events_power_efficient
13:59:34        0        52    0.00    0.00    0.00    0.00    0.00     2      0.00      0.00       0       0   0.00      2.00      0.00  kcompactd0
13:59:34        0       121    0.00    0.00    0.00    0.00    0.00     1      0.00      0.00       0       0   0.00      5.00      0.00  kworker/u16:3-events_power_efficient
13:59:34        0       122    0.00    0.00    0.00    0.00    0.00     3      0.00      0.00       0       0   0.00      4.00      0.00  kworker/3:1-events
13:59:34        0       224    0.00    0.00    0.00    0.00    0.00     2      0.00      0.00       0       0   0.00      3.00      0.00  kworker/2:3-mm_percpu_wq
13:59:34        0       231    0.00    0.00    0.00    0.00    0.00     1      0.00      0.00       0       0   0.00      6.00      0.00  kworker/1:2-events
13:59:34        0       239    0.00    0.00    0.00    0.00    0.00     0      0.00      0.00  288968   27092   0.34      1.00      0.00  multipathd
13:59:34     1000      1178    1.00    0.00    0.00    0.00    1.00     1      0.00      0.00   31388   21220   0.27     11.00      0.00  python3
13:59:34     1000      1183    0.00    0.00    0.00    0.00    0.00     1      0.00      0.00    9900    3344   0.04      1.00      0.00  vmstat
13:59:34     1000      1184    0.00    1.00    0.00    0.00    1.00     1      0.00      0.00    7712    3696   0.05      1.00      0.00  pidstat
13:59:34     1000      1293    0.00    0.00    0.00    0.00    0.00     0    143.00      0.00    2704    1528   0.02      1.00      1.00  time
13:59:34     1000      1294   34.00    3.00    0.00    0.00   37.00     0   7933.00      0.00   48172   40912   0.52      5.00      2.00  /home/ubuntu/pa
13:59:34     1000      1295    4.00    5.00    0.00    0.00    9.00     2   3914.00      0.00 1742584   19852   0.25      4.00      3.00  hey

# Time        UID       PID    %usr %system  %guest   %wait    %CPU   CPU  minflt/s  majflt/s     VSZ     RSS   %MEM   cswch/s nvcswch/s  Command
13:59:35        0        11    0.00    0.00    0.00    0.00    0.00     0      0.00      0.00       0       0   0.00      2.00      0.00  kworker/0:1-events
13:59:35        0        16    0.00    0.00    0.00    0.00    0.00     1      0.00      0.00       0       0   0.00     13.00      0.00  rcu_sched
13:59:35        0        25    0.00    0.00    0.00    0.00    0.00     1      0.00      0.00       0       0   0.00      1.00      0.00  migration/1
13:59:35        0        32    0.00    0.00    0.00    0.00    0.00     2      0.00      0.00       0       0   0.00      1.00      0.00  ksoftirqd/2
13:59:35        0        52    0.00    0.00    0.00    0.00    0.00     2      0.00      0.00       0       0   0.00      2.00      0.00  kcompactd0
13:59:35        0       121    0.00    0.00    0.00    0.00    0.00     1      0.00      0.00       0       0   0.00      6.00      0.00  kworker/u16:3-events_power_efficient
13:59:35        0       122    0.00    0.00    0.00    0.00    0.00     3      0.00      0.00       0       0   0.00      3.00      0.00  kworker/3:1-events
13:59:35        0       224    0.00    0.00    0.00    0.00    0.00     2      0.00      0.00       0       0   0.00      1.00      0.00  kworker/2:3-events
13:59:35        0       231    0.00    0.00    0.00    0.00    0.00     1      0.00      0.00       0       0   0.00      6.00      0.00  kworker/1:2-events
13:59:35        0       239    0.00    0.00    0.00    0.00    0.00     0      0.00      0.00  288968   27092   0.34      1.00      0.00  multipathd
13:59:35     1000      1178    0.00    0.00    0.00    0.00    0.00     1      0.00      0.00   31388   21220   0.27      3.00      0.00  python3
13:59:35     1000      1183    0.00    0.00    0.00    0.00    0.00     1      0.00      0.00    9900    3344   0.04      1.00      0.00  vmstat
13:59:35     1000      1184    0.00    0.00    0.00    0.00    0.00     1      0.00      0.00    7712    3696   0.05      1.00      0.00  pidstat
13:59:35     1000      1294   94.00    5.00    0.00    0.00   99.00     0     48.00      0.00   48304   41168   0.52      2.00      3.00  /home/ubuntu/pa
13:59:35     1000      1303    4.00    4.00    0.00    0.00    8.00     3   3790.00      0.00 1816316   19316   0.24      3.00      2.00  hey

# Time        UID       PID    %usr %system  %guest   %wait    %CPU   CPU  minflt/s  majflt/s     VSZ     RSS   %MEM   cswch/s nvcswch/s  Command
13:59:36        0        11    0.00    0.00    0.00    0.00    0.00     0      0.00      0.00       0       0   0.00      2.00      0.00  kworker/0:1-events
13:59:36        0        16    0.00    0.00    0.00    0.00    0.00     1      0.00      0.00       0       0   0.00      2.00      0.00  rcu_sched
13:59:36        0        52    0.00    0.00    0.00    0.00    0.00     2      0.00      0.00       0       0   0.00      2.00      0.00  kcompactd0
13:59:36        0       121    0.00    0.00    0.00    0.00    0.00     1      0.00      0.00       0       0   0.00      6.00      0.00  kworker/u16:3-events_power_efficient
13:59:36        0       122    0.00    0.00    0.00    0.00    0.00     3      0.00      0.00       0       0   0.00      2.00      0.00  kworker/3:1-mm_percpu_wq
13:59:36        0       224    0.00    0.00    0.00    0.00    0.00     2      0.00      0.00       0       0   0.00      1.00      0.00  kworker/2:3-mm_percpu_wq
13:59:36        0       231    0.00    0.00    0.00    0.00    0.00     1      0.00      0.00       0       0   0.00      7.00      0.00  kworker/1:2-events
13:59:36        0       239    0.00    0.00    0.00    0.00    0.00     0      0.00      0.00  288968   27092   0.34      1.00      0.00  multipathd
13:59:36     1000      1183    0.00    0.00    0.00    0.00    0.00     1      0.00      0.00    9900    3344   0.04      1.00      0.00  vmstat
13:59:36     1000      1184    0.00    0.00    0.00    0.00    0.00     1      0.00      0.00    7712    3696   0.05      1.00      0.00  pidstat
13:59:36     1000      1294   92.00    8.00    0.00    0.00  100.00     0      0.00      0.00   48304   41168   0.52      0.00      3.00  /home/ubuntu/pa
13:59:36     1000      1303   19.00   15.00    0.00    0.00   34.00     3   8147.00      0.00 1817340   48756   0.62      0.00      0.00  hey

# Time        UID       PID    %usr %system  %guest   %wait    %CPU   CPU  minflt/s  majflt/s     VSZ     RSS   %MEM   cswch/s nvcswch/s  Command
13:59:37        0        11    0.00    0.00    0.00    0.00    0.00     0      0.00      0.00       0       0   0.00      3.00      0.00  kworker/0:1-events
13:59:37        0        16    0.00    0.00    0.00    0.00    0.00     2      0.00      0.00       0       0   0.00     20.00      0.00  rcu_sched
13:59:37        0        32    0.00    0.00    0.00    0.00    0.00     2      0.00      0.00       0       0   0.00      1.00      0.00  ksoftirqd/2
13:59:37        0        52    0.00    0.00    0.00    0.00    0.00     2      0.00      0.00       0       0   0.00      2.00      0.00  kcompactd0
13:59:37        0       121    0.00    0.00    0.00    0.00    0.00     1      0.00      0.00       0       0   0.00      6.00      0.00  kworker/u16:3-events_power_efficient
13:59:37        0       122    0.00    0.00    0.00    0.00    0.00     3      0.00      0.00       0       0   0.00      4.00      0.00  kworker/3:1-events
13:59:37        0       224    0.00    0.00    0.00    0.00    0.00     2      0.00      0.00       0       0   0.00      3.00      0.00  kworker/2:3-events
13:59:37        0       231    0.00    0.00    0.00    0.00    0.00     1      0.00      0.00       0       0   0.00      6.00      0.00  kworker/1:2-events
13:59:37        0       239    0.00    0.00    0.00    0.00    0.00     0      0.00      0.00  288968   27092   0.34      1.00      0.00  multipathd
13:59:37     1000      1178    0.00    0.00    0.00    0.00    0.00     1      0.00      0.00   31388   21220   0.27      3.00      0.00  python3
13:59:37     1000      1183    0.00    0.00    0.00    0.00    0.00     1      0.00      0.00    9900    3344   0.04      1.00      0.00  vmstat
13:59:37     1000      1184    0.00    1.00    0.00    0.00    1.00     1      0.00      0.00    7712    3696   0.05      1.00      0.00  pidstat

# Time        UID       PID    %usr %system  %guest   %wait    %CPU   CPU  minflt/s  majflt/s     VSZ     RSS   %MEM   cswch/s nvcswch/s  Command
13:59:38        0        11    0.00    0.00    0.00    0.00    0.00     0      0.00      0.00       0       0   0.00      2.00      0.00  kworker/0:1-events
13:59:38        0        16    0.00    0.00    0.00    0.00    0.00     1      0.00      0.00       0       0   0.00     27.00      0.00  rcu_sched
13:59:38        0        19    0.00    0.00    0.00    0.00    0.00     0      0.00      0.00       0       0   0.00      1.00      0.00  migration/0
13:59:38        0        25    0.00    0.00    0.00    0.00    0.00     1      0.00      0.00       0       0   0.00      3.00      0.00  migration/1
13:59:38        0        26    0.00    0.00    0.00    0.00    0.00     1      0.00      0.00       0       0   0.00      1.00      0.00  ksoftirqd/1
13:59:38        0        31    0.00    0.00    0.00    0.00    0.00     2      0.00      0.00       0       0   0.00      1.00      0.00  migration/2
13:59:38        0        37    0.00    0.00    0.00    0.00    0.00     3      0.00      0.00       0       0   0.00      1.00      0.00  migration/3
13:59:38        0        49    0.00    0.00    0.00    0.00    0.00     2      0.00      0.00       0       0   0.00      1.00      0.00  kworker/u16:2-events_unbound
13:59:38        0        52    0.00    0.00    0.00    0.00    0.00     2      0.00      0.00       0       0   0.00      2.00      0.00  kcompactd0
13:59:38        0       121    0.00    0.00    0.00    0.00    0.00     1      0.00      0.00       0       0   0.00      6.00      0.00  kworker/u16:3-events_power_efficient
13:59:38        0       122    0.00    0.00    0.00    0.00    0.00     3      0.00      0.00       0       0   0.00      2.00      0.00  kworker/3:1-events
13:59:38        0       224    0.00    0.00    0.00    0.00    0.00     2      0.00      0.00       0       0   0.00      1.00      0.00  kworker/2:3-mm_percpu_wq
13:59:38        0       231    0.00    0.00    0.00    0.00    0.00     1      0.00      0.00       0       0   0.00      9.00      0.00  kworker/1:2-events
13:59:38        0       239    0.00    0.00    0.00    0.00    0.00     0      0.00      0.00  288968   27092   0.34      1.00      0.00  multipathd
13:59:38        0       588    0.00    0.00    0.00    0.00    0.00     1      0.00      0.00   83064    4684   0.06      1.00      0.00  irqbalance
13:59:38     1000      1178    0.00    0.00    0.00    0.00    0.00     1      0.00      0.00   31388   21220   0.27      8.00      0.00  python3
13:59:38     1000      1183    0.00    0.00    0.00    0.00    0.00     1      0.00      0.00    9900    3344   0.04      1.00      0.00  vmstat
13:59:38     1000      1184    0.00    0.00    0.00    0.00    0.00     1      0.00      0.00    7712    3696   0.05      1.00      0.00  pidstat
13:59:38     1000      1311    0.00    0.00    0.00    0.00    0.00     0    145.00      0.00    2704    1464   0.02      1.00      1.00  time
13:59:38     1000      1312   70.00    8.00    0.00    0.00   78.00     0   7936.00      0.00   48120   40788   0.52      5.00      4.00  /home/ubuntu/pa
13:59:38     1000      1313   14.00   12.00    0.00    0.00   26.00     2   9276.00      0.00 1816892   39124   0.49      3.00      4.00  hey

# Time        UID       PID    %usr %system  %guest   %wait    %CPU   CPU  minflt/s  majflt/s     VSZ     RSS   %MEM   cswch/s nvcswch/s  Command
13:59:39        0        11    0.00    0.00    0.00    0.00    0.00     0      0.00      0.00       0       0   0.00      2.00      0.00  kworker/0:1-events
13:59:39        0        16    0.00    0.00    0.00    0.00    0.00     1      0.00      0.00       0       0   0.00      9.00      0.00  rcu_sched
13:59:39        0        25    0.00    0.00    0.00    0.00    0.00     1      0.00      0.00       0       0   0.00      1.00      0.00  migration/1
13:59:39        0        26    0.00    0.00    0.00    0.00    0.00     1      0.00      0.00       0       0   0.00      1.00      0.00  ksoftirqd/1
13:59:39        0        49    0.00    0.00    0.00    0.00    0.00     1      0.00      0.00       0       0   0.00      3.00      0.00  kworker/u16:2-events_power_efficient
13:59:39        0        52    0.00    0.00    0.00    0.00    0.00     1      0.00      0.00       0       0   0.00      2.00      0.00  kcompactd0
13:59:39        0       121    0.00    0.00    0.00    0.00    0.00     3      0.00      0.00       0       0   0.00      3.00      0.00  kworker/u16:3-events_power_efficient
13:59:39        0       122    0.00    0.00    0.00    0.00    0.00     3      0.00      0.00       0       0   0.00      4.00      0.00  kworker/3:1-events
13:59:39        0       224    0.00    0.00    0.00    0.00    0.00     2      0.00      0.00       0       0   0.00      3.00      0.00  kworker/2:3-events
13:59:39        0       231    0.00    0.00    0.00    0.00    0.00     1      0.00      0.00       0       0   0.00      2.00      0.00  kworker/1:2-events
13:59:39        0       239    0.00    0.00    0.00    0.00    0.00     0      0.00      0.00  288968   27092   0.34      1.00      0.00  multipathd
13:59:39     1000      1178    0.00    0.00    0.00    0.00    0.00     1      0.00      0.00   31388   21220   0.27      3.00      0.00  python3
13:59:39     1000      1183    0.00    0.00    0.00    0.00    0.00     1      0.00      0.00    9900    3344   0.04      1.00      0.00  vmstat
13:59:39     1000      1184    0.00    1.00    0.00    0.00    1.00     1      0.00      0.00    7712    3696   0.05      1.00      0.00  pidstat
13:59:39     1000      1312   92.00    7.00    0.00    0.00   99.00     0     57.00      0.00   48388   41044   0.52      2.00      3.00  /home/ubuntu/pa
13:59:39     1000      1321   14.00   11.00    0.00    0.00   25.00     3   9126.00      0.00 1816636   38608   0.49      3.00      3.00  hey

# Time        UID       PID    %usr %system  %guest   %wait    %CPU   CPU  minflt/s  majflt/s     VSZ     RSS   %MEM   cswch/s nvcswch/s  Command
13:59:40        0        11    0.00    0.00    0.00    0.00    0.00     0      0.00      0.00       0       0   0.00      1.00      0.00  kworker/0:1-events
13:59:40        0        16    0.00    0.00    0.00    0.00    0.00     1      0.00      0.00       0       0   0.00      2.00      0.00  rcu_sched
13:59:40        0        26    0.00    0.00    0.00    0.00    0.00     1      0.00      0.00       0       0   0.00      2.00      0.00  ksoftirqd/1
13:59:40        0        52    0.00    0.00    0.00    0.00    0.00     1      0.00      0.00       0       0   0.00      2.00      0.00  kcompactd0
13:59:40        0       121    0.00    0.00    0.00    0.00    0.00     1      0.00      0.00       0       0   0.00      6.00      0.00  kworker/u16:3-events_unbound
13:59:40        0       122    0.00    0.00    0.00    0.00    0.00     3      0.00      0.00       0       0   0.00      2.00      0.00  kworker/3:1-mm_percpu_wq
13:59:40        0       224    0.00    0.00    0.00    0.00    0.00     2      0.00      0.00       0       0   0.00      2.00      0.00  kworker/2:3-events
13:59:40        0       231    0.00    0.00    0.00    0.00    0.00     1      0.00      0.00       0       0   0.00      7.00      0.00  kworker/1:2-events
13:59:40        0       239    0.00    0.00    0.00    0.00    0.00     0      0.00      0.00  288968   27092   0.34      1.00      0.00  multipathd
13:59:40     1000      1183    0.00    0.00    0.00    0.00    0.00     1      0.00      0.00    9900    3344   0.04      1.00      0.00  vmstat
13:59:40     1000      1184    1.00    0.00    0.00    0.00    1.00     1      0.00      0.00    7712    3696   0.05      1.00      0.00  pidstat
13:59:40     1000      1312   94.00    7.00    0.00    0.00  101.00     0      0.00      0.00   48388   41044   0.52      0.00      2.00  /home/ubuntu/pa
13:59:40     1000      1321   21.00   11.00    0.00    0.00   32.00     3   2926.00      0.00 1817404   49104   0.62      0.00      0.00  hey

# Time        UID       PID    %usr %system  %guest   %wait    %CPU   CPU  minflt/s  majflt/s     VSZ     RSS   %MEM   cswch/s nvcswch/s  Command
13:59:41        0        11    0.00    0.00    0.00    0.00    0.00     0      0.00      0.00       0       0   0.00      2.00      0.00  kworker/0:1-events
13:59:41        0        16    0.00    0.00    0.00    0.00    0.00     1      0.00      0.00       0       0   0.00     54.00      0.00  rcu_sched
13:59:41        0        25    0.00    0.00    0.00    0.00    0.00     1      0.00      0.00       0       0   0.00      2.00      0.00  migration/1
13:59:41        0        26    0.00    0.00    0.00    0.00    0.00     1      0.00      0.00       0       0   0.00      2.00      0.00  ksoftirqd/1
13:59:41        0        38    0.00    0.00    0.00    0.00    0.00     3      0.00      0.00       0       0   0.00      1.00      0.00  ksoftirqd/3
13:59:41        0        52    0.00    0.00    0.00    0.00    0.00     1      0.00      0.00       0       0   0.00      2.00      0.00  kcompactd0
13:59:41        0       121    0.00    0.00    0.00    0.00    0.00     1      0.00      0.00       0       0   0.00      5.00      0.00  kworker/u16:3-events_power_efficient
13:59:41        0       122    0.00    0.00    0.00    0.00    0.00     3      0.00      0.00       0       0   0.00      4.00      0.00  kworker/3:1-events
13:59:41        0       224    0.00    0.00    0.00    0.00    0.00     2      0.00      0.00       0       0   0.00      2.00      0.00  kworker/2:3-events
13:59:41        0       231    0.00    0.00    0.00    0.00    0.00     1      0.00      0.00       0       0   0.00      6.00      0.00  kworker/1:2-events
13:59:41        0       239    0.00    0.00    0.00    0.00    0.00     0      0.00      0.00  288968   27092   0.34      1.00      0.00  multipathd
13:59:41     1000      1154    0.00    0.00    0.00    0.00    0.00     2      0.00      0.00   15008    7148   0.09      1.00      0.00  sshd
13:59:41     1000      1178    1.00    0.00    0.00    0.00    1.00     1      1.00      0.00   31388   21220   0.27     13.00      0.00  python3
13:59:41     1000      1183    0.00    0.00    0.00    0.00    0.00     1      0.00      0.00    9900    3344   0.04      1.00      0.00  vmstat
13:59:41     1000      1184    0.00    1.00    0.00    0.00    1.00     1      0.00      0.00    7712    3696   0.05      1.00      0.00  pidstat
13:59:41     1000      1329    0.00    0.00    0.00    0.00    0.00     0    145.00      0.00    2704    1528   0.02      1.00      1.00  time
13:59:41     1000      1330   15.00    2.00    0.00    0.00   17.00     0   7669.00      0.00   47040   39796   0.50      7.00      0.00  /home/ubuntu/pe
13:59:41     1000      1331    0.00    1.00    0.00    0.00    1.00     2   1660.00      1.00 1750712   11696   0.15      5.00      4.00  hey

# Time        UID       PID    %usr %system  %guest   %wait    %CPU   CPU  minflt/s  majflt/s     VSZ     RSS   %MEM   cswch/s nvcswch/s  Command
13:59:42        0        11    0.00    0.00    0.00    0.00    0.00     0      0.00      0.00       0       0   0.00      1.00      0.00  kworker/0:1-events
13:59:42        0        16    0.00    0.00    0.00    0.00    0.00     1      0.00      0.00       0       0   0.00     10.00      0.00  rcu_sched
13:59:42        0        19    0.00    0.00    0.00    0.00    0.00     0      0.00      0.00       0       0   0.00      1.00      0.00  migration/0
13:59:42        0        25    0.00    0.00    0.00    0.00    0.00     1      0.00      0.00       0       0   0.00      2.00      0.00  migration/1
13:59:42        0        26    0.00    0.00    0.00    0.00    0.00     1      0.00      0.00       0       0   0.00      1.00      0.00  ksoftirqd/1
13:59:42        0        31    0.00    0.00    0.00    0.00    0.00     2      0.00      0.00       0       0   0.00      1.00      0.00  migration/2
13:59:42        0        37    0.00    0.00    0.00    0.00    0.00     3      0.00      0.00       0       0   0.00      1.00      0.00  migration/3
13:59:42        0        49    0.00    0.00    0.00    0.00    0.00     2      0.00      0.00       0       0   0.00     25.00      0.00  kworker/u16:2-events_power_efficient
13:59:42        0        52    0.00    0.00    0.00    0.00    0.00     1      0.00      0.00       0       0   0.00      2.00      0.00  kcompactd0
13:59:42        0       121    1.00    0.00    0.00    0.00    1.00     3      0.00      0.00       0       0   0.00     14.00      0.00  kworker/u16:3-flush-259:0
13:59:42        0       122    0.00    0.00    0.00    0.00    0.00     3      0.00      0.00       0       0   0.00      2.00      0.00  kworker/3:1-events
13:59:42        0       136    0.00    0.00    0.00    0.00    0.00     2      0.00      0.00       0       0   0.00      3.00      0.00  jbd2/nvme0n1p1-8
13:59:42        0       224    0.00    0.00    0.00    0.00    0.00     2      0.00      0.00       0       0   0.00      6.00      0.00  kworker/2:3-events
13:59:42        0       231    0.00    0.00    0.00    0.00    0.00     1      0.00      0.00       0       0   0.00      8.00      0.00  kworker/1:2-events
13:59:42        0       239    0.00    0.00    0.00    0.00    0.00     0      0.00      0.00  288968   27092   0.34      1.00      0.00  multipathd
13:59:42        0       243    0.00    0.00    0.00    0.00    0.00     2      0.00      0.00       0       0   0.00      2.00      0.00  kworker/2:1H-kblockd
13:59:42        0       500    0.00    0.00    0.00    0.00    0.00     3      0.00      0.00       0       0   0.00      4.00      0.00  kworker/3:1H-kblockd
13:59:42        0       877    0.00    0.00    0.00    0.00    0.00     1      0.00      0.00       0       0   0.00      3.00      0.00  kworker/1:1H-kblockd
13:59:42     1000      1178    0.00    0.00    0.00    0.00    0.00     1      0.00      0.00   31388   21220   0.27      3.00      0.00  python3
13:59:42     1000      1183    0.00    0.00    0.00    0.00    0.00     1      0.00      0.00    9900    3344   0.04      1.00      0.00  vmstat
13:59:42     1000      1184    0.00    0.00    0.00    0.00    0.00     1      0.00      0.00    7712    3696   0.05      1.00      0.00  pidstat
13:59:42     1000      1330   92.00    7.00    0.00    0.00   99.00     0     51.00      0.00   47304   40052   0.51      2.00      3.00  /home/ubuntu/pe
13:59:42     1000      1339    0.00    0.00    0.00    0.00    0.00     3   1492.00      0.00 1677044   10936   0.14      4.00      2.00  hey

# Time        UID       PID    %usr %system  %guest   %wait    %CPU   CPU  minflt/s  majflt/s     VSZ     RSS   %MEM   cswch/s nvcswch/s  Command
13:59:43        0        11    0.00    0.00    0.00    0.00    0.00     0      0.00      0.00       0       0   0.00      1.00      0.00  kworker/0:1-mm_percpu_wq
13:59:43        0        16    0.00    0.00    0.00    0.00    0.00     1      0.00      0.00       0       0   0.00      2.00      0.00  rcu_sched
13:59:43        0        26    0.00    0.00    0.00    0.00    0.00     1      0.00      0.00       0       0   0.00      2.00      0.00  ksoftirqd/1
13:59:43        0        49    0.00    0.00    0.00    0.00    0.00     1      0.00      0.00       0       0   0.00      7.00      0.00  kworker/u16:2-events_power_efficient
13:59:43        0        52    0.00    0.00    0.00    0.00    0.00     1      0.00      0.00       0       0   0.00      2.00      0.00  kcompactd0
13:59:43        0       121    0.00    0.00    0.00    0.00    0.00     3      0.00      0.00       0       0   0.00      1.00      0.00  kworker/u16:3-flush-259:0
13:59:43        0       122    0.00    0.00    0.00    0.00    0.00     3      0.00      0.00       0       0   0.00      2.00      0.00  kworker/3:1-events
13:59:43        0       224    0.00    0.00    0.00    0.00    0.00     2      0.00      0.00       0       0   0.00      3.00      0.00  kworker/2:3-events
13:59:43        0       231    0.00    0.00    0.00    0.00    0.00     1      0.00      0.00       0       0   0.00      5.00      0.00  kworker/1:2-events
13:59:43        0       239    0.00    0.00    0.00    0.00    0.00     0      0.00      0.00  288968   27092   0.34      2.00      0.00  multipathd
13:59:43     1000      1183    0.00    0.00    0.00    0.00    0.00     1      0.00      0.00    9900    3344   0.04      1.00      0.00  vmstat
13:59:43     1000      1184    0.00    1.00    0.00    0.00    1.00     1      0.00      0.00    7712    3696   0.05      1.00      1.00  pidstat
13:59:43     1000      1330   93.00    7.00    0.00    0.00  100.00     0      0.00      0.00   47304   40052   0.51      0.00      3.00  /home/ubuntu/pe
13:59:43     1000      1339   21.00   16.00    0.00    0.00   37.00     3  10419.00      0.00 1743288   49000   0.62      0.00      0.00  hey

# Time        UID       PID    %usr %system  %guest   %wait    %CPU   CPU  minflt/s  majflt/s     VSZ     RSS   %MEM   cswch/s nvcswch/s  Command
13:59:44        0        11    0.00    0.00    0.00    0.00    0.00     0      0.00      0.00       0       0   0.00      2.00      0.00  kworker/0:1-events
13:59:44        0        16    0.00    0.00    0.00    0.00    0.00     3      0.00      0.00       0       0   0.00     18.00      0.00  rcu_sched
13:59:44        0        26    0.00    0.00    0.00    0.00    0.00     1      0.00      0.00       0       0   0.00      2.00      0.00  ksoftirqd/1
13:59:44        0        38    0.00    0.00    0.00    0.00    0.00     3      0.00      0.00       0       0   0.00      1.00      0.00  ksoftirqd/3
13:59:44        0        49    0.00    0.00    0.00    0.00    0.00     2      0.00      0.00       0       0   0.00      4.00      0.00  kworker/u16:2-events_power_efficient
13:59:44        0        52    0.00    0.00    0.00    0.00    0.00     1      0.00      0.00       0       0   0.00      2.00      0.00  kcompactd0
13:59:44        0       121    0.00    0.00    0.00    0.00    0.00     3      0.00      0.00       0       0   0.00      5.00      0.00  kworker/u16:3-events_power_efficient
13:59:44        0       122    0.00    0.00    0.00    0.00    0.00     3      0.00      0.00       0       0   0.00      5.00      0.00  kworker/3:1-events
13:59:44        0       136    0.00    0.00    0.00    0.00    0.00     1      0.00      0.00       0       0   0.00      3.00      0.00  jbd2/nvme0n1p1-8
13:59:44        0       177    0.00    0.00    0.00    0.00    0.00     1      6.00      0.00   66920   17568   0.22      1.00      0.00  systemd-journal
13:59:44        0       224    0.00    0.00    0.00    0.00    0.00     2      0.00      0.00       0       0   0.00      5.00      0.00  kworker/2:3-events
13:59:44        0       231    0.00    0.00    0.00    0.00    0.00     1      0.00      0.00       0       0   0.00      5.00      0.00  kworker/1:2-events
13:59:44        0       239    0.00    0.00    0.00    0.00    0.00     0      0.00      0.00  288968   27092   0.34      1.00      0.00  multipathd
13:59:44     1000      1178    0.00    0.00    0.00    0.00    0.00     1      0.00      0.00   31388   21220   0.27      2.00      0.00  python3
13:59:44     1000      1183    0.00    0.00    0.00    0.00    0.00     1      0.00      0.00    9900    3344   0.04      1.00      0.00  vmstat
13:59:44     1000      1184    0.00    0.00    0.00    0.00    0.00     1      0.00      0.00    7712    3696   0.05      1.00      1.00  pidstat
13:59:44     1000      1329    0.00    0.00    0.00    0.00    0.00     0     17.00      0.00       0       0   0.00      1.00      0.00  time

# Time        UID       PID    %usr %system  %guest   %wait    %CPU   CPU  minflt/s  majflt/s     VSZ     RSS   %MEM   cswch/s nvcswch/s  Command
13:59:45        0        11    0.00    0.00    0.00    0.00    0.00     0      0.00      0.00       0       0   0.00      1.00      0.00  kworker/0:1-mm_percpu_wq
13:59:45        0        16    0.00    0.00    0.00    0.00    0.00     1      0.00      0.00       0       0   0.00     43.00      0.00  rcu_sched
13:59:45        0        25    0.00    0.00    0.00    0.00    0.00     1      0.00      0.00       0       0   0.00      2.00      0.00  migration/1
13:59:45        0        52    0.00    0.00    0.00    0.00    0.00     1      0.00      0.00       0       0   0.00      2.00      0.00  kcompactd0
13:59:45        0       121    0.00    0.00    0.00    0.00    0.00     3      0.00      0.00       0       0   0.00      6.00      0.00  kworker/u16:3-events_power_efficient
13:59:45        0       122    0.00    0.00    0.00    0.00    0.00     3      0.00      0.00       0       0   0.00      6.00      0.00  kworker/3:1-events
13:59:45        0       224    0.00    0.00    0.00    0.00    0.00     2      0.00      0.00       0       0   0.00      1.00      0.00  kworker/2:3-mm_percpu_wq
13:59:45        0       231    0.00    0.00    0.00    0.00    0.00     1      0.00      0.00       0       0   0.00      2.00      0.00  kworker/1:2-events
13:59:45        0       239    0.00    0.00    0.00    0.00    0.00     0      0.00      0.00  288968   27092   0.34      2.00      0.00  multipathd
13:59:45     1000      1178    1.00    0.00    0.00    1.00    1.00     1      0.00      0.00   31388   21220   0.27     11.00      0.00  python3
13:59:45     1000      1183    0.00    0.00    0.00    0.00    0.00     1      0.00      0.00    9900    3344   0.04      1.00      0.00  vmstat
13:59:45     1000      1184    0.00    1.00    0.00    0.00    1.00     1      0.00      0.00    7712    3696   0.05      1.00      1.00  pidstat
13:59:45     1000      1349    0.00    0.00    0.00    0.00    0.00     0    143.00      0.00    2704    1464   0.02      1.00      1.00  time
13:59:45     1000      1350   52.00    5.00    0.00    0.00   57.00     0   7952.00      0.00   48248   40980   0.52      7.00      2.00  /home/ubuntu/pa
13:59:45     1000      1351    8.00    8.00    0.00    0.00   16.00     2   5766.00      0.00 1816636   26548   0.34      2.00      5.00  hey

# Time        UID       PID    %usr %system  %guest   %wait    %CPU   CPU  minflt/s  majflt/s     VSZ     RSS   %MEM   cswch/s nvcswch/s  Command
13:59:46        0        11    0.00    0.00    0.00    0.00    0.00     0      0.00      0.00       0       0   0.00      1.00      0.00  kworker/0:1-events
13:59:46        0        16    0.00    0.00    0.00    0.00    0.00     1      0.00      0.00       0       0   0.00     13.00      0.00  rcu_sched
13:59:46        0        19    0.00    0.00    0.00    0.00    0.00     0      0.00      0.00       0       0   0.00      1.00      0.00  migration/0
13:59:46        0        25    0.00    0.00    0.00    0.00    0.00     1      0.00      0.00       0       0   0.00      2.00      0.00  migration/1
13:59:46        0        31    0.00    0.00    0.00    0.00    0.00     2      0.00      0.00       0       0   0.00      1.00      0.00  migration/2
13:59:46        0        37    0.00    0.00    0.00    0.00    0.00     3      0.00      0.00       0       0   0.00      1.00      0.00  migration/3
13:59:46        0        38    0.00    0.00    0.00    0.00    0.00     3      0.00      0.00       0       0   0.00      1.00      0.00  ksoftirqd/3
13:59:46        0        52    0.00    0.00    0.00    0.00    0.00     1      0.00      0.00       0       0   0.00      2.00      0.00  kcompactd0
13:59:46        0       121    0.00    0.00    0.00    0.00    0.00     1      0.00      0.00       0       0   0.00      5.00      0.00  kworker/u16:3-events_power_efficient
13:59:46        0       122    0.00    0.00    0.00    0.00    0.00     3      0.00      0.00       0       0   0.00      3.00      0.00  kworker/3:1-events
13:59:46        0       224    0.00    0.00    0.00    0.00    0.00     2      0.00      0.00       0       0   0.00      3.00      0.00  kworker/2:3-events
13:59:46        0       231    0.00    0.00    0.00    0.00    0.00     1      0.00      0.00       0       0   0.00     10.00      0.00  kworker/1:2-events
13:59:46        0       239    0.00    0.00    0.00    0.00    0.00     0      0.00      0.00  288968   27092   0.34      1.00      0.00  multipathd
13:59:46     1000      1178    0.00    0.00    0.00    0.00    0.00     1      0.00      0.00   31388   21220   0.27      3.00      0.00  python3
13:59:46     1000      1183    0.00    0.00    0.00    0.00    0.00     1      0.00      0.00    9900    3344   0.04      1.00      0.00  vmstat
13:59:46     1000      1184    0.00    0.00    0.00    0.00    0.00     1      0.00      0.00    7712    3696   0.05      1.00      1.00  pidstat
13:59:46     1000      1350   92.00    7.00    0.00    0.00   99.00     0     62.00      0.00   48380   41236   0.52      2.00      3.00  /home/ubuntu/pa
13:59:46     1000      1359    7.00    6.00    0.00    0.00   13.00     3   5705.00      0.00 1742904   26492   0.33      3.00      3.00  hey

# Time        UID       PID    %usr %system  %guest   %wait    %CPU   CPU  minflt/s  majflt/s     VSZ     RSS   %MEM   cswch/s nvcswch/s  Command
13:59:47        0        11    0.00    0.00    0.00    0.00    0.00     0      0.00      0.00       0       0   0.00      1.00      0.00  kworker/0:1-mm_percpu_wq
13:59:47        0        49    0.00    0.00    0.00    0.00    0.00     1      0.00      0.00       0       0   0.00      1.00      0.00  kworker/u16:2-flush-259:0
13:59:47        0        52    0.00    0.00    0.00    0.00    0.00     1      0.00      0.00       0       0   0.00      2.00      0.00  kcompactd0
13:59:47        0       121    0.00    0.00    0.00    0.00    0.00     1      0.00      0.00       0       0   0.00     11.00      0.00  kworker/u16:3-events_power_efficient
13:59:47        0       122    0.00    0.00    0.00    0.00    0.00     3      0.00      0.00       0       0   0.00      2.00      0.00  kworker/3:1-events
13:59:47        0       224    0.00    0.00    0.00    0.00    0.00     2      0.00      0.00       0       0   0.00      2.00      0.00  kworker/2:3-events
13:59:47        0       231    0.00    0.00    0.00    0.00    0.00     1      0.00      0.00       0       0   0.00      5.00      0.00  kworker/1:2-events
13:59:47        0       239    0.00    0.00    0.00    0.00    0.00     0      0.00      0.00  288968   27092   0.34      1.00      0.00  multipathd
13:59:47     1000      1183    0.00    0.00    0.00    0.00    0.00     1      0.00      0.00    9900    3344   0.04      1.00      0.00  vmstat
13:59:47     1000      1184    0.00    1.00    0.00    0.00    1.00     1      0.00      0.00    7712    3696   0.05      1.00      1.00  pidstat
13:59:47     1000      1350   94.00    6.00    0.00    0.00  100.00     0      5.00      0.00   48512   41236   0.52      0.00      2.00  /home/ubuntu/pa
13:59:47     1000      1359   17.00   16.00    0.00    0.00   33.00     3   6323.00      0.00 1743608   49404   0.62      0.00      0.00  hey

# Time        UID       PID    %usr %system  %guest   %wait    %CPU   CPU  minflt/s  majflt/s     VSZ     RSS   %MEM   cswch/s nvcswch/s  Command
13:59:48        0         1    0.00    0.00    0.00    0.00    0.00     2    134.00      0.00   22160   13008   0.16      5.00      2.00  systemd
13:59:48        0        11    0.00    0.00    0.00    0.00    0.00     0      0.00      0.00       0       0   0.00      5.00      0.00  kworker/0:1-events
13:59:48        0        16    0.00    0.00    0.00    0.00    0.00     1      0.00      0.00       0       0   0.00     53.00      0.00  rcu_sched
13:59:48        0        25    0.00    0.00    0.00    0.00    0.00     1      0.00      0.00       0       0   0.00      1.00      0.00  migration/1
13:59:48        0        32    0.00    0.00    0.00    0.00    0.00     2      0.00      0.00       0       0   0.00      1.00      0.00  ksoftirqd/2
13:59:48        0        38    0.00    0.00    0.00    0.00    0.00     3      0.00      0.00       0       0   0.00      1.00      0.00  ksoftirqd/3
13:59:48        0        49    0.00    0.00    0.00    0.00    0.00     1      0.00      0.00       0       0   0.00      2.00      0.00  kworker/u16:2-flush-259:0
13:59:48        0        52    0.00    0.00    0.00    0.00    0.00     1      0.00      0.00       0       0   0.00      2.00      0.00  kcompactd0
13:59:48        0       118    0.00    0.00    0.00    0.00    0.00     2      0.00      0.00       0       0   0.00      1.00      0.00  kworker/2:2-cgroup_free
13:59:48        0       121    0.00    0.00    0.00    0.00    0.00     3      0.00      0.00       0       0   0.00     14.00      0.00  kworker/u16:3-events_power_efficient
13:59:48        0       122    0.00    0.00    0.00    0.00    0.00     3      0.00      0.00       0       0   0.00      6.00      0.00  kworker/3:1-events
13:59:48        0       136    0.00    0.00    0.00    0.00    0.00     2      0.00      0.00       0       0   0.00      3.00      0.00  jbd2/nvme0n1p1-8
13:59:48        0       177    0.00    0.00    0.00    0.00    0.00     3     20.00      0.00   66920   17568   0.22      7.00      2.00  systemd-journal
13:59:48        0       224    0.00    0.00    0.00    0.00    0.00     2      0.00      0.00       0       0   0.00      9.00      0.00  kworker/2:3-events
13:59:48        0       231    0.00    0.00    0.00    0.00    0.00     1      0.00      0.00       0       0   0.00     12.00      0.00  kworker/1:2-events
13:59:48        0       239    0.00    0.00    0.00    0.00    0.00     0      0.00      0.00  288968   27092   0.34      1.00      0.00  multipathd
13:59:48        0       500    0.00    0.00    0.00    0.00    0.00     3      0.00      0.00       0       0   0.00      1.00      0.00  kworker/3:1H-kblockd
13:59:48      101       583    0.00    0.00    0.00    0.00    0.00     3      0.00      0.00    9812    5180   0.07      5.00      0.00  dbus-daemon
13:59:48        0       588    0.00    0.00    0.00    0.00    0.00     2      0.00      0.00   83064    4684   0.06      1.00      0.00  irqbalance
13:59:48        0       598    0.00    0.00    0.00    0.00    0.00     1      0.00      0.00 1998504   37648   0.48      0.00      0.00  snapd
13:59:48        0       601    0.00    0.00    0.00    0.00    0.00     1      0.00      0.00   18172    8912   0.11     11.00      0.00  systemd-logind
13:59:48      110       686    0.00    0.00    0.00    0.00    0.00     1      0.00      0.00   19416    3764   0.05      2.00      0.00  chronyd
13:59:48     1000      1178    0.00    1.00    0.00    0.00    1.00     1      1.00      0.00   31388   21220   0.27      5.00      0.00  python3
13:59:48     1000      1183    0.00    0.00    0.00    0.00    0.00     1      0.00      0.00    9900    3344   0.04      1.00      0.00  vmstat
13:59:48     1000      1184    0.00    0.00    0.00    0.00    0.00     1      0.00      0.00    7712    3696   0.05      1.00      1.00  pidstat
13:59:48     1000      1368    0.00    0.00    0.00    0.00    0.00     0    143.00      0.00    2704    1464   0.02      1.00      1.00  time
13:59:48     1000      1369    4.00    0.00    0.00    0.00    4.00     0   3145.00      0.00   23104   17792   0.22      0.00      0.00  perl

# Time        UID       PID    %usr %system  %guest   %wait    %CPU   CPU  minflt/s  majflt/s     VSZ     RSS   %MEM   cswch/s nvcswch/s  Command
13:59:49        0         1    0.00    1.00    0.00    0.00    1.00     3    103.00      0.00   22160   13008   0.16      6.00      2.00  systemd
13:59:49        0        11    0.00    0.00    0.00    0.00    0.00     0      0.00      0.00       0       0   0.00      1.00      0.00  kworker/0:1-mm_percpu_wq
13:59:49        0        16    0.00    0.00    0.00    0.00    0.00     1      0.00      0.00       0       0   0.00     37.00      0.00  rcu_sched
13:59:49        0        18    0.00    0.00    0.00    0.00    0.00     2      0.00      0.00       0       0   0.00      9.00      0.00  rcu_exp_gp_kthread_worker
13:59:49        0        25    0.00    0.00    0.00    0.00    0.00     1      0.00      0.00       0       0   0.00      1.00      0.00  migration/1
13:59:49        0        26    0.00    0.00    0.00    0.00    0.00     1      0.00      0.00       0       0   0.00      3.00      0.00  ksoftirqd/1
13:59:49        0        49    0.00    0.00    0.00    0.00    0.00     2      0.00      0.00       0       0   0.00      3.00      0.00  kworker/u16:2-events_power_efficient
13:59:49        0        52    0.00    0.00    0.00    0.00    0.00     1      0.00      0.00       0       0   0.00      2.00      0.00  kcompactd0
13:59:49        0       121    0.00    0.00    0.00    0.00    0.00     1      0.00      0.00       0       0   0.00      5.00      0.00  kworker/u16:3-events_power_efficient
13:59:49        0       122    0.00    0.00    0.00    0.00    0.00     3      0.00      0.00       0       0   0.00      5.00      0.00  kworker/3:1-events
13:59:49        0       177    0.00    0.00    0.00    0.00    0.00     3     24.00      0.00   66920   17568   0.22      8.00      2.00  systemd-journal
13:59:49        0       224    0.00    0.00    0.00    0.00    0.00     2      0.00      0.00       0       0   0.00      3.00      0.00  kworker/2:3-events
13:59:49        0       231    0.00    0.00    0.00    0.00    0.00     1      0.00      0.00       0       0   0.00      3.00      0.00  kworker/1:2-events
13:59:49        0       239    0.00    0.00    0.00    0.00    0.00     0      0.00      0.00  288968   27092   0.34      1.00      0.00  multipathd
13:59:49      101       583    0.00    0.00    0.00    0.00    0.00     3      0.00      0.00    9812    5180   0.07      9.00      4.00  dbus-daemon
13:59:49      989       593    0.00    0.00    0.00    0.00    0.00     1      0.00      0.00  383684    9728   0.12      5.00      0.00  polkitd
13:59:49        0       596    0.00    0.00    0.00    0.00    0.00     1      0.00      0.00 1907064   20532   0.26      1.00      0.00  amazon-ssm-agen
13:59:49        0       598    0.00    0.00    0.00    0.00    0.00     1      1.00      0.00 1998504   37808   0.48      0.00      0.00  snapd
13:59:49        0       601    0.00    0.00    0.00    0.00    0.00     2      0.00      0.00   18172    8912   0.11      6.00      1.00  systemd-logind
13:59:49     1000      1178    0.00    0.00    0.00    0.00    0.00     1      0.00      0.00   31388   21220   0.27      8.00      0.00  python3
13:59:49     1000      1183    0.00    0.00    0.00    0.00    0.00     1      0.00      0.00    9900    3344   0.04      1.00      0.00  vmstat
13:59:49     1000      1184    1.00    1.00    0.00    0.00    2.00     1      0.00      0.00    7712    3696   0.05      1.00      1.00  pidstat
13:59:49     1000      1369   87.00    5.00    0.00    0.00   92.00     0   4816.00      0.00   48244   41012   0.52      7.00      4.00  /home/ubuntu/pa
13:59:49     1000      1370   13.00   15.00    0.00    0.00   28.00     2   9869.00      0.00 1816956   41716   0.53      4.00      3.00  hey
13:59:49        0      1378    1.00    2.00    0.00    0.00    3.00     3    978.00      0.00   17300    7596   0.10      7.00      3.00  systemd-timedat

# Time        UID       PID    %usr %system  %guest   %wait    %CPU   CPU  minflt/s  majflt/s     VSZ     RSS   %MEM   cswch/s nvcswch/s  Command
13:59:50        0        11    0.00    0.00    0.00    0.00    0.00     0      0.00      0.00       0       0   0.00      2.00      0.00  kworker/0:1-events
13:59:50        0        16    0.00    0.00    0.00    0.00    0.00     1      0.00      0.00       0       0   0.00     12.00      0.00  rcu_sched
13:59:50        0        19    0.00    0.00    0.00    0.00    0.00     0      0.00      0.00       0       0   0.00      1.00      0.00  migration/0
13:59:50        0        25    0.00    0.00    0.00    0.00    0.00     1      0.00      0.00       0       0   0.00      2.00      0.00  migration/1
13:59:50        0        26    0.00    0.00    0.00    0.00    0.00     1      0.00      0.00       0       0   0.00      1.00      0.00  ksoftirqd/1
13:59:50        0        31    0.00    0.00    0.00    0.00    0.00     2      0.00      0.00       0       0   0.00      1.00      0.00  migration/2
13:59:50        0        32    0.00    0.00    0.00    0.00    0.00     2      0.00      0.00       0       0   0.00      1.00      0.00  ksoftirqd/2
13:59:50        0        37    0.00    0.00    0.00    0.00    0.00     3      0.00      0.00       0       0   0.00      1.00      0.00  migration/3
13:59:50        0        49    0.00    0.00    0.00    0.00    0.00     1      0.00      0.00       0       0   0.00      1.00      0.00  kworker/u16:2-events_power_efficient
13:59:50        0        52    0.00    0.00    0.00    0.00    0.00     1      0.00      0.00       0       0   0.00      2.00      0.00  kcompactd0
13:59:50        0       121    0.00    0.00    0.00    0.00    0.00     1      0.00      0.00       0       0   0.00      5.00      0.00  kworker/u16:3-events_power_efficient
13:59:50        0       122    0.00    0.00    0.00    0.00    0.00     3      0.00      0.00       0       0   0.00      3.00      0.00  kworker/3:1-events
13:59:50        0       224    0.00    0.00    0.00    0.00    0.00     2      0.00      0.00       0       0   0.00      5.00      0.00  kworker/2:3-events
13:59:50        0       231    0.00    0.00    0.00    0.00    0.00     1      0.00      0.00       0       0   0.00      8.00      0.00  kworker/1:2-events
13:59:50        0       239    0.00    0.00    0.00    0.00    0.00     0      0.00      0.00  288968   27092   0.34      1.00      0.00  multipathd
13:59:50     1000      1178    0.00    0.00    0.00    0.00    0.00     1      0.00      0.00   31388   21220   0.27      3.00      0.00  python3
13:59:50     1000      1183    0.00    0.00    0.00    0.00    0.00     1      0.00      0.00    9900    3344   0.04      1.00      0.00  vmstat
13:59:50     1000      1184    0.00    0.00    0.00    0.00    0.00     1      0.00      0.00    7712    3696   0.05      1.00      1.00  pidstat
13:59:50     1000      1369   92.00    8.00    0.00    0.00  100.00     0     64.00      0.00   48508   41268   0.52      2.00      4.00  /home/ubuntu/pa
13:59:50     1000      1379   14.00   12.00    0.00    0.00   26.00     3   9790.00      0.00 1816956   41392   0.52      3.00      4.00  hey

# Time        UID       PID    %usr %system  %guest   %wait    %CPU   CPU  minflt/s  majflt/s     VSZ     RSS   %MEM   cswch/s nvcswch/s  Command
13:59:51        0        11    0.00    0.00    0.00    0.00    0.00     0      0.00      0.00       0       0   0.00      1.00      0.00  kworker/0:1-mm_percpu_wq
13:59:51        0        16    0.00    0.00    0.00    0.00    0.00     1      0.00      0.00       0       0   0.00      2.00      0.00  rcu_sched
13:59:51        0        26    0.00    0.00    0.00    0.00    0.00     1      0.00      0.00       0       0   0.00      2.00      0.00  ksoftirqd/1
13:59:51        0        49    0.00    0.00    0.00    0.00    0.00     2      0.00      0.00       0       0   0.00      2.00      0.00  kworker/u16:2-events_power_efficient
13:59:51        0        52    0.00    0.00    0.00    0.00    0.00     1      0.00      0.00       0       0   0.00      2.00      0.00  kcompactd0
13:59:51        0       121    0.00    0.00    0.00    0.00    0.00     1      0.00      0.00       0       0   0.00      4.00      0.00  kworker/u16:3-events_power_efficient
13:59:51        0       122    0.00    0.00    0.00    0.00    0.00     3      0.00      0.00       0       0   0.00      4.00      0.00  kworker/3:1-events
13:59:51        0       224    0.00    0.00    0.00    0.00    0.00     2      0.00      0.00       0       0   0.00      3.00      0.00  kworker/2:3-events
13:59:51        0       231    0.00    0.00    0.00    0.00    0.00     1      0.00      0.00       0       0   0.00      5.00      0.00  kworker/1:2-events
13:59:51        0       239    0.00    0.00    0.00    0.00    0.00     0      0.00      0.00  288968   27092   0.34      1.00      0.00  multipathd
13:59:51     1000      1183    0.00    0.00    0.00    0.00    0.00     1      0.00      0.00    9900    3344   0.04      1.00      0.00  vmstat
13:59:51     1000      1184    0.00    1.00    0.00    0.00    1.00     1      0.00      0.00    7712    3696   0.05      1.00      1.00  pidstat
13:59:51     1000      1369   95.00    5.00    0.00    0.00  100.00     0      1.00      0.00   48508   41268   0.52      0.00      2.00  /home/ubuntu/pa
13:59:51     1000      1379   18.00   11.00    0.00    0.00   29.00     3   2118.00      0.00 1817404   48816   0.62      0.00      0.00  hey

# Time        UID       PID    %usr %system  %guest   %wait    %CPU   CPU  minflt/s  majflt/s     VSZ     RSS   %MEM   cswch/s nvcswch/s  Command
13:59:52        0        11    0.00    0.00    0.00    0.00    0.00     0      0.00      0.00       0       0   0.00      2.00      0.00  kworker/0:1-events
13:59:52        0        16    0.00    0.00    0.00    0.00    0.00     1      0.00      0.00       0       0   0.00     53.00      0.00  rcu_sched
13:59:52        0        25    0.00    0.00    0.00    0.00    0.00     1      0.00      0.00       0       0   0.00      2.00      0.00  migration/1
13:59:52        0        26    0.00    0.00    0.00    0.00    0.00     1      0.00      0.00       0       0   0.00      2.00      0.00  ksoftirqd/1
13:59:52        0        32    0.00    0.00    0.00    0.00    0.00     2      0.00      0.00       0       0   0.00      1.00      0.00  ksoftirqd/2
13:59:52        0        49    0.00    0.00    0.00    0.00    0.00     2      0.00      0.00       0       0   0.00      5.00      0.00  kworker/u16:2-flush-259:0
13:59:52        0        52    0.00    0.00    0.00    0.00    0.00     1      0.00      0.00       0       0   0.00      2.00      0.00  kcompactd0
13:59:52        0       121    0.00    0.00    0.00    0.00    0.00     1      0.00      0.00       0       0   0.00      4.00      0.00  kworker/u16:3-writeback
13:59:52        0       122    0.00    0.00    0.00    0.00    0.00     3      0.00      0.00       0       0   0.00      3.00      0.00  kworker/3:1-mm_percpu_wq
13:59:52        0       224    0.00    0.00    0.00    0.00    0.00     2      0.00      0.00       0       0   0.00      5.00      0.00  kworker/2:3-events
13:59:52        0       231    0.00    0.00    0.00    0.00    0.00     1      0.00      0.00       0       0   0.00      9.00      0.00  kworker/1:2-events
13:59:52        0       239    0.00    0.00    0.00    0.00    0.00     0      0.00      0.00  288968   27092   0.34      1.00      0.00  multipathd
13:59:52     1000      1178    1.00    0.00    0.00    0.00    1.00     1      1.00      0.00   31388   21220   0.27     13.00      0.00  python3
13:59:52     1000      1183    0.00    0.00    0.00    0.00    0.00     1      0.00      0.00    9900    3344   0.04      1.00      0.00  vmstat
13:59:52     1000      1184    0.00    0.00    0.00    0.00    0.00     1      0.00      0.00    7712    3696   0.05      1.00      1.00  pidstat
13:59:52     1000      1387    0.00    0.00    0.00    0.00    0.00     0    142.00      0.00    2704    1460   0.02      1.00      1.00  time
13:59:52     1000      1388   34.00    2.00    0.00    0.00   36.00     0   7959.00      0.00   48140   40860   0.52      7.00      1.00  /home/ubuntu/pa
13:59:52     1000      1389    5.00    3.00    0.00    0.00    8.00     3   3570.00      0.00 1816316   18504   0.23      2.00      4.00  hey

# Time        UID       PID    %usr %system  %guest   %wait    %CPU   CPU  minflt/s  majflt/s     VSZ     RSS   %MEM   cswch/s nvcswch/s  Command
13:59:53        0        11    0.00    0.00    0.00    0.00    0.00     0      0.00      0.00       0       0   0.00      1.00      0.00  kworker/0:1-mm_percpu_wq
13:59:53        0        16    0.00    0.00    0.00    0.00    0.00     1      0.00      0.00       0       0   0.00     14.00      0.00  rcu_sched
13:59:53        0        25    0.00    0.00    0.00    0.00    0.00     1      0.00      0.00       0       0   0.00      1.00      0.00  migration/1
13:59:53        0        52    0.00    0.00    0.00    0.00    0.00     1      0.00      0.00       0       0   0.00      2.00      0.00  kcompactd0
13:59:53        0       121    0.00    0.00    0.00    0.00    0.00     1      0.00      0.00       0       0   0.00      7.00      0.00  kworker/u16:3-events_power_efficient
13:59:53        0       122    0.00    0.00    0.00    0.00    0.00     3      0.00      0.00       0       0   0.00      3.00      0.00  kworker/3:1-events
13:59:53        0       231    0.00    0.00    0.00    0.00    0.00     1      0.00      0.00       0       0   0.00      6.00      0.00  kworker/1:2-events
13:59:53        0       239    0.00    0.00    0.00    0.00    0.00     0      0.00      0.00  288968   27092   0.34      1.00      0.00  multipathd
13:59:53     1000      1178    0.00    0.00    0.00    0.00    0.00     1      0.00      0.00   31388   21220   0.27      3.00      0.00  python3
13:59:53     1000      1183    0.00    0.00    0.00    0.00    0.00     1      0.00      0.00    9900    3344   0.04      1.00      0.00  vmstat
13:59:53     1000      1184    0.00    1.00    0.00    0.00    1.00     1      3.00      0.00    7712    3696   0.05      1.00      1.00  pidstat
13:59:53     1000      1388   92.00    7.00    0.00    0.00   99.00     0     69.00      0.00   48536   41116   0.52      3.00      2.00  /home/ubuntu/pa
13:59:53     1000      1397    3.00    4.00    0.00    0.00    7.00     3   3473.00      0.00 1750712   18460   0.23      3.00      2.00  hey

# Time        UID       PID    %usr %system  %guest   %wait    %CPU   CPU  minflt/s  majflt/s     VSZ     RSS   %MEM   cswch/s nvcswch/s  Command
13:59:54        0        11    0.00    0.00    0.00    0.00    0.00     0      0.00      0.00       0       0   0.00      1.00      0.00  kworker/0:1-events
13:59:54        0        19    0.00    0.00    0.00    0.00    0.00     0      0.00      0.00       0       0   0.00      1.00      0.00  migration/0
13:59:54        0        25    0.00    0.00    0.00    0.00    0.00     1      0.00      0.00       0       0   0.00      1.00      0.00  migration/1
13:59:54        0        31    0.00    0.00    0.00    0.00    0.00     2      0.00      0.00       0       0   0.00      1.00      0.00  migration/2
13:59:54        0        37    0.00    0.00    0.00    0.00    0.00     3      0.00      0.00       0       0   0.00      1.00      0.00  migration/3
13:59:54        0        49    0.00    0.00    0.00    0.00    0.00     1      0.00      0.00       0       0   0.00      2.00      0.00  kworker/u16:2-flush-259:0
13:59:54        0        52    0.00    0.00    0.00    0.00    0.00     1      0.00      0.00       0       0   0.00      2.00      0.00  kcompactd0
13:59:54        0       121    0.00    0.00    0.00    0.00    0.00     2      0.00      0.00       0       0   0.00      7.00      0.00  kworker/u16:3-events_power_efficient
13:59:54        0       122    0.00    0.00    0.00    0.00    0.00     3      0.00      0.00       0       0   0.00      2.00      0.00  kworker/3:1-events
13:59:54        0       224    0.00    0.00    0.00    0.00    0.00     2      0.00      0.00       0       0   0.00      7.00      0.00  kworker/2:3-events
13:59:54        0       231    0.00    0.00    0.00    0.00    0.00     1      0.00      0.00       0       0   0.00      3.00      0.00  kworker/1:2-events
13:59:54        0       239    0.00    0.00    0.00    0.00    0.00     0      0.00      0.00  288968   27092   0.34      1.00      0.00  multipathd
13:59:54        0       877    0.00    0.00    0.00    0.00    0.00     1      0.00      0.00       0       0   0.00      1.00      0.00  kworker/1:1H-kblockd
13:59:54     1000      1183    0.00    0.00    0.00    0.00    0.00     1      0.00      0.00    9900    3344   0.04      1.00      0.00  vmstat
13:59:54     1000      1184    0.00    0.00    0.00    0.00    0.00     1      0.00      0.00    7712    3696   0.05      1.00      1.00  pidstat
13:59:54     1000      1388   93.00    7.00    0.00    0.00  100.00     0      0.00      0.00   48536   41116   0.52      0.00      3.00  /home/ubuntu/pa
13:59:54     1000      1397   17.00   15.00    0.00    0.00   32.00     3   8490.00      0.00 1817276   49308   0.62      0.00      0.00  hey

# Time        UID       PID    %usr %system  %guest   %wait    %CPU   CPU  minflt/s  majflt/s     VSZ     RSS   %MEM   cswch/s nvcswch/s  Command
13:59:55        0        11    0.00    0.00    0.00    0.00    0.00     0      0.00      0.00       0       0   0.00      2.00      0.00  kworker/0:1-events
13:59:55        0        16    0.00    0.00    0.00    0.00    0.00     2      0.00      0.00       0       0   0.00     19.00      0.00  rcu_sched
13:59:55        0        32    0.00    0.00    0.00    0.00    0.00     2      0.00      0.00       0       0   0.00      1.00      0.00  ksoftirqd/2
13:59:55        0        52    0.00    0.00    0.00    0.00    0.00     1      0.00      0.00       0       0   0.00      2.00      0.00  kcompactd0
13:59:55        0       121    0.00    0.00    0.00    0.00    0.00     1      0.00      0.00       0       0   0.00      6.00      0.00  kworker/u16:3-events_power_efficient
13:59:55        0       122    0.00    0.00    0.00    0.00    0.00     3      0.00      0.00       0       0   0.00      5.00      0.00  kworker/3:1-events
13:59:55        0       224    0.00    0.00    0.00    0.00    0.00     2      0.00      0.00       0       0   0.00      3.00      0.00  kworker/2:3-events
13:59:55        0       231    0.00    0.00    0.00    0.00    0.00     1      0.00      0.00       0       0   0.00      5.00      0.00  kworker/1:2-events
13:59:55        0       239    0.00    0.00    0.00    0.00    0.00     0      0.00      0.00  288968   27092   0.34      1.00      0.00  multipathd
13:59:55     1000      1178    0.00    0.00    0.00    0.00    0.00     1      0.00      0.00   31388   21220   0.27      3.00      0.00  python3
13:59:55     1000      1183    0.00    0.00    0.00    0.00    0.00     1      0.00      0.00    9900    3344   0.04      1.00      0.00  vmstat
13:59:55     1000      1184    0.00    0.00    0.00    0.00    0.00     1      0.00      0.00    7712    3696   0.05      1.00      1.00  pidstat

# Time        UID       PID    %usr %system  %guest   %wait    %CPU   CPU  minflt/s  majflt/s     VSZ     RSS   %MEM   cswch/s nvcswch/s  Command
13:59:56        0        11    0.00    0.00    0.00    0.00    0.00     0      0.00      0.00       0       0   0.00      2.00      0.00  kworker/0:1-events
13:59:56        0        16    0.00    0.00    0.00    0.00    0.00     1      0.00      0.00       0       0   0.00     37.00      0.00  rcu_sched
13:59:56        0        25    0.00    0.00    0.00    0.00    0.00     1      0.00      0.00       0       0   0.00      2.00      0.00  migration/1
13:59:56        0        52    0.00    0.00    0.00    0.00    0.00     2      0.00      0.00       0       0   0.00      2.00      0.00  kcompactd0
13:59:56        0       121    0.00    0.00    0.00    0.00    0.00     1      0.00      0.00       0       0   0.00      5.00      0.00  kworker/u16:3-events_power_efficient
13:59:56        0       122    0.00    0.00    0.00    0.00    0.00     3      0.00      0.00       0       0   0.00      1.00      0.00  kworker/3:1-mm_percpu_wq
13:59:56        0       224    0.00    0.00    0.00    0.00    0.00     2      0.00      0.00       0       0   0.00      2.00      0.00  kworker/2:3-events
13:59:56        0       231    0.00    0.00    0.00    0.00    0.00     1      0.00      0.00       0       0   0.00      7.00      0.00  kworker/1:2-events
13:59:56        0       239    0.00    0.00    0.00    0.00    0.00     0      0.00      0.00  288968   27092   0.34      2.00      0.00  multipathd
13:59:56     1000      1154    0.00    0.00    0.00    0.00    0.00     2      0.00      0.00   15008    7148   0.09      1.00      0.00  sshd
13:59:56     1000      1178    0.00    1.00    0.00    0.00    1.00     1      1.00      0.00   31388   21220   0.27      8.00      0.00  python3
13:59:56     1000      1183    0.00    0.00    0.00    0.00    0.00     1      0.00      0.00    9900    3344   0.04      1.00      0.00  vmstat
13:59:56     1000      1184    0.00    1.00    0.00    0.00    1.00     1      0.00      0.00    7712    3696   0.05      1.00      1.00  pidstat
13:59:56     1000      1405    0.00    0.00    0.00    0.00    0.00     0    145.00      0.00    2704    1464   0.02      1.00      1.00  time
13:59:56     1000      1406   73.00    4.00    0.00    0.00   77.00     0   8341.00      0.00   49784   42368   0.54      5.00      3.00  /home/ubuntu/pe
13:59:56     1000      1407    1.00    3.00    0.00    0.00    4.00     2   1713.00      0.00 1676980   11892   0.15      4.00      4.00  hey

# Time        UID       PID    %usr %system  %guest   %wait    %CPU   CPU  minflt/s  majflt/s     VSZ     RSS   %MEM   cswch/s nvcswch/s  Command
13:59:57        0        11    0.00    0.00    0.00    0.00    0.00     0      0.00      0.00       0       0   0.00      1.00      0.00  kworker/0:1-mm_percpu_wq
13:59:57        0        16    0.00    0.00    0.00    0.00    0.00     1      0.00      0.00       0       0   0.00      8.00      0.00  rcu_sched
13:59:57        0        25    0.00    0.00    0.00    0.00    0.00     1      0.00      0.00       0       0   0.00      1.00      0.00  migration/1
13:59:57        0        49    0.00    0.00    0.00    0.00    0.00     3      0.00      0.00       0       0   0.00      1.00      0.00  kworker/u16:2-events_unbound
13:59:57        0        52    0.00    0.00    0.00    0.00    0.00     2      0.00      0.00       0       0   0.00      2.00      0.00  kcompactd0
13:59:57        0       121    0.00    0.00    0.00    0.00    0.00     1      0.00      0.00       0       0   0.00      7.00      0.00  kworker/u16:3-events_power_efficient
13:59:57        0       122    0.00    0.00    0.00    0.00    0.00     3      0.00      0.00       0       0   0.00      3.00      0.00  kworker/3:1-events
13:59:57        0       224    0.00    0.00    0.00    0.00    0.00     2      0.00      0.00       0       0   0.00      1.00      0.00  kworker/2:3-mm_percpu_wq
13:59:57        0       231    0.00    0.00    0.00    0.00    0.00     1      0.00      0.00       0       0   0.00      6.00      0.00  kworker/1:2-events
13:59:57        0       239    0.00    0.00    0.00    0.00    0.00     0      0.00      0.00  288968   27092   0.34      1.00      0.00  multipathd
13:59:57     1000      1178    0.00    0.00    0.00    0.00    0.00     1      0.00      0.00   31388   21220   0.27      3.00      0.00  python3
13:59:57     1000      1183    0.00    0.00    0.00    0.00    0.00     1      0.00      0.00    9900    3344   0.04      1.00      0.00  vmstat
13:59:57     1000      1184    0.00    0.00    0.00    0.00    0.00     1      0.00      0.00    7712    3696   0.05      1.00      1.00  pidstat
13:59:57     1000      1406   96.00    3.00    0.00    0.00   99.00     0     91.00      0.00   49704   42284   0.53      2.00      2.00  /home/ubuntu/pe
13:59:57     1000      1414    2.00    3.00    0.00    0.00    5.00     3   1716.00      0.00 1676980   11884   0.15      3.00      3.00  hey

# Time        UID       PID    %usr %system  %guest   %wait    %CPU   CPU  minflt/s  majflt/s     VSZ     RSS   %MEM   cswch/s nvcswch/s  Command
13:59:58        0        11    0.00    0.00    0.00    0.00    0.00     0      0.00      0.00       0       0   0.00      2.00      0.00  kworker/0:1-events
13:59:58        0        19    0.00    0.00    0.00    0.00    0.00     0      0.00      0.00       0       0   0.00      1.00      0.00  migration/0
13:59:58        0        25    0.00    0.00    0.00    0.00    0.00     1      0.00      0.00       0       0   0.00      1.00      0.00  migration/1
13:59:58        0        31    0.00    0.00    0.00    0.00    0.00     2      0.00      0.00       0       0   0.00      1.00      0.00  migration/2
13:59:58        0        37    0.00    0.00    0.00    0.00    0.00     3      0.00      0.00       0       0   0.00      1.00      0.00  migration/3
13:59:58        0        52    0.00    0.00    0.00    0.00    0.00     2      0.00      0.00       0       0   0.00      2.00      0.00  kcompactd0
13:59:58        0       121    0.00    0.00    0.00    0.00    0.00     1      0.00      0.00       0       0   0.00      7.00      0.00  kworker/u16:3-events_power_efficient
13:59:58        0       122    0.00    0.00    0.00    0.00    0.00     3      0.00      0.00       0       0   0.00      2.00      0.00  kworker/3:1-events
13:59:58        0       224    0.00    0.00    0.00    0.00    0.00     2      0.00      0.00       0       0   0.00      3.00      0.00  kworker/2:3-events
13:59:58        0       231    0.00    0.00    0.00    0.00    0.00     1      0.00      0.00       0       0   0.00      7.00      0.00  kworker/1:2-events
13:59:58        0       239    0.00    0.00    0.00    0.00    0.00     0      0.00      0.00  288968   27092   0.34      1.00      0.00  multipathd
13:59:58        0       588    0.00    0.00    0.00    0.00    0.00     2      0.00      0.00   83064    4684   0.06      1.00      0.00  irqbalance
13:59:58     1000      1183    0.00    0.00    0.00    0.00    0.00     1      0.00      0.00    9900    3344   0.04      1.00      0.00  vmstat
13:59:58     1000      1184    1.00    1.00    0.00    0.00    2.00     1      0.00      0.00    7712    3696   0.05      1.00      1.00  pidstat
13:59:58     1000      1406   97.00    3.00    0.00    0.00  100.00     0      0.00      0.00   49704   42284   0.53      0.00      4.00  /home/ubuntu/pe
13:59:58     1000      1414    3.00    5.00    0.00    0.00    8.00     3    766.00      0.00 1676980   14572   0.18      0.00      0.00  hey

# Time        UID       PID    %usr %system  %guest   %wait    %CPU   CPU  minflt/s  majflt/s     VSZ     RSS   %MEM   cswch/s nvcswch/s  Command
13:59:59        0        11    0.00    0.00    0.00    0.00    0.00     0      0.00      0.00       0       0   0.00      2.00      0.00  kworker/0:1-events
13:59:59        0        16    0.00    0.00    0.00    0.00    0.00     1      0.00      0.00       0       0   0.00     49.00      0.00  rcu_sched
13:59:59        0        25    0.00    0.00    0.00    0.00    0.00     1      0.00      0.00       0       0   0.00      2.00      0.00  migration/1
13:59:59        0        32    0.00    0.00    0.00    0.00    0.00     2      0.00      0.00       0       0   0.00      1.00      0.00  ksoftirqd/2
13:59:59        0        49    0.00    0.00    0.00    0.00    0.00     1      0.00      0.00       0       0   0.00      3.00      0.00  kworker/u16:2-events_power_efficient
13:59:59        0        52    0.00    0.00    0.00    0.00    0.00     2      0.00      0.00       0       0   0.00      2.00      0.00  kcompactd0
13:59:59        0       121    0.00    0.00    0.00    0.00    0.00     1      0.00      0.00       0       0   0.00      6.00      0.00  kworker/u16:3-events_power_efficient
13:59:59        0       122    0.00    0.00    0.00    0.00    0.00     3      0.00      0.00       0       0   0.00      3.00      0.00  kworker/3:1-events
13:59:59        0       224    0.00    0.00    0.00    0.00    0.00     2      0.00      0.00       0       0   0.00      4.00      0.00  kworker/2:3-events
13:59:59        0       231    1.00    0.00    0.00    0.00    1.00     1      0.00      0.00       0       0   0.00      5.00      0.00  kworker/1:2-events
13:59:59        0       239    0.00    0.00    0.00    0.00    0.00     0      0.00      0.00  288968   27092   0.34      1.00      0.00  multipathd
13:59:59     1000      1178    1.00    0.00    0.00    0.00    1.00     1      3.00      0.00   31388   21220   0.27     11.00      0.00  python3
13:59:59     1000      1184    0.00    0.00    0.00    0.00    0.00     1      0.00      0.00    7712    3696   0.05      1.00      0.00  pidstat
13:59:59     1000      1422    0.00    0.00    0.00    0.00    0.00     0    144.00      0.00    2704    1464   0.02      1.00      1.00  time
13:59:59     1000      1423   16.00    2.00    0.00    0.00   18.00     0   8209.00      0.00   49368   41992   0.53      5.00      0.00  /home/ubuntu/pa
13:59:59     1000      1424    0.00    0.00    0.00    0.00    0.00     2   1253.00      0.00 1750456   10184   0.13      4.00      3.00  hey

# Time        UID       PID    %usr %system  %guest   %wait    %CPU   CPU  minflt/s  majflt/s     VSZ     RSS   %MEM   cswch/s nvcswch/s  Command
14:00:00        0        11    0.00    0.00    0.00    0.00    0.00     0      0.00      0.00       0       0   0.00      2.00      0.00  kworker/0:1-events
14:00:00        0        16    0.00    0.00    0.00    0.00    0.00     1      0.00      0.00       0       0   0.00      9.00      0.00  rcu_sched
14:00:00        0        25    0.00    0.00    0.00    0.00    0.00     1      0.00      0.00       0       0   0.00      1.00      0.00  migration/1
14:00:00        0        38    0.00    0.00    0.00    0.00    0.00     3      0.00      0.00       0       0   0.00      1.00      0.00  ksoftirqd/3
14:00:00        0        49    0.00    0.00    0.00    0.00    0.00     1      0.00      0.00       0       0   0.00      6.00      0.00  kworker/u16:2-events_power_efficient
14:00:00        0        52    0.00    0.00    0.00    0.00    0.00     2      0.00      0.00       0       0   0.00      2.00      0.00  kcompactd0
14:00:00        0       122    0.00    0.00    0.00    0.00    0.00     3      0.00      0.00       0       0   0.00      2.00      0.00  kworker/3:1-events
14:00:00        0       224    0.00    0.00    0.00    0.00    0.00     2      0.00      0.00       0       0   0.00      3.00      0.00  kworker/2:3-events
14:00:00        0       231    0.00    0.00    0.00    0.00    0.00     1      0.00      0.00       0       0   0.00      6.00      0.00  kworker/1:2-events
14:00:00        0       239    0.00    0.00    0.00    0.00    0.00     0      0.00      0.00  288968   27092   0.34      1.00      0.00  multipathd
14:00:00     1000      1178    0.00    0.00    0.00    0.00    0.00     1      0.00      0.00   31388   21220   0.27      3.00      0.00  python3
14:00:00     1000      1183    0.00    0.00    0.00    0.00    0.00     1      0.00      0.00    9900    3344   0.04      1.00      0.00  vmstat
14:00:00     1000      1184    0.00    1.00    0.00    0.00    1.00     1      0.00      0.00    7712    3696   0.05      1.00      1.00  pidstat
14:00:00     1000      1423   96.00    3.00    0.00    0.00   99.00     0    320.00      0.00   49816   42728   0.54      2.00      3.00  /home/ubuntu/pa
14:00:00     1000      1432    0.00    0.00    0.00    0.00    0.00     3   1226.00      0.00 1676724   10164   0.13      3.00      3.00  hey

# Time        UID       PID    %usr %system  %guest   %wait    %CPU   CPU  minflt/s  majflt/s     VSZ     RSS   %MEM   cswch/s nvcswch/s  Command
14:00:01        0        11    0.00    0.00    0.00    0.00    0.00     0      0.00      0.00       0       0   0.00      1.00      0.00  kworker/0:1-mm_percpu_wq
14:00:01        0        16    0.00    0.00    0.00    0.00    0.00     2      0.00      0.00       0       0   0.00      2.00      0.00  rcu_sched
14:00:01        0        49    0.00    0.00    0.00    0.00    0.00     3      0.00      0.00       0       0   0.00      6.00      0.00  kworker/u16:2-events_unbound
14:00:01        0        52    0.00    0.00    0.00    0.00    0.00     2      0.00      0.00       0       0   0.00      2.00      0.00  kcompactd0
14:00:01        0       122    0.00    0.00    0.00    0.00    0.00     3      0.00      0.00       0       0   0.00      2.00      0.00  kworker/3:1-events
14:00:01        0       224    0.00    0.00    0.00    0.00    0.00     2      0.00      0.00       0       0   0.00      2.00      0.00  kworker/2:3-events
14:00:01        0       231    0.00    0.00    0.00    0.00    0.00     1      0.00      0.00       0       0   0.00      6.00      0.00  kworker/1:2-events
14:00:01        0       239    0.00    0.00    0.00    0.00    0.00     0      0.00      0.00  288968   27092   0.34      1.00      0.00  multipathd
14:00:01        0       582    0.00    0.00    0.00    0.00    0.00     1      0.00      0.00    7236    2820   0.04      1.00      0.00  cron
14:00:01     1000      1183    0.00    0.00    0.00    0.00    0.00     1      0.00      0.00    9900    3344   0.04      1.00      0.00  vmstat
14:00:01     1000      1184    0.00    0.00    0.00    0.00    0.00     1      0.00      0.00    7712    3696   0.05      1.00      1.00  pidstat
14:00:01     1000      1423   98.00    3.00    0.00    0.00  101.00     0    243.00      0.00   50848   43624   0.55      0.00      2.00  /home/ubuntu/pa
14:00:01     1000      1432    3.00    5.00    0.00    0.00    8.00     3    756.00      0.00 1676980   12852   0.16      0.00      0.00  hey

# Time        UID       PID    %usr %system  %guest   %wait    %CPU   CPU  minflt/s  majflt/s     VSZ     RSS   %MEM   cswch/s nvcswch/s  Command
14:00:02        0        11    0.00    0.00    0.00    0.00    0.00     0      0.00      0.00       0       0   0.00      2.00      0.00  kworker/0:1-events
14:00:02        0        16    0.00    0.00    0.00    0.00    0.00     2      0.00      0.00       0       0   0.00      4.00      0.00  rcu_sched
14:00:02        0        19    0.00    0.00    0.00    0.00    0.00     0      0.00      0.00       0       0   0.00      1.00      0.00  migration/0
14:00:02        0        25    0.00    0.00    0.00    0.00    0.00     1      0.00      0.00       0       0   0.00      1.00      0.00  migration/1
14:00:02        0        31    0.00    0.00    0.00    0.00    0.00     2      0.00      0.00       0       0   0.00      1.00      0.00  migration/2
14:00:02        0        37    0.00    0.00    0.00    0.00    0.00     3      0.00      0.00       0       0   0.00      1.00      0.00  migration/3
14:00:02        0        38    0.00    0.00    0.00    0.00    0.00     3      0.00      0.00       0       0   0.00      1.00      0.00  ksoftirqd/3
14:00:02        0        49    0.00    0.00    0.00    0.00    0.00     3      0.00      0.00       0       0   0.00      5.00      0.00  kworker/u16:2-events_power_efficient
14:00:02        0        52    0.00    0.00    0.00    0.00    0.00     1      0.00      0.00       0       0   0.00      2.00      0.00  kcompactd0
14:00:02        0       121    0.00    0.00    0.00    0.00    0.00     2      0.00      0.00       0       0   0.00      1.00      0.00  kworker/u16:3-flush-259:0
14:00:02        0       122    0.00    0.00    0.00    0.00    0.00     3      0.00      0.00       0       0   0.00      9.00      0.00  kworker/3:1-events
14:00:02        0       224    0.00    0.00    0.00    0.00    0.00     2      0.00      0.00       0       0   0.00      4.00      0.00  kworker/2:3-events
14:00:02        0       231    0.00    0.00    0.00    0.00    0.00     1      0.00      0.00       0       0   0.00      1.00      0.00  kworker/1:2-events
14:00:02        0       239    0.00    0.00    0.00    0.00    0.00     0      0.00      0.00  288968   27092   0.34      1.00      0.00  multipathd
14:00:02     1000      1178    0.00    0.00    0.00    0.00    0.00     1      0.00      0.00   31388   21220   0.27      2.00      0.00  python3
14:00:02     1000      1183    0.00    0.00    0.00    0.00    0.00     1      0.00      0.00    9900    3344   0.04      1.00      0.00  vmstat
14:00:02     1000      1184    0.00    1.00    0.00    0.00    1.00     1      0.00      0.00    7712    3696   0.05      1.00      1.00  pidstat
14:00:02     1000      1422    0.00    0.00    0.00    0.00    0.00     0     17.00      0.00       0       0   0.00      1.00      0.00  time

# Time        UID       PID    %usr %system  %guest   %wait    %CPU   CPU  minflt/s  majflt/s     VSZ     RSS   %MEM   cswch/s nvcswch/s  Command
14:00:03        0        11    0.00    0.00    0.00    0.00    0.00     0      0.00      0.00       0       0   0.00      2.00      0.00  kworker/0:1-mm_percpu_wq
14:00:03        0        16    0.00    0.00    0.00    0.00    0.00     2      0.00      0.00       0       0   0.00     48.00      0.00  rcu_sched
14:00:03        0        25    0.00    0.00    0.00    0.00    0.00     1      0.00      0.00       0       0   0.00      2.00      0.00  migration/1
14:00:03        0        49    0.00    0.00    0.00    0.00    0.00     3      0.00      0.00       0       0   0.00      8.00      0.00  kworker/u16:2-events_power_efficient
14:00:03        0        52    0.00    0.00    0.00    0.00    0.00     1      0.00      0.00       0       0   0.00      2.00      0.00  kcompactd0
14:00:03        0       122    0.00    0.00    0.00    0.00    0.00     3      0.00      0.00       0       0   0.00      7.00      0.00  kworker/3:1-events
14:00:03        0       224    0.00    0.00    0.00    0.00    0.00     2      0.00      0.00       0       0   0.00      2.00      0.00  kworker/2:3-events
14:00:03        0       231    0.00    0.00    0.00    0.00    0.00     1      0.00      0.00       0       0   0.00      2.00      0.00  kworker/1:2-events
14:00:03        0       239    0.00    0.00    0.00    0.00    0.00     0      0.00      0.00  288968   27092   0.34      1.00      0.00  multipathd
14:00:03     1000      1178    0.00    0.00    0.00    0.00    0.00     1      2.00      0.00   31524   21220   0.27      9.00      0.00  python3
14:00:03     1000      1183    0.00    0.00    0.00    0.00    0.00     1      0.00      0.00    9900    3344   0.04      1.00      0.00  vmstat
14:00:03     1000      1184    0.00    0.00    0.00    0.00    0.00     1      0.00      0.00    7712    3696   0.05      1.00      1.00  pidstat
14:00:03     1000      1439    0.00    0.00    0.00    0.00    0.00     0    143.00      0.00    2704    1528   0.02      1.00      1.00  time
14:00:03     1000      1440   56.00    2.00    0.00    0.00   58.00     0   8592.00      0.00   50424   42984   0.54      5.00      1.00  /home/ubuntu/pa
14:00:03     1000      1441    2.00    2.00    0.00    0.00    4.00     2   1569.00      0.00 1676980   11208   0.14      4.00      4.00  hey

# Time        UID       PID    %usr %system  %guest   %wait    %CPU   CPU  minflt/s  majflt/s     VSZ     RSS   %MEM   cswch/s nvcswch/s  Command
14:00:04        0        11    0.00    0.00    0.00    1.00    0.00     0      0.00      0.00       0       0   0.00      4.00      0.00  kworker/0:1-events
14:00:04        0        16    0.00    0.00    0.00    0.00    0.00     1      0.00      0.00       0       0   0.00     15.00      0.00  rcu_sched
14:00:04        0        25    0.00    0.00    0.00    0.00    0.00     1      0.00      0.00       0       0   0.00      1.00      0.00  migration/1
14:00:04        0        49    0.00    0.00    0.00    0.00    0.00     3      0.00      0.00       0       0   0.00      6.00      0.00  kworker/u16:2-events_power_efficient
14:00:04        0        52    0.00    0.00    0.00    0.00    0.00     1      0.00      0.00       0       0   0.00      2.00      0.00  kcompactd0
14:00:04        0       121    0.00    0.00    0.00    0.00    0.00     2      0.00      0.00       0       0   0.00      1.00      0.00  kworker/u16:3-flush-259:0
14:00:04        0       122    0.00    0.00    0.00    0.00    0.00     3      0.00      0.00       0       0   0.00      6.00      0.00  kworker/3:1-events
14:00:04        0       161    0.00    0.00    0.00    0.00    0.00     0      0.00      0.00       0       0   0.00      1.00      0.00  kworker/0:1H-kblockd
14:00:04        0       224    0.00    0.00    0.00    0.00    0.00     2      0.00      0.00       0       0   0.00      3.00      0.00  kworker/2:3-events
14:00:04        0       231    0.00    0.00    0.00    0.00    0.00     1      0.00      0.00       0       0   0.00      1.00      0.00  kworker/1:2-mm_percpu_wq
14:00:04        0       239    0.00    0.00    0.00    0.00    0.00     0      0.00      0.00  288968   27092   0.34      1.00      0.00  multipathd
14:00:04      110       686    0.00    0.00    0.00    0.00    0.00     1      0.00      0.00   19416    3764   0.05      2.00      0.00  chronyd
14:00:04     1000      1178    0.00    0.00    0.00    0.00    0.00     1      0.00      0.00   31524   21220   0.27      3.00      0.00  python3
14:00:04     1000      1183    0.00    0.00    0.00    0.00    0.00     1      0.00      0.00    9900    3344   0.04      1.00      0.00  vmstat
14:00:04     1000      1184    0.00    1.00    0.00    0.00    1.00     1      0.00      0.00    7712    3696   0.05      1.00      0.00  pidstat
14:00:04     1000      1440   97.00    3.00    0.00    0.00  100.00     0    371.00      0.00   50784   43328   0.55      2.00      6.00  /home/ubuntu/pa
14:00:04     1000      1449    1.00    2.00    0.00    0.00    3.00     3   1560.00      0.00 1676980   11316   0.14      3.00      2.00  hey

# Time        UID       PID    %usr %system  %guest   %wait    %CPU   CPU  minflt/s  majflt/s     VSZ     RSS   %MEM   cswch/s nvcswch/s  Command
14:00:05        0        11    0.00    0.00    0.00    0.00    0.00     0      0.00      0.00       0       0   0.00      1.00      0.00  kworker/0:1-mm_percpu_wq
14:00:05        0        49    0.00    0.00    0.00    0.00    0.00     3      0.00      0.00       0       0   0.00      1.00      0.00  kworker/u16:2-events_power_efficient
14:00:05        0        52    0.00    0.00    0.00    0.00    0.00     1      0.00      0.00       0       0   0.00      2.00      0.00  kcompactd0
14:00:05        0       121    0.00    0.00    0.00    0.00    0.00     2      0.00      0.00       0       0   0.00      6.00      0.00  kworker/u16:3-events_power_efficient
14:00:05        0       122    0.00    0.00    0.00    0.00    0.00     3      0.00      0.00       0       0   0.00      3.00      0.00  kworker/3:1-events
14:00:05        0       224    0.00    0.00    0.00    0.00    0.00     2      0.00      0.00       0       0   0.00      6.00      0.00  kworker/2:3-events
14:00:05        0       231    0.00    0.00    0.00    0.00    0.00     1      0.00      0.00       0       0   0.00      1.00      0.00  kworker/1:2-mm_percpu_wq
14:00:05        0       239    0.00    0.00    0.00    0.00    0.00     0      0.00      0.00  288968   27092   0.34      1.00      0.00  multipathd
14:00:05     1000      1183    0.00    0.00    0.00    0.00    0.00     1      0.00      0.00    9900    3344   0.04      1.00      0.00  vmstat
14:00:05     1000      1184    0.00    0.00    0.00    0.00    0.00     1      0.00      0.00    7712    3696   0.05      1.00      0.00  pidstat
14:00:05     1000      1440   97.00    3.00    0.00    0.00  100.00     0     35.00      0.00   50956   43456   0.55      0.00      2.00  /home/ubuntu/pa
14:00:05     1000      1449    3.00    5.00    0.00    0.00    8.00     3    737.00      0.00 1676980   14132   0.18      0.00      0.00  hey

# Time        UID       PID    %usr %system  %guest   %wait    %CPU   CPU  minflt/s  majflt/s     VSZ     RSS   %MEM   cswch/s nvcswch/s  Command
14:00:06        0        11    0.00    0.00    0.00    0.00    0.00     0      0.00      0.00       0       0   0.00      4.00      0.00  kworker/0:1-events
14:00:06        0        16    0.00    0.00    0.00    0.00    0.00     2      0.00      0.00       0       0   0.00     28.00      0.00  rcu_sched
14:00:06        0        19    0.00    0.00    0.00    0.00    0.00     0      0.00      0.00       0       0   0.00      1.00      0.00  migration/0
14:00:06        0        25    0.00    0.00    0.00    0.00    0.00     1      0.00      0.00       0       0   0.00      2.00      0.00  migration/1
14:00:06        0        31    0.00    0.00    0.00    0.00    0.00     2      0.00      0.00       0       0   0.00      1.00      0.00  migration/2
14:00:06        0        32    0.00    0.00    0.00    0.00    0.00     2      0.00      0.00       0       0   0.00      1.00      0.00  ksoftirqd/2
14:00:06        0        37    0.00    0.00    0.00    0.00    0.00     3      0.00      0.00       0       0   0.00      1.00      0.00  migration/3
14:00:06        0        52    0.00    0.00    0.00    0.00    0.00     1      0.00      0.00       0       0   0.00      2.00      0.00  kcompactd0
14:00:06        0       121    0.00    0.00    0.00    0.00    0.00     1      0.00      0.00       0       0   0.00      7.00      0.00  kworker/u16:3-events_power_efficient
14:00:06        0       122    0.00    0.00    0.00    0.00    0.00     3      0.00      0.00       0       0   0.00      4.00      0.00  kworker/3:1-events
14:00:06        0       224    0.00    0.00    0.00    0.00    0.00     2      0.00      0.00       0       0   0.00      5.00      0.00  kworker/2:3-events
14:00:06        0       231    0.00    0.00    0.00    0.00    0.00     1      0.00      0.00       0       0   0.00      6.00      0.00  kworker/1:2-events
14:00:06        0       239    0.00    0.00    0.00    0.00    0.00     0      0.00      0.00  288968   27092   0.34      1.00      0.00  multipathd
14:00:06     1000      1178    1.00    0.00    0.00    0.00    1.00     1      0.00      0.00   31524   21220   0.27      5.00      0.00  python3
14:00:06     1000      1183    0.00    0.00    0.00    0.00    0.00     1      0.00      0.00    9900    3344   0.04      1.00      0.00  vmstat
14:00:06     1000      1184    0.00    1.00    0.00    0.00    1.00     1      0.00      0.00    7712    3696   0.05      1.00      0.00  pidstat
14:00:06     1000      1456    0.00    0.00    0.00    0.00    0.00     0    145.00      0.00    2704    1464   0.02      1.00      1.00  time
14:00:06     1000      1457    5.00    0.00    0.00    0.00    5.00     0   3829.00      0.00   25940   20776   0.26      0.00      0.00  /home/ubuntu/pa

# Time        UID       PID    %usr %system  %guest   %wait    %CPU   CPU  minflt/s  majflt/s     VSZ     RSS   %MEM   cswch/s nvcswch/s  Command
14:00:07        0        11    0.00    0.00    0.00    0.00    0.00     0      0.00      0.00       0       0   0.00      2.00      0.00  kworker/0:1-events
14:00:07        0        16    0.00    0.00    0.00    0.00    0.00     1      0.00      0.00       0       0   0.00     19.00      0.00  rcu_sched
14:00:07        0        25    0.00    0.00    0.00    0.00    0.00     1      0.00      0.00       0       0   0.00      1.00      0.00  migration/1
14:00:07        0        52    0.00    0.00    0.00    0.00    0.00     1      0.00      0.00       0       0   0.00      2.00      0.00  kcompactd0
14:00:07        0       121    0.00    0.00    0.00    0.00    0.00     1      0.00      0.00       0       0   0.00      5.00      0.00  kworker/u16:3-events_power_efficient
14:00:07        0       122    0.00    0.00    0.00    0.00    0.00     3      0.00      0.00       0       0   0.00      2.00      0.00  kworker/3:1-mm_percpu_wq
14:00:07        0       224    0.00    0.00    0.00    0.00    0.00     2      0.00      0.00       0       0   0.00      2.00      0.00  kworker/2:3-events
14:00:07        0       231    0.00    0.00    0.00    0.00    0.00     1      0.00      0.00       0       0   0.00      6.00      0.00  kworker/1:2-events
14:00:07        0       239    0.00    0.00    0.00    0.00    0.00     0      0.00      0.00  288968   27092   0.34      1.00      0.00  multipathd
14:00:07     1000      1178    0.00    0.00    0.00    0.00    0.00     1      0.00      0.00   31524   21220   0.27      6.00      0.00  python3
14:00:07     1000      1183    0.00    0.00    0.00    0.00    0.00     1      0.00      0.00    9900    3344   0.04      1.00      0.00  vmstat
14:00:07     1000      1184    1.00    0.00    0.00    0.00    1.00     1      0.00      0.00    7712    3696   0.05      1.00      0.00  pidstat
14:00:07     1000      1457   90.00    4.00    0.00    0.00   94.00     0   4727.00      0.00   50752   43408   0.55      5.00      3.00  /home/ubuntu/pa
14:00:07     1000      1458    3.00    4.00    0.00    0.00    7.00     2   1898.00      0.00 1750456   12492   0.16      4.00      3.00  hey

# Time        UID       PID    %usr %system  %guest   %wait    %CPU   CPU  minflt/s  majflt/s     VSZ     RSS   %MEM   cswch/s nvcswch/s  Command
14:00:08        0        11    0.00    0.00    0.00    0.00    0.00     0      0.00      0.00       0       0   0.00      3.00      0.00  kworker/0:1-events
14:00:08        0        16    0.00    0.00    0.00    0.00    0.00     1      0.00      0.00       0       0   0.00     10.00      0.00  rcu_sched
14:00:08        0        25    0.00    0.00    0.00    0.00    0.00     1      0.00      0.00       0       0   0.00      1.00      0.00  migration/1
14:00:08        0        49    0.00    0.00    0.00    0.00    0.00     3      0.00      0.00       0       0   0.00      8.00      0.00  kworker/u16:2-events_power_efficient
14:00:08        0        52    0.00    0.00    0.00    0.00    0.00     1      0.00      0.00       0       0   0.00      2.00      0.00  kcompactd0
14:00:08        0       121    0.00    0.00    0.00    0.00    0.00     1      0.00      0.00       0       0   0.00      2.00      0.00  kworker/u16:3-flush-259:0
14:00:08        0       122    0.00    0.00    0.00    0.00    0.00     3      0.00      0.00       0       0   0.00      5.00      0.00  kworker/3:1-events
14:00:08        0       224    0.00    0.00    0.00    0.00    0.00     2      0.00      0.00       0       0   0.00      3.00      0.00  kworker/2:3-events
14:00:08        0       231    0.00    0.00    0.00    0.00    0.00     1      0.00      0.00       0       0   0.00      2.00      0.00  kworker/1:2-mm_percpu_wq
14:00:08        0       239    0.00    0.00    0.00    0.00    0.00     0      0.00      0.00  288968   27092   0.34      1.00      0.00  multipathd
14:00:08        0       588    0.00    0.00    0.00    0.00    0.00     2      0.00      0.00   83064    4684   0.06      1.00      0.00  irqbalance
14:00:08     1000      1178    0.00    0.00    0.00    0.00    0.00     1      0.00      0.00   31524   21220   0.27      3.00      0.00  python3
14:00:08     1000      1183    0.00    0.00    0.00    0.00    0.00     1      0.00      0.00    9900    3344   0.04      1.00      0.00  vmstat
14:00:08     1000      1184    0.00    1.00    0.00    0.00    1.00     1      0.00      0.00    7712    3696   0.05      1.00      0.00  pidstat
14:00:08     1000      1457   96.00    4.00    0.00    0.00  100.00     0    198.00      0.00   50728   43384   0.55      2.00      4.00  /home/ubuntu/pa
14:00:08     1000      1466    4.00    2.00    0.00    0.00    6.00     3   1864.00      0.00 1676980   12296   0.16      4.00      2.00  hey

# Time        UID       PID    %usr %system  %guest   %wait    %CPU   CPU  minflt/s  majflt/s     VSZ     RSS   %MEM   cswch/s nvcswch/s  Command
14:00:09        0        11    0.00    0.00    0.00    0.00    0.00     0      0.00      0.00       0       0   0.00      1.98      0.00  kworker/0:1-events
14:00:09        0        49    0.00    0.00    0.00    0.00    0.00     3      0.00      0.00       0       0   0.00      5.94      0.00  kworker/u16:2-events_power_efficient
14:00:09        0        52    0.00    0.00    0.00    0.00    0.00     1      0.00      0.00       0       0   0.00      1.98      0.00  kcompactd0
14:00:09        0       122    0.00    0.00    0.00    0.00    0.00     3      0.00      0.00       0       0   0.00      5.94      0.00  kworker/3:1-events
14:00:09        0       224    0.00    0.00    0.00    0.00    0.00     2      0.00      0.00       0       0   0.00      1.98      0.00  kworker/2:3-events
14:00:09        0       231    0.00    0.00    0.00    0.00    0.00     1      0.00      0.00       0       0   0.00      0.99      0.00  kworker/1:2-mm_percpu_wq
14:00:09        0       239    0.00    0.00    0.00    0.00    0.00     0      0.00      0.00  288968   27092   0.34      0.99      0.00  multipathd
14:00:09     1000      1183    0.00    0.00    0.00    0.00    0.00     1      0.00      0.00    9900    3344   0.04      0.99      0.00  vmstat
14:00:09     1000      1184    0.00    0.00    0.00    0.00    0.00     1      0.00      0.00    7712    3696   0.05      0.99      0.00  pidstat
14:00:09     1000      1457   96.04    3.96    0.00    0.00  100.00     0      0.00      0.00   50728   43384   0.55      0.00      2.97  /home/ubuntu/pa
14:00:09     1000      1466    3.96    3.96    0.00    0.00    7.92     3    744.55      0.00 1676980   15112   0.19      0.00      0.00  hey

# Time        UID       PID    %usr %system  %guest   %wait    %CPU   CPU  minflt/s  majflt/s     VSZ     RSS   %MEM   cswch/s nvcswch/s  Command
14:00:10        0        11    0.00    0.00    0.00    0.00    0.00     0      0.00      0.00       0       0   0.00      3.00      0.00  kworker/0:1-events
14:00:10        0        16    0.00    0.00    0.00    0.00    0.00     1      0.00      0.00       0       0   0.00     55.00      0.00  rcu_sched
14:00:10        0        19    0.00    0.00    0.00    0.00    0.00     0      0.00      0.00       0       0   0.00      1.00      0.00  migration/0
14:00:10        0        25    0.00    0.00    0.00    0.00    0.00     1      0.00      0.00       0       0   0.00      3.00      0.00  migration/1
14:00:10        0        31    0.00    0.00    0.00    0.00    0.00     2      0.00      0.00       0       0   0.00      1.00      0.00  migration/2
14:00:10        0        32    0.00    0.00    0.00    0.00    0.00     2      0.00      0.00       0       0   0.00      1.00      0.00  ksoftirqd/2
14:00:10        0        37    0.00    0.00    0.00    0.00    0.00     3      0.00      0.00       0       0   0.00      1.00      0.00  migration/3
14:00:10        0        38    0.00    0.00    0.00    0.00    0.00     3      0.00      0.00       0       0   0.00      1.00      0.00  ksoftirqd/3
14:00:10        0        48    0.00    0.00    0.00    0.00    0.00     2      0.00      0.00       0       0   0.00      1.00      0.00  kworker/u16:1-events_power_efficient
14:00:10        0        49    0.00    0.00    0.00    0.00    0.00     3      0.00      0.00       0       0   0.00      1.00      0.00  kworker/u16:2-events_power_efficient
14:00:10        0        52    0.00    0.00    0.00    0.00    0.00     1      0.00      0.00       0       0   0.00      2.00      0.00  kcompactd0
14:00:10        0       121    0.00    0.00    0.00    0.00    0.00     2      0.00      0.00       0       0   0.00      7.00      0.00  kworker/u16:3-events_power_efficient
14:00:10        0       122    0.00    0.00    0.00    0.00    0.00     3      0.00      0.00       0       0   0.00      3.00      0.00  kworker/3:1-mm_percpu_wq
14:00:10        0       224    0.00    0.00    0.00    0.00    0.00     2      0.00      0.00       0       0   0.00      6.00      0.00  kworker/2:3-events
14:00:10        0       231    0.00    0.00    0.00    0.00    0.00     1      0.00      0.00       0       0   0.00      6.00      0.00  kworker/1:2-events
14:00:10        0       239    0.00    0.00    0.00    0.00    0.00     0      0.00      0.00  288968   27092   0.34      1.00      0.00  multipathd
14:00:10     1000      1178    1.00    1.00    0.00    0.00    2.00     1     23.00      0.00   31524   21348   0.27     11.00      0.00  python3
14:00:10     1000      1183    0.00    0.00    0.00    0.00    0.00     1      0.00      0.00    9900    3344   0.04      1.00      0.00  vmstat
14:00:10     1000      1184    0.00    1.00    0.00    0.00    1.00     1      0.00      0.00    7712    3696   0.05      1.00      0.00  pidstat
14:00:10     1000      1473    0.00    0.00    0.00    0.00    0.00     0    145.00      0.00    2704    1464   0.02      1.00      1.00  time
14:00:10     1000      1474   38.00    1.00    0.00    0.00   39.00     0   7730.00      0.00   47324   40040   0.51      5.00      1.00  /home/ubuntu/pe
14:00:10     1000      1475    0.00    0.00    0.00    0.00    0.00     2   1280.00      0.00 1676980   10288   0.13      4.00      4.00  hey

# Time        UID       PID    %usr %system  %guest   %wait    %CPU   CPU  minflt/s  majflt/s     VSZ     RSS   %MEM   cswch/s nvcswch/s  Command
14:00:11        0        11    0.00    0.00    0.00    0.00    0.00     0      0.00      0.00       0       0   0.00      2.00      0.00  kworker/0:1-events
14:00:11        0        16    0.00    0.00    0.00    0.00    0.00     1      0.00      0.00       0       0   0.00      8.00      0.00  rcu_sched
14:00:11        0        25    0.00    0.00    0.00    0.00    0.00     1      0.00      0.00       0       0   0.00      1.00      0.00  migration/1
14:00:11        0        38    0.00    0.00    0.00    0.00    0.00     3      0.00      0.00       0       0   0.00      1.00      0.00  ksoftirqd/3
14:00:11        0        52    0.00    0.00    0.00    0.00    0.00     1      0.00      0.00       0       0   0.00      2.00      0.00  kcompactd0
14:00:11        0       121    0.00    0.00    0.00    0.00    0.00     2      0.00      0.00       0       0   0.00      4.00      0.00  kworker/u16:3-events_power_efficient
14:00:11        0       122    0.00    0.00    0.00    0.00    0.00     3      0.00      0.00       0       0   0.00      1.00      0.00  kworker/3:1-events
14:00:11        0       224    0.00    0.00    0.00    0.00    0.00     2      0.00      0.00       0       0   0.00      6.00      0.00  kworker/2:3-events
14:00:11        0       231    0.00    0.00    0.00    0.00    0.00     1      0.00      0.00       0       0   0.00      1.00      0.00  kworker/1:2-mm_percpu_wq
14:00:11        0       239    0.00    0.00    0.00    0.00    0.00     0      0.00      0.00  288968   27092   0.34      1.00      0.00  multipathd
14:00:11     1000      1154    0.00    0.00    0.00    0.00    0.00     2      0.00      0.00   15008    7148   0.09      1.00      0.00  sshd
14:00:11     1000      1178    0.00    0.00    0.00    0.00    0.00     1      0.00      0.00   31524   21348   0.27      3.00      0.00  python3
14:00:11     1000      1183    0.00    0.00    0.00    0.00    0.00     1      0.00      0.00    9900    3344   0.04      1.00      0.00  vmstat
14:00:11     1000      1184    0.00    0.00    0.00    0.00    0.00     1      0.00      0.00    7712    3696   0.05      1.00      0.00  pidstat
14:00:11     1000      1474   99.00    1.00    0.00    0.00  100.00     0     92.00      0.00   47732   40424   0.51      2.00      3.00  /home/ubuntu/pe
14:00:11     1000      1482    0.00    0.00    0.00    0.00    0.00     3   1281.00      0.00 1676724   10348   0.13      3.00      3.00  hey

# Time        UID       PID    %usr %system  %guest   %wait    %CPU   CPU  minflt/s  majflt/s     VSZ     RSS   %MEM   cswch/s nvcswch/s  Command
14:00:12        0        11    0.00    0.00    0.00    0.00    0.00     0      0.00      0.00       0       0   0.00      4.00      0.00  kworker/0:1-events
14:00:12        0        16    0.00    0.00    0.00    0.00    0.00     1      0.00      0.00       0       0   0.00      2.00      0.00  rcu_sched
14:00:12        0        26    0.00    0.00    0.00    0.00    0.00     1      0.00      0.00       0       0   0.00      1.00      0.00  ksoftirqd/1
14:00:12        0        52    0.00    0.00    0.00    0.00    0.00     1      0.00      0.00       0       0   0.00      2.00      0.00  kcompactd0
14:00:12        0       121    0.00    0.00    0.00    0.00    0.00     2      0.00      0.00       0       0   0.00      6.00      0.00  kworker/u16:3-events_power_efficient
14:00:12        0       122    0.00    0.00    0.00    0.00    0.00     3      0.00      0.00       0       0   0.00      1.00      0.00  kworker/3:1-mm_percpu_wq
14:00:12        0       224    0.00    0.00    0.00    0.00    0.00     2      0.00      0.00       0       0   0.00      7.00      0.00  kworker/2:3-events
14:00:12        0       231    0.00    0.00    0.00    0.00    0.00     1      0.00      0.00       0       0   0.00      2.00      0.00  kworker/1:2-mm_percpu_wq
14:00:12        0       239    0.00    0.00    0.00    0.00    0.00     0      0.00      0.00  288968   27092   0.34      1.00      0.00  multipathd
14:00:12     1000      1183    0.00    0.00    0.00    0.00    0.00     1      0.00      0.00    9900    3344   0.04      1.00      0.00  vmstat
14:00:12     1000      1184    0.00    1.00    0.00    0.00    1.00     1      0.00      0.00    7712    3696   0.05      1.00      0.00  pidstat
14:00:12     1000      1474   99.00    1.00    0.00    0.00  100.00     0     79.00      0.00   48004   40680   0.51      0.00      5.00  /home/ubuntu/pe
14:00:12     1000      1482    1.00    1.00    0.00    0.00    2.00     3    353.00      0.00 1676724   11628   0.15      0.00      0.00  hey

# Time        UID       PID    %usr %system  %guest   %wait    %CPU   CPU  minflt/s  majflt/s     VSZ     RSS   %MEM   cswch/s nvcswch/s  Command
14:00:13        0        11    0.00    0.00    0.00    0.00    0.00     0      0.00      0.00       0       0   0.00      3.00      0.00  kworker/0:1-events
14:00:13        0        16    0.00    0.00    0.00    0.00    0.00     2      0.00      0.00       0       0   0.00     19.00      0.00  rcu_sched
14:00:13        0        32    0.00    0.00    0.00    0.00    0.00     2      0.00      0.00       0       0   0.00      2.00      0.00  ksoftirqd/2
14:00:13        0        38    0.00    0.00    0.00    0.00    0.00     3      0.00      0.00       0       0   0.00      1.00      0.00  ksoftirqd/3
14:00:13        0        48    0.00    0.00    0.00    0.00    0.00     1      0.00      0.00       0       0   0.00      5.00      0.00  kworker/u16:1-events_power_efficient
14:00:13        0        52    0.00    0.00    0.00    0.00    0.00     1      0.00      0.00       0       0   0.00      2.00      0.00  kcompactd0
14:00:13        0       121    0.00    0.00    0.00    0.00    0.00     2      0.00      0.00       0       0   0.00      6.00      0.00  kworker/u16:3-writeback
14:00:13        0       122    0.00    0.00    0.00    0.00    0.00     3      0.00      0.00       0       0   0.00      2.00      0.00  kworker/3:1-events
14:00:13        0       224    0.00    0.00    0.00    0.00    0.00     2      0.00      0.00       0       0   0.00      7.00      0.00  kworker/2:3-events
14:00:13        0       231    0.00    0.00    0.00    0.00    0.00     1      0.00      0.00       0       0   0.00      4.00      0.00  kworker/1:2-events
14:00:13        0       239    0.00    0.00    0.00    0.00    0.00     0      0.00      0.00  288968   27092   0.34      1.00      0.00  multipathd
14:00:13     1000      1178    0.00    0.00    0.00    0.00    0.00     1      0.00      0.00   31524   21348   0.27      3.00      0.00  python3
14:00:13     1000      1183    0.00    0.00    0.00    0.00    0.00     1      0.00      0.00    9900    3344   0.04      1.00      0.00  vmstat
14:00:13     1000      1184    0.00    0.00    0.00    0.00    0.00     1      0.00      0.00    7712    3696   0.05      1.00      0.00  pidstat

# Time        UID       PID    %usr %system  %guest   %wait    %CPU   CPU  minflt/s  majflt/s     VSZ     RSS   %MEM   cswch/s nvcswch/s  Command
14:00:14        0        11    0.00    0.00    0.00    0.00    0.00     0      0.00      0.00       0       0   0.00      4.00      0.00  kworker/0:1-events
14:00:14        0        16    0.00    0.00    0.00    0.00    0.00     1      0.00      0.00       0       0   0.00     27.00      0.00  rcu_sched
14:00:14        0        19    0.00    0.00    0.00    0.00    0.00     0      0.00      0.00       0       0   0.00      1.00      0.00  migration/0
14:00:14        0        25    0.00    0.00    0.00    0.00    0.00     1      0.00      0.00       0       0   0.00      3.00      0.00  migration/1
14:00:14        0        31    0.00    0.00    0.00    0.00    0.00     2      0.00      0.00       0       0   0.00      1.00      0.00  migration/2
14:00:14        0        37    0.00    0.00    0.00    0.00    0.00     3      0.00      0.00       0       0   0.00      1.00      0.00  migration/3
14:00:14        0        48    0.00    0.00    0.00    0.00    0.00     1      0.00      0.00       0       0   0.00      7.00      0.00  kworker/u16:1-events_power_efficient
14:00:14        0        52    0.00    0.00    0.00    0.00    0.00     1      0.00      0.00       0       0   0.00      2.00      0.00  kcompactd0
14:00:14        0       122    0.00    0.00    0.00    0.00    0.00     3      0.00      0.00       0       0   0.00      2.00      0.00  kworker/3:1-events
14:00:14        0       224    0.00    0.00    0.00    0.00    0.00     2      0.00      0.00       0       0   0.00      2.00      0.00  kworker/2:3-events
14:00:14        0       231    0.00    0.00    0.00    1.00    0.00     1      0.00      0.00       0       0   0.00      7.00      0.00  kworker/1:2-events
14:00:14        0       239    0.00    0.00    0.00    0.00    0.00     0      0.00      0.00  288968   27092   0.34      2.00      0.00  multipathd
14:00:14        0       500    0.00    0.00    0.00    0.00    0.00     3      0.00      0.00       0       0   0.00      1.00      0.00  kworker/3:1H-kblockd
14:00:14     1000      1178    0.00    0.00    0.00    0.00    0.00     1      6.00      0.00   31524   21348   0.27      8.00      0.00  python3
14:00:14     1000      1183    0.00    0.00    0.00    0.00    0.00     1      0.00      0.00    9900    3344   0.04      1.00      0.00  vmstat
14:00:14     1000      1184    1.00    0.00    0.00    0.00    1.00     1      0.00      0.00    7712    3696   0.05      1.00      0.00  pidstat
14:00:14     1000      1490    0.00    0.00    0.00    0.00    0.00     0    146.00      0.00    2704    1528   0.02      1.00      1.00  time
14:00:14     1000      1491   72.00    1.00    0.00    0.00   73.00     0   8116.00      0.00   48900   41532   0.52      5.00      6.00  /home/ubuntu/pa
14:00:14     1000      1492    0.00    1.00    0.00    0.00    1.00     2   1430.00      0.00 1750456   10996   0.14      3.00      4.00  hey

# Time        UID       PID    %usr %system  %guest   %wait    %CPU   CPU  minflt/s  majflt/s     VSZ     RSS   %MEM   cswch/s nvcswch/s  Command
14:00:15        0         2    0.00    0.00    0.00    0.00    0.00     1      0.00      0.00       0       0   0.00      1.00      0.00  kthreadd
14:00:15        0        11    0.00    0.00    0.00    0.00    0.00     0      0.00      0.00       0       0   0.00      2.00      0.00  kworker/0:1-events
14:00:15        0        12    0.00    0.00    0.00    0.00    0.00     1      0.00      0.00       0       0   0.00      2.00      0.00  kworker/u16:0-events_power_efficient
14:00:15        0        16    0.00    0.00    0.00    0.00    0.00     1      0.00      0.00       0       0   0.00     17.00      0.00  rcu_sched
14:00:15        0        25    0.00    0.00    0.00    0.00    0.00     1      0.00      0.00       0       0   0.00      1.00      0.00  migration/1
14:00:15        0        38    0.00    0.00    0.00    0.00    0.00     3      0.00      0.00       0       0   0.00      2.00      0.00  ksoftirqd/3
14:00:15        0        48    0.00    0.00    0.00    0.00    0.00     1      0.00      0.00       0       0   0.00      4.00      0.00  kworker/u16:1-events_unbound
14:00:15        0        49    0.00    0.00    0.00    0.00    0.00     2      0.00      0.00       0       0   0.00      4.00      0.00  kworker/u16:2-events_power_efficient
14:00:15        0        52    0.00    0.00    0.00    0.00    0.00     1      0.00      0.00       0       0   0.00      2.00      0.00  kcompactd0
14:00:15        0       121    0.00    0.00    0.00    0.00    0.00     3      0.00      0.00       0       0   0.00      5.00      0.00  kworker/u16:3-events_unbound
14:00:15        0       122    0.00    0.00    0.00    0.00    0.00     3      0.00      0.00       0       0   0.00      4.00      0.00  kworker/3:1-events
14:00:15        0       161    0.00    0.00    0.00    0.00    0.00     0      0.00      0.00       0       0   0.00      4.00      0.00  kworker/0:1H-kblockd
14:00:15        0       224    0.00    0.00    0.00    0.00    0.00     2      0.00      0.00       0       0   0.00      3.00      0.00  kworker/2:3-events
14:00:15        0       231    0.00    0.00    0.00    0.00    0.00     1      0.00      0.00       0       0   0.00      6.00      0.00  kworker/1:2-events
14:00:15        0       239    0.00    0.00    0.00    0.00    0.00     0      0.00      0.00  288968   27092   0.34      2.00      0.00  multipathd
14:00:15     1000      1178    0.00    0.00    0.00    0.00    0.00     1      0.00      0.00   31524   21348   0.27      3.00      0.00  python3
14:00:15     1000      1183    0.00    0.00    0.00    0.00    0.00     1      0.00      0.00    9900    3344   0.04      1.00      0.00  vmstat
14:00:15     1000      1184    0.00    1.00    0.00    0.00    1.00     1      0.00      0.00    7712    3696   0.05      1.00      0.00  pidstat
14:00:15     1000      1491   98.00    1.00    0.00    0.00   99.00     0     30.00      0.00   49036   41660   0.53      2.00      8.00  /home/ubuntu/pa
14:00:15        0      1500    0.00    0.00    0.00    0.00    0.00     1      0.00      0.00       0       0   0.00     11.00      0.00  kworker/u16:4-events_power_efficient
14:00:15     1000      1501    0.00    0.00    0.00    0.00    0.00     2   1339.00      0.00 1750712   10596   0.13      3.00      2.00  hey

# Time        UID       PID    %usr %system  %guest   %wait    %CPU   CPU  minflt/s  majflt/s     VSZ     RSS   %MEM   cswch/s nvcswch/s  Command
14:00:16        0        11    0.00    0.00    0.00    0.00    0.00     0      0.00      0.00       0       0   0.00      4.00      0.00  kworker/0:1-events
14:00:16        0        16    0.00    0.00    0.00    0.00    0.00     1      0.00      0.00       0       0   0.00      2.00      0.00  rcu_sched
14:00:16        0        52    0.00    0.00    0.00    0.00    0.00     1      0.00      0.00       0       0   0.00      2.00      0.00  kcompactd0
14:00:16        0       122    0.00    0.00    0.00    0.00    0.00     3      0.00      0.00       0       0   0.00      1.00      0.00  kworker/3:1-mm_percpu_wq
14:00:16        0       224    0.00    0.00    0.00    0.00    0.00     2      0.00      0.00       0       0   0.00      5.00      0.00  kworker/2:3-events
14:00:16        0       231    0.00    0.00    0.00    0.00    0.00     1      0.00      0.00       0       0   0.00      3.00      0.00  kworker/1:2-events
14:00:16        0       239    0.00    0.00    0.00    0.00    0.00     0      0.00      0.00  288968   27092   0.34      1.00      0.00  multipathd
14:00:16     1000      1183    0.00    0.00    0.00    0.00    0.00     1      0.00      0.00    9900    3344   0.04      1.00      0.00  vmstat
14:00:16     1000      1184    0.00    0.00    0.00    0.00    0.00     1      0.00      0.00    7712    3696   0.05      1.00      0.00  pidstat
14:00:16     1000      1491  100.00    1.00    0.00    0.00  101.00     0     28.00      0.00   49172   41788   0.53      0.00      5.00  /home/ubuntu/pa
14:00:16        0      1500    0.00    0.00    0.00    0.00    0.00     3      0.00      0.00       0       0   0.00      7.00      0.00  kworker/u16:4-events_unbound
14:00:16     1000      1501    2.00    2.00    0.00    0.00    4.00     2    357.00      0.00 1750712   11876   0.15      0.00      0.00  hey

# Time        UID       PID    %usr %system  %guest   %wait    %CPU   CPU  minflt/s  majflt/s     VSZ     RSS   %MEM   cswch/s nvcswch/s  Command
14:00:17        0        11    0.00    0.00    0.00    0.00    0.00     0      0.00      0.00       0       0   0.00      3.00      0.00  kworker/0:1-events
14:00:17        0        16    0.00    0.00    0.00    0.00    0.00     2      0.00      0.00       0       0   0.00     39.00      0.00  rcu_sched
14:00:17        0        25    0.00    0.00    0.00    0.00    0.00     1      0.00      0.00       0       0   0.00      1.00      0.00  migration/1
14:00:17        0        38    0.00    0.00    0.00    0.00    0.00     3      0.00      0.00       0       0   0.00      1.00      0.00  ksoftirqd/3
14:00:17        0        52    0.00    0.00    0.00    0.00    0.00     1      0.00      0.00       0       0   0.00      2.00      0.00  kcompactd0
14:00:17        0       122    0.00    0.00    0.00    0.00    0.00     3      0.00      0.00       0       0   0.00      8.00      0.00  kworker/3:1-events
14:00:17        0       224    0.00    0.00    0.00    0.00    0.00     2      0.00      0.00       0       0   0.00      3.00      0.00  kworker/2:3-events
14:00:17        0       231    0.00    0.00    0.00    0.00    0.00     1      0.00      0.00       0       0   0.00      1.00      0.00  kworker/1:2-mm_percpu_wq
14:00:17        0       239    0.00    0.00    0.00    0.00    0.00     0      0.00      0.00  288968   27092   0.34      1.00      0.00  multipathd
14:00:17     1000      1178    1.00    0.00    0.00    0.00    1.00     1      1.00      0.00   31524   21348   0.27      6.00      0.00  python3
14:00:17     1000      1183    0.00    0.00    0.00    0.00    0.00     1      0.00      0.00    9900    3344   0.04      1.00      0.00  vmstat
14:00:17     1000      1184    0.00    0.00    0.00    0.00    0.00     1      0.00      0.00    7712    3696   0.05      1.00      0.00  pidstat
14:00:17        0      1500    0.00    0.00    0.00    0.00    0.00     3      0.00      0.00       0       0   0.00      5.00      0.00  kworker/u16:4-events_power_efficient
14:00:17     1000      1509    0.00    0.00    0.00    0.00    0.00     0    145.00      0.00    2704    1464   0.02      1.00      1.00  time
14:00:17     1000      1510   10.00    2.00    0.00    0.00   12.00     0   7441.00      0.00   46032   38648   0.49      0.00      0.00  /home/ubuntu/pa

# Time        UID       PID    %usr %system  %guest   %wait    %CPU   CPU  minflt/s  majflt/s     VSZ     RSS   %MEM   cswch/s nvcswch/s  Command
14:00:18        0        11    0.00    1.00    0.00    0.00    1.00     0      0.00      0.00       0       0   0.00      5.00      0.00  kworker/0:1-events
14:00:18        0        16    0.00    0.00    0.00    0.00    0.00     1      0.00      0.00       0       0   0.00     15.00      0.00  rcu_sched
14:00:18        0        19    0.00    0.00    0.00    0.00    0.00     0      0.00      0.00       0       0   0.00      1.00      0.00  migration/0
14:00:18        0        25    0.00    0.00    0.00    0.00    0.00     1      0.00      0.00       0       0   0.00      2.00      0.00  migration/1
14:00:18        0        31    0.00    0.00    0.00    0.00    0.00     2      0.00      0.00       0       0   0.00      1.00      0.00  migration/2
14:00:18        0        37    0.00    0.00    0.00    0.00    0.00     3      0.00      0.00       0       0   0.00      1.00      0.00  migration/3
14:00:18        0        52    0.00    0.00    0.00    0.00    0.00     1      0.00      0.00       0       0   0.00      2.00      0.00  kcompactd0
14:00:18        0       122    0.00    0.00    0.00    0.00    0.00     3      0.00      0.00       0       0   0.00      4.00      0.00  kworker/3:1-events
14:00:18        0       224    0.00    0.00    0.00    0.00    0.00     2      0.00      0.00       0       0   0.00      1.00      0.00  kworker/2:3-mm_percpu_wq
14:00:18        0       231    0.00    0.00    0.00    0.00    0.00     1      0.00      0.00       0       0   0.00      4.00      0.00  kworker/1:2-events
14:00:18        0       239    0.00    0.00    0.00    0.00    0.00     0      0.00      0.00  288968   27092   0.34      1.00      0.00  multipathd
14:00:18        0       588    0.00    0.00    0.00    0.00    0.00     2      0.00      0.00   83064    4684   0.06      1.00      0.00  irqbalance
14:00:18      110       686    0.00    0.00    0.00    0.00    0.00     1      0.00      0.00   19416    3764   0.05      6.00      0.00  chronyd
14:00:18     1000      1178    0.00    0.00    0.00    0.00    0.00     1      0.00      0.00   31524   21348   0.27      5.00      0.00  python3
14:00:18     1000      1183    0.00    0.00    0.00    0.00    0.00     1      0.00      0.00    9900    3344   0.04      1.00      0.00  vmstat
14:00:18     1000      1184    0.00    1.00    0.00    0.00    1.00     1      0.00      0.00    7712    3696   0.05      1.00      0.00  pidstat
14:00:18        0      1500    0.00    0.00    0.00    0.00    0.00     1      0.00      0.00       0       0   0.00     10.00      0.00  kworker/u16:4-events_unbound
14:00:18     1000      1510   93.00    1.00    0.00    0.00   94.00     0    691.00      0.00   48920   41660   0.53      5.00      7.00  /home/ubuntu/pa
14:00:18     1000      1511    1.00    1.00    0.00    0.00    2.00     2   1531.00      0.00 1676980   11188   0.14      3.00      4.00  hey

# Time        UID       PID    %usr %system  %guest   %wait    %CPU   CPU  minflt/s  majflt/s     VSZ     RSS   %MEM   cswch/s nvcswch/s  Command
14:00:19        0         1    0.00    0.00    0.00    0.00    0.00     3    303.00      0.00   22160   13008   0.16      4.00      1.00  systemd
14:00:19        0         2    0.00    0.00    0.00    0.00    0.00     2      0.00      0.00       0       0   0.00      1.00      0.00  kthreadd
14:00:19        0        11    0.00    0.00    0.00    0.00    0.00     0      0.00      0.00       0       0   0.00      7.00      0.00  kworker/0:1-events
14:00:19        0        16    0.00    0.00    0.00    0.00    0.00     3      0.00      0.00       0       0   0.00     31.00      0.00  rcu_sched
14:00:19        0        18    0.00    0.00    0.00    0.00    0.00     2      0.00      0.00       0       0   0.00      2.00      0.00  rcu_exp_gp_kthread_worker
14:00:19        0        25    0.00    0.00    0.00    0.00    0.00     1      0.00      0.00       0       0   0.00      1.00      0.00  migration/1
14:00:19        0        26    0.00    0.00    0.00    0.00    0.00     1      0.00      0.00       0       0   0.00      1.00      0.00  ksoftirqd/1
14:00:19        0        38    0.00    0.00    0.00    0.00    0.00     3      0.00      0.00       0       0   0.00      4.00      0.00  ksoftirqd/3
14:00:19        0        39    0.00    0.00    0.00    0.00    0.00     3      0.00      0.00       0       0   0.00      6.00      0.00  kworker/3:0-cgroup_free
14:00:19        0        48    0.00    0.00    0.00    0.00    0.00     2      0.00      0.00       0       0   0.00      1.00      0.00  kworker/u16:1-events_unbound
14:00:19        0        52    0.00    0.00    0.00    0.00    0.00     1      0.00      0.00       0       0   0.00      2.00      0.00  kcompactd0
14:00:19        0       122    0.00    0.00    0.00    0.00    0.00     3      0.00      0.00       0       0   0.00     10.00      0.00  kworker/3:1-cgroup_release
14:00:19        0       136    0.00    0.00    0.00    0.00    0.00     2      0.00      0.00       0       0   0.00      3.00      0.00  jbd2/nvme0n1p1-8
14:00:19        0       177    0.00    0.00    0.00    0.00    0.00     1     26.00      0.00   66920   17568   0.22      7.00      0.00  systemd-journal
14:00:19        0       224    0.00    0.00    0.00    0.00    0.00     2      0.00      0.00       0       0   0.00      4.00      0.00  kworker/2:3-events
14:00:19        0       231    0.00    0.00    0.00    0.00    0.00     1      0.00      0.00       0       0   0.00     12.00      0.00  kworker/1:2-events
14:00:19        0       239    0.00    0.00    0.00    0.00    0.00     0      0.00      0.00  288968   27092   0.34      1.00      0.00  multipathd
14:00:19      101       583    0.00    1.00    0.00    0.00    1.00     1      1.00      0.00    9812    5180   0.07      5.00      2.00  dbus-daemon
14:00:19      989       593    0.00    0.00    0.00    0.00    0.00     2      0.00      0.00  383684    9728   0.12      2.00      0.00  polkitd
14:00:19        0       601    0.00    0.00    0.00    0.00    0.00     2      0.00      0.00   18172    8912   0.11     13.00      0.00  systemd-logind
14:00:19      110       686    0.00    0.00    0.00    0.00    0.00     1      0.00      0.00   19416    3764   0.05      6.00      0.00  chronyd
14:00:19     1000      1178    0.00    0.00    0.00    0.00    0.00     1      0.00      0.00   31524   21348   0.27      3.00      0.00  python3
14:00:19     1000      1183    0.00    0.00    0.00    0.00    0.00     1      0.00      0.00    9900    3344   0.04      1.00      0.00  vmstat
14:00:19     1000      1184    0.00    0.00    0.00    0.00    0.00     1      0.00      0.00    7712    3696   0.05      2.00      0.00  pidstat
14:00:19        0      1500    0.00    0.00    0.00    0.00    0.00     1      0.00      0.00       0       0   0.00     21.00      0.00  kworker/u16:4-events_power_efficient
14:00:19     1000      1510   99.00    1.00    0.00    0.00  100.00     0     53.00      0.00   49052   41916   0.53      2.00      8.00  /home/ubuntu/pa
14:00:19     1000      1518    0.00    1.00    0.00    0.00    1.00     3   1536.00      0.00 1676980   11252   0.14      3.00      2.00  hey
14:00:19        0      1530    0.00    0.00    0.00    0.00    0.00     3      0.00      0.00       0       0   0.00      6.00      0.00  kworker/3:2-events

# Time        UID       PID    %usr %system  %guest   %wait    %CPU   CPU  minflt/s  majflt/s     VSZ     RSS   %MEM   cswch/s nvcswch/s  Command
14:00:20        0        11    0.00    0.00    0.00    0.00    0.00     0      0.00      0.00       0       0   0.00      5.00      0.00  kworker/0:1-events
14:00:20        0        16    0.00    0.00    0.00    0.00    0.00     3      0.00      0.00       0       0   0.00      6.00      0.00  rcu_sched
14:00:20        0        48    0.00    0.00    0.00    0.00    0.00     2      0.00      0.00       0       0   0.00      4.00      0.00  kworker/u16:1-events_power_efficient
14:00:20        0        52    0.00    0.00    0.00    0.00    0.00     1      0.00      0.00       0       0   0.00      2.00      0.00  kcompactd0
14:00:20        0       224    0.00    0.00    0.00    0.00    0.00     2      0.00      0.00       0       0   0.00      5.00      0.00  kworker/2:3-events
14:00:20        0       231    0.00    0.00    0.00    0.00    0.00     1      0.00      0.00       0       0   0.00      4.00      0.00  kworker/1:2-events
14:00:20        0       239    0.00    0.00    0.00    0.00    0.00     0      0.00      0.00  288968   27092   0.34      1.00      0.00  multipathd
14:00:20      110       686    0.00    0.00    0.00    0.00    0.00     1      0.00      0.00   19416    3764   0.05      4.00      0.00  chronyd
14:00:20     1000      1183    0.00    0.00    0.00    0.00    0.00     1      0.00      0.00    9900    3344   0.04      1.00      0.00  vmstat
14:00:20     1000      1184    0.00    1.00    0.00    0.00    1.00     1      0.00      0.00    7712    3696   0.05      1.00      0.00  pidstat
14:00:20        0      1500    0.00    0.00    0.00    0.00    0.00     1      0.00      0.00       0       0   0.00      4.00      0.00  kworker/u16:4-events_power_efficient
14:00:20     1000      1510   99.00    0.00    0.00    0.00   99.00     0      0.00      0.00   49052   41916   0.53      0.00      6.00  /home/ubuntu/pa
14:00:20     1000      1518    2.00    1.00    0.00    0.00    3.00     3    328.00      0.00 1676980   12532   0.16      0.00      0.00  hey
14:00:20        0      1530    0.00    0.00    0.00    0.00    0.00     3      0.00      0.00       0       0   0.00      2.00      0.00  kworker/3:2-mm_percpu_wq

# Time        UID       PID    %usr %system  %guest   %wait    %CPU   CPU  minflt/s  majflt/s     VSZ     RSS   %MEM   cswch/s nvcswch/s  Command
14:00:21        0        11    0.00    0.00    0.00    0.00    0.00     0      0.00      0.00       0       0   0.00      2.00      0.00  kworker/0:1-mm_percpu_wq
14:00:21        0        16    0.00    0.00    0.00    0.00    0.00     1      0.00      0.00       0       0   0.00     48.00      0.00  rcu_sched
14:00:21        0        25    0.00    0.00    0.00    0.00    0.00     1      0.00      0.00       0       0   0.00      2.00      0.00  migration/1
14:00:21        0        38    0.00    0.00    0.00    0.00    0.00     3      0.00      0.00       0       0   0.00      1.00      0.00  ksoftirqd/3
14:00:21        0        48    0.00    0.00    0.00    0.00    0.00     3      0.00      0.00       0       0   0.00      6.00      0.00  kworker/u16:1-events_power_efficient
14:00:21        0        52    0.00    0.00    0.00    0.00    0.00     1      0.00      0.00       0       0   0.00      2.00      0.00  kcompactd0
14:00:21        0       161    0.00    0.00    0.00    0.00    0.00     0      0.00      0.00       0       0   0.00      1.00      0.00  kworker/0:1H-kblockd
14:00:21        0       224    0.00    0.00    0.00    0.00    0.00     2      0.00      0.00       0       0   0.00      4.00      0.00  kworker/2:3-mm_percpu_wq
14:00:21        0       231    0.00    0.00    0.00    0.00    0.00     1      0.00      0.00       0       0   0.00      2.00      0.00  kworker/1:2-events
14:00:21        0       239    0.00    0.00    0.00    0.00    0.00     0      0.00      0.00  288968   27092   0.34      1.00      0.00  multipathd
14:00:21      110       686    0.00    0.00    0.00    0.00    0.00     1      0.00      0.00   19416    3764   0.05      2.00      0.00  chronyd
14:00:21     1000      1178    1.00    0.00    0.00    0.00    1.00     1      1.00      0.00   31524   21348   0.27     11.00      0.00  python3
14:00:21     1000      1183    0.00    0.00    0.00    0.00    0.00     1      0.00      0.00    9900    3344   0.04      1.00      0.00  vmstat
14:00:21     1000      1184    0.00    0.00    0.00    0.00    0.00     1      0.00      0.00    7712    3696   0.05      1.00      0.00  pidstat
14:00:21        0      1530    0.00    0.00    0.00    0.00    0.00     3      0.00      0.00       0       0   0.00      5.00      0.00  kworker/3:2-events
14:00:21     1000      1531    0.00    0.00    0.00    0.00    0.00     0    144.00      0.00    2704    1528   0.02      1.00      1.00  time
14:00:21     1000      1532   38.00    2.00    0.00    0.00   40.00     0   7979.00      0.00   48388   41180   0.52      5.00      2.00  /home/ubuntu/pa
14:00:21     1000      1533    0.00    0.00    0.00    0.00    0.00     2   1285.00      0.00 1750520   10460   0.13      4.00      3.00  hey

# Time        UID       PID    %usr %system  %guest   %wait    %CPU   CPU  minflt/s  majflt/s     VSZ     RSS   %MEM   cswch/s nvcswch/s  Command
14:00:22        0        11    0.00    0.00    0.00    0.00    0.00     0      0.00      0.00       0       0   0.00      5.00      0.00  kworker/0:1-events
14:00:22        0        16    0.00    0.00    0.00    0.00    0.00     1      0.00      0.00       0       0   0.00      7.00      0.00  rcu_sched
14:00:22        0        19    0.00    0.00    0.00    0.00    0.00     0      0.00      0.00       0       0   0.00      1.00      0.00  migration/0
14:00:22        0        25    0.00    0.00    0.00    0.00    0.00     1      0.00      0.00       0       0   0.00      2.00      0.00  migration/1
14:00:22        0        31    0.00    0.00    0.00    0.00    0.00     2      0.00      0.00       0       0   0.00      1.00      0.00  migration/2
14:00:22        0        37    0.00    0.00    0.00    0.00    0.00     3      0.00      0.00       0       0   0.00      1.00      0.00  migration/3
14:00:22        0        48    0.00    0.00    0.00    0.00    0.00     3      0.00      0.00       0       0   0.00      5.00      0.00  kworker/u16:1-events_power_efficient
14:00:22        0        52    0.00    0.00    0.00    0.00    0.00     1      0.00      0.00       0       0   0.00      2.00      0.00  kcompactd0
14:00:22        0       224    0.00    0.00    0.00    0.00    0.00     2      0.00      0.00       0       0   0.00      2.00      0.00  kworker/2:3-events
14:00:22        0       231    0.00    0.00    0.00    0.00    0.00     1      0.00      0.00       0       0   0.00      4.00      0.00  kworker/1:2-events
14:00:22        0       239    0.00    0.00    0.00    0.00    0.00     0      0.00      0.00  288968   27092   0.34      1.00      0.00  multipathd
14:00:22     1000      1178    0.00    0.00    0.00    0.00    0.00     1      0.00      0.00   31524   21348   0.27      3.00      0.00  python3
14:00:22     1000      1183    0.00    0.00    0.00    0.00    0.00     1      0.00      0.00    9900    3344   0.04      1.00      0.00  vmstat
14:00:22     1000      1184    0.00    1.00    0.00    0.00    1.00     1      0.00      0.00    7712    3696   0.05      1.00      0.00  pidstat
14:00:22        0      1530    0.00    0.00    0.00    0.00    0.00     3      0.00      0.00       0       0   0.00      6.00      0.00  kworker/3:2-events
14:00:22     1000      1532   99.00    1.00    0.00    0.00  100.00     0     93.00      0.00   48664   41564   0.52      2.00      7.00  /home/ubuntu/pa
14:00:22     1000      1541    0.00    0.00    0.00    0.00    0.00     3   1277.00      0.00 1676724   10592   0.13      3.00      2.00  hey

# Time        UID       PID    %usr %system  %guest   %wait    %CPU   CPU  minflt/s  majflt/s     VSZ     RSS   %MEM   cswch/s nvcswch/s  Command
14:00:23        0        11    0.00    0.00    0.00    0.00    0.00     0      0.00      0.00       0       0   0.00      2.00      0.00  kworker/0:1-events
14:00:23        0        16    0.00    0.00    0.00    0.00    0.00     1      0.00      0.00       0       0   0.00      2.00      0.00  rcu_sched
14:00:23        0        48    0.00    0.00    0.00    0.00    0.00     1      0.00      0.00       0       0   0.00      8.00      0.00  kworker/u16:1-events_power_efficient
14:00:23        0        52    0.00    0.00    0.00    0.00    0.00     1      0.00      0.00       0       0   0.00      2.00      0.00  kcompactd0
14:00:23        0       224    0.00    0.00    0.00    0.00    0.00     2      0.00      0.00       0       0   0.00      3.00      0.00  kworker/2:3-events
14:00:23        0       231    0.00    0.00    0.00    0.00    0.00     1      0.00      0.00       0       0   0.00      4.00      0.00  kworker/1:2-events
14:00:23        0       239    0.00    0.00    0.00    0.00    0.00     0      0.00      0.00  288968   27092   0.34      2.00      0.00  multipathd
14:00:23     1000      1183    0.00    0.00    0.00    0.00    0.00     1      0.00      0.00    9900    3344   0.04      1.00      0.00  vmstat
14:00:23     1000      1184    1.00    0.00    0.00    0.00    1.00     1      0.00      0.00    7712    3696   0.05      1.00      0.00  pidstat
14:00:23        0      1500    0.00    0.00    0.00    0.00    0.00     3      0.00      0.00       0       0   0.00      2.00      0.00  kworker/u16:4-writeback
14:00:23        0      1530    0.00    0.00    0.00    0.00    0.00     3      0.00      0.00       0       0   0.00      3.00      0.00  kworker/3:2-events
14:00:23     1000      1532  100.00    0.00    0.00    0.00  100.00     0    103.00      0.00   49092   41948   0.53      0.00      4.00  /home/ubuntu/pa
14:00:23     1000      1541    1.00    1.00    0.00    0.00    2.00     3    358.00      0.00 1676980   11744   0.15      0.00      0.00  hey

# Time        UID       PID    %usr %system  %guest   %wait    %CPU   CPU  minflt/s  majflt/s     VSZ     RSS   %MEM   cswch/s nvcswch/s  Command
14:00:24        0        11    0.00    0.00    0.00    0.00    0.00     0      0.00      0.00       0       0   0.00      6.00      0.00  kworker/0:1-events
14:00:24        0        16    0.00    0.00    0.00    0.00    0.00     1      0.00      0.00       0       0   0.00     22.00      0.00  rcu_sched
14:00:24        0        38    0.00    0.00    0.00    0.00    0.00     3      0.00      0.00       0       0   0.00      1.00      0.00  ksoftirqd/3
14:00:24        0        48    0.00    0.00    0.00    0.00    0.00     1      0.00      0.00       0       0   0.00      4.00      0.00  kworker/u16:1-flush-259:0
14:00:24        0        52    0.00    0.00    0.00    0.00    0.00     1      0.00      0.00       0       0   0.00      2.00      0.00  kcompactd0
14:00:24        0       224    0.00    0.00    0.00    0.00    0.00     2      0.00      0.00       0       0   0.00      2.00      0.00  kworker/2:3-events
14:00:24        0       231    0.00    0.00    0.00    0.00    0.00     1      0.00      0.00       0       0   0.00      3.00      0.00  kworker/1:2-events
14:00:24        0       239    0.00    0.00    0.00    0.00    0.00     0      0.00      0.00  288968   27092   0.34      1.00      0.00  multipathd
14:00:24     1000      1178    0.00    0.00    0.00    0.00    0.00     1      1.00      0.00   31524   21348   0.27      3.00      0.00  python3
14:00:24     1000      1183    0.00    0.00    0.00    0.00    0.00     1      0.00      0.00    9900    3344   0.04      1.00      0.00  vmstat
14:00:24     1000      1184    0.00    1.00    0.00    0.00    1.00     1      0.00      0.00    7712    3696   0.05      1.00      0.00  pidstat
14:00:24        0      1500    0.00    0.00    0.00    0.00    0.00     3      0.00      0.00       0       0   0.00      4.00      0.00  kworker/u16:4-events_power_efficient
14:00:24        0      1530    0.00    0.00    0.00    0.00    0.00     3      0.00      0.00       0       0   0.00      6.00      0.00  kworker/3:2-events

# Time        UID       PID    %usr %system  %guest   %wait    %CPU   CPU  minflt/s  majflt/s     VSZ     RSS   %MEM   cswch/s nvcswch/s  Command
14:00:25        0        11    0.00    0.00    0.00    1.00    0.00     0      0.00      0.00       0       0   0.00      2.00      0.00  kworker/0:1-events
14:00:25        0        16    0.00    0.00    0.00    0.00    0.00     3      0.00      0.00       0       0   0.00     40.00      0.00  rcu_sched
14:00:25        0        25    0.00    0.00    0.00    0.00    0.00     1      0.00      0.00       0       0   0.00      2.00      0.00  migration/1
14:00:25        0        48    0.00    0.00    0.00    0.00    0.00     1      0.00      0.00       0       0   0.00      4.00      0.00  kworker/u16:1-events_power_efficient
14:00:25        0        52    0.00    0.00    0.00    0.00    0.00     1      0.00      0.00       0       0   0.00      2.00      0.00  kcompactd0
14:00:25        0       224    0.00    0.00    0.00    0.00    0.00     2      0.00      0.00       0       0   0.00      2.00      0.00  kworker/2:3-events
14:00:25        0       231    0.00    0.00    0.00    0.00    0.00     1      0.00      0.00       0       0   0.00      4.00      0.00  kworker/1:2-events
14:00:25        0       239    0.00    0.00    0.00    0.00    0.00     0      0.00      0.00  288968   27092   0.34      1.00      0.00  multipathd
14:00:25     1000      1178    1.00    0.00    0.00    0.00    1.00     1      2.00      0.00   31524   21348   0.27      5.00      0.00  python3
14:00:25     1000      1183    0.00    0.00    0.00    0.00    0.00     1      0.00      0.00    9900    3344   0.04      1.00      0.00  vmstat
14:00:25     1000      1184    0.00    0.00    0.00    0.00    0.00     1      0.00      0.00    7712    3696   0.05      1.00      0.00  pidstat
14:00:25        0      1500    0.00    0.00    0.00    0.00    0.00     3      0.00      0.00       0       0   0.00      4.00      0.00  kworker/u16:4-events_power_efficient
14:00:25        0      1530    0.00    0.00    0.00    0.00    0.00     3      0.00      0.00       0       0   0.00      3.00      0.00  kworker/3:2-events
14:00:25     1000      1549    0.00    0.00    0.00    0.00    0.00     0    144.00      0.00    2704    1464   0.02      1.00      1.00  time
14:00:25     1000      1550   59.00    5.00    0.00    0.00   64.00     0   7713.00      0.00   47184   39916   0.50     23.00      2.00  /home/ubuntu/pe
14:00:25     1000      1551   50.00    7.00    0.00    0.00   57.00     2   4125.00      1.00   26932   21716   0.27    427.00      3.00  perl

# Time        UID       PID    %usr %system  %guest   %wait    %CPU   CPU  minflt/s  majflt/s     VSZ     RSS   %MEM   cswch/s nvcswch/s  Command
14:00:26        0         1    0.00    0.00    0.00    0.00    0.00     3     11.00      0.00   22160   13008   0.16      1.00      0.00  systemd
14:00:26        0        11    0.00    0.00    0.00    0.00    0.00     0      0.00      0.00       0       0   0.00      4.00      0.00  kworker/0:1-events
14:00:26        0        16    0.00    0.00    0.00    0.00    0.00     3      0.00      0.00       0       0   0.00      2.00      0.00  rcu_sched
14:00:26        0        19    0.00    0.00    0.00    0.00    0.00     0      0.00      0.00       0       0   0.00      1.00      0.00  migration/0
14:00:26        0        25    0.00    0.00    0.00    0.00    0.00     1      0.00      0.00       0       0   0.00      1.00      0.00  migration/1
14:00:26        0        26    0.00    0.00    0.00    0.00    0.00     1      0.00      0.00       0       0   0.00      1.00      0.00  ksoftirqd/1
14:00:26        0        31    0.00    0.00    0.00    0.00    0.00     2      0.00      0.00       0       0   0.00      1.00      0.00  migration/2
14:00:26        0        37    0.00    0.00    0.00    0.00    0.00     3      0.00      0.00       0       0   0.00      1.00      0.00  migration/3
14:00:26        0        48    0.00    0.00    0.00    0.00    0.00     1      0.00      0.00       0       0   0.00      4.00      0.00  kworker/u16:1-events_power_efficient
14:00:26        0        52    0.00    0.00    0.00    0.00    0.00     1      0.00      0.00       0       0   0.00      2.00      0.00  kcompactd0
14:00:26        0       224    0.00    0.00    0.00    0.00    0.00     2      0.00      0.00       0       0   0.00      2.00      0.00  kworker/2:3-events
14:00:26        0       231    0.00    0.00    0.00    0.00    0.00     1      0.00      0.00       0       0   0.00      6.00      0.00  kworker/1:2-events
14:00:26        0       239    0.00    0.00    0.00    0.00    0.00     0      0.00      0.00  288968   27092   0.34      1.00      0.00  multipathd
14:00:26        0       244    0.00    0.00    0.00    0.00    0.00     0      0.00      0.00   29240    7988   0.10      1.00      0.00  systemd-udevd
14:00:26      991       388    0.00    0.00    0.00    0.00    0.00     1      0.00      0.00   21480   12416   0.16      1.00      0.00  systemd-resolve
14:00:26      998       539    0.00    0.00    0.00    0.00    0.00     1      0.00      0.00   22432   10016   0.13      1.00      0.00  systemd-network
14:00:26     1000      1154    0.00    0.00    0.00    0.00    0.00     1      0.00      0.00   15008    7148   0.09      1.00      0.00  sshd
14:00:26     1000      1183    0.00    0.00    0.00    0.00    0.00     1      0.00      0.00    9900    3344   0.04      1.00      0.00  vmstat
14:00:26     1000      1184    0.00    1.00    0.00    0.00    1.00     1      0.00      0.00    7712    3696   0.05      1.00      0.00  pidstat
14:00:26        0      1530    0.00    0.00    0.00    0.00    0.00     3      0.00      0.00       0       0   0.00      1.00      0.00  kworker/3:2-events
14:00:26     1000      1550   92.00    8.00    0.00    0.00  100.00     0      0.00      0.00   47184   39916   0.50      2.00      7.00  /home/ubuntu/pe
14:00:26     1000      1551   86.00    9.00    0.00    0.00   95.00     2     46.00      0.00   27080   21844   0.28    701.00      3.00  perl

# Time        UID       PID    %usr %system  %guest   %wait    %CPU   CPU  minflt/s  majflt/s     VSZ     RSS   %MEM   cswch/s nvcswch/s  Command
14:00:27        0        11    0.00    0.00    0.00    0.00    0.00     0      0.00      0.00       0       0   0.00      2.00      0.00  kworker/0:1-events
14:00:27        0        16    0.00    0.00    0.00    0.00    0.00     3      0.00      0.00       0       0   0.00      2.00      0.00  rcu_sched
14:00:27        0        48    0.00    0.00    0.00    0.00    0.00     1      0.00      0.00       0       0   0.00      5.00      0.00  kworker/u16:1-events_power_efficient
14:00:27        0        52    0.00    0.00    0.00    0.00    0.00     1      0.00      0.00       0       0   0.00      2.00      0.00  kcompactd0
14:00:27        0       224    0.00    0.00    0.00    0.00    0.00     2      0.00      0.00       0       0   0.00      2.00      0.00  kworker/2:3-events
14:00:27        0       231    0.00    0.00    0.00    0.00    0.00     1      0.00      0.00       0       0   0.00      5.00      0.00  kworker/1:2-events
14:00:27        0       239    0.00    0.00    0.00    0.00    0.00     0      0.00      0.00  288968   27092   0.34      1.00      0.00  multipathd
14:00:27     1000      1183    0.00    0.00    0.00    0.00    0.00     1      0.00      0.00    9900    3344   0.04      1.00      0.00  vmstat
14:00:27     1000      1184    0.00    0.00    0.00    0.00    0.00     1      0.00      0.00    7712    3696   0.05      1.00      0.00  pidstat
14:00:27        0      1530    0.00    0.00    0.00    0.00    0.00     3      0.00      0.00       0       0   0.00      1.00      0.00  kworker/3:2-mm_percpu_wq
14:00:27     1000      1550   91.00    9.00    0.00    0.00  100.00     0      0.00      0.00   47184   39916   0.50      0.00      3.00  /home/ubuntu/pe
14:00:27     1000      1551   88.00    8.00    0.00    0.00   96.00     2    119.00      0.00   27568   22356   0.28    698.00      2.00  perl

# Time        UID       PID    %usr %system  %guest   %wait    %CPU   CPU  minflt/s  majflt/s     VSZ     RSS   %MEM   cswch/s nvcswch/s  Command
14:00:28        0        11    0.00    0.00    0.00    0.00    0.00     0      0.00      0.00       0       0   0.00      5.00      0.00  kworker/0:1-events
14:00:28        0        16    0.00    0.00    0.00    0.00    0.00     2      0.00      0.00       0       0   0.00     41.00      0.00  rcu_sched
14:00:28        0        25    0.00    0.00    0.00    0.00    0.00     1      0.00      0.00       0       0   0.00      1.00      0.00  migration/1
14:00:28        0        48    0.00    0.00    0.00    0.00    0.00     3      0.00      0.00       0       0   0.00      9.00      0.00  kworker/u16:1-events_power_efficient
14:00:28        0        52    0.00    0.00    0.00    0.00    0.00     1      0.00      0.00       0       0   0.00      2.00      0.00  kcompactd0
14:00:28        0       224    0.00    0.00    0.00    0.00    0.00     2      0.00      0.00       0       0   0.00      1.00      0.00  kworker/2:3-mm_percpu_wq
14:00:28        0       231    0.00    0.00    0.00    0.00    0.00     1      0.00      0.00       0       0   0.00      5.00      0.00  kworker/1:2-events
14:00:28        0       239    0.00    0.00    0.00    0.00    0.00     0      0.00      0.00  288968   27092   0.34      1.00      0.00  multipathd
14:00:28        0       588    0.00    0.00    0.00    0.00    0.00     2      0.00      0.00   83064    4684   0.06      1.00      0.00  irqbalance
14:00:28     1000      1178    0.00    1.00    0.00    1.00    1.00     1      0.00      0.00   31524   21348   0.27      6.00      0.00  python3
14:00:28     1000      1183    0.00    0.00    0.00    0.00    0.00     1      0.00      0.00    9900    3344   0.04      1.00      0.00  vmstat
14:00:28     1000      1184    0.00    1.00    0.00    0.00    1.00     1      0.00      0.00    7712    3696   0.05      1.00      0.00  pidstat
14:00:28        0      1530    0.00    0.00    0.00    0.00    0.00     3      0.00      0.00       0       0   0.00      5.00      0.00  kworker/3:2-events
14:00:28     1000      1552    0.00    0.00    0.00    0.00    0.00     0    145.00      0.00    2704    1464   0.02      1.00      1.00  time
14:00:28     1000      1553   11.00    1.00    0.00    0.00   12.00     0   7267.00      0.00   45504   36024   0.46      0.00      0.00  /home/ubuntu/pa

# Time        UID       PID    %usr %system  %guest   %wait    %CPU   CPU  minflt/s  majflt/s     VSZ     RSS   %MEM   cswch/s nvcswch/s  Command
14:00:29        0        11    0.00    0.00    0.00    0.00    0.00     0      0.00      0.00       0       0   0.00      3.00      0.00  kworker/0:1-events
14:00:29        0        16    0.00    0.00    0.00    0.00    0.00     1      0.00      0.00       0       0   0.00     23.00      0.00  rcu_sched
14:00:29        0        25    0.00    0.00    0.00    0.00    0.00     1      0.00      0.00       0       0   0.00      1.00      0.00  migration/1
14:00:29        0        26    0.00    0.00    0.00    0.00    0.00     1      0.00      0.00       0       0   0.00      1.00      0.00  ksoftirqd/1
14:00:29        0        48    0.00    0.00    0.00    0.00    0.00     3      0.00      0.00       0       0   0.00      4.00      0.00  kworker/u16:1-flush-259:0
14:00:29        0        52    0.00    0.00    0.00    0.00    0.00     1      0.00      0.00       0       0   0.00      1.00      0.00  kcompactd0
14:00:29        0       224    0.00    0.00    0.00    0.00    0.00     2      0.00      0.00       0       0   0.00      2.00      0.00  kworker/2:3-events
14:00:29        0       231    0.00    0.00    0.00    0.00    0.00     1      0.00      0.00       0       0   0.00      1.00      0.00  kworker/1:2-mm_percpu_wq
14:00:29        0       239    0.00    0.00    0.00    0.00    0.00     0      0.00      0.00  288968   27092   0.34      1.00      0.00  multipathd
14:00:29        0       877    0.00    0.00    0.00    0.00    0.00     1      0.00      0.00       0       0   0.00      1.00      0.00  kworker/1:1H-kblockd
14:00:29     1000      1178    0.00    0.00    0.00    0.00    0.00     1      0.00      0.00   31524   21348   0.27      2.00      0.00  python3
14:00:29     1000      1183    0.00    0.00    0.00    0.00    0.00     1      0.00      0.00    9900    3344   0.04      1.00      0.00  vmstat
14:00:29     1000      1184    0.00    0.00    0.00    0.00    0.00     1      0.00      0.00    7712    3696   0.05      1.00      0.00  pidstat
14:00:29        0      1500    0.00    0.00    0.00    0.00    0.00     3      0.00      0.00       0       0   0.00      3.00      0.00  kworker/u16:4-events_power_efficient
14:00:29        0      1530    0.00    0.00    0.00    0.00    0.00     3      0.00      0.00       0       0   0.00      6.00      0.00  kworker/3:2-events
14:00:29     1000      1553   78.00    7.00    0.00    0.00   85.00     0    731.00      0.00   48452   41088   0.52     23.00      4.00  /home/ubuntu/pa
14:00:29     1000      1554   75.00    9.00    0.00    0.00   84.00     2   4124.00      0.00   26924   21580   0.27    989.00      4.00  perl

# Time        UID       PID    %usr %system  %guest   %wait    %CPU   CPU  minflt/s  majflt/s     VSZ     RSS   %MEM   cswch/s nvcswch/s  Command
14:00:30        0        11    0.00    0.00    0.00    0.00    0.00     0      0.00      0.00       0       0   0.00      4.00      0.00  kworker/0:1-events
14:00:30        0        19    0.00    0.00    0.00    0.00    0.00     0      0.00      0.00       0       0   0.00      1.00      0.00  migration/0
14:00:30        0        25    0.00    0.00    0.00    0.00    0.00     1      0.00      0.00       0       0   0.00      1.00      0.00  migration/1
14:00:30        0        31    0.00    0.00    0.00    0.00    0.00     2      0.00      0.00       0       0   0.00      1.00      0.00  migration/2
14:00:30        0        37    0.00    0.00    0.00    0.00    0.00     3      0.00      0.00       0       0   0.00      1.00      0.00  migration/3
14:00:30        0        48    0.00    0.00    0.00    0.00    0.00     1      0.00      0.00       0       0   0.00      3.00      0.00  kworker/u16:1-events_power_efficient
14:00:30        0        52    0.00    0.00    0.00    0.00    0.00     3      0.00      0.00       0       0   0.00      2.00      0.00  kcompactd0
14:00:30        0       224    0.00    0.00    0.00    0.00    0.00     2      0.00      0.00       0       0   0.00      2.00      0.00  kworker/2:3-events
14:00:30        0       231    0.00    0.00    0.00    0.00    0.00     1      0.00      0.00       0       0   0.00      4.00      0.00  kworker/1:2-events
14:00:30        0       239    0.00    0.00    0.00    0.00    0.00     0      0.00      0.00  288968   27092   0.34      1.00      0.00  multipathd
14:00:30     1000      1183    0.00    0.00    0.00    0.00    0.00     1      0.00      0.00    9900    3344   0.04      1.00      0.00  vmstat
14:00:30     1000      1184    1.00    0.00    0.00    0.00    1.00     1      0.00      0.00    7712    3696   0.05      1.00      0.00  pidstat
14:00:30        0      1500    0.00    0.00    0.00    0.00    0.00     3      0.00      0.00       0       0   0.00      4.00      0.00  kworker/u16:4-events_power_efficient
14:00:30        0      1530    0.00    0.00    0.00    0.00    0.00     3      0.00      0.00       0       0   0.00      5.00      0.00  kworker/3:2-events
14:00:30     1000      1553   91.00   10.00    0.00    0.00  101.00     0      0.00      0.00   48452   41088   0.52      2.00      6.00  /home/ubuntu/pa
14:00:30     1000      1554   84.00   10.00    0.00    0.00   94.00     2     77.00      0.00   27248   21964   0.28   1119.00      3.00  perl

# Time        UID       PID    %usr %system  %guest   %wait    %CPU   CPU  minflt/s  majflt/s     VSZ     RSS   %MEM   cswch/s nvcswch/s  Command
14:00:31        0        11    0.00    0.00    0.00    0.00    0.00     0      0.00      0.00       0       0   0.00      2.00      0.00  kworker/0:1-events
14:00:31        0        16    0.00    0.00    0.00    0.00    0.00     1      0.00      0.00       0       0   0.00      2.00      0.00  rcu_sched
14:00:31        0        48    0.00    0.00    0.00    0.00    0.00     1      0.00      0.00       0       0   0.00      5.00      0.00  kworker/u16:1-events_power_efficient
14:00:31        0        52    0.00    0.00    0.00    0.00    0.00     3      0.00      0.00       0       0   0.00      2.00      0.00  kcompactd0
14:00:31        0       224    0.00    0.00    0.00    0.00    0.00     2      0.00      0.00       0       0   0.00      2.00      0.00  kworker/2:3-events
14:00:31        0       231    0.00    0.00    0.00    0.00    0.00     1      0.00      0.00       0       0   0.00      4.00      0.00  kworker/1:2-events
14:00:31        0       239    0.00    0.00    0.00    0.00    0.00     0      0.00      0.00  288968   27092   0.34      1.00      0.00  multipathd
14:00:31     1000      1183    0.00    0.00    0.00    0.00    0.00     1      0.00      0.00    9900    3344   0.04      1.00      0.00  vmstat
14:00:31     1000      1184    0.00    1.00    0.00    0.00    1.00     1      0.00      0.00    7712    3696   0.05      1.00      0.00  pidstat
14:00:31     1000      1553   91.00    8.00    0.00    0.00   99.00     0      0.00      0.00   48452   41088   0.52      0.00      3.00  /home/ubuntu/pa
14:00:31     1000      1554   82.00   11.00    0.00    0.00   93.00     2     95.00      0.00   27592   22348   0.28   1123.00      2.00  perl

# Time        UID       PID    %usr %system  %guest   %wait    %CPU   CPU  minflt/s  majflt/s     VSZ     RSS   %MEM   cswch/s nvcswch/s  Command
14:00:32        0        11    0.00    0.00    0.00    0.00    0.00     0      0.00      0.00       0       0   0.00      4.00      0.00  kworker/0:1-events
14:00:32        0        16    1.00    0.00    0.00    0.00    1.00     3      0.00      0.00       0       0   0.00     67.00      0.00  rcu_sched
14:00:32        0        25    0.00    0.00    0.00    0.00    0.00     1      0.00      0.00       0       0   0.00      2.00      0.00  migration/1
14:00:32        0        48    0.00    0.00    0.00    0.00    0.00     1      0.00      0.00       0       0   0.00      6.00      0.00  kworker/u16:1-events_power_efficient
14:00:32        0        52    0.00    0.00    0.00    0.00    0.00     3      0.00      0.00       0       0   0.00      2.00      0.00  kcompactd0
14:00:32        0       224    0.00    0.00    0.00    0.00    0.00     2      0.00      0.00       0       0   0.00      2.00      0.00  kworker/2:3-mm_percpu_wq
14:00:32        0       231    0.00    0.00    0.00    0.00    0.00     1      0.00      0.00       0       0   0.00      7.00      0.00  kworker/1:2-events
14:00:32        0       239    0.00    0.00    0.00    0.00    0.00     0      0.00      0.00  288968   27092   0.34      1.00      0.00  multipathd
14:00:32     1000      1178    1.00    0.00    0.00    0.00    1.00     1      1.00      0.00   31524   21348   0.27      8.00      0.00  python3
14:00:32     1000      1183    0.00    0.00    0.00    0.00    0.00     1      0.00      0.00    9900    3344   0.04      1.00      0.00  vmstat
14:00:32     1000      1184    0.00    0.00    0.00    0.00    0.00     1      0.00      0.00    7712    3696   0.05      1.00      0.00  pidstat
14:00:32     1000      1555    0.00    0.00    0.00    0.00    0.00     0    147.00      0.00    2704    1464   0.02      1.00      1.00  time
14:00:32     1000      1556   28.00    3.00    0.00    0.00   31.00     0   8008.00      0.00   48344   41340   0.52     23.00      2.00  /home/ubuntu/pa
14:00:32     1000      1557   20.00    3.00    0.00    0.00   23.00     2   4121.00      0.00   26900   21520   0.27    186.00      2.00  perl

# Time        UID       PID    %usr %system  %guest   %wait    %CPU   CPU  minflt/s  majflt/s     VSZ     RSS   %MEM   cswch/s nvcswch/s  Command
14:00:33        0        11    0.00    0.00    0.00    0.00    0.00     0      0.00      0.00       0       0   0.00      2.00      0.00  kworker/0:1-events
14:00:33        0        48    0.00    0.00    0.00    0.00    0.00     1      0.00      0.00       0       0   0.00      8.00      0.00  kworker/u16:1-writeback
14:00:33        0        52    0.00    0.00    0.00    0.00    0.00     3      0.00      0.00       0       0   0.00      2.00      0.00  kcompactd0
14:00:33        0       224    0.00    0.00    0.00    0.00    0.00     2      0.00      0.00       0       0   0.00      1.00      0.00  kworker/2:3-events
14:00:33        0       231    0.00    0.00    0.00    0.00    0.00     1      0.00      0.00       0       0   0.00      5.00      0.00  kworker/1:2-events
14:00:33        0       239    0.00    0.00    0.00    0.00    0.00     0      0.00      0.00  288968   27092   0.34      1.00      0.00  multipathd
14:00:33     1000      1183    0.00    1.00    0.00    0.00    1.00     1      0.00      0.00    9900    3344   0.04      1.00      0.00  vmstat
14:00:33     1000      1184    0.00    0.00    0.00    0.00    0.00     1      0.00      0.00    7712    3696   0.05      1.00      0.00  pidstat
14:00:33        0      1530    0.00    0.00    0.00    0.00    0.00     3      0.00      0.00       0       0   0.00      1.00      0.00  kworker/3:2-mm_percpu_wq
14:00:33     1000      1556   92.00    7.00    0.00    0.00   99.00     0      1.00      0.00   48344   41340   0.52      3.00      3.00  /home/ubuntu/pa
14:00:33     1000      1557   80.00   11.00    0.00    0.00   91.00     2      6.00      0.00   26900   21648   0.27   1169.00      0.00  perl

# Time        UID       PID    %usr %system  %guest   %wait    %CPU   CPU  minflt/s  majflt/s     VSZ     RSS   %MEM   cswch/s nvcswch/s  Command
14:00:34        0        11    0.00    0.00    0.00    0.00    0.00     0      0.00      0.00       0       0   0.00      3.00      0.00  kworker/0:1-events
14:00:34        0        19    0.00    0.00    0.00    0.00    0.00     0      0.00      0.00       0       0   0.00      1.00      0.00  migration/0
14:00:34        0        25    0.00    0.00    0.00    0.00    0.00     1      0.00      0.00       0       0   0.00      1.00      0.00  migration/1
14:00:34        0        26    0.00    0.00    0.00    0.00    0.00     1      0.00      0.00       0       0   0.00      1.00      0.00  ksoftirqd/1
14:00:34        0        31    0.00    0.00    0.00    0.00    0.00     2      0.00      0.00       0       0   0.00      1.00      0.00  migration/2
14:00:34        0        37    0.00    0.00    0.00    0.00    0.00     3      0.00      0.00       0       0   0.00      1.00      0.00  migration/3
14:00:34        0        48    0.00    0.00    0.00    0.00    0.00     1      0.00      0.00       0       0   0.00      6.00      0.00  kworker/u16:1-flush-259:0
14:00:34        0        52    0.00    0.00    0.00    0.00    0.00     3      0.00      0.00       0       0   0.00      2.00      0.00  kcompactd0
14:00:34        0       224    0.00    0.00    0.00    0.00    0.00     2      0.00      0.00       0       0   0.00      1.00      0.00  kworker/2:3-mm_percpu_wq
14:00:34        0       231    0.00    0.00    0.00    0.00    0.00     1      0.00      0.00       0       0   0.00      8.00      0.00  kworker/1:2-events
14:00:34        0       239    0.00    0.00    0.00    0.00    0.00     0      0.00      0.00  288968   27092   0.34      1.00      0.00  multipathd
14:00:34     1000      1183    0.00    0.00    0.00    0.00    0.00     1      0.00      0.00    9900    3344   0.04      1.00      0.00  vmstat
14:00:34     1000      1184    0.00    1.00    0.00    0.00    1.00     1      0.00      0.00    7712    3696   0.05      1.00      0.00  pidstat
14:00:34        0      1500    0.00    0.00    0.00    0.00    0.00     3      0.00      0.00       0       0   0.00      2.00      0.00  kworker/u16:4-events_power_efficient
14:00:34        0      1530    0.00    0.00    0.00    0.00    0.00     3      0.00      0.00       0       0   0.00      2.00      0.00  kworker/3:2-events
14:00:34     1000      1556   92.00    9.00    0.00    0.00  101.00     0      0.00      0.00   48344   41340   0.52      0.00      5.00  /home/ubuntu/pa
14:00:34     1000      1557   83.00    9.00    0.00    0.00   92.00     2    104.00      0.00   27392   22032   0.28   1188.00      2.00  perl

# Time        UID       PID    %usr %system  %guest   %wait    %CPU   CPU  minflt/s  majflt/s     VSZ     RSS   %MEM   cswch/s nvcswch/s  Command
14:00:35        0        11    0.00    0.00    0.00    0.00    0.00     0      0.00      0.00       0       0   0.00      3.00      0.00  kworker/0:1-events
14:00:35        0        16    0.00    0.00    0.00    0.00    0.00     3      0.00      0.00       0       0   0.00     23.00      0.00  rcu_sched
14:00:35        0        26    0.00    0.00    0.00    0.00    0.00     1      0.00      0.00       0       0   0.00      1.00      0.00  ksoftirqd/1
14:00:35        0        52    0.00    0.00    0.00    0.00    0.00     1      0.00      0.00       0       0   0.00      2.00      0.00  kcompactd0
14:00:35        0       224    0.00    0.00    0.00    0.00    0.00     2      0.00      0.00       0       0   0.00      3.00      0.00  kworker/2:3-events
14:00:35        0       231    0.00    0.00    0.00    0.00    0.00     1      0.00      0.00       0       0   0.00      1.00      0.00  kworker/1:2-mm_percpu_wq
14:00:35        0       239    0.00    0.00    0.00    0.00    0.00     0      0.00      0.00  288968   27092   0.34      1.00      0.00  multipathd
14:00:35     1000      1178    0.00    0.00    0.00    0.00    0.00     1      0.00      0.00   31524   21348   0.27      3.00      0.00  python3
14:00:35     1000      1183    0.00    0.00    0.00    0.00    0.00     1      0.00      0.00    9900    3344   0.04      1.00      0.00  vmstat
14:00:35     1000      1184    1.00    0.00    0.00    0.00    1.00     1      0.00      0.00    7712    3696   0.05      1.00      0.00  pidstat
14:00:35        0      1500    0.00    0.00    0.00    0.00    0.00     3      0.00      0.00       0       0   0.00      7.00      0.00  kworker/u16:4-events_power_efficient
14:00:35        0      1530    0.00    0.00    0.00    0.00    0.00     3      0.00      0.00       0       0   0.00      5.00      0.00  kworker/3:2-events

# Time        UID       PID    %usr %system  %guest   %wait    %CPU   CPU  minflt/s  majflt/s     VSZ     RSS   %MEM   cswch/s nvcswch/s  Command
14:00:36        0        11    0.00    0.00    0.00    0.00    0.00     0      0.00      0.00       0       0   0.00      3.00      0.00  kworker/0:1-events
14:00:36        0        16    0.00    0.00    0.00    0.00    0.00     3      0.00      0.00       0       0   0.00     39.00      0.00  rcu_sched
14:00:36        0        25    0.00    0.00    0.00    0.00    0.00     1      0.00      0.00       0       0   0.00      2.00      0.00  migration/1
14:00:36        0        48    0.00    0.00    0.00    0.00    0.00     3      0.00      0.00       0       0   0.00      2.00      0.00  kworker/u16:1-events_power_efficient
14:00:36        0        52    0.00    0.00    0.00    0.00    0.00     1      0.00      0.00       0       0   0.00      2.00      0.00  kcompactd0
14:00:36        0       224    0.00    0.00    0.00    0.00    0.00     2      0.00      0.00       0       0   0.00      1.00      0.00  kworker/2:3-mm_percpu_wq
14:00:36        0       231    0.00    0.00    0.00    0.00    0.00     1      0.00      0.00       0       0   0.00      1.00      0.00  kworker/1:2-mm_percpu_wq
14:00:36        0       239    0.00    0.00    0.00    0.00    0.00     0      0.00      0.00  288968   27092   0.34      1.00      0.00  multipathd
14:00:36      110       686    0.00    0.00    0.00    0.00    0.00     1      0.00      0.00   19416    3764   0.05      2.00      0.00  chronyd
14:00:36     1000      1178    0.00    0.00    0.00    0.00    0.00     1      0.00      0.00   31524   21348   0.27      5.00      0.00  python3
14:00:36     1000      1183    0.00    0.00    0.00    0.00    0.00     1      0.00      0.00    9900    3344   0.04      1.00      0.00  vmstat
14:00:36     1000      1184    0.00    0.00    0.00    0.00    0.00     1      0.00      0.00    7712    3696   0.05      1.00      0.00  pidstat
14:00:36        0      1500    0.00    0.00    0.00    0.00    0.00     3      0.00      0.00       0       0   0.00      5.00      0.00  kworker/u16:4-events_power_efficient
14:00:36        0      1530    0.00    0.00    0.00    0.00    0.00     3      0.00      0.00       0       0   0.00      6.00      0.00  kworker/3:2-events
14:00:36     1000      1558    0.00    0.00    0.00    0.00    0.00     0    144.00      0.00    2704    1464   0.02      1.00      1.00  time
14:00:36     1000      1559   57.00    6.00    0.00    0.00   63.00     0   8000.00      0.00   48392   41064   0.52     23.00      4.00  /home/ubuntu/pa
14:00:36     1000      1560   49.00    5.00    0.00    0.00   54.00     2   4123.00      0.00   26880   21472   0.27    458.00      2.00  perl

# Time        UID       PID    %usr %system  %guest   %wait    %CPU   CPU  minflt/s  majflt/s     VSZ     RSS   %MEM   cswch/s nvcswch/s  Command
14:00:37        0        11    0.00    0.00    0.00    0.00    0.00     0      0.00      0.00       0       0   0.00      2.00      0.00  kworker/0:1-events
14:00:37        0        26    0.00    0.00    0.00    0.00    0.00     1      0.00      0.00       0       0   0.00      1.00      0.00  ksoftirqd/1
14:00:37        0        48    0.00    0.00    0.00    0.00    0.00     3      0.00      0.00       0       0   0.00      4.00      0.00  kworker/u16:1-events_power_efficient
14:00:37        0        52    0.00    0.00    0.00    0.00    0.00     1      0.00      0.00       0       0   0.00      2.00      0.00  kcompactd0
14:00:37        0       224    0.00    0.00    0.00    0.00    0.00     2      0.00      0.00       0       0   0.00      2.00      0.00  kworker/2:3-events
14:00:37        0       231    0.00    0.00    0.00    0.00    0.00     1      0.00      0.00       0       0   0.00      1.00      0.00  kworker/1:2-mm_percpu_wq
14:00:37        0       239    0.00    0.00    0.00    0.00    0.00     0      0.00      0.00  288968   27092   0.34      1.00      0.00  multipathd
14:00:37     1000      1183    0.00    0.00    0.00    0.00    0.00     1      0.00      0.00    9900    3344   0.04      1.00      0.00  vmstat
14:00:37     1000      1184    0.00    1.00    0.00    0.00    1.00     1      0.00      0.00    7712    3696   0.05      1.00      0.00  pidstat
14:00:37        0      1530    0.00    0.00    0.00    0.00    0.00     3      0.00      0.00       0       0   0.00      4.00      0.00  kworker/3:2-events
14:00:37     1000      1559   92.00    8.00    0.00    0.00  100.00     0      0.00      0.00   48392   41064   0.52      2.00      3.00  /home/ubuntu/pa
14:00:37     1000      1560   85.00   11.00    0.00    0.00   96.00     2     47.00      0.00   27020   21728   0.27    812.00      0.00  perl

# Time        UID       PID    %usr %system  %guest   %wait    %CPU   CPU  minflt/s  majflt/s     VSZ     RSS   %MEM   cswch/s nvcswch/s  Command
14:00:38        0        11    0.00    0.00    0.00    0.00    0.00     0      0.00      0.00       0       0   0.00      3.00      0.00  kworker/0:1-events
14:00:38        0        19    0.00    0.00    0.00    0.00    0.00     0      0.00      0.00       0       0   0.00      1.00      0.00  migration/0
14:00:38        0        25    0.00    0.00    0.00    0.00    0.00     1      0.00      0.00       0       0   0.00      1.00      0.00  migration/1
14:00:38        0        26    0.00    0.00    0.00    0.00    0.00     1      0.00      0.00       0       0   0.00      1.00      0.00  ksoftirqd/1
14:00:38        0        31    0.00    0.00    0.00    0.00    0.00     2      0.00      0.00       0       0   0.00      1.00      0.00  migration/2
14:00:38        0        37    0.00    0.00    0.00    0.00    0.00     3      0.00      0.00       0       0   0.00      1.00      0.00  migration/3
14:00:38        0        48    0.00    0.00    0.00    0.00    0.00     3      0.00      0.00       0       0   0.00      7.00      0.00  kworker/u16:1-events_power_efficient
14:00:38        0        52    0.00    0.00    0.00    0.00    0.00     1      0.00      0.00       0       0   0.00      2.00      0.00  kcompactd0
14:00:38        0       224    0.00    0.00    0.00    0.00    0.00     2      0.00      0.00       0       0   0.00      1.00      0.00  kworker/2:3-mm_percpu_wq
14:00:38        0       231    0.00    0.00    0.00    0.00    0.00     1      0.00      0.00       0       0   0.00      3.00      0.00  kworker/1:2-events
14:00:38        0       239    0.00    0.00    0.00    0.00    0.00     0      0.00      0.00  288968   27092   0.34      1.00      0.00  multipathd
14:00:38        0       588    0.00    0.00    0.00    0.00    0.00     3      0.00      0.00   83064    4684   0.06      1.00      0.00  irqbalance
14:00:38     1000      1183    0.00    0.00    0.00    0.00    0.00     1      0.00      0.00    9900    3344   0.04      1.00      0.00  vmstat
14:00:38     1000      1184    0.00    0.00    0.00    0.00    0.00     1      0.00      0.00    7712    3696   0.05      1.00      0.00  pidstat
14:00:38        0      1500    0.00    0.00    0.00    0.00    0.00     1      0.00      0.00       0       0   0.00      1.00      0.00  kworker/u16:4-events_power_efficient
14:00:38        0      1530    0.00    0.00    0.00    0.00    0.00     3      0.00      0.00       0       0   0.00      7.00      0.00  kworker/3:2-events
14:00:38     1000      1559   91.00    9.00    0.00    0.00  100.00     0      0.00      0.00   48392   41064   0.52      0.00      5.00  /home/ubuntu/pa
14:00:38     1000      1560   85.00    9.00    0.00    0.00   94.00     2    117.00      0.00   27560   22240   0.28    780.00      2.00  perl
